{
  "distance": [
    1076.5246280810254,
    1507.8803321415407,
    1875.3053799846452,
    2210.315533995533,
    2493.254899650872,
    2753.077387949727,
    2995.4659316520792,
    3220.159364484834,
    3396.914009449798,
    3566.5907721418066,
    3704.7971196258377,
    3831.7850625810547,
    3295.7369370418346,
    3503.421649250232,
    3685.2894769419227,
    3846.7907631179764,
    3990.9931424894667,
    4110.179192135367,
    4220.08498287015,
    4330.890321034924,
    4422.158147170747,
    4507.319956532243,
    4577.9909176214305,
    4646.6023158587395,
    4699.248200316956,
    4758.78302860936,
    4369.6707014843,
    4480.6302006250435,
    4570.069699846162,
    4647.956354798569,
    4721.952324118959,
    4793.170120481126,
    4854.843686205985,
    4912.866713016999,
    4960.463330873823,
    5001.648490111692,
    5036.318000535693,
    5085.633627213539,
    5118.927427766565,
    5148.768431094757,
    4861.420088295557,
    4924.614569690972,
    4987.3353730080025,
    5033.652117853057,
    5087.6344464942085,
    5114.292089129602,
    5161.214723514031,
    5196.324793894356,
    5225.696557088661,
    5256.137387725654,
    5280.986875998563,
    5308.488659940422,
    5328.557399635583,
    5351.197863278488,
    5117.760888814077,
    5163.337535524957,
    5205.666809399893,
    5239.775385472486,
    5273.950956574875
  ],
  "speed": [
    10.206734335705494,
    10.177308021565821,
    10.045430778168784,
    9.958678676478401,
    9.895099459714798,
    9.862148252503381,
    9.83901210323574,
    9.80192900641953,
    9.764712548423226,
    9.721473582249544,
    9.681469468582772,
    9.657329519253924,
    9.605536932322165,
    9.572970487914366,
    9.528966268496589,
    9.473135613698684,
    9.401856474386399,
    9.33142104991731,
    9.267680561257547,
    9.208626721423057,
    9.148624935442301,
    9.09656322798408,
    9.046949276023968,
    8.998853706171182,
    8.947907281403369,
    8.907965538350963,
    8.857918991711093,
    8.830719969021114,
    8.794912400302053,
    8.750877532919313,
    8.700953214538659,
    8.655114137233047,
    8.60843488564537,
    8.56348970989334,
    8.52232107547626,
    8.48021588312074,
    8.43781317918808,
    8.393594485628697,
    8.353500221456486,
    8.313061081893624,
    8.275998140631621,
    8.253988258346315,
    8.221673041510504,
    8.184997592370948,
    8.144010995084303,
    8.103742120976873,
    8.063848647433861,
    8.025728676577202,
    7.984734768610339,
    7.948639007226197,
    7.913859773934963,
    7.87750607357664,
    7.842669931267863,
    7.807030954871534,
    7.776347973073894,
    7.751650008851413,
    7.722661187058455,
    7.6904163672711165,
    7.655689023755454
  ],
  "throuput": [
    13,
    59,
    170,
    334,
    547,
    786,
    1071,
    1409,
    1768,
    2160,
    2543,
    2980,
    3394,
    3837,
    4260,
    4699,
    5143,
    5596,
    6051,
    6526,
    6955,
    7380,
    7870,
    8329,
    8809,
    9310,
    9805,
    10298,
    10795,
    11259,
    11730,
    12217,
    12703,
    13176,
    13662,
    14143,
    14640,
    15120,
    15632,
    16135,
    16638,
    17160,
    17652,
    18142,
    18635,
    19101,
    19574,
    20082,
    20534,
    21011,
    21518,
    22006,
    22554,
    23029,
    23541,
    24023,
    24524,
    25030,
    25536
  ],
  "runningtime": [
    11.45298465092977
  ]
}