{
  "distance": [
    1084.7798625636642,
    1521.1807462027234,
    1899.5057057864635,
    2242.858431442589,
    2533.2160976630157,
    2797.189612580963,
    3035.1118935889476,
    3263.2553375655866,
    3440.841131420547,
    3616.6155060448227,
    3761.5402910762564,
    3888.9645229494536,
    3343.738418137702,
    3557.3840095082955,
    3740.699652609013,
    3900.417019836015,
    4049.0615550930165,
    4172.827870502685,
    4284.797088453637,
    4400.135493855721,
    4490.923924891431,
    4572.975364360014,
    4639.756269191668,
    4705.749494306727,
    4756.646580049562,
    4811.750898047604,
    4416.981909567028,
    4526.855749423181,
    4614.107180056885,
    4691.153094515186,
    4764.666471248053,
    4833.653960253346,
    4893.215925778472,
    4948.086090360303,
    4995.733915972351,
    5038.631050219223,
    5073.652480867427,
    5124.960603113858,
    5157.327383362421,
    5186.561220971264,
    4895.379407159741,
    4957.455744975637,
    5019.547746212124,
    5064.249024732963,
    5117.691072935978,
    5144.141386285679,
    5192.006491653412,
    5227.807882168272,
    5259.0189900922205,
    5288.975220951973,
    5312.6665179716665,
    5339.1900464520995,
    5356.775835385319,
    5379.3643243882925,
    5142.215785468521,
    5185.849502664198,
    5227.079748557175,
    5260.695025426633,
    5294.123224895575
  ],
  "speed": [
    10.285703212056983,
    10.266475471998323,
    10.17663693005107,
    10.112020957100134,
    10.067071237228781,
    10.03937724044799,
    9.998451518810521,
    9.97266830810867,
    9.938923282213107,
    9.914141516507305,
    9.893276534110614,
    9.873690302092088,
    9.823407965976598,
    9.803643594363505,
    9.760381016869392,
    9.695920909426718,
    9.632476693330672,
    9.57261674876174,
    9.513683646955394,
    9.464048702028432,
    9.405670869082421,
    9.352673526494101,
    9.29982003827315,
    9.250363460183907,
    9.199871592158875,
    9.15533496849443,
    9.107159801037996,
    9.078938348277715,
    9.039409803892715,
    8.993268840167083,
    8.942746104771597,
    8.893072872580676,
    8.842920672889884,
    8.792191335199533,
    8.75038448004715,
    8.710733097832074,
    8.668940588872081,
    8.628561833533551,
    8.58791033884082,
    8.547704099069147,
    8.508063725398488,
    8.48396016527301,
    8.450187569240567,
    8.410380921452916,
    8.367386386496094,
    8.325677843905975,
    8.286417120394661,
    8.248680226587124,
    8.20982925927375,
    8.173223924306964,
    8.137172940821651,
    8.100124294037482,
    8.062318014251737,
    8.026250040179404,
    7.991916910561097,
    7.963736755964997,
    7.932311222051845,
    7.898342987991849,
    7.861229279346628
  ],
  "throuput": [
    13,
    60,
    175,
    348,
    558,
    807,
    1118,
    1460,
    1823,
    2210,
    2615,
    3051,
    3474,
    3936,
    4344,
    4783,
    5252,
    5711,
    6165,
    6666,
    7135,
    7584,
    8041,
    8519,
    8999,
    9503,
    10003,
    10495,
    10960,
    11443,
    11922,
    12395,
    12870,
    13358,
    13819,
    14323,
    14808,
    15320,
    15821,
    16342,
    16843,
    17353,
    17881,
    18332,
    18811,
    19291,
    19771,
    20278,
    20744,
    21255,
    21757,
    22286,
    22786,
    23257,
    23776,
    24250,
    24740,
    25215,
    25741
  ],
  "runningtime": [
    12.314084120591481
  ]
}