{
  "distance": [
    1088.0214361201952,
    1528.5804784792251,
    1907.9901828244417,
    2255.0754168575695,
    2549.9829842845293,
    2815.4293967646936,
    3057.3771627568976,
    3289.0536306150098,
    3467.8198607876916,
    3644.685047705536,
    3786.299220381793,
    3912.6229869589133,
    3359.9476275533452,
    3574.1020370147635,
    3759.4412564358045,
    3922.228939197957,
    4070.394119421871,
    4193.1524131672195,
    4304.674773057023,
    4418.767335123635,
    4512.436172623479,
    4593.261028016388,
    4660.506631594745,
    4725.7553608575,
    4776.587722989821,
    4832.858040696959,
    4434.204395759126,
    4545.350121340616,
    4632.261780536311,
    4708.632124992198,
    4783.971460340132,
    4855.203693597465,
    4916.852521056697,
    4973.913245098276,
    5021.186332835435,
    5062.594357131556,
    5096.687351068523,
    5147.192962482503,
    5178.3244156855135,
    5207.46236008014,
    4913.418259181636,
    4974.440084273154,
    5037.151915890145,
    5084.258536482874,
    5139.20381400986,
    5165.932881028436,
    5213.13636076047,
    5247.898943078515,
    5277.357038170759,
    5306.947541637936,
    5330.629520838469,
    5357.084426070414,
    5375.305546782157,
    5398.984048380917,
    5162.197110609065,
    5207.155901891066,
    5247.6586641885915,
    5281.345446520739,
    5314.498978858074
  ],
  "speed": [
    10.315437132152962,
    10.316124121191953,
    10.223058173341123,
    10.171311822443048,
    10.139114903987426,
    10.116050753400986,
    10.085232965196566,
    10.0664701588699,
    10.03335842545296,
    10.007899773711909,
    9.979575143422142,
    9.958532761932673,
    9.897292371190265,
    9.875989787170901,
    9.836345588824768,
    9.781964762740957,
    9.71762621820683,
    9.65601094098756,
    9.597141574588703,
    9.545953513254995,
    9.49528001065307,
    9.441581697111681,
    9.389463104706046,
    9.33823510404486,
    9.286857260850821,
    9.244691242197208,
    9.192160831090291,
    9.164337507699381,
    9.121940008037207,
    9.073379394008407,
    9.025622765764174,
    8.978614114301715,
    8.932282742000055,
    8.886398677695182,
    8.844719407083073,
    8.802911128828995,
    8.760095797092493,
    8.71829710121956,
    8.675715692032066,
    8.635155222998398,
    8.592876095534221,
    8.5662136053726,
    8.53266142576352,
    8.495962362892103,
    8.455128669921212,
    8.414134747376034,
    8.373520468693414,
    8.334069119685092,
    8.292504375244437,
    8.254584251825552,
    8.217849497317276,
    8.180279627004131,
    8.142644687311481,
    8.107772016197007,
    8.075246348987632,
    8.049242628697291,
    8.017343010505225,
    7.983407656466861,
    7.945814665554029
  ],
  "throuput": [
    11,
    59,
    174,
    355,
    569,
    819,
    1124,
    1462,
    1830,
    2227,
    2651,
    3076,
    3497,
    3943,
    4391,
    4835,
    5285,
    5758,
    6230,
    6713,
    7205,
    7630,
    8096,
    8553,
    9042,
    9547,
    10034,
    10508,
    11000,
    11492,
    11948,
    12422,
    12959,
    13423,
    13897,
    14391,
    14890,
    15384,
    15903,
    16405,
    16896,
    17400,
    17909,
    18384,
    18893,
    19376,
    19839,
    20331,
    20804,
    21276,
    21815,
    22330,
    22814,
    23322,
    23853,
    24358,
    24834,
    25304,
    25812
  ],
  "runningtime": [
    12.900717628002166
  ]
}