{
  "distance": [
    1089.650317000821,
    1532.5971204122434,
    1911.3737671032375,
    2258.5772422516407,
    2556.4323256213906,
    2825.6435233351153,
    3070.360701590112,
    3301.2861237103434,
    3481.3965899423565,
    3656.7643483527086,
    3798.621597051353,
    3922.8502450174688,
    3368.542631706419,
    3585.5300235042373,
    3771.46920942286,
    3931.7450854090307,
    4080.624220394594,
    4205.048307308818,
    4318.362394651995,
    4433.261216452165,
    4525.373085884614,
    4608.646304144047,
    4675.26007192683,
    4740.9580023515755,
    4792.81928129057,
    4845.923233525077,
    4446.082994412714,
    4557.919957601264,
    4646.583938212576,
    4725.177712421421,
    4801.199540144614,
    4872.462865698593,
    4933.6810013909,
    4989.30120386238,
    5035.253657427181,
    5075.089134969674,
    5107.405161645454,
    5156.853959156041,
    5187.389295368207,
    5215.233811117314,
    4921.4012452999505,
    4982.43947839237,
    5044.080206554542,
    5089.02601760159,
    5143.919855126185,
    5171.152656298521,
    5220.00216191341,
    5254.4917301519745,
    5285.448481583413,
    5314.468754945094,
    5336.606738140804,
    5362.062433333512,
    5381.009088681295,
    5404.108198148143,
    5166.357452166669,
    5210.566298529235,
    5251.379888140827,
    5284.077331909825,
    5317.804046035865
  ],
  "speed": [
    10.329810071709476,
    10.341076302646226,
    10.236485044807822,
    10.17882044533575,
    10.155660989312457,
    10.144607413471334,
    10.12354599449165,
    10.10481804736337,
    10.079760327817247,
    10.052310792264587,
    10.02437227472201,
    10.001618555459578,
    9.944915484695478,
    9.935060883657023,
    9.900937165606141,
    9.842072600928992,
    9.779629675346047,
    9.72211776223401,
    9.667108276736036,
    9.617740292578409,
    9.563802893475899,
    9.513853348588396,
    9.462530949736236,
    9.414971743822452,
    9.36970430570109,
    9.323421733349697,
    9.270742958750573,
    9.24396956076892,
    9.205549566380657,
    9.161384111715076,
    9.114524907229598,
    9.068353053875066,
    9.02153742043079,
    8.97414938397152,
    8.93085375689061,
    8.88725466659338,
    8.84197283452046,
    8.798863428754125,
    8.755365539620493,
    8.713210531396804,
    8.671953053768432,
    8.644457148944284,
    8.608104683409083,
    8.56800222932073,
    8.527312575208121,
    8.48699038028567,
    8.449252383952004,
    8.409664424759347,
    8.370269381501858,
    8.33192343962869,
    8.293351382724422,
    8.254444113705794,
    8.217608406036371,
    8.181525000459754,
    8.146737989662613,
    8.118062554698154,
    8.08538290536035,
    8.049712996310088,
    8.012621197925801
  ],
  "throuput": [
    8,
    58,
    169,
    350,
    567,
    821,
    1144,
    1478,
    1851,
    2230,
    2670,
    3117,
    3537,
    4000,
    4441,
    4864,
    5325,
    5790,
    6282,
    6751,
    7216,
    7672,
    8147,
    8644,
    9127,
    9593,
    10081,
    10562,
    11067,
    11537,
    12027,
    12488,
    13026,
    13521,
    13978,
    14484,
    14982,
    15455,
    15948,
    16479,
    16953,
    17452,
    17962,
    18464,
    18962,
    19438,
    19920,
    20409,
    20871,
    21372,
    21894,
    22393,
    22869,
    23364,
    23867,
    24373,
    24902,
    25374,
    25889
  ],
  "runningtime": [
    14.207059760888418
  ]
}