{
  "distance": [
    1090.098653177729,
    1540.2412259210728,
    1927.4051163856002,
    2280.716313711521,
    2579.3258332662067,
    2847.7108615525813,
    3090.7515455315743,
    3320.418803130075,
    3501.0206569838165,
    3674.2850453839974,
    3815.8668716811485,
    3939.864874906291,
    3381.8599288045893,
    3598.9383440925917,
    3784.565384042205,
    3946.3952372969898,
    4095.927218034324,
    4223.064166466402,
    4338.230314116895,
    4452.173791225901,
    4544.643800725532,
    4627.424741146398,
    4693.2463213858555,
    4760.120122591363,
    4811.670589435953,
    4863.748813521584,
    4461.101983941365,
    4572.738782148181,
    4660.66288113142,
    4738.405143091329,
    4814.177034607941,
    4884.6447120422445,
    4947.2391318553655,
    5004.877055183956,
    5049.364820203299,
    5087.98397152267,
    5120.426293718234,
    5170.222111236595,
    5200.955727466825,
    5229.197179143284,
    4934.853529120567,
    4994.978027936788,
    5057.553728562964,
    5103.138245366485,
    5157.6533255226595,
    5184.382727591142,
    5231.733199142652,
    5266.252182147034,
    5296.324246210311,
    5325.5456924775035,
    5347.591889720432,
    5372.54743694985,
    5390.473343369868,
    5411.8407409340825,
    5172.424423533674,
    5216.357251951495,
    5257.190779459237,
    5289.491996828336,
    5323.451312722622
  ],
  "speed": [
    10.335432244154854,
    10.395283278045358,
    10.32851763033041,
    10.289613170202337,
    10.258476752401947,
    10.237784525711696,
    10.20781906591173,
    10.179608581014213,
    10.150730747142775,
    10.115924516212253,
    10.087233384779058,
    10.060527913809706,
    9.999988871137445,
    9.988730837534023,
    9.950941251296648,
    9.89600822886282,
    9.836259673827623,
    9.785351049296603,
    9.735010241900843,
    9.683026380113933,
    9.629687940525894,
    9.579263734936026,
    9.525167354500114,
    9.47870265006814,
    9.431895119664707,
    9.38468807304051,
    9.330103143215762,
    9.303491968064685,
    9.263023914966878,
    9.217841000580274,
    9.170493618581768,
    9.122939720456085,
    9.078829872856737,
    9.034629544310787,
    8.989558124059217,
    8.943596784903521,
    8.898196631953905,
    8.855786892796965,
    8.812846979439868,
    8.770895377988214,
    8.73006445928329,
    8.700898373500769,
    8.665537904698859,
    8.625687817843827,
    8.584104961590207,
    8.542531599719048,
    8.501903612636058,
    8.461797176131515,
    8.42071695233295,
    8.382705961483325,
    8.344139525079616,
    8.303937296511442,
    8.265129012932226,
    8.22646191172356,
    8.19012827246046,
    8.161182701848068,
    8.128168496302134,
    8.091497246723147,
    8.053999887358616
  ],
  "throuput": [
    10,
    62,
    177,
    357,
    576,
    834,
    1145,
    1491,
    1863,
    2251,
    2663,
    3115,
    3546,
    3990,
    4449,
    4896,
    5367,
    5828,
    6292,
    6775,
    7252,
    7697,
    8163,
    8646,
    9156,
    9650,
    10109,
    10607,
    11099,
    11595,
    12047,
    12538,
    13057,
    13547,
    14035,
    14507,
    14996,
    15489,
    15998,
    16489,
    17001,
    17486,
    18001,
    18515,
    18993,
    19470,
    19949,
    20433,
    20916,
    21420,
    21933,
    22413,
    22902,
    23425,
    23921,
    24403,
    24911,
    25417,
    25880
  ],
  "runningtime": [
    14.876431461175283
  ]
}