{
  "distance": [
    956.1806993453456,
    1404.8849074904049,
    1821.5261697566093,
    2168.6402749973768,
    2377.8635719756717,
    2455.9865933401634,
    2488.4706633511078,
    2692.879124972533,
    2880.7204623151774,
    2870.8384124355025,
    2614.328929762286,
    2759.416909028793,
    2635.8037671274533,
    2784.5115626423444,
    2859.774275357192,
    3000.3326205643402,
    3101.291045383169,
    3217.3717678893704,
    3256.2412890320147,
    3213.5461363177055,
    3244.3050133774586,
    3000.5560046116425,
    3012.0012852631535,
    3114.2737247271057,
    3221.165004138335,
    3203.8008333361663,
    3210.8181337857795,
    3280.527512766193,
    3354.338437871773,
    3378.0507222892725,
    3349.0511762485494,
    3390.827415617997,
    3396.249998999242,
    3335.256003760822,
    3365.8644839928097,
    3428.798254480717,
    3479.9646221050652,
    3509.727277231169,
    3474.0600954082643,
    3410.9609754526205,
    3427.074453609645,
    3466.4852799792793,
    3503.956069418285,
    3453.6541611042926,
    3372.7840769383656,
    3398.802508018834,
    3423.134031626617,
    3486.991926693184,
    3529.2733157600073,
    3570.935519952758,
    3590.3530681377815,
    3563.73805948762,
    3551.4915923665476,
    3530.1689652108616,
    3549.953821630228,
    3541.6133163757436,
    3525.8233463383867,
    3540.6415881308794,
    3565.544674220335
  ],
  "speed": [
    8.102332205322787,
    8.065688261760188,
    8.003226710437799,
    7.933705995923475,
    7.895412854045411,
    7.844737886817786,
    7.833785314890202,
    7.805315963881785,
    7.861050739926723,
    7.917317524991584,
    7.918405609283055,
    7.877811908272221,
    7.885207959316448,
    7.8857903193127425,
    7.894853573936742,
    7.900056999737519,
    7.890015520814072,
    7.893813613609735,
    7.888351638632052,
    7.892338654914552,
    7.912131063962999,
    7.912790067800726,
    7.9102892225348755,
    7.906981667205999,
    7.908347031565501,
    7.9161435487090195,
    7.932272611106766,
    7.940421290673312,
    7.936172504652497,
    7.923841282479499,
    7.926729292505068,
    7.931432920049131,
    7.940186002196849,
    7.951000270418786,
    7.946503302675345,
    7.952670715183347,
    7.952505447840137,
    7.951948046702027,
    7.964609030357175,
    7.978614224289682,
    7.9778273705136735,
    7.968087733092509,
    7.9646338626227235,
    7.966879351379433,
    7.973773022275887,
    7.979676602124036,
    7.989267966632681,
    8.00449780089804,
    8.002870847456558,
    8.00320820420981,
    8.007983983190574,
    8.012784469751685,
    8.02101417534434,
    8.02798682541847,
    8.024235006118683,
    8.029552457130597,
    8.031021396142608,
    8.03068986981788,
    8.029271766007817
  ],
  "throuput": [
    9,
    25,
    54,
    89,
    123,
    164,
    188,
    238,
    277,
    318,
    353,
    388,
    426,
    466,
    501,
    542,
    591,
    634,
    675,
    728,
    765,
    795,
    828,
    859,
    901,
    944,
    991,
    1022,
    1069,
    1113,
    1161,
    1203,
    1243,
    1282,
    1319,
    1365,
    1396,
    1441,
    1472,
    1524,
    1561,
    1599,
    1644,
    1685,
    1730,
    1767,
    1803,
    1828,
    1869,
    1910,
    1962,
    2017,
    2060,
    2091,
    2123,
    2168,
    2204,
    2246,
    2290
  ],
  "runningtime": [
    1.576976223786672
  ]
}