{
  "distance": [
    955.7208182632344,
    1406.1298250957168,
    1828.570332949396,
    2183.709735357348,
    2391.877415688977,
    2479.233939342407,
    2513.10656407377,
    2724.35975577651,
    2907.7419639589393,
    2879.4860217288297,
    2629.367446593286,
    2777.78195808148,
    2661.281722941512,
    2813.7776841407617,
    2891.3177170316103,
    3028.43017832087,
    3130.1109965323662,
    3247.5100721781187,
    3280.333892629545,
    3231.6664221472947,
    3258.5015155464257,
    3009.358181916602,
    3018.9084136557603,
    3123.8750234178633,
    3232.456379689916,
    3214.369440053454,
    3221.8109255235177,
    3293.5825903369473,
    3362.899039541596,
    3389.893296084856,
    3358.670063933739,
    3403.8392013497005,
    3402.3659118994374,
    3340.659246762426,
    3375.3961400930107,
    3436.3259143759083,
    3487.7514705374656,
    3520.220112593879,
    3480.3801796434923,
    3415.523606392788,
    3432.903101140703,
    3472.623654774021,
    3515.1017560130394,
    3464.1748179601445,
    3382.641556106376,
    3404.28045332057,
    3427.2951567079563,
    3488.434447936504,
    3532.8167384190374,
    3575.016403422393,
    3590.4757446231497,
    3561.8256287254644,
    3549.389938580514,
    3525.7762897966786,
    3546.178513521851,
    3536.378467684703,
    3526.307443151349,
    3544.2815249608043,
    3572.7360772217316
  ],
  "speed": [
    8.080781975803285,
    8.050915977586667,
    8.025836750432314,
    7.982535610725208,
    7.941122143472611,
    7.918384120595167,
    7.926449354792041,
    7.9187190266862055,
    7.961660172243153,
    7.968057775608089,
    7.988114919806076,
    7.950417535961726,
    7.988871541648638,
    7.999745188066311,
    8.015022286610366,
    8.012943025120094,
    8.007732434720467,
    8.0245416287503,
    8.026411364773626,
    8.034632389410849,
    8.052943152531956,
    8.051701287542452,
    8.047387193602885,
    8.05364535156568,
    8.062922784969341,
    8.063835680006708,
    8.078391204802967,
    8.088200967868953,
    8.07430600322082,
    8.073042522314847,
    8.074383175988444,
    8.087109741939084,
    8.08006301310887,
    8.088920188539545,
    8.095635074810195,
    8.099909010176646,
    8.10013754032797,
    8.104612763120587,
    8.110749411072986,
    8.122101777512842,
    8.124445873044342,
    8.117290570313607,
    8.124463507293976,
    8.124697043058354,
    8.132218513695397,
    8.12888412418068,
    8.136518072667313,
    8.148304405418635,
    8.154634744671462,
    8.15716711737649,
    8.157036982759607,
    8.157476914664738,
    8.162157723187645,
    8.162985377934982,
    8.16009817504214,
    8.159456193040514,
    8.165620731115608,
    8.169995846362916,
    8.174743874571115
  ],
  "throuput": [
    6,
    25,
    54,
    90,
    125,
    161,
    198,
    242,
    279,
    314,
    352,
    391,
    432,
    471,
    501,
    549,
    600,
    647,
    699,
    739,
    775,
    809,
    832,
    870,
    907,
    943,
    992,
    1033,
    1077,
    1124,
    1161,
    1213,
    1247,
    1285,
    1329,
    1369,
    1402,
    1439,
    1484,
    1527,
    1566,
    1607,
    1642,
    1689,
    1740,
    1771,
    1809,
    1847,
    1882,
    1926,
    1968,
    2020,
    2059,
    2099,
    2134,
    2156,
    2199,
    2251,
    2289
  ],
  "runningtime": [
    1.620930564403534
  ]
}