{
  "distance": [
    966.8478515410375,
    1418.6189363905369,
    1842.4337798054253,
    2196.276109880808,
    2403.464290873449,
    2485.3405027002523,
    2525.3470576570526,
    2731.452554197403,
    2917.3077716307916,
    2886.8434135030716,
    2624.5005107227116,
    2784.276643204842,
    2672.4128095835727,
    2825.589877069276,
    2905.8496616722796,
    3041.9569860520114,
    3148.7436484808954,
    3267.349906816933,
    3295.1335422725724,
    3245.176686102376,
    3270.864640099602,
    3024.319115746899,
    3033.306169458322,
    3136.936464629921,
    3246.065163182278,
    3226.004759984703,
    3233.039385559021,
    3301.7009675906147,
    3374.9620611839964,
    3401.6266607000734,
    3370.1151497934625,
    3408.756366866921,
    3413.975658124246,
    3350.844415791893,
    3381.6850946238146,
    3443.9334737156914,
    3496.401018335804,
    3521.361250874584,
    3480.7354306530024,
    3415.445146119625,
    3433.0851725939183,
    3477.5143875649715,
    3515.602841303829,
    3465.3031291592415,
    3381.29336448295,
    3404.3415172584705,
    3429.005446775494,
    3487.9679441432318,
    3534.328737248382,
    3571.4066428304272,
    3586.3349126116623,
    3559.9043618953006,
    3546.8108642365632,
    3525.074325561034,
    3549.486516501973,
    3541.3733268034284,
    3528.9516797894307,
    3545.6965375323057,
    3572.59855916549
  ],
  "speed": [
    8.187662917449739,
    8.1399607707709,
    8.095636963112057,
    8.033241928471655,
    7.997930057489872,
    7.966281910938835,
    7.991604612838774,
    7.980768314071116,
    8.037992451511162,
    8.054978836674021,
    8.041906469813377,
    8.033522820057799,
    8.078219499807982,
    8.090988563707622,
    8.114182836407307,
    8.10811862866113,
    8.119415982961504,
    8.141769422154637,
    8.148036958448477,
    8.160634266269364,
    8.178714520727624,
    8.185509348419414,
    8.182540037027618,
    8.184821881408622,
    8.199092584472169,
    8.202587341708403,
    8.215266801383196,
    8.214734341536008,
    8.210349676397977,
    8.210916687820072,
    8.218327355863915,
    8.219510809750066,
    8.223482726190907,
    8.230366595028931,
    8.230796531963056,
    8.23459160878325,
    8.236504463285097,
    8.228096447757968,
    8.231727584040561,
    8.237362038689744,
    8.235860683381862,
    8.234680949236104,
    8.233371820274494,
    8.236264400826716,
    8.23732344270904,
    8.234061316277828,
    8.243615425587675,
    8.246421742601983,
    8.25419370279784,
    8.244146513966177,
    8.24142113208619,
    8.243534087471279,
    8.24248867702258,
    8.241740121909594,
    8.243713010365372,
    8.246292186200169,
    8.2518149546141,
    8.255062789870662,
    8.257210323313965
  ],
  "throuput": [
    8,
    25,
    53,
    90,
    131,
    161,
    205,
    244,
    289,
    323,
    349,
    389,
    430,
    474,
    506,
    554,
    606,
    662,
    710,
    745,
    780,
    814,
    842,
    875,
    921,
    952,
    991,
    1032,
    1083,
    1129,
    1179,
    1209,
    1239,
    1292,
    1333,
    1370,
    1416,
    1447,
    1485,
    1527,
    1566,
    1609,
    1652,
    1703,
    1739,
    1776,
    1806,
    1841,
    1878,
    1928,
    1972,
    2013,
    2055,
    2088,
    2127,
    2165,
    2207,
    2253,
    2290
  ],
  "runningtime": [
    1.6149353543917337
  ]
}