{
  "distance": [
    1138.0823724192333,
    1543.9791445090514,
    1937.3374638584994,
    2274.234459692858,
    2618.065631686759,
    2872.218129397205,
    3186.8381496474954,
    3448.3634257201697,
    3669.6273567622306,
    3904.620631954918,
    4090.842987387416,
    4269.660604974768,
    4419.713248305171,
    4586.763128601554,
    4709.936779271917,
    4829.390638853942,
    4958.497036964788,
    5058.687842636026,
    5136.7880313586365,
    4681.992633334091,
    4838.198187315968,
    4968.171999583133,
    5118.645386936343,
    5244.061346777518,
    5346.820239208677,
    5441.097116459756,
    5548.144462256784,
    5606.980728721165,
    5708.914921902487,
    5791.789403414778,
    5841.721661319961,
    5902.762414493735,
    5955.805851397558,
    6006.14729336767,
    6064.388548501415,
    6112.161681078727,
    6138.719763428463,
    6190.050383031817,
    6227.545248415385,
    5866.235200725634,
    5941.050754166948,
    6008.149908333331,
    6075.3182756915785,
    6138.82365274539,
    6178.201764735883,
    6238.057558236464,
    6284.33170211827,
    6321.803716089629,
    6378.0441293577405,
    6407.739165717612,
    6441.775711267973,
    6484.580717103781,
    6503.672008992581,
    6522.841319968647,
    6559.797158758602,
    6581.190557874306,
    6590.926717365695,
    6620.676508772513,
    6640.643610546744
  ],
  "speed": [
    10.149143693268513,
    10.111763242520219,
    9.993052503918914,
    9.886956194010269,
    9.842064688028415,
    9.811912601313946,
    9.777206781064377,
    9.75734115929424,
    9.742213433966445,
    9.694154242107146,
    9.639408868643505,
    9.598567775428748,
    9.550770673203035,
    9.51554630452742,
    9.46824500712948,
    9.42074936052793,
    9.366279780969224,
    9.328674010649728,
    9.290664776770498,
    9.257123297618351,
    9.221065418785752,
    9.180558131714005,
    9.141462272095328,
    9.09309530607859,
    9.046349643145058,
    8.996491696248498,
    8.949325319541812,
    8.898361035862422,
    8.859123331633668,
    8.818987043352596,
    8.771390096610668,
    8.723592027441658,
    8.678755690603667,
    8.64007712292694,
    8.605100968605669,
    8.570947140205257,
    8.531698324889703,
    8.494039976556607,
    8.458216157481784,
    8.43174257146238,
    8.406483811518905,
    8.379658139044633,
    8.346921339583076,
    8.311267517886499,
    8.273412231046544,
    8.240465957387782,
    8.20394961138971,
    8.166974465683362,
    8.133088128809062,
    8.101397246641245,
    8.069695620682397,
    8.033408881042357,
    7.999922392319882,
    7.965557485256017,
    7.930741468573248,
    7.89587482689235,
    7.862589670381308,
    7.830589825399659,
    7.8008976812498645
  ],
  "throuput": [
    11,
    47,
    97,
    168,
    282,
    416,
    567,
    754,
    964,
    1197,
    1456,
    1714,
    2024,
    2288,
    2619,
    2939,
    3290,
    3613,
    3940,
    4285,
    4676,
    5043,
    5382,
    5748,
    6136,
    6523,
    6896,
    7257,
    7626,
    8048,
    8402,
    8774,
    9144,
    9538,
    9917,
    10309,
    10721,
    11081,
    11491,
    11874,
    12249,
    12634,
    13035,
    13407,
    13762,
    14123,
    14497,
    14885,
    15274,
    15659,
    16052,
    16458,
    16882,
    17288,
    17654,
    18029,
    18396,
    18758,
    19168
  ],
  "runningtime": [
    12.085718568166097
  ]
}