{
  "distance": [
    1150.0160513540793,
    1572.5541435683815,
    1979.6038312442017,
    2339.9635880271026,
    2694.213607545435,
    2959.840051749457,
    3288.5886691215787,
    3553.5138930550274,
    3778.5986286732204,
    4022.338481073797,
    4222.843520954834,
    4402.294468633642,
    4558.49147435334,
    4724.654378168638,
    4853.2542245088525,
    4976.5187910507475,
    5113.765874000148,
    5210.496400169286,
    5285.17301837471,
    4814.965944885418,
    4972.759276955135,
    5102.624276028657,
    5249.660185922734,
    5376.984603990168,
    5478.298980891716,
    5573.080061583435,
    5679.885208906251,
    5739.786059976531,
    5839.187065844454,
    5919.724907342015,
    5970.526421282254,
    6033.482513689065,
    6085.80774079371,
    6130.47088417729,
    6183.1427336985125,
    6225.2100893872475,
    6249.959002957929,
    6299.612437529919,
    6335.265806665834,
    5962.665673359269,
    6034.8721593698665,
    6098.62728076908,
    6163.493452623264,
    6227.7585944863695,
    6267.1528829067165,
    6323.4212394870965,
    6368.829565635732,
    6406.45972078339,
    6460.030983953717,
    6484.144330645588,
    6512.203514532604,
    6553.4940327643135,
    6569.657149594205,
    6589.8433583440565,
    6627.9264005639225,
    6649.674237146831,
    6657.806897671787,
    6684.60829487427,
    6701.069975795191
  ],
  "speed": [
    10.2548126850039,
    10.303100862344106,
    10.220264575305578,
    10.181759001225812,
    10.14488310954364,
    10.13024342366273,
    10.115511494141353,
    10.089619274068511,
    10.07539355054633,
    10.038809201249773,
    10.00882469500615,
    9.967128484322174,
    9.93054046341189,
    9.891960835514578,
    9.859186923118418,
    9.824473408462676,
    9.789539011936586,
    9.750316407319824,
    9.713630707912486,
    9.686990264231076,
    9.658143481331958,
    9.619475581059186,
    9.57603384303673,
    9.53534474442958,
    9.490846785868406,
    9.445557808933119,
    9.399944311814497,
    9.352657073011901,
    9.311334377782243,
    9.268574389411139,
    9.222742671030941,
    9.179368444392598,
    9.135379959193012,
    9.090920657668063,
    9.050386364338701,
    9.010326367196939,
    8.969702774817144,
    8.92952955864664,
    8.891855975291984,
    8.858133840258809,
    8.827305955324597,
    8.794338865781448,
    8.756334342620931,
    8.719009189924845,
    8.679769032540916,
    8.640426341479268,
    8.601656478051238,
    8.563821814821306,
    8.525504223386166,
    8.485984266663111,
    8.445665727872658,
    8.40642843259739,
    8.367641991290137,
    8.331866684270635,
    8.295795888729415,
    8.2591596689572,
    8.223117704169022,
    8.187027952481499,
    8.152534320418598
  ],
  "throuput": [
    11,
    52,
    97,
    179,
    292,
    442,
    602,
    796,
    1019,
    1255,
    1520,
    1803,
    2126,
    2424,
    2775,
    3121,
    3455,
    3800,
    4152,
    4535,
    4914,
    5301,
    5680,
    6029,
    6439,
    6816,
    7192,
    7535,
    7948,
    8302,
    8705,
    9100,
    9500,
    9871,
    10260,
    10628,
    10991,
    11387,
    11770,
    12156,
    12557,
    12930,
    13312,
    13699,
    14069,
    14437,
    14831,
    15228,
    15612,
    15993,
    16408,
    16769,
    17145,
    17516,
    17921,
    18322,
    18718,
    19079,
    19469
  ],
  "runningtime": [
    24.283196091651917
  ]
}