{
  "distance": [
    1145.5064284744615,
    1564.2265889255582,
    1971.3509640602106,
    2321.1137353522668,
    2675.295747448863,
    2939.268729783127,
    3265.962664734268,
    3531.132866299195,
    3752.1206957984627,
    3992.0907646126084,
    4189.919011166089,
    4370.342834592822,
    4523.302704868606,
    4689.848991827733,
    4819.446937919715,
    4944.243734774859,
    5084.183936798155,
    5183.687910201771,
    5258.516184043688,
    4788.8519113428165,
    4941.306110395351,
    5068.06522948182,
    5216.61930328968,
    5344.417905770494,
    5448.741334777493,
    5541.25252736298,
    5647.325233624701,
    5706.657036257634,
    5806.233178310661,
    5887.456225283482,
    5939.897402646506,
    6004.279295752066,
    6056.826807981446,
    6103.742154297768,
    6158.589024317496,
    6202.641326785297,
    6228.456601309151,
    6279.408207810636,
    6315.382237829241,
    5945.797645640475,
    6019.40709986422,
    6083.143637243724,
    6149.4075321293485,
    6212.828865732626,
    6253.190725531421,
    6308.457579090545,
    6353.018130464098,
    6390.705123722789,
    6445.301294386661,
    6469.142451537837,
    6499.791982437842,
    6543.407804342354,
    6559.589788747953,
    6578.791197777711,
    6618.1672134405235,
    6641.257013475725,
    6650.62285911015,
    6679.157673006926,
    6696.164996829471
  ],
  "speed": [
    10.215281470710497,
    10.244605952496551,
    10.1727694705095,
    10.10061903650193,
    10.074726198046594,
    10.062032507005782,
    10.044325109147497,
    10.023066074042655,
    9.997687682903011,
    9.951347417316603,
    9.916782199604187,
    9.876038307485093,
    9.831280083314475,
    9.790832124637898,
    9.759762984004025,
    9.72702563869017,
    9.694625841741894,
    9.659733310990637,
    9.62620963995036,
    9.597068689588667,
    9.558512873921773,
    9.514095960258166,
    9.4724418305393,
    9.432492669517885,
    9.393589931012462,
    9.34340076769998,
    9.296586907528358,
    9.247915214656553,
    9.206325553454118,
    9.164395960499938,
    9.122415911369334,
    9.08175092558097,
    9.038832346458722,
    8.996406843937548,
    8.957354036309955,
    8.919329191601431,
    8.880189852892666,
    8.842218576428316,
    8.805147304954072,
    8.775238478362514,
    8.747109531381415,
    8.714617228858145,
    8.67863918526415,
    8.64056591970066,
    8.60325921310959,
    8.564030285586563,
    8.524985645939998,
    8.487738854668386,
    8.450789247255514,
    8.410945508089267,
    8.37423832555768,
    8.337994678437946,
    8.299650864496433,
    8.262955719541132,
    8.228821247391611,
    8.194418098920629,
    8.159589853138025,
    8.125240376913343,
    8.09197564956186
  ],
  "throuput": [
    11,
    45,
    100,
    178,
    292,
    433,
    599,
    789,
    986,
    1245,
    1495,
    1782,
    2077,
    2389,
    2721,
    3075,
    3397,
    3791,
    4136,
    4521,
    4881,
    5238,
    5615,
    6006,
    6369,
    6754,
    7126,
    7489,
    7860,
    8266,
    8652,
    9045,
    9423,
    9784,
    10165,
    10568,
    10961,
    11339,
    11726,
    12132,
    12504,
    12880,
    13247,
    13652,
    14038,
    14404,
    14776,
    15164,
    15558,
    15935,
    16316,
    16702,
    17077,
    17467,
    17871,
    18271,
    18630,
    19024,
    19434
  ],
  "runningtime": [
    15.587841641902923
  ]
}