{
  "distance": [
    1146.4828273078772,
    1563.1622406878907,
    1972.4283254163236,
    2327.7282173490003,
    2687.1712229806826,
    2949.3503688961177,
    3277.1754839260716,
    3543.2227431426936,
    3765.635561731945,
    4007.2942725295698,
    4204.226038043468,
    4387.497348478916,
    4540.38660200888,
    4705.891873755859,
    4836.072925472489,
    4958.234545315478,
    5095.410176654785,
    5193.284983184276,
    5265.08680843266,
    4795.426521340246,
    4951.9499881132615,
    5080.620175288972,
    5227.658386869811,
    5355.016776634149,
    5457.497612476476,
    5552.517242527208,
    5657.472004754708,
    5717.951096754238,
    5815.786876500301,
    5896.812586381144,
    5951.085708661228,
    6015.2920491590685,
    6071.066083263599,
    6117.499606501718,
    6172.448186302696,
    6216.004292130006,
    6241.213741508149,
    6289.672867825405,
    6323.256299299148,
    5952.781244815992,
    6025.365044490834,
    6087.951829672003,
    6153.532952231025,
    6216.518429104312,
    6256.6376957110515,
    6314.315991143054,
    6361.168663150535,
    6399.674948226764,
    6453.773661660164,
    6479.105262377842,
    6509.126139286096,
    6551.510255239045,
    6566.829388434925,
    6585.045974891672,
    6623.124713552676,
    6645.898661089493,
    6653.2670404942,
    6680.779113328751,
    6698.221082816869
  ],
  "speed": [
    10.22334066384426,
    10.238264918190529,
    10.17796127131432,
    10.12617396440705,
    10.115389353289828,
    10.0929415902684,
    10.07792627314584,
    10.058803786073835,
    10.03989102416219,
    10.001558074891069,
    9.964824162582183,
    9.931030768550555,
    9.888657441891304,
    9.849655479037905,
    9.819302613016559,
    9.78107488838815,
    9.74504294651578,
    9.708937462863275,
    9.668142380934075,
    9.637638451985142,
    9.604755882865012,
    9.56319947105717,
    9.518860615919742,
    9.478227512720235,
    9.435541982853236,
    9.38987759335396,
    9.34111038831402,
    9.295025255468873,
    9.251620160370573,
    9.20849483824555,
    9.1674907288868,
    9.125442953387015,
    9.085920822334224,
    9.042788039424316,
    9.003699983014364,
    8.965969622710658,
    8.926633983916817,
    8.885194351180957,
    8.84483322085252,
    8.813867169599646,
    8.783278180609276,
    8.748723298545364,
    8.71151960942769,
    8.672382785377277,
    8.633978678919195,
    8.596447660322044,
    8.559303171061815,
    8.522745391191416,
    8.485326933321407,
    8.447111017114569,
    8.40914209210181,
    8.371035543809825,
    8.331491096665728,
    8.293326234561441,
    8.257488142876037,
    8.222349738533737,
    8.184835626344128,
    8.14917456709962,
    8.115686439059557
  ],
  "throuput": [
    10,
    47,
    99,
    175,
    293,
    441,
    601,
    797,
    1018,
    1260,
    1504,
    1797,
    2116,
    2419,
    2747,
    3096,
    3441,
    3808,
    4144,
    4504,
    4897,
    5273,
    5632,
    6026,
    6396,
    6783,
    7149,
    7532,
    7893,
    8260,
    8659,
    9052,
    9436,
    9806,
    10210,
    10612,
    11000,
    11366,
    11740,
    12132,
    12517,
    12893,
    13281,
    13660,
    14022,
    14394,
    14777,
    15202,
    15576,
    15940,
    16331,
    16735,
    17107,
    17495,
    17881,
    18284,
    18657,
    19034,
    19429
  ],
  "runningtime": [
    16.87032356262207
  ]
}