{
  "distance": [
    1148.9214558757772,
    1566.8289709166393,
    1975.5774851599274,
    2335.313869703524,
    2691.874272573325,
    2952.9809997178504,
    3283.461371506283,
    3547.8149418423036,
    3772.7018127077404,
    4016.9504237582687,
    4216.0993496940355,
    4396.927353970998,
    4550.272804699403,
    4717.858499133773,
    4844.562655703284,
    4965.271745541006,
    5100.935015821571,
    5196.085458544162,
    5269.059330246134,
    4797.058143784159,
    4955.771286334114,
    5083.592760945015,
    5230.964828560452,
    5360.193864996048,
    5463.926984300293,
    5560.603951248336,
    5668.171356392307,
    5729.842288405841,
    5828.467918542393,
    5907.64775290795,
    5958.713968168985,
    6022.482918861755,
    6074.919705807996,
    6121.38355767918,
    6174.869731455278,
    6216.6244521353,
    6241.984624739421,
    6289.321711992098,
    6324.249772605002,
    5953.306240799706,
    6025.724320188346,
    6090.686842700728,
    6156.422557260548,
    6221.012984243366,
    6261.650782110422,
    6318.195718239486,
    6363.700375860155,
    6400.825856781518,
    6453.799602395757,
    6477.992258402477,
    6506.517448220761,
    6548.774725548049,
    6565.6765018283395,
    6583.955236516705,
    6621.525929522878,
    6643.606744297538,
    6652.871907838776,
    6679.996397714164,
    6696.496206332947
  ],
  "speed": [
    10.246863785938155,
    10.26648360880538,
    10.200076541286963,
    10.164592858607397,
    10.139317066934538,
    10.110422328464646,
    10.101740777809548,
    10.075014250315858,
    10.060296221988777,
    10.026288666794255,
    9.992553938697494,
    9.952972325748197,
    9.911389845723601,
    9.876923042438587,
    9.840643615055132,
    9.799676559025555,
    9.760383369565675,
    9.718157921991653,
    9.677777441515865,
    9.644144529125695,
    9.615005836884762,
    9.572987414784244,
    9.528802013984437,
    9.489851959832048,
    9.447644564985637,
    9.403885448720217,
    9.359047359492493,
    9.314916636781392,
    9.273424512007788,
    9.229451482440624,
    9.184926923889547,
    9.142322142494576,
    9.09822751815714,
    9.055297852856704,
    9.0154191959435,
    8.975251484026073,
    8.936413620273312,
    8.895104707267633,
    8.85688623450003,
    8.825455219841864,
    8.795019185681813,
    8.763383250502107,
    8.725943589386448,
    8.689075414291475,
    8.652232067325205,
    8.614172793700789,
    8.576088480858454,
    8.53854113036979,
    8.500069323815735,
    8.46087734399428,
    8.421759116883456,
    8.384054809388674,
    8.346838934687998,
    8.309507414858704,
    8.273471436018834,
    8.237803454658145,
    8.203046893753527,
    8.167475430815886,
    8.133236692592726
  ],
  "throuput": [
    13,
    51,
    101,
    184,
    295,
    436,
    601,
    795,
    1011,
    1261,
    1515,
    1810,
    2120,
    2431,
    2765,
    3103,
    3441,
    3794,
    4131,
    4514,
    4887,
    5278,
    5627,
    6014,
    6382,
    6762,
    7154,
    7550,
    7932,
    8300,
    8686,
    9070,
    9446,
    9826,
    10224,
    10632,
    11023,
    11401,
    11763,
    12153,
    12526,
    12898,
    13269,
    13684,
    14069,
    14426,
    14838,
    15220,
    15595,
    15988,
    16379,
    16761,
    17148,
    17531,
    17908,
    18308,
    18709,
    19092,
    19448
  ],
  "runningtime": [
    18.154061377048492
  ]
}