{
  "distance": [
    1150.0916923949687,
    1571.923280807042,
    1981.2208498951263,
    2340.9480679512917,
    2694.226726283137,
    2959.402235999483,
    3291.9919919307586,
    3559.5885120142993,
    3784.3992685005624,
    4027.840730879737,
    4225.447730908528,
    4407.41246354992,
    4558.135551992424,
    4725.966406348057,
    4852.234682634604,
    4974.147596354387,
    5110.2452396845365,
    5207.689344124095,
    5283.414019254802,
    4812.29698062394,
    4969.839501133127,
    5098.0281814558375,
    5245.756077518804,
    5373.02554723068,
    5474.329983015649,
    5570.021408748018,
    5677.828774837533,
    5740.547598102042,
    5839.431031893692,
    5918.223739463657,
    5969.719572340718,
    6031.792338724226,
    6083.696636661883,
    6128.20257024866,
    6180.9798680581,
    6223.957891208971,
    6249.379938095258,
    6298.727161706472,
    6333.759109646894,
    5959.629308124364,
    6031.6367919623435,
    6094.968932045274,
    6161.352357045666,
    6226.462212190789,
    6267.675021736987,
    6324.222378447282,
    6370.6679806904685,
    6408.383334897996,
    6462.057054970086,
    6486.480805665819,
    6517.076146272109,
    6558.917158276851,
    6576.082213359447,
    6595.085078418363,
    6634.096844531671,
    6656.49474873797,
    6665.07520965557,
    6693.296026931638,
    6710.515772408504
  ],
  "speed": [
    10.255008235415733,
    10.299448312066797,
    10.228828564948804,
    10.186486656444346,
    10.145192063067201,
    10.129276690393624,
    10.125130588685181,
    10.105537814499655,
    10.089909073124986,
    10.05399415026104,
    10.014524384353162,
    9.97726823856039,
    9.929746954654394,
    9.894691268917343,
    9.859654571674332,
    9.82334713883281,
    9.785985482606277,
    9.749531314465713,
    9.714723280617184,
    9.686171205616668,
    9.65659775170481,
    9.615431720393506,
    9.572990794982502,
    9.53184684206061,
    9.486325185146455,
    9.440019117832021,
    9.394561056173387,
    9.35094094644309,
    9.308216689839112,
    9.26193517476958,
    9.217521248653123,
    9.172818501770115,
    9.128591810692757,
    9.082729991319983,
    9.041569669278704,
    9.00164669272258,
    8.962015781193129,
    8.922315833037578,
    8.884552171801307,
    8.84897365048799,
    8.817286531460535,
    8.782787403881521,
    8.746299054784606,
    8.709920473984795,
    8.672440579196548,
    8.633524097477395,
    8.59660363227028,
    8.559060561300605,
    8.520794917241714,
    8.481367341067163,
    8.44399105695444,
    8.405505681564808,
    8.36837406222588,
    8.331480195488195,
    8.29668081652789,
    8.261266898083067,
    8.225446563300256,
    8.190339081623518,
    8.156504903914993
  ],
  "throuput": [
    10,
    50,
    102,
    177,
    293,
    441,
    602,
    792,
    1022,
    1255,
    1519,
    1810,
    2108,
    2444,
    2783,
    3124,
    3453,
    3810,
    4150,
    4540,
    4925,
    5296,
    5673,
    6046,
    6398,
    6793,
    7169,
    7548,
    7919,
    8307,
    8704,
    9099,
    9479,
    9842,
    10229,
    10609,
    11001,
    11404,
    11793,
    12138,
    12532,
    12908,
    13295,
    13662,
    14042,
    14438,
    14836,
    15210,
    15602,
    15974,
    16368,
    16773,
    17158,
    17527,
    17922,
    18319,
    18693,
    19053,
    19472
  ],
  "runningtime": [
    19.474959421157838
  ]
}