{
  "distance": [
    1088.6155310828485,
    1609.596473356004,
    2028.2814483372365,
    2413.1921483179904,
    2697.674193203188,
    2947.1859490574498,
    3190.791644895846,
    3436.754547112146,
    3606.9249679792956,
    3781.7003547343793,
    3857.4611559464443,
    4016.0264255802717,
    4171.413114984636,
    4296.477852403027,
    4415.4242637518855,
    4507.304490968582,
    4563.059942992224,
    4604.8904002059835,
    4654.760053483057,
    4668.088552575542,
    4732.029765693998,
    4709.3321467015,
    4758.752368040419,
    4745.4690982741295,
    4800.072809560359,
    4852.55348117027,
    4850.547177728515,
    4825.149499010841,
    4800.453237072112,
    4796.132828746541,
    4772.369857189645,
    4807.251309946662,
    4748.801080186744,
    4746.112838113285,
    4744.656397387831,
    4232.3169578865145,
    4292.190124468892,
    4367.579993370842,
    4417.806065418202,
    4474.194811714585,
    4507.875587277069,
    4565.892356601989,
    4628.135465141766,
    4656.9637446552915,
    4687.275776747369,
    4746.129868330079,
    4775.443334709459,
    4834.353506277113,
    4842.097003547838,
    4877.857878938065,
    4924.909610902306,
    4940.412637123283,
    4963.3284073563655,
    4990.583727766383,
    4990.013736801523,
    4993.183943134899,
    5028.080516875417,
    5046.10758370744,
    5046.127805172585
  ],
  "speed": [
    9.191792140423487,
    9.137262503151035,
    9.054301080551484,
    9.019688927057599,
    9.00134926043505,
    8.98402521967082,
    8.94488609294575,
    8.939538459572645,
    8.930627176298266,
    8.948569209906918,
    8.937921681531392,
    8.95506566378948,
    8.959456566243002,
    8.956211616589508,
    8.967518572622058,
    8.981101144618243,
    8.987871865422694,
    8.99557804336072,
    8.999873468853043,
    9.004014827372263,
    9.011422634435105,
    9.011697852812308,
    9.011873086548409,
    9.011594744004649,
    9.019564064526314,
    9.021818032282551,
    9.027228537177537,
    9.032910181738227,
    9.037158470532203,
    9.04370702547557,
    9.04794001575593,
    9.049388113276338,
    9.058101556285395,
    9.057769774298658,
    9.064416417408843,
    9.0668248381022,
    9.080490323237475,
    9.085928342501502,
    9.086070083135558,
    9.093072420427927,
    9.090493183195246,
    9.088542222322408,
    9.082835076938863,
    9.083701727272127,
    9.084959550157231,
    9.08163705323138,
    9.084194533484313,
    9.087532602392436,
    9.086223492076545,
    9.087862823215092,
    9.086817659590627,
    9.088237731375907,
    9.085544935925107,
    9.086642103512823,
    9.084104966931097,
    9.087104818528896,
    9.09184062477311,
    9.092378481247394,
    9.095455704753345
  ],
  "throuput": [
    26,
    72,
    132,
    223,
    319,
    409,
    517,
    638,
    762,
    903,
    1020,
    1161,
    1293,
    1451,
    1610,
    1763,
    1933,
    2096,
    2253,
    2374,
    2527,
    2678,
    2822,
    2952,
    3132,
    3285,
    3435,
    3581,
    3727,
    3867,
    4013,
    4150,
    4275,
    4397,
    4513,
    4662,
    4787,
    4911,
    5024,
    5158,
    5274,
    5408,
    5533,
    5650,
    5768,
    5913,
    6036,
    6190,
    6321,
    6442,
    6593,
    6738,
    6908,
    7070,
    7215,
    7337,
    7476,
    7668,
    7842
  ],
  "runningtime": [
    7.178102803230286
  ]
}