{
  "distance": [
    1057.9958191410053,
    1567.8457914313494,
    1977.2790259689157,
    2350.741638260341,
    2632.2236011526243,
    2881.0397949377816,
    3126.7368181682054,
    3362.17008366055,
    3537.920827062274,
    3713.8361579242833,
    3792.459438849786,
    3946.661417323823,
    4103.940050599099,
    4235.303360462105,
    4351.436434493098,
    4441.993785534734,
    4507.046886663009,
    4556.558927556471,
    4610.29845817507,
    4629.977016423949,
    4696.915260476237,
    4678.844059830567,
    4731.820014687864,
    4720.969182673245,
    4774.9216826691645,
    4833.202357050793,
    4831.801542299206,
    4806.511874422078,
    4780.836761548348,
    4775.763220576263,
    4754.286494146708,
    4791.491482244301,
    4731.972609149465,
    4732.112941279822,
    4728.133504574897,
    4217.449034150968,
    4275.521645044326,
    4349.233624613882,
    4395.41744552484,
    4448.416148523084,
    4486.178859853386,
    4544.195532977521,
    4607.483804255982,
    4638.829216002598,
    4668.224853096523,
    4726.484633054355,
    4753.557182909288,
    4812.142102795076,
    4820.536640436658,
    4856.263431604676,
    4905.439155791078,
    4920.456007707554,
    4947.148444465964,
    4975.899873202285,
    4978.365985225331,
    4979.436960136962,
    5011.736886531654,
    5031.076094467294,
    5031.503944833356
  ],
  "speed": [
    8.932738996098534,
    8.89498704969737,
    8.815201877946272,
    8.765458724320924,
    8.75581215446537,
    8.747094195769845,
    8.72075305449193,
    8.69688712258127,
    8.703372268295876,
    8.725270009637109,
    8.714730723226666,
    8.720622632411875,
    8.727593207948322,
    8.737081779687156,
    8.741626360577493,
    8.749403520462844,
    8.766290015871876,
    8.778957072692684,
    8.780843327539273,
    8.79020272504098,
    8.798982860348396,
    8.804800422877971,
    8.807070414889594,
    8.808805718095103,
    8.812876871045972,
    8.822512400360072,
    8.829610550949822,
    8.83569027137284,
    8.8375013868954,
    8.840059689039919,
    8.84671168860298,
    8.851163598742403,
    8.856304337373576,
    8.859747311998857,
    8.862769827336406,
    8.866782753035533,
    8.87824558942512,
    8.880169813541253,
    8.873344045654378,
    8.874696710040752,
    8.878627170526515,
    8.877658687077611,
    8.87376136335497,
    8.8803624167048,
    8.881812957629418,
    8.878807192938186,
    8.880026677496817,
    8.883990899446783,
    8.882457748145006,
    8.883576716516082,
    8.885523778047492,
    8.885394680900175,
    8.888681580795188,
    8.88974479032479,
    8.890642515507354,
    8.890238810613543,
    8.892381461269338,
    8.894395436736492,
    8.895250861059358
  ],
  "throuput": [
    26,
    70,
    123,
    213,
    302,
    395,
    500,
    619,
    739,
    867,
    988,
    1134,
    1260,
    1425,
    1579,
    1720,
    1881,
    2044,
    2192,
    2336,
    2488,
    2647,
    2778,
    2934,
    3086,
    3268,
    3422,
    3574,
    3694,
    3843,
    3986,
    4129,
    4247,
    4372,
    4514,
    4641,
    4757,
    4878,
    5002,
    5128,
    5239,
    5376,
    5510,
    5628,
    5749,
    5888,
    6028,
    6164,
    6279,
    6414,
    6545,
    6717,
    6871,
    7026,
    7166,
    7332,
    7467,
    7619,
    7792
  ],
  "runningtime": [
    5.774196700255076
  ]
}