{
  "distance": [
    1005.8924853508455,
    1424.3690821176513,
    1655.9461396815807,
    1775.622022002586,
    2045.028665485841,
    2222.746179363171,
    2412.7443196318195,
    2601.74582578928,
    2339.816498162377,
    2454.440940219099,
    2503.6433922239644,
    2609.5584608703357,
    2684.8090279607313,
    2799.2516807902916,
    2860.744108633079,
    2912.2796715166373,
    3028.808427189272,
    2943.9443980874817,
    2920.3858799648747,
    2944.108363780808,
    3023.5388253309525,
    2962.4870286491264,
    3030.168579489858,
    3084.371002674523,
    3122.6049526976058,
    3188.9621683092973,
    3159.644298972504,
    3180.8362537638986,
    3148.068260497617,
    3180.0698543331955,
    3200.0215209479775,
    3245.4674697640216,
    3203.3286209957673,
    3239.0550479642216,
    3260.819921847534,
    3246.2340269951055,
    3232.2611954211256,
    3273.0047352063607,
    3263.1449667735446,
    3267.997580341945,
    3296.402065243442,
    3319.7381385273716,
    3343.97898111188,
    3319.3010102618337,
    3317.213885414088,
    3326.038425915294,
    3327.452178361602,
    3324.9617641613636,
    3322.5871952716266,
    3340.7947502224197,
    3356.8255338250538,
    3393.233475598741,
    3395.552319087809,
    3386.2762828838295,
    3347.518209874225,
    3352.9792249783827,
    3380.2731102149464,
    3355.0837878053053,
    3361.9864583253257
  ],
  "speed": [
    8.57917198734576,
    8.55739149384072,
    8.684725028872826,
    8.608693776660237,
    8.63055096263891,
    8.638405638654277,
    8.67541504225782,
    8.646508988815993,
    8.656045753373926,
    8.63835893733283,
    8.629879980142512,
    8.578254356842749,
    8.571523921690256,
    8.584909821254962,
    8.567317526500865,
    8.537295656372606,
    8.533590171189756,
    8.548011657682213,
    8.521396528479674,
    8.483004403175247,
    8.448391447273345,
    8.447669362800056,
    8.421960755261246,
    8.416097085772321,
    8.416022248963113,
    8.39467012301824,
    8.398585327154272,
    8.39920831915186,
    8.393253714982388,
    8.375788792238595,
    8.35279706277369,
    8.344285983703239,
    8.336424361755975,
    8.33365874067319,
    8.310701088396321,
    8.303262512392136,
    8.29087049886828,
    8.276009306709884,
    8.265256991003826,
    8.245259482000234,
    8.227130745418325,
    8.215631197495641,
    8.201432090987709,
    8.192906862646316,
    8.181421370217802,
    8.170894958657854,
    8.157953096394557,
    8.154551494850555,
    8.139439898593348,
    8.122424039805757,
    8.104757997669841,
    8.086944689288556,
    8.079286983089188,
    8.063588677214142,
    8.059207536072575,
    8.042422030166696,
    8.020125965531252,
    8.003729848796068,
    7.9940776116057135
  ],
  "throuput": [
    5,
    25,
    54,
    86,
    115,
    156,
    199,
    236,
    288,
    341,
    394,
    451,
    502,
    551,
    600,
    638,
    699,
    744,
    799,
    845,
    890,
    941,
    989,
    1049,
    1103,
    1148,
    1201,
    1264,
    1306,
    1359,
    1413,
    1457,
    1510,
    1570,
    1623,
    1673,
    1719,
    1770,
    1808,
    1865,
    1917,
    1969,
    2012,
    2065,
    2123,
    2171,
    2223,
    2269,
    2327,
    2379,
    2420,
    2473,
    2524,
    2579,
    2624,
    2673,
    2728,
    2780,
    2824
  ],
  "runningtime": [
    1.544134227434794
  ]
}