{
  "distance": [
    1043.3981618352818,
    1466.017825389572,
    1703.8189548463897,
    1830.6911060343039,
    2103.294303879635,
    2270.297130228968,
    2456.7053783500282,
    2651.4267010849517,
    2372.983100573301,
    2480.8540467355288,
    2524.498656229217,
    2636.348958781198,
    2703.701423139458,
    2819.8516232951583,
    2884.47661238205,
    2943.8372050017674,
    3058.7941988790035,
    2965.5437310849634,
    2937.1697741910707,
    2964.508098754361,
    3040.9920218357593,
    2975.932465185075,
    3045.6931004561097,
    3100.0532975402984,
    3133.7895735380976,
    3203.6279435485553,
    3170.088356190787,
    3190.43890279128,
    3154.8414446299475,
    3187.316737861257,
    3207.3898693424862,
    3251.250548315116,
    3208.759158532078,
    3240.5276993828616,
    3269.141857663489,
    3254.801279688701,
    3240.4178449346427,
    3280.0372599998213,
    3269.718872557188,
    3275.506258529117,
    3306.3141926000108,
    3327.663247148173,
    3352.8638423481425,
    3328.150042615151,
    3326.7139988644467,
    3333.4779217888613,
    3334.9463707167943,
    3329.891194785183,
    3329.61665161732,
    3347.955914966608,
    3364.3853055815493,
    3402.147526147297,
    3402.3102559747845,
    3394.389409394431,
    3352.1947070297256,
    3356.7175153505655,
    3389.3203165862637,
    3364.2028477473145,
    3369.319955360215
  ],
  "speed": [
    8.900420036520662,
    8.820769102685757,
    8.951672715877837,
    8.894133899958785,
    8.904117897792268,
    8.880753063011399,
    8.913421269954503,
    8.900686632134247,
    8.88491106029823,
    8.844552095137956,
    8.832013381827949,
    8.795528586666663,
    8.768675486507952,
    8.787151770176674,
    8.776344320190313,
    8.766144957975385,
    8.759139899343968,
    8.753279587618097,
    8.718838636160086,
    8.69186737013817,
    8.65289671220588,
    8.646002235638164,
    8.629543858908418,
    8.62321921889741,
    8.611717700960003,
    8.598637826192109,
    8.588674290875673,
    8.581873469355815,
    8.56525736298187,
    8.546194788545224,
    8.521252224762257,
    8.510677372085986,
    8.500605109830236,
    8.48578823292358,
    8.476009727059154,
    8.463872123245697,
    8.447389565622233,
    8.429105954707946,
    8.416619549998236,
    8.40093242750495,
    8.387806371604183,
    8.372515163659175,
    8.360211868033087,
    8.353335454852248,
    8.346459464704603,
    8.332573360148896,
    8.318713466536275,
    8.310873966217716,
    8.300605950828867,
    8.285321551734999,
    8.268866641768959,
    8.254893129776312,
    8.243499805783632,
    8.233119882848706,
    8.223954465907605,
    8.204865770580449,
    8.194503045053425,
    8.180443230405468,
    8.168934289938425
  ],
  "throuput": [
    6,
    25,
    53,
    84,
    119,
    164,
    205,
    240,
    296,
    355,
    400,
    460,
    506,
    551,
    601,
    647,
    706,
    754,
    802,
    859,
    902,
    952,
    1006,
    1057,
    1113,
    1155,
    1207,
    1269,
    1311,
    1361,
    1419,
    1468,
    1518,
    1570,
    1617,
    1673,
    1722,
    1772,
    1817,
    1871,
    1924,
    1975,
    2019,
    2078,
    2136,
    2177,
    2231,
    2285,
    2334,
    2386,
    2430,
    2483,
    2536,
    2596,
    2640,
    2680,
    2740,
    2793,
    2841
  ],
  "runningtime": [
    1.6063185850779216
  ]
}