{
  "distance": [
    1047.5831897887476,
    1473.2812402763318,
    1705.455028902413,
    1841.4004509103806,
    2107.4858985830383,
    2285.2304452333283,
    2467.996655153414,
    2658.6721194575493,
    2384.9034804459925,
    2491.2636212982106,
    2542.667726972802,
    2654.241691593045,
    2726.7212534954824,
    2836.574980982399,
    2904.3511148480657,
    2962.2244625588237,
    3078.1777729027576,
    2983.7740650637966,
    2951.22055626354,
    2983.8981292861927,
    3066.2724847090476,
    2994.593311743559,
    3060.155583567634,
    3115.358896104767,
    3150.525728227705,
    3220.701896769734,
    3183.9793250750517,
    3199.088395278087,
    3162.5771061226487,
    3191.7548629731305,
    3218.569003533637,
    3260.70194157239,
    3218.7886407296,
    3250.5150191429493,
    3276.3138837276865,
    3262.4629054790416,
    3250.1296472426206,
    3291.1910308192328,
    3282.1545446564505,
    3286.5634122365213,
    3315.03517949436,
    3336.515766571795,
    3360.091254863333,
    3331.878674943984,
    3331.7325969079207,
    3338.904268757409,
    3339.916880276961,
    3332.1461453281795,
    3329.9820806038224,
    3349.168220091748,
    3366.2067309541185,
    3403.2387366574635,
    3403.71097560978,
    3397.8625499051477,
    3353.677216510876,
    3359.8134001995854,
    3391.396704021168,
    3367.014855877234,
    3371.126659362239
  ],
  "speed": [
    8.934200287182007,
    8.85233363256165,
    8.951976576607475,
    8.9352314021254,
    8.91697241496016,
    8.944623555869368,
    8.952492489300166,
    8.928413744004002,
    8.941066558129931,
    8.902911307169084,
    8.916636892178612,
    8.881122601979522,
    8.861527949137331,
    8.85952648710434,
    8.864740962004342,
    8.85872213604126,
    8.858699741200146,
    8.858400194228299,
    8.821361229943603,
    8.81234431149375,
    8.786714320770713,
    8.770227775940297,
    8.743497809838205,
    8.740369109056674,
    8.731990597877799,
    8.723144977547108,
    8.712531744465739,
    8.700066197514465,
    8.684789086263468,
    8.660775522237959,
    8.648863930862744,
    8.630966552492655,
    8.626387001824058,
    8.612218812378247,
    8.599960058975181,
    8.590440189950957,
    8.578937447594017,
    8.558387959571453,
    8.550164355206327,
    8.529541330759631,
    8.51194370634052,
    8.497686455063247,
    8.482529928057385,
    8.468017347081357,
    8.461190620005079,
    8.448299983861627,
    8.434375752830817,
    8.417973372016256,
    8.402633898582868,
    8.384972826481567,
    8.367510259298339,
    8.347779869336144,
    8.335544068941665,
    8.327840629316633,
    8.313061012376918,
    8.298571532716206,
    8.286882263228678,
    8.273147542076954,
    8.256813172908851
  ],
  "throuput": [
    6,
    22,
    52,
    88,
    120,
    161,
    209,
    239,
    304,
    352,
    408,
    456,
    511,
    555,
    610,
    656,
    711,
    761,
    815,
    857,
    910,
    963,
    1008,
    1063,
    1118,
    1166,
    1216,
    1277,
    1319,
    1364,
    1413,
    1469,
    1526,
    1577,
    1630,
    1680,
    1723,
    1774,
    1821,
    1878,
    1937,
    1979,
    2032,
    2079,
    2138,
    2188,
    2238,
    2288,
    2342,
    2382,
    2428,
    2481,
    2545,
    2592,
    2644,
    2688,
    2742,
    2793,
    2840
  ],
  "runningtime": [
    1.6460180759429932
  ]
}