{
  "distance": [
    1171.6607729945629,
    1552.6895319899404,
    1835.856988131855,
    2162.827598095441,
    2469.847166313366,
    2649.882533085959,
    2861.9234232000026,
    3045.315594937708,
    3178.755668057361,
    3248.8946123679607,
    3431.5377745116343,
    3547.010983778277,
    3546.7455889747193,
    3670.008221538585,
    3774.996287365784,
    3790.8930676915743,
    3819.9167523421493,
    3870.1032599477257,
    3911.3309210890325,
    3920.932632723462,
    3949.1679355105593,
    4025.175059424041,
    4057.7562363036586,
    4034.177900002279,
    4107.706226238991,
    4051.5294583908476,
    4078.4914094630944,
    4123.385128189477,
    4148.938966240146,
    4178.025614596875,
    4226.668039338569,
    4212.355857899636,
    4263.922576531574,
    4263.903821110181,
    4317.217182800666,
    4325.443735367253,
    4328.381067689449,
    4366.581508809623,
    4379.566394344514,
    4373.469802329272,
    4380.464234804096,
    4413.9009673839,
    4415.3628507885305,
    4420.805230382973,
    4403.879916778141,
    4425.470176059989,
    4458.974298773638,
    4429.570790974822,
    4458.211992821748,
    4468.367954312602,
    4473.638218362805,
    4426.998381062352,
    4451.895108957824,
    4457.05135223012,
    4466.779892110133,
    4466.84189488658,
    4485.304065288865,
    4487.488371851016,
    4509.148313591108
  ],
  "speed": [
    11.030373817835995,
    11.14524875085502,
    11.088459062482956,
    11.132083752993138,
    11.096833544929508,
    11.09759581627423,
    11.097248913399934,
    11.097041992964336,
    11.088177187846611,
    11.097180918590295,
    11.073222727737706,
    11.097605432855465,
    11.108529998692354,
    11.125258048349705,
    11.129213597278262,
    11.12182255921639,
    11.130245439553102,
    11.120637896542634,
    11.128959902564253,
    11.120279999055802,
    11.116380710431669,
    11.110730630870151,
    11.108527648914672,
    11.108828647877186,
    11.106172172691089,
    11.111514346448015,
    11.11150441816241,
    11.104779667808382,
    11.116022203917309,
    11.112093019520612,
    11.118442732870374,
    11.119156500530863,
    11.117527437524405,
    11.122510062614564,
    11.119249669460455,
    11.11991570061575,
    11.124030715444427,
    11.127214677946458,
    11.137481489936238,
    11.141043655663022,
    11.14165923604417,
    11.146860761397443,
    11.15443885445872,
    11.153597687643542,
    11.153660900359116,
    11.159014026274942,
    11.160111915957287,
    11.15754054295059,
    11.1641429796547,
    11.166219391239396,
    11.165300544937043,
    11.165975711918824,
    11.171231237838683,
    11.17054371921062,
    11.16771352907607,
    11.165095785290118,
    11.163664827922439,
    11.162568455450025,
    11.160564430892022
  ],
  "throuput": [
    7,
    18,
    47,
    86,
    140,
    198,
    277,
    339,
    426,
    516,
    596,
    671,
    769,
    863,
    962,
    1037,
    1130,
    1220,
    1305,
    1390,
    1479,
    1560,
    1654,
    1735,
    1822,
    1914,
    1996,
    2098,
    2179,
    2259,
    2355,
    2426,
    2521,
    2625,
    2712,
    2808,
    2888,
    2984,
    3080,
    3168,
    3263,
    3350,
    3450,
    3539,
    3625,
    3709,
    3793,
    3889,
    3971,
    4060,
    4133,
    4238,
    4323,
    4408,
    4499,
    4597,
    4675,
    4757,
    4841
  ],
  "runningtime": [
    2.057642420132955
  ]
}