{
  "distance": [
    1171.9007066630052,
    1555.0021137598478,
    1839.7405399246152,
    2162.6092364492742,
    2473.3320337920572,
    2653.2408010656272,
    2873.13021508112,
    3044.252313018359,
    3184.7291532389904,
    3250.4695913755872,
    3437.4658293414095,
    3550.8637315222786,
    3549.118191859133,
    3673.877377906203,
    3778.739569596879,
    3794.457973720197,
    3823.453224470044,
    3874.134819411812,
    3915.7918956861786,
    3929.0256630722793,
    3957.9441646899236,
    4036.2341857744555,
    4065.8700793490098,
    4042.7171125881214,
    4117.510928928888,
    4057.5549055613615,
    4084.136881832559,
    4125.681611273563,
    4146.274461867235,
    4178.3372163464055,
    4226.040699494782,
    4212.5837315133185,
    4266.566130550801,
    4263.6582969155,
    4318.1192204029185,
    4326.578683705756,
    4331.078160063297,
    4369.550052918598,
    4380.375761833383,
    4374.859098362813,
    4381.034465880395,
    4417.263869333164,
    4417.127227220771,
    4421.874985125925,
    4407.014585767116,
    4429.031446174236,
    4462.756790846074,
    4433.919008901303,
    4460.944572626319,
    4471.507239271913,
    4477.159917742023,
    4430.156103700707,
    4454.346284207816,
    4460.491811044834,
    4472.097658487703,
    4471.451246768667,
    4490.492572072451,
    4493.717861181459,
    4515.3012944873635
  ],
  "speed": [
    11.030930191565977,
    11.162383876291733,
    11.107149761570081,
    11.127044660340232,
    11.110705395272893,
    11.11324076462002,
    11.145890048884208,
    11.106517213050253,
    11.131174839736639,
    11.124574980352968,
    11.113377417305697,
    11.136553241463861,
    11.144378086462478,
    11.158458596713485,
    11.1644104376703,
    11.158284391200175,
    11.162176565628966,
    11.154522711689706,
    11.157708240468882,
    11.16283596495129,
    11.160630178087123,
    11.162379147754304,
    11.151290299238863,
    11.15232954061101,
    11.157374605520445,
    11.154718802350088,
    11.154900280910967,
    11.140629358917334,
    11.139231957438842,
    11.142983048592095,
    11.141256162955365,
    11.143824644711199,
    11.14420793355003,
    11.136394401134321,
    11.137487287941529,
    11.140651644351761,
    11.14507370169879,
    11.146346896876526,
    11.150401166124153,
    11.155212070114525,
    11.154485791436443,
    11.165112615683453,
    11.166640369686966,
    11.162286304147901,
    11.167129026357454,
    11.172638349907313,
    11.17443872158919,
    11.174181066793752,
    11.177914960144738,
    11.18253998666735,
    11.184107738303412,
    11.185263045657722,
    11.187541174630343,
    11.188832881212967,
    11.190481460943422,
    11.186322440954028,
    11.186130998112072,
    11.189247768956644,
    11.189204847358061
  ],
  "throuput": [
    7,
    18,
    46,
    87,
    138,
    199,
    284,
    340,
    432,
    511,
    594,
    674,
    763,
    862,
    955,
    1040,
    1128,
    1227,
    1301,
    1398,
    1477,
    1571,
    1644,
    1744,
    1824,
    1913,
    2004,
    2095,
    2182,
    2257,
    2351,
    2433,
    2513,
    2615,
    2726,
    2795,
    2886,
    2985,
    3079,
    3172,
    3266,
    3351,
    3443,
    3531,
    3621,
    3708,
    3797,
    3886,
    3985,
    4058,
    4155,
    4225,
    4329,
    4402,
    4499,
    4594,
    4673,
    4758,
    4862
  ],
  "runningtime": [
    2.008042562007904
  ]
}