{
  "distance": [
    1123.6812440341444,
    1626.452050920427,
    2084.285854818351,
    2417.364963742319,
    2749.155238015184,
    3029.2305360295904,
    3138.7543804651473,
    3366.5007682001587,
    3590.801053141695,
    3678.5770987694195,
    3854.574657406402,
    3940.605922982301,
    4011.617170723898,
    4129.252391251612,
    4090.1543897797987,
    4183.754452456682,
    4249.89388754146,
    4341.088796730871,
    4391.061867208831,
    4259.586930078693,
    4302.2113862045435,
    4353.997079737748,
    4360.933508122451,
    4411.06372230449,
    4434.028126256119,
    4415.076664451347,
    4482.946581339846,
    4541.647139768267,
    4271.315118308949,
    4310.354221840679,
    4338.469133816436,
    4387.691254763482,
    4491.180747213566,
    4567.509652749213,
    4620.966427551513,
    4629.894551182593,
    4697.872403431002,
    4680.438576923683,
    4674.858266785693,
    4718.310361363042,
    4683.86588672661,
    4709.207478195674,
    4765.558896984826,
    4805.3776862490795,
    4833.2799277627055,
    4858.160925810079,
    4836.649436871614,
    4890.84540369787,
    4872.046315697871,
    4926.315825922216,
    4914.258598498778,
    4910.469928313536,
    4881.418558844771,
    4897.1977597416435,
    4900.7868976786485,
    4914.665930578685,
    4946.830084486601,
    4719.941386463466,
    4779.454974039697
  ],
  "speed": [
    9.48163973204804,
    9.401456941736571,
    9.467546153411558,
    9.445589015532995,
    9.526873425288077,
    9.564052841151383,
    9.560058783200931,
    9.668805447997569,
    9.703712558250457,
    9.703897316114723,
    9.712503596461744,
    9.736606532042678,
    9.751587056974401,
    9.754316071579453,
    9.761982348103512,
    9.788293121648842,
    9.79123424198225,
    9.821300976458781,
    9.820510260162896,
    9.82689855240673,
    9.84295683070874,
    9.843822563705665,
    9.838863379442062,
    9.836809219897834,
    9.831494565690845,
    9.83235999995715,
    9.815870339072298,
    9.82651449611986,
    9.839234729819555,
    9.85414523307523,
    9.871708319647935,
    9.872701910960004,
    9.872011947693391,
    9.88213279546847,
    9.889367922295214,
    9.890445685369277,
    9.894177610640659,
    9.899437691051975,
    9.904864463478608,
    9.920795926942148,
    9.919800505301584,
    9.915105924723944,
    9.906409324770403,
    9.905080561407294,
    9.906905819448355,
    9.905338458511233,
    9.90911925810416,
    9.909862648336993,
    9.909998671686395,
    9.917285929057902,
    9.927087126541771,
    9.931629960460343,
    9.932129806917544,
    9.933851998480796,
    9.939555807093193,
    9.948028549914792,
    9.950327666348558,
    9.956821611493933,
    9.962439440061688
  ],
  "throuput": [
    8,
    21,
    48,
    80,
    109,
    146,
    186,
    224,
    256,
    298,
    331,
    369,
    408,
    444,
    491,
    540,
    577,
    610,
    649,
    687,
    733,
    777,
    808,
    844,
    894,
    939,
    971,
    1011,
    1061,
    1103,
    1140,
    1173,
    1204,
    1245,
    1284,
    1339,
    1371,
    1406,
    1446,
    1484,
    1531,
    1571,
    1606,
    1656,
    1708,
    1747,
    1796,
    1844,
    1883,
    1916,
    1960,
    2005,
    2043,
    2078,
    2118,
    2153,
    2199,
    2233,
    2280
  ],
  "runningtime": [
    1.5875386993090312
  ]
}