{
  "distance": [
    1176.9851962239397,
    1715.9676150694506,
    2187.850208747199,
    2534.9131963869568,
    2875.097261225023,
    3159.6180455895237,
    3278.2146348602528,
    3478.9936094158934,
    3693.7358749626223,
    3783.0368018801573,
    3962.8623976271674,
    4043.531283355017,
    4101.8271145619865,
    4208.009709965837,
    4159.051772262293,
    4249.8845506689195,
    4323.2850544866415,
    4399.610914499671,
    4438.2661837693895,
    4299.738743003497,
    4339.193385432875,
    4395.190703741055,
    4397.47558493335,
    4444.156234811548,
    4468.759183361099,
    4449.234248511579,
    4522.700816784675,
    4573.89926879574,
    4299.445350180998,
    4339.520448662169,
    4367.717090878418,
    4416.6106793410945,
    4523.46344839266,
    4598.021923208466,
    4649.189113468096,
    4664.185662713452,
    4736.636483102904,
    4723.945315965502,
    4717.3382747926225,
    4756.526774277701,
    4720.583166659463,
    4746.350380313617,
    4808.249640693226,
    4844.460207820088,
    4873.932866029721,
    4899.415918814141,
    4877.012260708311,
    4928.733372514603,
    4907.235603124476,
    4955.865111529006,
    4938.373498153179,
    4928.335336739388,
    4898.361872863333,
    4913.492660191341,
    4914.9942447770145,
    4924.157770805293,
    4957.736714822506,
    4728.960753514737,
    4788.451349198967
  ],
  "speed": [
    9.937513877168502,
    9.960800531369042,
    10.012882696389985,
    10.002389228747173,
    10.080428880446203,
    10.125068215446351,
    10.176138297873118,
    10.198315993519874,
    10.202586812743151,
    10.213087619813383,
    10.22600213740835,
    10.249544723233047,
    10.23409283216073,
    10.227057605574817,
    10.241477381180177,
    10.270286384664816,
    10.296518927354438,
    10.298725034066791,
    10.284927261689274,
    10.289014942584728,
    10.305670250581258,
    10.312472702137109,
    10.29632468583051,
    10.2962059666407,
    10.29962483323991,
    10.297938091641806,
    10.298879260653585,
    10.295615723326783,
    10.299469554703046,
    10.31686363275079,
    10.332752180686136,
    10.330240495136126,
    10.333543220794919,
    10.340089062396682,
    10.345164364666138,
    10.357553754767164,
    10.365970935742103,
    10.378429604301893,
    10.38055897287221,
    10.387748700654287,
    10.388545787346349,
    10.383005270381743,
    10.385730515702889,
    10.378438225573909,
    10.385950684771355,
    10.389428599874142,
    10.397463440073176,
    10.396515732586987,
    10.397054889994326,
    10.399593795542135,
    10.40536333170774,
    10.402050115970008,
    10.40198892487258,
    10.402783064273434,
    10.405017991689999,
    10.404899378301527,
    10.410313994322285,
    10.415090445072156,
    10.413824012106675
  ],
  "throuput": [
    9,
    27,
    54,
    85,
    119,
    160,
    199,
    232,
    272,
    310,
    344,
    384,
    423,
    475,
    509,
    553,
    591,
    635,
    669,
    708,
    747,
    784,
    824,
    871,
    911,
    956,
    991,
    1025,
    1073,
    1111,
    1155,
    1186,
    1223,
    1255,
    1307,
    1343,
    1381,
    1419,
    1458,
    1496,
    1552,
    1584,
    1627,
    1679,
    1719,
    1770,
    1820,
    1868,
    1909,
    1945,
    1987,
    2022,
    2059,
    2097,
    2125,
    2171,
    2214,
    2240,
    2277
  ],
  "runningtime": [
    1.7349638064702353
  ]
}