{
  "distance": [
    1222.4786872380193,
    1824.3221425765046,
    2412.1163600732557,
    2983.5582313741393,
    3532.1024853126587,
    4059.403064090845,
    4557.523827056556,
    5028.429036069039,
    5448.147659091624,
    5889.343045262479,
    6295.4002087490735,
    6674.716866987869,
    6991.178843225351,
    7251.33699735352,
    7465.09856884776,
    7708.181019667636,
    7877.140284122237,
    8031.187904709736,
    8190.637087192641,
    8327.211744845761,
    8532.018435275791,
    8649.119330248084,
    8786.384278516573,
    8902.92988028506,
    9005.422902252232,
    9110.236436254088,
    9133.496683336793,
    9119.786315187877,
    9112.340008395817,
    9098.636572453745,
    9099.514714040446,
    9086.520430804214,
    9097.488836532915,
    9020.713937835866,
    9026.052591855172,
    8988.456772978583,
    8944.808505476647,
    8914.07457170573,
    8888.151542674184,
    8861.842900769558,
    8763.445387754931,
    8738.185657227163,
    8722.208538528035,
    8669.674040275559,
    8631.888642718732,
    8622.227579449023,
    8539.574730374594,
    8522.827045571752,
    8505.12380933702,
    8504.512664963115,
    8440.038186778214,
    8397.114609665636,
    8411.772656718138,
    8365.983317560464,
    8354.958804265614,
    8250.600182919883,
    8226.140207824255,
    8189.526179325348,
    8164.119546315417
  ],
  "speed": [
    10.287839435278974,
    10.2536701798897,
    10.229418573540707,
    10.227951984091087,
    10.228828265924585,
    10.2397600148113,
    10.239823279265256,
    10.248588448994727,
    10.25365632512048,
    10.258706763215564,
    10.272297099947139,
    10.27886009094822,
    10.280817196624712,
    10.2890216314348,
    10.283633647204066,
    10.297876365449147,
    10.305151074596642,
    10.31008773939203,
    10.314793523339842,
    10.324176456675612,
    10.341737071440244,
    10.356449480353344,
    10.364611251779339,
    10.375217720151701,
    10.3845322893109,
    10.395230741716103,
    10.401693472434577,
    10.410009851581577,
    10.415558580840003,
    10.420908588553816,
    10.424017678011909,
    10.427419728333401,
    10.4315411349473,
    10.43712992359675,
    10.441088806679506,
    10.445403545733772,
    10.448789113030086,
    10.453536486373029,
    10.455705645228987,
    10.455606728178793,
    10.455852521624939,
    10.457642926865669,
    10.459950800635355,
    10.462093920872142,
    10.462669409918407,
    10.466702511493153,
    10.470328134864543,
    10.470411502408334,
    10.469851299718202,
    10.47179484078663,
    10.47195103124857,
    10.472154134368795,
    10.473985864468025,
    10.47651481140658,
    10.480785820834841,
    10.483556621161622,
    10.484314604390992,
    10.485861577770002,
    10.484722151921892
  ],
  "throuput": [
    16,
    56,
    114,
    188,
    261,
    329,
    410,
    481,
    575,
    660,
    747,
    857,
    978,
    1078,
    1188,
    1303,
    1401,
    1528,
    1642,
    1750,
    1875,
    1981,
    2086,
    2204,
    2307,
    2392,
    2494,
    2584,
    2650,
    2718,
    2782,
    2859,
    2909,
    2972,
    3031,
    3073,
    3117,
    3169,
    3216,
    3250,
    3306,
    3339,
    3370,
    3397,
    3443,
    3487,
    3525,
    3561,
    3594,
    3638,
    3674,
    3709,
    3744,
    3774,
    3799,
    3839,
    3874,
    3902,
    3934
  ],
  "runningtime": [
    4.074569201469421
  ]
}