{
  "distance": [
    1194.9156453282546,
    1767.4032792963596,
    2321.878356175449,
    2874.8618267053816,
    3395.5238184708564,
    3895.3410399336967,
    4370.714432414618,
    4823.115895455796,
    5231.116153795015,
    5652.169722312003,
    6047.223106580318,
    6425.087402772313,
    6738.913549412691,
    7005.918372441895,
    7231.701488688295,
    7471.224900798748,
    7645.227619033276,
    7801.015272222975,
    7976.897807168813,
    8122.059763832367,
    8332.615878237742,
    8452.698951827158,
    8601.73063112735,
    8730.162773988564,
    8845.12617530246,
    8959.507286833055,
    8996.29935566439,
    8997.3491565898,
    9006.259286192395,
    8999.983625365498,
    9016.973241952754,
    9014.58611285663,
    9033.819924543119,
    8964.271042014356,
    8977.517625524879,
    8944.976824625315,
    8903.949177803694,
    8878.736212434844,
    8859.355967124096,
    8840.217525235299,
    8745.310946222304,
    8721.659234125376,
    8708.65260682459,
    8656.081083352008,
    8621.57936321991,
    8613.195789085765,
    8529.438751710795,
    8515.203396533992,
    8498.962892565556,
    8500.146002537673,
    8435.421536561711,
    8392.521479258157,
    8406.937698182055,
    8364.193494571202,
    8350.407252446917,
    8245.80654744122,
    8220.87159657585,
    8183.0755212301265,
    8157.0488743832875
  ],
  "speed": [
    10.059522216006906,
    9.934425272592566,
    9.838174524865265,
    9.838250049054881,
    9.809505696876395,
    9.796267959137184,
    9.78152876149432,
    9.782392873738196,
    9.789683772438925,
    9.781063416965589,
    9.792701044404938,
    9.809035341723911,
    9.810955763387193,
    9.827070256094919,
    9.835870573433851,
    9.83976258179126,
    9.847175091400091,
    9.845680444379843,
    9.859058036063374,
    9.866865201042241,
    9.881689667259627,
    9.892338143805937,
    9.90435347025721,
    9.913811479284123,
    9.923849988739327,
    9.932982279829341,
    9.94069460960626,
    9.948915967380223,
    9.95900634054306,
    9.96251139767451,
    9.97226324855524,
    9.977104418593811,
    9.981820900927232,
    9.988474807619237,
    9.994714601351937,
    9.99751813785292,
    9.998488184206419,
    10.003344546217855,
    10.006194610925787,
    10.01107085710507,
    10.013445040935975,
    10.014606079338456,
    10.017833733172033,
    10.0195447784895,
    10.023233157560067,
    10.027444638269165,
    10.030216134575388,
    10.03325517661797,
    10.033873588372227,
    10.037088526958,
    10.037212437715302,
    10.037904259632475,
    10.040017191574506,
    10.045178213067963,
    10.046637526734996,
    10.049338907863527,
    10.050524443154194,
    10.05088423556384,
    10.049863860862507
  ],
  "throuput": [
    19,
    50,
    99,
    174,
    245,
    315,
    383,
    453,
    543,
    628,
    707,
    810,
    914,
    1023,
    1123,
    1222,
    1339,
    1453,
    1554,
    1673,
    1798,
    1917,
    2001,
    2107,
    2225,
    2316,
    2414,
    2495,
    2582,
    2658,
    2718,
    2798,
    2859,
    2931,
    2990,
    3033,
    3081,
    3120,
    3175,
    3235,
    3277,
    3318,
    3348,
    3384,
    3425,
    3477,
    3514,
    3548,
    3586,
    3626,
    3664,
    3706,
    3733,
    3762,
    3794,
    3836,
    3866,
    3896,
    3925
  ],
  "runningtime": [
    3.2929288268089296
  ]
}