{
  "distance": [
    1201.4709496718938,
    1782.141269994717,
    2342.285847541286,
    2901.6424344081315,
    3434.281661198733,
    3939.180543703211,
    4418.1125112850505,
    4871.048069397305,
    5286.509144263825,
    5716.783380881805,
    6123.97959683406,
    6499.997907337564,
    6814.414778335273,
    7069.662768027971,
    7294.757625432558,
    7529.996302433748,
    7700.144906638168,
    7854.036136906217,
    8020.225721634937,
    8169.518550625955,
    8380.462055865832,
    8503.898607221827,
    8650.146068552867,
    8774.894804986747,
    8887.637313244535,
    9001.366294424135,
    9033.325110883417,
    9035.613483193118,
    9031.82549779708,
    9020.544523586666,
    9028.057872844978,
    9019.275547177474,
    9037.065899542287,
    8967.416311898214,
    8980.688366635863,
    8951.700919890565,
    8911.30418403802,
    8884.567872901524,
    8862.825683773312,
    8840.487080541825,
    8744.97855273506,
    8722.393585389551,
    8709.73080035952,
    8658.09278330969,
    8621.709160263434,
    8613.34025508083,
    8530.10379019846,
    8515.631401969305,
    8499.694904266498,
    8499.819306451369,
    8435.787453032503,
    8393.964184645954,
    8408.530143884815,
    8363.793809869978,
    8350.64552847856,
    8247.056283432701,
    8222.042298588405,
    8185.98772140647,
    8160.773887032866
  ],
  "speed": [
    10.114039675207628,
    10.01964204281379,
    9.931065936557207,
    9.936035322982825,
    9.924038662343817,
    9.907510253477744,
    9.889465173049013,
    9.882240640120319,
    9.895302807557433,
    9.896313183204967,
    9.924078094952934,
    9.936779081925721,
    9.93913125441945,
    9.939383132762176,
    9.947731702414849,
    9.948242007731054,
    9.954973430379654,
    9.957157016511472,
    9.962440329429022,
    9.976785280159811,
    9.991711420980968,
    10.007465004722532,
    10.018792113672843,
    10.02801011900429,
    10.03803707479996,
    10.04931497916029,
    10.05474878815264,
    10.069230914303034,
    10.073162758008317,
    10.07677361221218,
    10.080064950473664,
    10.080285423145257,
    10.085580237667651,
    10.091889951066337,
    10.097087227394788,
    10.103408790408718,
    10.103241320796107,
    10.105684047784463,
    10.10683747140043,
    10.109152623007486,
    10.111432433612183,
    10.113245807401972,
    10.11718594056052,
    10.120159283847766,
    10.122400848610956,
    10.126057577309844,
    10.128705147825482,
    10.130444449652092,
    10.130829788268496,
    10.132935756848292,
    10.133273037357673,
    10.135471344366897,
    10.137562257376382,
    10.140852229227391,
    10.143133871651766,
    10.146266175673503,
    10.146316236059558,
    10.148841163442881,
    10.148708314034202
  ],
  "throuput": [
    18,
    54,
    102,
    174,
    244,
    314,
    384,
    458,
    540,
    637,
    721,
    828,
    930,
    1034,
    1141,
    1249,
    1368,
    1477,
    1581,
    1681,
    1808,
    1934,
    2019,
    2133,
    2237,
    2340,
    2429,
    2530,
    2625,
    2681,
    2737,
    2814,
    2871,
    2925,
    2985,
    3034,
    3075,
    3124,
    3187,
    3239,
    3278,
    3315,
    3356,
    3392,
    3429,
    3473,
    3517,
    3543,
    3588,
    3628,
    3668,
    3706,
    3735,
    3766,
    3796,
    3826,
    3869,
    3899,
    3927
  ],
  "runningtime": [
    3.4584567030270894
  ]
}