{
  "distance": [
    1225.1520353899175,
    1829.510398743975,
    2415.395036570612,
    2988.926642356554,
    3541.4992194360802,
    4066.2183928011373,
    4564.4846511857095,
    5030.562505049588,
    5454.363063642024,
    5894.717224043432,
    6299.821279479108,
    6678.395714893087,
    6990.805936151675,
    7252.436216356193,
    7472.071652262489,
    7715.633355235366,
    7884.747221359278,
    8036.617743681601,
    8198.000307540171,
    8343.188220298453,
    8544.500196006687,
    8654.502570416375,
    8789.093779423367,
    8902.355772349858,
    9003.00309043408,
    9107.300578367793,
    9129.398240374627,
    9118.196839600501,
    9112.840331526144,
    9099.680686044838,
    9100.00596903194,
    9086.069359425543,
    9097.109238739156,
    9019.43578238743,
    9026.571846933377,
    8989.044210367547,
    8947.605559743477,
    8915.542572588789,
    8889.398468249545,
    8862.922944266038,
    8764.928462323147,
    8738.429585050886,
    8721.8887453271,
    8669.544365823895,
    8633.892743347944,
    8623.83601580805,
    8540.73223767757,
    8524.959255800939,
    8508.290253037354,
    8508.38178277689,
    8442.312665482767,
    8399.920085937772,
    8413.29981290284,
    8367.863259050258,
    8354.59980206616,
    8248.961151089135,
    8223.677446976188,
    8186.89008375286,
    8163.330978726965
  ],
  "speed": [
    10.311916282569403,
    10.285700005959086,
    10.247151005389433,
    10.248285484451253,
    10.255747135827463,
    10.258331899481018,
    10.25632814729673,
    10.25372391668491,
    10.26625015403008,
    10.268367159041382,
    10.278974257748223,
    10.288240878412262,
    10.285621347906108,
    10.294912390490278,
    10.29702317015332,
    10.312563917452527,
    10.322453988609137,
    10.328199382020156,
    10.335173541953147,
    10.355785367143408,
    10.368673643538889,
    10.376459246078515,
    10.384385350801423,
    10.392480228203288,
    10.400373483602646,
    10.410792421561382,
    10.418217255342357,
    10.4274101340367,
    10.433844837026168,
    10.440603636229175,
    10.442695930669684,
    10.444231711901551,
    10.44826211621351,
    10.453428983991031,
    10.460150858659388,
    10.463964646573782,
    10.469789868689311,
    10.473293243667062,
    10.47386007701035,
    10.475023372698804,
    10.476508177258967,
    10.476871409187689,
    10.478367766554468,
    10.481515245087081,
    10.485433517485342,
    10.488201775245095,
    10.491397667382154,
    10.491767931176174,
    10.49219575247971,
    10.495442703067155,
    10.495857777447549,
    10.497587599234727,
    10.49947801220664,
    10.502460738325142,
    10.504688686977286,
    10.506449074549963,
    10.505892819606416,
    10.506292192578783,
    10.5066998311885
  ],
  "throuput": [
    17,
    57,
    115,
    185,
    260,
    338,
    406,
    487,
    571,
    656,
    752,
    867,
    983,
    1077,
    1195,
    1299,
    1427,
    1534,
    1642,
    1757,
    1869,
    1992,
    2103,
    2210,
    2299,
    2405,
    2496,
    2572,
    2649,
    2718,
    2787,
    2852,
    2912,
    2977,
    3030,
    3075,
    3116,
    3166,
    3211,
    3259,
    3302,
    3337,
    3368,
    3409,
    3442,
    3482,
    3522,
    3556,
    3602,
    3645,
    3680,
    3715,
    3749,
    3774,
    3806,
    3843,
    3871,
    3895,
    3931
  ],
  "runningtime": [
    4.087078952789307
  ]
}