{
  "distance": [
    848.2175849801562,
    1088.3994744628667,
    1341.322176848056,
    1520.4429933192173,
    1637.023413078282,
    1837.0303619101524,
    2067.098721787557,
    2180.2285463796975,
    2335.3720107349427,
    2392.6179471095725,
    2525.8704510505845,
    2648.7822866401084,
    2752.704491047306,
    2878.0942896948472,
    2953.379173512083,
    2941.790571670062,
    3031.5025694936653,
    3097.563820985759,
    3175.779134666748,
    3246.960893466133,
    3214.170710044951,
    3273.669098097927,
    3357.158525324332,
    3381.9764158868984,
    3432.1320333084345,
    3393.8600810873318,
    3466.0859152236967,
    3499.1755251748496,
    3549.9813551794796,
    3569.276571770442,
    3603.8140411104955,
    3586.905196997946,
    3621.1660724131407,
    3640.867891691998,
    3671.6185254313154,
    3698.6410634779527,
    3666.782834942984,
    3693.7950527664084,
    3719.284745214042,
    3734.0011933318187,
    3769.2551572475027,
    3731.0499128093616,
    3746.276448041133,
    3773.5066808686615,
    3790.580682813531,
    3801.5622574344557,
    3824.4449196287924,
    3803.8102298709955,
    3819.127929260319,
    3843.1239889176877,
    3861.288011109072,
    3874.814580507878,
    3838.1114996559295,
    3868.7016614422396,
    3882.56559555903,
    3896.7150284506047,
    3908.4772386466484,
    3907.996608017743,
    3901.9376258233897
  ],
  "speed": [
    8.714183021861713,
    8.612841631759501,
    8.55067285435287,
    8.51405016694699,
    8.448325062745626,
    8.42111971605765,
    8.366014384506213,
    8.323323079636332,
    8.298141933911705,
    8.298378693564974,
    8.30013249734961,
    8.299898355399097,
    8.27342449704009,
    8.271787130082991,
    8.256061506277772,
    8.248117173133737,
    8.245070752533291,
    8.238033259613958,
    8.226251956338162,
    8.227237697717447,
    8.235148315559847,
    8.234929556280846,
    8.228713835166651,
    8.220085964229233,
    8.213790555049382,
    8.210442271224581,
    8.220917229187485,
    8.214958433133877,
    8.203658473261983,
    8.203862209524136,
    8.19917495023216,
    8.197207402281617,
    8.200979298599204,
    8.197726146960003,
    8.19421378700363,
    8.187588208853137,
    8.183388053126098,
    8.179745429152254,
    8.173961056946812,
    8.162043550267635,
    8.154283531592455,
    8.144047958680522,
    8.138625156164954,
    8.135342190822172,
    8.126913408626214,
    8.12303361663985,
    8.113116202958208,
    8.110876816080186,
    8.108683167868357,
    8.105647927238005,
    8.104687583427326,
    8.102156859451565,
    8.097925998845566,
    8.097337252695585,
    8.096460379248107,
    8.08881864238406,
    8.083163139291925,
    8.081557773836,
    8.080984607617902
  ],
  "throuput": [
    13,
    37,
    70,
    130,
    190,
    273,
    379,
    490,
    629,
    737,
    894,
    1038,
    1191,
    1344,
    1509,
    1665,
    1835,
    2010,
    2172,
    2333,
    2491,
    2668,
    2848,
    3013,
    3172,
    3344,
    3536,
    3710,
    3877,
    4052,
    4228,
    4400,
    4581,
    4769,
    4926,
    5097,
    5269,
    5436,
    5599,
    5769,
    5940,
    6118,
    6276,
    6439,
    6608,
    6800,
    6976,
    7127,
    7311,
    7493,
    7673,
    7852,
    8019,
    8209,
    8362,
    8535,
    8720,
    8875,
    9038
  ],
  "runningtime": [
    3.253892417748769
  ]
}