{
  "distance": [
    850.4090657625792,
    1095.202425607106,
    1355.3907988232904,
    1537.6870562675201,
    1653.3035438116174,
    1854.2744273624198,
    2082.21959252958,
    2193.523005815886,
    2352.494126851988,
    2405.402332454375,
    2541.186136190598,
    2666.976913573791,
    2772.5273053149567,
    2897.0269335300723,
    2974.913556082698,
    2961.363051501778,
    3049.5082986255766,
    3112.443103848596,
    3194.686556664147,
    3262.5931884254937,
    3227.6174319269785,
    3282.0468611840565,
    3365.7748656143494,
    3390.8565279105514,
    3441.927422575143,
    3405.682588202963,
    3476.1042276308167,
    3511.8219628512015,
    3565.1284585863614,
    3584.5482680690366,
    3623.003162352738,
    3605.023922572034,
    3635.813063511207,
    3655.763933506541,
    3687.271926685895,
    3714.2832902657033,
    3684.0568342124957,
    3709.480729188098,
    3734.258547789559,
    3749.031278709611,
    3783.29882096105,
    3746.3817886715196,
    3761.9461098098964,
    3788.431486642509,
    3804.08529502071,
    3814.73310065059,
    3838.3233238855905,
    3816.760774105965,
    3829.4151071514384,
    3852.366452643389,
    3868.3966528419064,
    3881.9477155632403,
    3844.930782036843,
    3874.001588158172,
    3885.869070535038,
    3901.3094186145877,
    3913.393502389048,
    3911.0645009825066,
    3903.8510512569333
  ],
  "speed": [
    8.735223393400062,
    8.6667718122153,
    8.638628704527653,
    8.607564914121365,
    8.532308827239437,
    8.515038125784434,
    8.450448493376767,
    8.405454835389168,
    8.394762837375723,
    8.386396703549117,
    8.402996340561286,
    8.407747351018852,
    8.390590578090144,
    8.389897147440909,
    8.387715064234444,
    8.382942516137684,
    8.383221460590937,
    8.371029430113865,
    8.370425831484,
    8.365132360279093,
    8.373870120323582,
    8.362513505889462,
    8.35746144591788,
    8.350840147308501,
    8.348215893157555,
    8.350893840214612,
    8.3562800873982,
    8.35469507134096,
    8.348590292776512,
    8.351459252785167,
    8.355981615441085,
    8.357348323691246,
    8.356149721119895,
    8.353889319322029,
    8.352784635855215,
    8.348270217177264,
    8.35054670895288,
    8.346982929389798,
    8.342677741125481,
    8.334101271994157,
    8.328796592612946,
    8.325307255533072,
    8.323200184371027,
    8.32123322594759,
    8.313049843859188,
    8.31110602708463,
    8.30477987509153,
    8.302629181121219,
    8.297180838820278,
    8.292696926135566,
    8.288301879230918,
    8.28602841345105,
    8.280606612099444,
    8.275603365686681,
    8.269495536521978,
    8.26440842506199,
    8.259664364316917,
    8.253517044535803,
    8.25068341709159
  ],
  "throuput": [
    15,
    36,
    70,
    130,
    195,
    282,
    382,
    498,
    640,
    763,
    899,
    1054,
    1212,
    1362,
    1548,
    1690,
    1872,
    2037,
    2193,
    2361,
    2530,
    2699,
    2872,
    3046,
    3200,
    3381,
    3544,
    3728,
    3909,
    4071,
    4259,
    4454,
    4610,
    4793,
    4964,
    5126,
    5305,
    5494,
    5640,
    5829,
    6001,
    6172,
    6326,
    6505,
    6667,
    6842,
    7032,
    7189,
    7357,
    7536,
    7713,
    7882,
    8046,
    8221,
    8392,
    8569,
    8737,
    8908,
    9071
  ],
  "runningtime": [
    3.3300337314605715
  ]
}