{
  "distance": [
    863.6435104713054,
    1106.9196678676772,
    1367.1332113511107,
    1552.6383040259907,
    1676.9950299644543,
    1877.3709692214607,
    2109.6291556853034,
    2221.6636375587314,
    2385.033875468904,
    2440.5330766338625,
    2572.7259580433756,
    2693.8209695200508,
    2795.741976969781,
    2924.715517402115,
    3003.4849000562795,
    2991.55855359148,
    3079.604277966382,
    3142.8009029299806,
    3225.5282750642195,
    3297.277897206072,
    3261.878799381571,
    3319.299998978885,
    3399.090180854326,
    3421.4398591420663,
    3471.0535028204717,
    3429.367404385671,
    3497.798464894107,
    3532.9671051969863,
    3587.0089648792264,
    3604.3445392620815,
    3637.16270424135,
    3619.166719142923,
    3649.103406290697,
    3667.9162311292052,
    3698.6671247230825,
    3726.4247838308615,
    3696.4321502404036,
    3724.1791482615877,
    3748.583647911023,
    3763.7067695795618,
    3799.4620440809795,
    3762.9446618472193,
    3779.0204954588685,
    3803.317069071592,
    3819.2302226518436,
    3828.8987744174265,
    3854.7325448274264,
    3833.644490186659,
    3848.3830311176503,
    3871.392288354787,
    3886.3267074417304,
    3899.630796164901,
    3860.9576244676264,
    3891.5415264258822,
    3903.7846680462308,
    3919.353956047538,
    3931.4055634028946,
    3929.474088729586,
    3920.9035692585153
  ],
  "speed": [
    8.875989642697537,
    8.774611201658738,
    8.737688016126423,
    8.717901994272884,
    8.67909239605507,
    8.649003520893213,
    8.60690252452114,
    8.574524335579618,
    8.572846133537686,
    8.578583706217017,
    8.59236758389989,
    8.593872559946991,
    8.561143062961477,
    8.570197547283646,
    8.56855140147463,
    8.571393348603833,
    8.574052168173022,
    8.56488527074593,
    8.568090206972935,
    8.573919174669857,
    8.586214303285185,
    8.58469508705582,
    8.574240415365175,
    8.566742988958632,
    8.562729482742322,
    8.558165012787176,
    8.56393962827972,
    8.56316018989833,
    8.561460703440261,
    8.561899619029862,
    8.555555784674576,
    8.555230514559515,
    8.551698146334958,
    8.548822304760108,
    8.544668252198244,
    8.539306521496968,
    8.541360475842476,
    8.539830021049609,
    8.533139009787314,
    8.525064970935308,
    8.520353149342009,
    8.517339437598725,
    8.517342614867756,
    8.511765111597315,
    8.506883110500898,
    8.504970696641992,
    8.504542813727179,
    8.50506511680972,
    8.504515733330864,
    8.502380636574337,
    8.497471498881522,
    8.496856207402432,
    8.490431721557135,
    8.4903492983512,
    8.488005357437956,
    8.4850063920355,
    8.481620916638306,
    8.479901236700691,
    8.476483653142274
  ],
  "throuput": [
    16,
    37,
    77,
    131,
    197,
    291,
    402,
    521,
    644,
    793,
    939,
    1075,
    1218,
    1389,
    1546,
    1732,
    1899,
    2063,
    2216,
    2396,
    2560,
    2742,
    2915,
    3081,
    3241,
    3428,
    3602,
    3771,
    3952,
    4126,
    4287,
    4471,
    4639,
    4826,
    4973,
    5147,
    5315,
    5494,
    5674,
    5838,
    6018,
    6185,
    6377,
    6539,
    6712,
    6895,
    7075,
    7235,
    7401,
    7589,
    7756,
    7934,
    8101,
    8280,
    8442,
    8613,
    8798,
    8968,
    9128
  ],
  "runningtime": [
    3.5240821917851766
  ]
}