{
  "distance": [
    871.9701126544089,
    1123.6791319705635,
    1383.8016538656468,
    1578.7307523666336,
    1699.1049316529318,
    1899.3606887905992,
    2139.6750287002355,
    2249.4474412947275,
    2414.6884654280584,
    2466.417830734318,
    2598.836140881739,
    2721.5007538264053,
    2826.187992698747,
    2948.931218546568,
    3028.3602333012573,
    3013.809959099608,
    3099.687872417259,
    3170.111920740448,
    3250.658231861201,
    3319.4772850290005,
    3277.1925052622914,
    3332.8689034276595,
    3416.840133437399,
    3440.539673131524,
    3492.309837057508,
    3445.6916819728517,
    3511.648907641912,
    3547.7517862479185,
    3602.0984284966516,
    3619.4616596042756,
    3653.4541624789235,
    3634.7316100370167,
    3663.039442195481,
    3680.2140097947677,
    3709.796558144746,
    3735.7959889926965,
    3703.328491362376,
    3730.2659674512784,
    3755.2420654378648,
    3769.5749513056385,
    3804.8226922299796,
    3767.5377492412877,
    3782.90524544935,
    3809.4549152490804,
    3824.4989501291666,
    3832.95007107637,
    3858.7613741664068,
    3835.8093964508807,
    3847.3549335929674,
    3871.272458527958,
    3888.629808728404,
    3901.258098446503,
    3864.0366251268874,
    3894.724043110168,
    3906.943281307657,
    3922.8875696777727,
    3936.6675587400873,
    3935.5840103640144,
    3927.3516473574878
  ],
  "speed": [
    8.963582542058866,
    8.903994724364427,
    8.8438258263624,
    8.872568301926462,
    8.811482191181009,
    8.783514199089721,
    8.7704657779833,
    8.732396323259076,
    8.746503590658913,
    8.734322112768673,
    8.740556648967317,
    8.745425651055063,
    8.724900654382635,
    8.724219165177207,
    8.734178376494539,
    8.731884173156049,
    8.728340737234843,
    8.736447650882026,
    8.734838285662876,
    8.737814991508762,
    8.736750757198097,
    8.734043332350291,
    8.733734460122422,
    8.729900474261099,
    8.73646297593266,
    8.724560446272736,
    8.722991454761335,
    8.727187216776015,
    8.727548404707,
    8.731490969408261,
    8.731042021448683,
    8.73468370279901,
    8.729895112554042,
    8.725562523199244,
    8.722428702035554,
    8.717349985241889,
    8.716349607099986,
    8.713121527838318,
    8.710608333855895,
    8.70398945729181,
    8.699375293699267,
    8.69517119230743,
    8.69251015703272,
    8.692225487473834,
    8.68614695937737,
    8.680902796079415,
    8.679430712621622,
    8.674678580506775,
    8.668018705080275,
    8.665833570791344,
    8.664298705704095,
    8.66216128571903,
    8.656641825187902,
    8.654865590490767,
    8.65137211549322,
    8.649762411528648,
    8.649294616851806,
    8.647759169785456,
    8.644417129122207
  ],
  "throuput": [
    16,
    36,
    76,
    136,
    207,
    299,
    416,
    536,
    666,
    802,
    939,
    1100,
    1249,
    1418,
    1586,
    1745,
    1913,
    2074,
    2251,
    2422,
    2584,
    2770,
    2936,
    3110,
    3286,
    3454,
    3620,
    3807,
    3973,
    4169,
    4333,
    4524,
    4682,
    4875,
    5032,
    5207,
    5358,
    5541,
    5721,
    5896,
    6055,
    6228,
    6394,
    6587,
    6741,
    6914,
    7086,
    7261,
    7434,
    7589,
    7781,
    7958,
    8096,
    8292,
    8471,
    8635,
    8805,
    8977,
    9164
  ],
  "runningtime": [
    4.405434946219127
  ]
}