{
  "distance": [
    874.4702596987479,
    1199.2403862691751,
    1502.4169472708634,
    1741.1767114143042,
    1897.8517894192446,
    2149.5066776688654,
    2329.8156529832627,
    2502.7313460135474,
    2656.401583038503,
    2691.9634954111366,
    2839.2831700914217,
    2967.8849612481004,
    3086.316247469064,
    3157.574481131979,
    3233.49069625274,
    3236.5552557058804,
    3308.080591008571,
    3380.662715877217,
    3429.131982688955,
    3478.7349758795403,
    3475.8003505781485,
    3505.4558505342306,
    3560.743628859952,
    3589.9696089059303,
    3632.011091181231,
    3613.8978938740106,
    3665.3489209812888,
    3678.283410626942,
    3723.240204912392,
    3740.408230212448,
    3770.7685105158107,
    3749.7144520479696,
    3785.56095215595,
    3815.3772395992755,
    3828.636025305284,
    3850.624748774533,
    3828.6440330827704,
    3854.445124355021,
    3875.675617341295,
    3884.4923369926905,
    3910.406001091658,
    3890.8990919396056,
    3912.950367165175,
    3920.609723581776,
    3930.251212671045,
    3944.7137390940743,
    3966.900970277499,
    3943.5292519682353,
    3956.1460372400866,
    3973.5375130111515,
    3985.749638862554,
    4007.265421350353,
    3968.3444861515795,
    3985.399652698145,
    4007.056132533675,
    4013.8416886518626,
    4022.4731812287673,
    4026.047345796695,
    4021.962321400136
  ],
  "speed": [
    10.49303920045977,
    10.579382539018269,
    10.487452235944886,
    10.430604765660577,
    10.358048856913218,
    10.236671844213177,
    10.152125317075836,
    10.093554144407465,
    10.022095036769114,
    9.955830255340588,
    9.920891625583883,
    9.894080831394012,
    9.86078534105633,
    9.814988057827154,
    9.773914275393464,
    9.745965276211015,
    9.705222539771786,
    9.674925690660968,
    9.644676858090389,
    9.603478676025482,
    9.571337252292995,
    9.535603085077721,
    9.491276068185492,
    9.448494409967898,
    9.41021503975062,
    9.380649812220872,
    9.349530936491792,
    9.312009803903385,
    9.278706692312154,
    9.24403518037467,
    9.208101629364712,
    9.179118498231112,
    9.149174637216616,
    9.115455893177772,
    9.082583634827358,
    9.055651738442315,
    9.019054978434093,
    8.992062219779442,
    8.962716183457006,
    8.934208367143707,
    8.901666262386412,
    8.871494274750987,
    8.84155808161545,
    8.812446364138365,
    8.78042684237996,
    8.748176099255826,
    8.722396974987799,
    8.690362893263488,
    8.660134809277196,
    8.632605027200572,
    8.600643561491413,
    8.573512813440269,
    8.543695093205187,
    8.515383973160125,
    8.48923154277335,
    8.462593493473218,
    8.436314377498263,
    8.408691199417268,
    8.385327980492328
  ],
  "throuput": [
    5,
    27,
    65,
    125,
    210,
    317,
    444,
    589,
    729,
    912,
    1046,
    1249,
    1433,
    1595,
    1781,
    1980,
    2174,
    2341,
    2526,
    2716,
    2903,
    3101,
    3275,
    3458,
    3626,
    3805,
    4002,
    4194,
    4381,
    4553,
    4726,
    4933,
    5133,
    5308,
    5489,
    5687,
    5876,
    6066,
    6257,
    6439,
    6621,
    6812,
    6987,
    7174,
    7361,
    7563,
    7736,
    7936,
    8123,
    8327,
    8505,
    8658,
    8848,
    9035,
    9223,
    9425,
    9605,
    9798,
    9999
  ],
  "runningtime": [
    3.2805992563565574
  ]
}