{
  "distance": [
    894.2207230296401,
    1220.5550045614964,
    1525.2358452827564,
    1775.6357615008358,
    1940.0038283297783,
    2207.02888381047,
    2388.106636727033,
    2557.822702455581,
    2716.705398204733,
    2758.797440382259,
    2896.1597286728015,
    3021.2904766947754,
    3132.3745403740722,
    3202.5617535997703,
    3278.2304936271826,
    3277.445085498312,
    3353.714494835454,
    3425.954553575291,
    3471.129044238656,
    3524.3541417714846,
    3515.3154519320237,
    3545.4968839074168,
    3601.830040409145,
    3631.347535506526,
    3677.5564750186863,
    3653.8495693407654,
    3701.9934649835836,
    3716.2608487953094,
    3759.81820456096,
    3774.0076605325453,
    3801.3848574774825,
    3777.7312079948424,
    3813.7754914503666,
    3842.208058680524,
    3855.388271699391,
    3874.1550873387864,
    3852.6997346669336,
    3878.1166331868444,
    3899.0638064459927,
    3905.6681368395875,
    3932.0769614377123,
    3912.6092598829514,
    3935.1816707184744,
    3940.724221757146,
    3949.239554621227,
    3964.753461819513,
    3984.9746203462737,
    3962.531362453211,
    3976.793005339284,
    3992.4510608633536,
    4007.34290515177,
    4027.831111001606,
    3988.5633252727025,
    4006.091407448563,
    4025.476311735715,
    4030.861375757835,
    4037.9635636298653,
    4042.0397623392646,
    4036.4938489784254
  ],
  "speed": [
    10.739301926829098,
    10.776431662416217,
    10.662949788977615,
    10.66193611601035,
    10.612021407584306,
    10.532916738795818,
    10.43766123609079,
    10.371069600311928,
    10.334865175274938,
    10.309685585728895,
    10.254372966940421,
    10.226681293835128,
    10.175760061313879,
    10.137107824119425,
    10.102481571010475,
    10.067286145396858,
    10.035802271811923,
    10.006485104610416,
    9.975190562684139,
    9.951267149593594,
    9.910746608371914,
    9.879453936433773,
    9.840062990309724,
    9.800290046829494,
    9.774450696706888,
    9.7382071956616,
    9.703360117436153,
    9.67294111304789,
    9.637936664272027,
    9.600754695055008,
    9.563346590191841,
    9.532978168997067,
    9.504472508319502,
    9.468643948651492,
    9.438069865440106,
    9.405504846964002,
    9.372047223405735,
    9.343489635948314,
    9.313420420025885,
    9.279472166450095,
    9.246135318578146,
    9.213664574459226,
    9.183964433323503,
    9.150874423873983,
    9.11637327203473,
    9.08615274064986,
    9.054353959443953,
    9.022079005178446,
    8.993231543725948,
    8.959316940590428,
    8.930281357076952,
    8.899591442974838,
    8.869104455448392,
    8.841278296123367,
    8.809607107764736,
    8.779669297333717,
    8.749930312952646,
    8.721399577163899,
    8.693063442642378
  ],
  "throuput": [
    7,
    27,
    68,
    128,
    213,
    316,
    459,
    616,
    775,
    951,
    1108,
    1294,
    1475,
    1652,
    1827,
    2022,
    2201,
    2398,
    2582,
    2766,
    2959,
    3150,
    3326,
    3510,
    3685,
    3883,
    4069,
    4261,
    4444,
    4643,
    4820,
    4997,
    5193,
    5390,
    5573,
    5755,
    5939,
    6123,
    6320,
    6498,
    6668,
    6855,
    7055,
    7240,
    7438,
    7622,
    7806,
    7984,
    8181,
    8382,
    8549,
    8724,
    8911,
    9093,
    9296,
    9490,
    9677,
    9852,
    10050
  ],
  "runningtime": [
    3.336608334382375
  ]
}