{
  "distance": [
    1307.029425964814,
    1884.915677397169,
    2371.4347350800444,
    2688.928871526077,
    2891.859032921288,
    3111.075576378836,
    3437.600399850352,
    3616.7559391102104,
    3828.345391306549,
    3978.7197050571035,
    4102.535119370752,
    4163.378235465093,
    4330.173173365514,
    4372.7421333014645,
    4505.162244831922,
    4577.039068044715,
    4571.344719744116,
    4638.432337337017,
    4722.433177596417,
    4781.109406242021,
    4836.7285133008345,
    4827.388512408775,
    4915.830110960959,
    4933.195017078768,
    4540.727587653309,
    4678.480680106071,
    4771.634205910726,
    4811.669915517419,
    4926.442012668009,
    4999.67076431285,
    5034.144751367224,
    5110.627306600673,
    5187.859737874481,
    5205.265089666711,
    5256.966974924795,
    5321.188100267939,
    5337.595045385349,
    5330.502414150459,
    5389.161883778683,
    5385.799593870546,
    5456.295866872325,
    5434.267429167523,
    5442.608399051879,
    5435.223871635318,
    5434.206185292049,
    5490.460418990853,
    5533.895613730747,
    5504.088860785512,
    5521.707942500758,
    5272.319634303846,
    5302.673365210861,
    5347.262045106443,
    5406.292853398411,
    5446.629616123283,
    5473.743340811667,
    5499.295884197654,
    5510.610014806512,
    5549.461339934511,
    5578.170763556137
  ],
  "speed": [
    11.120294660460319,
    11.155603938260345,
    11.155600367351338,
    11.145537454639756,
    11.112266164380527,
    11.067110237808489,
    11.043753161111741,
    10.98864834369004,
    10.94890078977707,
    10.901622248558848,
    10.875847066543848,
    10.852052901426296,
    10.8226560677122,
    10.780447558609175,
    10.753068507628303,
    10.717537246537338,
    10.65919971001517,
    10.629385083364532,
    10.589033112214768,
    10.553109954085956,
    10.530365520861796,
    10.494343186208306,
    10.464769688262043,
    10.433285625805448,
    10.414108868565371,
    10.396957129661068,
    10.371865198211939,
    10.349703389282089,
    10.337332789167567,
    10.324409485768253,
    10.308070685743203,
    10.298781196685644,
    10.283060027951747,
    10.256501866925307,
    10.230379383865937,
    10.207606082636088,
    10.175955143830427,
    10.14085224454954,
    10.117362134947177,
    10.093844279938807,
    10.07095092317522,
    10.037093103071717,
    10.016029028416485,
    9.989949344044911,
    9.963873248632998,
    9.944013848635748,
    9.92629454958657,
    9.900337463054706,
    9.87977914090059,
    9.85994977864042,
    9.844275800877034,
    9.820754211346946,
    9.806692628630433,
    9.793394978809236,
    9.769203681061732,
    9.751044004081862,
    9.738514452246731,
    9.711483022311244,
    9.691889978741687
  ],
  "throuput": [
    10,
    21,
    48,
    66,
    92,
    119,
    153,
    192,
    223,
    271,
    305,
    337,
    377,
    425,
    457,
    488,
    522,
    562,
    603,
    651,
    686,
    718,
    760,
    798,
    845,
    880,
    920,
    964,
    997,
    1034,
    1093,
    1124,
    1167,
    1211,
    1254,
    1306,
    1354,
    1392,
    1430,
    1472,
    1512,
    1556,
    1598,
    1630,
    1675,
    1722,
    1757,
    1806,
    1847,
    1887,
    1918,
    1948,
    1989,
    2045,
    2080,
    2109,
    2157,
    2206,
    2245
  ],
  "runningtime": [
    2.1262727896372478
  ]
}