{
  "distance": [
    1306.823592249676,
    1873.8083992082377,
    2358.0991246848707,
    2673.273352968304,
    2863.3187939537165,
    3099.090582001248,
    3434.0104023519057,
    3611.9622434154417,
    3818.3082850668097,
    3976.2652787275883,
    4103.872702626104,
    4160.1771229116575,
    4321.1754361862195,
    4374.1293899709135,
    4511.580471311368,
    4578.208843755227,
    4581.092400695015,
    4642.903213004397,
    4724.957967120017,
    4784.94871620409,
    4841.232992252815,
    4836.142207782568,
    4928.23527650207,
    4946.168031659752,
    4555.792911382643,
    4690.739554775124,
    4789.9069087992,
    4834.588290013978,
    4946.966602759936,
    5022.579467890727,
    5058.659753417773,
    5128.696416664675,
    5201.658958539054,
    5218.204289358431,
    5271.509703443132,
    5332.140480211355,
    5346.217748642632,
    5342.727092332229,
    5399.8213878404285,
    5391.579368046071,
    5453.7386846391755,
    5437.085169862281,
    5444.54392071219,
    5434.799584708176,
    5433.454552137372,
    5489.19273987434,
    5535.03786583168,
    5506.950962371488,
    5521.347203888798,
    5268.823126424243,
    5301.724939792443,
    5351.095551870349,
    5409.549874333025,
    5451.257573880415,
    5483.829856171111,
    5510.163791556091,
    5519.938638223531,
    5559.639979614401,
    5587.481519681485
  ],
  "speed": [
    11.115465654547046,
    11.084447015674993,
    11.090623609365597,
    11.07549514169223,
    11.008274037452397,
    11.016237682542567,
    11.030497641983894,
    10.953941645686884,
    10.892532799302348,
    10.861440094249993,
    10.840933568077713,
    10.81114061130775,
    10.764554455499228,
    10.746263894256614,
    10.7319739548263,
    10.686367689905037,
    10.660269608288925,
    10.627441010060162,
    10.592174316037147,
    10.559084732572668,
    10.538610084342597,
    10.514045250466088,
    10.495315866624777,
    10.468126916869352,
    10.459173411098478,
    10.438895544520284,
    10.432266441690272,
    10.418318817498722,
    10.406429021995086,
    10.399582659290074,
    10.386437535480121,
    10.367601330331555,
    10.347700590446266,
    10.322653183238122,
    10.30204172884008,
    10.273000500194705,
    10.235726328500707,
    10.205226332817887,
    10.17819511910373,
    10.148897283706775,
    10.115516307006846,
    10.090568496325615,
    10.06581528335417,
    10.036188340933222,
    10.008118142610082,
    9.982514348672517,
    9.96533424820278,
    9.942024874678646,
    9.91581707817603,
    9.888490220515877,
    9.873162441909122,
    9.854558051989347,
    9.835973870036522,
    9.821674486074814,
    9.805232725198199,
    9.788178578446741,
    9.771970418041336,
    9.744938248964013,
    9.72238914015229
  ],
  "throuput": [
    9,
    21,
    50,
    66,
    90,
    118,
    150,
    186,
    224,
    270,
    302,
    333,
    375,
    423,
    455,
    493,
    528,
    560,
    605,
    648,
    690,
    721,
    766,
    802,
    848,
    886,
    923,
    962,
    1000,
    1039,
    1094,
    1133,
    1174,
    1220,
    1263,
    1312,
    1358,
    1392,
    1441,
    1486,
    1518,
    1556,
    1596,
    1630,
    1675,
    1708,
    1762,
    1807,
    1851,
    1877,
    1912,
    1940,
    1989,
    2038,
    2080,
    2113,
    2154,
    2205,
    2245
  ],
  "runningtime": [
    1.7073209007581076
  ]
}