{
  "distance": [
    1302.5943107134103,
    1863.6849689599455,
    2353.200434304302,
    2669.350323708047,
    2869.0474558701976,
    3098.9796430673096,
    3425.414115495087,
    3612.849413520333,
    3821.068547771329,
    3977.031427780448,
    4101.514499090235,
    4153.757113505404,
    4319.56252508996,
    4367.909676545103,
    4499.547400793617,
    4569.560804311333,
    4563.635679659078,
    4628.654008512603,
    4703.112556926043,
    4766.295652341113,
    4816.339282997679,
    4812.765018721286,
    4897.582162160348,
    4917.782104071295,
    4535.812271839423,
    4675.4491155054775,
    4772.035711248218,
    4816.037268062923,
    4923.866466415177,
    4998.558704286429,
    5034.066734292214,
    5104.410604174948,
    5176.402736413213,
    5192.936919009646,
    5244.274806749725,
    5307.972699737077,
    5327.692736437424,
    5323.376099138505,
    5379.732083525372,
    5372.462387309985,
    5438.296688340182,
    5421.942344516378,
    5426.727796640247,
    5416.70996431232,
    5414.318002185981,
    5469.093354734359,
    5511.136262693262,
    5484.547121575569,
    5500.777905670945,
    5253.584910769754,
    5287.522834179136,
    5337.116983119317,
    5392.992010055999,
    5429.209079940781,
    5458.547854733401,
    5484.745134478602,
    5494.211622587542,
    5534.873896742294,
    5562.082018661032
  ],
  "speed": [
    11.078098709738386,
    11.015465590720567,
    11.053050689544063,
    11.051089855204266,
    11.02552735888099,
    11.009077598557095,
    10.989095744250122,
    10.953685765371269,
    10.9112783132795,
    10.877928390276528,
    10.851870486043127,
    10.81019176471451,
    10.781315744930541,
    10.747789556371076,
    10.719596450872263,
    10.682404842996565,
    10.631843937863204,
    10.598193677636614,
    10.547320622208765,
    10.518348575318713,
    10.48016407264605,
    10.456333242333427,
    10.42243157119509,
    10.391606622522602,
    10.390674878261438,
    10.380150851118627,
    10.362980049930082,
    10.342850392078187,
    10.312856511996756,
    10.299421146071454,
    10.279170605746646,
    10.25423825373512,
    10.22928713984159,
    10.204141789878978,
    10.178520545246148,
    10.152414190056863,
    10.121024473712714,
    10.087220895820064,
    10.056810552521222,
    10.025621445209556,
    9.993089690605519,
    9.964795864809558,
    9.935648264671208,
    9.903545546622745,
    9.87433523403749,
    9.849334579137723,
    9.82456396937238,
    9.800833180256586,
    9.773081980513076,
    9.752156652040773,
    9.739868631267312,
    9.724433293496071,
    9.704591305916525,
    9.683142658289496,
    9.660944406127268,
    9.641580670940163,
    9.623938231937114,
    9.59884996827971,
    9.576207918729605
  ],
  "throuput": [
    9,
    19,
    49,
    67,
    91,
    118,
    147,
    192,
    224,
    273,
    302,
    336,
    378,
    422,
    460,
    489,
    526,
    563,
    608,
    649,
    682,
    723,
    760,
    794,
    846,
    881,
    914,
    955,
    985,
    1033,
    1081,
    1125,
    1167,
    1218,
    1255,
    1299,
    1347,
    1386,
    1428,
    1472,
    1502,
    1549,
    1591,
    1628,
    1670,
    1707,
    1748,
    1796,
    1835,
    1870,
    1907,
    1945,
    1987,
    2031,
    2068,
    2099,
    2152,
    2198,
    2237
  ],
  "runningtime": [
    1.696488912900289
  ]
}