{
  "distance": [
    1304.161935998058,
    1884.15892977914,
    2374.2419369956215,
    2691.75068692986,
    2896.1326180063193,
    3111.2951756752086,
    3434.6249097552177,
    3616.080737043257,
    3828.1374772013114,
    3990.440114351433,
    4115.141454128693,
    4167.716792817688,
    4331.16010650306,
    4380.3107044461685,
    4520.521909146737,
    4588.285793962561,
    4586.837986160625,
    4651.752702948682,
    4730.890549899697,
    4793.960704452413,
    4851.364344468003,
    4843.53306701259,
    4930.700230193189,
    4957.2614596189005,
    4564.2808737251835,
    4700.296952417705,
    4799.761223923457,
    4842.782262340854,
    4953.820995824061,
    5030.454771946995,
    5067.417690998067,
    5142.638136125548,
    5214.897983141474,
    5229.435488136778,
    5279.78406242589,
    5338.19452437605,
    5350.10000966278,
    5344.840318066364,
    5400.578102795484,
    5391.174642819824,
    5459.11026168538,
    5441.447944780698,
    5448.744185508218,
    5442.23425479183,
    5441.0110720376315,
    5495.004049250399,
    5535.892338630756,
    5507.46484200995,
    5524.290482143679,
    5272.723788601849,
    5306.33938778231,
    5356.594662002953,
    5414.478130826006,
    5452.225791213281,
    5481.673667920937,
    5506.11705961316,
    5513.738184406332,
    5556.280781161572,
    5584.909713442635
  ],
  "speed": [
    11.097294556350224,
    11.15996936133105,
    11.173892698434663,
    11.157008215385046,
    11.126466837295077,
    11.074934923274272,
    11.051514874805534,
    11.004214997617744,
    10.959718180648977,
    10.945937547459376,
    10.919099062064976,
    10.879865524304302,
    10.845810123764656,
    10.813958716436929,
    10.799731609036385,
    10.755411837393174,
    10.71615328342168,
    10.68739579913785,
    10.639806885586086,
    10.613367548894647,
    10.592002381409534,
    10.568510010847934,
    10.541129131588162,
    10.53034977871953,
    10.519930902744708,
    10.496957998467561,
    10.486896811980811,
    10.473080406380507,
    10.452804527512354,
    10.446387345958298,
    10.432046828306824,
    10.41984777108506,
    10.39693310879035,
    10.37020632151988,
    10.345689740289862,
    10.311181915522454,
    10.272175664840036,
    10.239273827767065,
    10.208244060889418,
    10.175424435306928,
    10.149902994352981,
    10.119224981621677,
    10.091901244873396,
    10.067346003993642,
    10.040980950340357,
    10.013455562114574,
    9.989588391133791,
    9.963594954041026,
    9.938442143376468,
    9.91408141497759,
    9.899894368069933,
    9.88343651321238,
    9.864647261887237,
    9.845830344292864,
    9.82511136995282,
    9.805839670750883,
    9.787395661324625,
    9.765755664186559,
    9.744139635459195
  ],
  "throuput": [
    10,
    22,
    48,
    64,
    90,
    122,
    154,
    193,
    223,
    272,
    305,
    337,
    378,
    422,
    455,
    491,
    534,
    564,
    607,
    647,
    693,
    725,
    764,
    806,
    848,
    885,
    925,
    966,
    992,
    1042,
    1088,
    1135,
    1177,
    1222,
    1261,
    1310,
    1361,
    1392,
    1435,
    1485,
    1510,
    1550,
    1595,
    1637,
    1673,
    1717,
    1758,
    1801,
    1845,
    1883,
    1910,
    1946,
    1987,
    2044,
    2085,
    2119,
    2157,
    2203,
    2250
  ],
  "runningtime": [
    1.6639277378718058
  ]
}