{
  "distance": [
    1306.5614712139698,
    1882.2423815287793,
    2370.203620593791,
    2685.1281117016033,
    2889.643307727212,
    3106.7437012116743,
    3435.8119529298115,
    3613.936963551341,
    3826.9838060575394,
    3981.5182809202934,
    4100.9817716547705,
    4159.336742409254,
    4321.593565045356,
    4363.936979652886,
    4497.9080640153,
    4566.97441065948,
    4573.060496081044,
    4641.3687311626645,
    4727.245831584145,
    4789.610556306726,
    4841.597518920582,
    4836.427748044888,
    4924.791835970077,
    4941.416215037023,
    4557.330256402149,
    4691.216703181776,
    4784.5917582999,
    4827.81742259908,
    4938.028318720893,
    5013.877148696362,
    5052.7465519280695,
    5128.179697767041,
    5200.173479757611,
    5213.420774392717,
    5264.2213733490635,
    5324.962605426919,
    5343.2254160018965,
    5337.075555187519,
    5392.303394319936,
    5386.818503826548,
    5454.782303100582,
    5437.11800062018,
    5445.032617268941,
    5439.027264631205,
    5435.573271822824,
    5489.4863316180945,
    5534.929048943533,
    5506.107265323032,
    5520.478243920022,
    5264.269410267502,
    5302.339685534473,
    5353.230938627605,
    5408.864405602315,
    5444.894244056644,
    5476.388997605953,
    5500.411180846877,
    5508.413332666036,
    5548.7448297266255,
    5577.070179023409
  ],
  "speed": [
    11.116313269824598,
    11.149181968655206,
    11.157145619356553,
    11.134961674515344,
    11.109203543004792,
    11.063685327899968,
    11.050615575432543,
    10.99204829509075,
    10.961016417026892,
    10.935391415416731,
    10.891767704811748,
    10.863800807991202,
    10.826455931339295,
    10.779412890552669,
    10.7494890607683,
    10.70128931957765,
    10.671539722028022,
    10.647466874529238,
    10.612258229670074,
    10.578732462900442,
    10.553547691080984,
    10.531378747923629,
    10.506953501907311,
    10.479356397335623,
    10.4829117349101,
    10.459573238609764,
    10.439557787373232,
    10.423611410916001,
    10.398768044477524,
    10.385993463753943,
    10.371465312610146,
    10.357069444410309,
    10.334813991472558,
    10.30413635742684,
    10.275689172405642,
    10.240078799099386,
    10.205392654853611,
    10.167390422810563,
    10.132735903970037,
    10.105934319752006,
    10.078353199724782,
    10.046550557735214,
    10.020679500951653,
    9.997922388708714,
    9.969991557120284,
    9.941891842129472,
    9.924604102307708,
    9.899657241799096,
    9.874236161982353,
    9.841402782481298,
    9.835105201423401,
    9.818416371968103,
    9.798527904743455,
    9.780929577944464,
    9.762604403100939,
    9.74070505994359,
    9.722200778541724,
    9.696284652718207,
    9.674426400119978
  ],
  "throuput": [
    10,
    22,
    47,
    67,
    90,
    122,
    154,
    193,
    228,
    275,
    299,
    336,
    381,
    420,
    452,
    490,
    530,
    564,
    603,
    651,
    692,
    723,
    768,
    807,
    843,
    886,
    924,
    958,
    991,
    1031,
    1083,
    1131,
    1174,
    1217,
    1249,
    1300,
    1349,
    1383,
    1433,
    1477,
    1505,
    1547,
    1592,
    1638,
    1675,
    1709,
    1757,
    1805,
    1854,
    1881,
    1905,
    1940,
    1997,
    2043,
    2075,
    2116,
    2154,
    2200,
    2246
  ],
  "runningtime": [
    1.6332513531049093
  ]
}