{
  "distance": [
    1090.1173848273236,
    1382.40380859119,
    1724.9862652714087,
    1959.3066215820393,
    2254.4192778422,
    2078.3391646865493,
    2350.7330131309004,
    2576.5366727647843,
    2807.641727395521,
    2962.066268187419,
    3134.5392951906597,
    3256.988319373128,
    3113.90044683769,
    3254.1817678049565,
    3397.3065690784997,
    3522.9179165781266,
    3637.6816064041896,
    3746.868416734767,
    3553.1431753163106,
    3691.012975277264,
    3803.8878984596695,
    3875.1567217833713,
    3972.578471355711,
    4036.376853708619,
    4118.4304294641215,
    3950.7992945712977,
    4063.833674028599,
    4118.165068126303,
    4196.809141935103,
    4236.177128613803,
    4296.077002193454,
    4357.1234434325515,
    4232.715373715961,
    4278.338274596367,
    4335.950215013419,
    4395.389700577973,
    4437.257838412317,
    4466.299497365851,
    4338.598075408531,
    4404.079349673168,
    4439.475039029941,
    4477.241299106824,
    4525.142387222905,
    4541.414834879962,
    4574.510623628554,
    4471.864603532008,
    4516.386833395972,
    4562.206450868894,
    4587.9593741038925,
    4620.972654383773,
    4651.535543434015,
    4673.0976277959135,
    4567.807448635095,
    4611.433316389152,
    4653.013208651145,
    4668.7833539765,
    4694.892016074526,
    4705.817166508856,
    4622.107671897934
  ],
  "speed": [
    10.039616988574009,
    10.032474928153524,
    9.974659740401066,
    9.878029046571356,
    9.879797531278054,
    9.884362156647063,
    9.863607612522507,
    9.851708697294454,
    9.848823386506188,
    9.8297724504495,
    9.83555275298216,
    9.828710114442172,
    9.83167254619612,
    9.818580604413837,
    9.818428546634975,
    9.809340147528054,
    9.803315761068026,
    9.810547145852716,
    9.813622117110238,
    9.821917275143525,
    9.818374169136096,
    9.81256762532648,
    9.805566834345008,
    9.803652890895826,
    9.806571535515637,
    9.806177407723498,
    9.809759255409476,
    9.808694187517311,
    9.805800391198067,
    9.802958055590183,
    9.799465424131308,
    9.797866486713335,
    9.80300279944093,
    9.799074768827028,
    9.795030911104696,
    9.793010029392189,
    9.785939004244641,
    9.787189402639147,
    9.782297084771695,
    9.785640266291187,
    9.784443546972646,
    9.781670982553415,
    9.774876426333213,
    9.771866747259375,
    9.770129514238189,
    9.770774856254363,
    9.769709271204821,
    9.765480592325979,
    9.763307331004095,
    9.757276795292153,
    9.758880629370662,
    9.756989369202833,
    9.757323059714805,
    9.754106115084488,
    9.751971232478187,
    9.747855834619807,
    9.746743357851285,
    9.745902952860233,
    9.74294955460343
  ],
  "throuput": [
    10,
    43,
    85,
    150,
    247,
    350,
    473,
    603,
    754,
    900,
    1037,
    1188,
    1335,
    1493,
    1652,
    1820,
    1958,
    2142,
    2305,
    2483,
    2645,
    2829,
    2982,
    3161,
    3322,
    3507,
    3693,
    3873,
    4048,
    4231,
    4391,
    4551,
    4754,
    4934,
    5090,
    5284,
    5449,
    5640,
    5824,
    5995,
    6168,
    6338,
    6527,
    6704,
    6866,
    7040,
    7214,
    7394,
    7573,
    7767,
    7948,
    8108,
    8304,
    8465,
    8654,
    8834,
    9019,
    9172,
    9347
  ],
  "runningtime": [
    4.660727802912394
  ]
}