{
  "distance": [
    1129.4559753294282,
    1571.7596375562698,
    1967.547114573674,
    2283.9692283062714,
    2541.518477693362,
    2835.404842472012,
    3072.304592952421,
    3264.773660869862,
    3443.0303567417686,
    3614.2588263200196,
    3734.793969555761,
    3834.622376232923,
    3959.9912271875346,
    4039.3396626123413,
    3689.48209083497,
    3844.326653582034,
    3982.394947647376,
    4073.3653931157,
    4172.203409059709,
    4274.819299849242,
    4356.844311043806,
    4428.233829780522,
    4496.90636205924,
    4542.305006425594,
    4581.566939564877,
    4630.578953107333,
    4695.807810484774,
    4710.299996801493,
    4754.25774079273,
    4456.910612163361,
    4530.80632129415,
    4596.985647586865,
    4649.257113337235,
    4708.122415219656,
    4756.001625843668,
    4795.420208996989,
    4810.366913685709,
    4841.545777081909,
    4876.047815494869,
    4912.1722781600065,
    4947.763553866075,
    4952.778989026381,
    4988.074388159048,
    4993.653197670337,
    5010.660137915148,
    4813.61270221708,
    4859.3891539235365,
    4889.385689565255,
    4923.638762307157,
    4968.366420494698,
    4970.000150060498,
    4996.770692664145,
    5019.28462791726,
    5047.141761299118,
    5070.847807485154,
    5067.667444830279,
    5078.727618717386,
    5100.726849100444,
    5110.016758355517
  ],
  "speed": [
    10.548346009871635,
    10.469552921573417,
    10.406645757956666,
    10.342284591063496,
    10.32232091606987,
    10.317578856898042,
    10.278633219788771,
    10.262896950202414,
    10.25010675265607,
    10.24587127215049,
    10.231297757012557,
    10.22223354815512,
    10.197869021723514,
    10.189018043509499,
    10.16683107775675,
    10.156009161098146,
    10.133276626421694,
    10.107927668012984,
    10.086779093538949,
    10.051697146598134,
    10.01501444744185,
    9.991102140715096,
    9.959497447945367,
    9.928469205881314,
    9.898350462388148,
    9.869990977570641,
    9.83822362124589,
    9.806602099682461,
    9.775857246249686,
    9.73956077721939,
    9.726271099774019,
    9.702534205860703,
    9.672105427028226,
    9.641565841408244,
    9.610882845253297,
    9.577385179735346,
    9.542825888811933,
    9.513102983117587,
    9.483582217330154,
    9.453911135173067,
    9.428575805818767,
    9.403541391422578,
    9.37790364429938,
    9.350250243256994,
    9.323363854075392,
    9.300266543921895,
    9.281068775933935,
    9.254943934654044,
    9.229036527515275,
    9.204116768128525,
    9.173665965362753,
    9.14424462514922,
    9.114971823600262,
    9.08835901310231,
    9.05923497428215,
    9.03166220585916,
    9.0044294365554,
    8.976423304661239,
    8.948137618759201
  ],
  "throuput": [
    12,
    46,
    93,
    168,
    272,
    381,
    531,
    680,
    843,
    1056,
    1236,
    1427,
    1640,
    1836,
    2052,
    2246,
    2479,
    2681,
    2900,
    3099,
    3295,
    3506,
    3707,
    3918,
    4108,
    4303,
    4521,
    4739,
    4941,
    5166,
    5383,
    5606,
    5822,
    6047,
    6252,
    6454,
    6647,
    6844,
    7059,
    7267,
    7467,
    7670,
    7900,
    8109,
    8340,
    8567,
    8776,
    8989,
    9195,
    9432,
    9629,
    9847,
    10030,
    10234,
    10444,
    10652,
    10856,
    11048,
    11266
  ],
  "runningtime": [
    5.500813257694245
  ]
}