{
  "distance": [
    1124.845752583427,
    1572.2410135740413,
    1975.8870357446922,
    2297.3959370301227,
    2555.746281455387,
    2850.4117464288306,
    3093.080721496649,
    3282.9607586687844,
    3460.7025866483864,
    3627.780836092512,
    3750.0219363879655,
    3849.378564865677,
    3976.6030733282532,
    4050.9754870438087,
    3699.0969625480166,
    3853.405767600398,
    3991.1280197874503,
    4077.841875129972,
    4175.24603645875,
    4279.012968710546,
    4359.720826391593,
    4430.213754896769,
    4497.95342961741,
    4545.023683930673,
    4586.810101999525,
    4632.923081048242,
    4697.900714401385,
    4711.460367332942,
    4756.401226709313,
    4458.139033086388,
    4531.382746364161,
    4594.307100973394,
    4645.152484289703,
    4702.7526827270385,
    4753.121115253475,
    4794.7227966788205,
    4810.0782540135115,
    4839.210345337966,
    4869.686893034982,
    4906.863220678434,
    4941.740981422337,
    4946.015852280324,
    4980.826362507601,
    4986.383688071939,
    5004.149869446542,
    4806.492358690993,
    4852.790855929273,
    4883.000291388249,
    4918.107905605,
    4963.0843229931115,
    4967.1415989023135,
    4995.733982827004,
    5018.6231865559985,
    5046.717319727093,
    5072.0986771422795,
    5069.933732400859,
    5081.112057038608,
    5103.926488357946,
    5112.719989356047
  ],
  "speed": [
    10.501369859332645,
    10.47174920902723,
    10.447770782727908,
    10.395292834830755,
    10.372233914497267,
    10.363058954803105,
    10.339580372960565,
    10.306514747396799,
    10.302374833640345,
    10.2838069781606,
    10.269849370978488,
    10.258708652102788,
    10.238547192122518,
    10.217410321624318,
    10.195009092181616,
    10.18534040586295,
    10.159267944095147,
    10.12346874612745,
    10.096177399683686,
    10.0644899033519,
    10.026972840018212,
    10.002052259144799,
    9.969343638658444,
    9.941508949311894,
    9.916351784494152,
    9.885712523351389,
    9.857456226810498,
    9.826128761718584,
    9.797792235867922,
    9.76107674026597,
    9.749095927787247,
    9.72344959071705,
    9.695012659730024,
    9.662591776185968,
    9.634198485769142,
    9.603390212335198,
    9.569841587616219,
    9.53705073033678,
    9.501518403323079,
    9.474194669224381,
    9.446819522097037,
    9.42001593745496,
    9.393472810829113,
    9.365549964300692,
    9.33899700121159,
    9.313144906671653,
    9.295400648622534,
    9.270267556868415,
    9.245698366566844,
    9.220464780992186,
    9.193743917001864,
    9.167263357610587,
    9.139699058058657,
    9.115377216992872,
    9.090360305141703,
    9.065589596635814,
    9.038060625425416,
    9.012579197540727,
    8.984565866368854
  ],
  "throuput": [
    14,
    44,
    93,
    166,
    268,
    385,
    522,
    685,
    863,
    1046,
    1232,
    1423,
    1645,
    1837,
    2069,
    2257,
    2466,
    2680,
    2897,
    3112,
    3309,
    3508,
    3711,
    3914,
    4115,
    4340,
    4541,
    4742,
    4961,
    5188,
    5425,
    5647,
    5864,
    6048,
    6241,
    6459,
    6669,
    6879,
    7073,
    7277,
    7470,
    7681,
    7900,
    8107,
    8343,
    8560,
    8789,
    8993,
    9207,
    9431,
    9634,
    9846,
    10063,
    10259,
    10460,
    10667,
    10865,
    11073,
    11294
  ],
  "runningtime": [
    6.088031697273254
  ]
}