{
  "distance": [
    954.7747826681958,
    1317.3154085357055,
    1589.8770550634054,
    1891.4280400883783,
    2133.7290016752986,
    2276.378389620574,
    2467.53854597528,
    2654.471976894606,
    2827.203148552539,
    2934.105216495445,
    3053.2233209644655,
    3090.9504091804915,
    3205.075261120856,
    3319.421362357447,
    3370.678846344141,
    3430.8078514483554,
    3508.512748150354,
    3502.470485248173,
    3569.964740231121,
    3623.158997947119,
    3667.8687650271945,
    3691.4557407961274,
    3734.9918488277785,
    3720.354268530648,
    3745.2628289846675,
    3789.3282072482193,
    3824.486986073581,
    3858.4024079351257,
    3902.9687745860256,
    3860.5862712841285,
    3901.1465574375734,
    3924.529198727397,
    3964.9552878935083,
    3989.829787222616,
    3994.426592497274,
    3971.7254630388384,
    3998.6126751772485,
    4025.9962608766627,
    4030.058527507393,
    4031.4849735559305,
    4072.9693115752043,
    4036.7353347232956,
    4061.6241887689052,
    4074.0792532678015,
    4075.406618618411,
    4097.613649014814,
    4123.553293166301,
    4122.057038986329,
    4130.067084998924,
    4137.965405256147,
    4156.813715421929,
    4162.9662374915615,
    4173.2839355329415,
    4157.589485784914,
    4170.023285517365,
    4182.102538738511,
    4194.754631593874,
    4199.940343699037,
    4226.115416992741
  ],
  "speed": [
    11.293299049302393,
    11.138694979758371,
    10.99049381960449,
    11.023547432015267,
    10.95575845754383,
    10.8612939583722,
    10.686437458297863,
    10.550777306991796,
    10.486171420247565,
    10.400559658839958,
    10.283215249909523,
    10.188537444521701,
    10.115000713111673,
    10.06270223250203,
    9.977559622945908,
    9.884980113890265,
    9.8096430198136,
    9.74857448089866,
    9.683028632545705,
    9.610294072877936,
    9.5323696166666,
    9.446113612351988,
    9.371785278260623,
    9.310147172231472,
    9.243936377740635,
    9.186462653717566,
    9.133184161847842,
    9.090229154439374,
    9.045108100960555,
    9.003299694143847,
    8.95793140432679,
    8.921916844827214,
    8.887855872964028,
    8.835099636503513,
    8.7832565986788,
    8.734975568742765,
    8.698712196168126,
    8.650025695421053,
    8.596932117638355,
    8.549382466198159,
    8.505203405841561,
    8.44879369530672,
    8.402580568693832,
    8.35799270765145,
    8.312867134129704,
    8.279383010984622,
    8.240250584989901,
    8.211269001964798,
    8.17829105120809,
    8.141186663323573,
    8.104536150589668,
    8.065716358787189,
    8.026988063568504,
    7.990024615448136,
    7.958800677795615,
    7.9254588543635505,
    7.892269743082199,
    7.858632733466361,
    7.828948066834438
  ],
  "throuput": [
    5,
    10,
    28,
    55,
    91,
    153,
    218,
    285,
    352,
    426,
    494,
    586,
    665,
    751,
    817,
    895,
    995,
    1101,
    1175,
    1250,
    1344,
    1430,
    1511,
    1599,
    1689,
    1773,
    1857,
    1950,
    2050,
    2136,
    2224,
    2324,
    2406,
    2503,
    2586,
    2671,
    2756,
    2843,
    2925,
    3016,
    3105,
    3194,
    3262,
    3344,
    3432,
    3524,
    3606,
    3707,
    3810,
    3885,
    3976,
    4073,
    4166,
    4259,
    4343,
    4430,
    4512,
    4604,
    4711
  ],
  "runningtime": [
    2.8464532852172852
  ]
}