{
  "distance": [
    965.9425241963529,
    1335.0531143380101,
    1605.108450176035,
    1903.6827296276062,
    2146.1638339264414,
    2297.8110204952336,
    2500.375453074607,
    2689.7639434521825,
    2861.374472745031,
    2970.3547060516303,
    3088.1485539014657,
    3121.9039687501463,
    3230.1898643719373,
    3329.9966799392932,
    3381.3329997811143,
    3441.939023456869,
    3516.075622567112,
    3512.8698106013912,
    3580.8873162103346,
    3631.4402119849233,
    3675.3566635787593,
    3699.6947805926147,
    3746.4849799524927,
    3736.1508856691576,
    3762.490973368364,
    3802.8056632332355,
    3835.433452156809,
    3865.9735956356653,
    3905.0363683799533,
    3862.7655120592644,
    3900.1171875617115,
    3917.9302668299592,
    3956.107165839225,
    3982.642133883076,
    3988.818865407509,
    3967.6371280710614,
    3990.756982728612,
    4017.188031714506,
    4024.913181341862,
    4026.192082523926,
    4068.4205327290206,
    4035.6383209959454,
    4059.2365115369616,
    4072.9240253535418,
    4074.4951761013144,
    4092.330169923962,
    4116.047681244557,
    4108.0595024444865,
    4112.95728159649,
    4118.208692145148,
    4133.979120593882,
    4139.911524854063,
    4149.579533059083,
    4135.626005765184,
    4146.390920839648,
    4156.124648159794,
    4165.252682533117,
    4168.293376235077,
    4192.299450972502
  ],
  "speed": [
    11.420010138282004,
    11.283840188324213,
    11.091544533481644,
    11.1039747126222,
    11.044113136119769,
    10.998263047888571,
    10.881970750894258,
    10.75051960882584,
    10.675367285112443,
    10.598710793383129,
    10.483236619726283,
    10.383453704520234,
    10.30227245374492,
    10.21471374214507,
    10.131481047620118,
    10.043920837676296,
    9.956937533047078,
    9.903590777631354,
    9.838250868766963,
    9.763467377188066,
    9.689352508192693,
    9.604469453091431,
    9.532609169662992,
    9.480720843051342,
    9.417539766170572,
    9.350456109750914,
    9.293931034028184,
    9.24566278778303,
    9.187000720567292,
    9.14381685188455,
    9.089052208155266,
    9.037706310627593,
    8.997540268750496,
    8.947166504717856,
    8.893428562905662,
    8.844029800140332,
    8.795946680469553,
    8.743406384746535,
    8.696095717880585,
    8.647726560176741,
    8.603001762423387,
    8.551130755020235,
    8.500523221019074,
    8.459099810869542,
    8.415613563559637,
    8.373657953901452,
    8.329947738079557,
    8.288365724202212,
    8.246968787803807,
    8.202495755891634,
    8.158954480636329,
    8.118021826750955,
    8.07438215438578,
    8.036640650586667,
    7.99968890909185,
    7.959433529064502,
    7.916870251622453,
    7.875548060053052,
    7.837846467351094
  ],
  "throuput": [
    5,
    10,
    28,
    56,
    97,
    160,
    223,
    292,
    357,
    438,
    509,
    594,
    686,
    768,
    830,
    913,
    1004,
    1110,
    1193,
    1270,
    1366,
    1432,
    1526,
    1616,
    1703,
    1784,
    1883,
    1968,
    2063,
    2145,
    2235,
    2330,
    2423,
    2503,
    2583,
    2671,
    2758,
    2852,
    2933,
    3023,
    3112,
    3204,
    3277,
    3367,
    3455,
    3548,
    3623,
    3719,
    3814,
    3892,
    3982,
    4069,
    4154,
    4252,
    4340,
    4428,
    4499,
    4593,
    4684
  ],
  "runningtime": [
    1.4511322776476543
  ]
}