{
  "distance": [
    975.9907194060339,
    1363.859369976126,
    1651.4835325225404,
    1937.211107111791,
    2165.4371494821257,
    2321.4872179239283,
    2524.852968764154,
    2728.2093052209652,
    2894.4090884074935,
    3006.7917098950034,
    3135.59252704206,
    3176.875082366537,
    3293.84404343136,
    3402.693672425347,
    3455.2367872578716,
    3518.9751313291686,
    3591.546234645207,
    3577.8551621450624,
    3648.801231843936,
    3693.741443957393,
    3739.652427020835,
    3766.771201441506,
    3810.156819638256,
    3792.790148166885,
    3820.1434406053995,
    3860.72591887409,
    3890.468988031819,
    3916.7454599617913,
    3952.504833865385,
    3902.4681903569012,
    3940.29377158928,
    3960.482903314055,
    3994.2571031690395,
    4020.235762457278,
    4025.605306873615,
    4002.0075505188893,
    4023.8856847768225,
    4054.100361163577,
    4060.2586402367647,
    4059.2932276677498,
    4102.807295001723,
    4073.470729007001,
    4100.000282743268,
    4111.23453635512,
    4110.678393839644,
    4126.293451254243,
    4150.933137142933,
    4141.006196222801,
    4146.94565907853,
    4153.329639365068,
    4168.982920870415,
    4173.743250779414,
    4182.420336348138,
    4166.832510423879,
    4179.009295147556,
    4188.361550225373,
    4196.956295336222,
    4199.9105047761595,
    4221.423231464171
  ],
  "speed": [
    11.538806534849662,
    11.538848339883812,
    11.439986463045596,
    11.349653656379475,
    11.204589548365428,
    11.15308384649244,
    11.019515556627612,
    10.940532999191312,
    10.844497396562192,
    10.783255051359966,
    10.715421680986813,
    10.659931168634275,
    10.607352535655812,
    10.550325153020639,
    10.488172321628452,
    10.433282117594498,
    10.37439948354659,
    10.321067538708595,
    10.27239880596051,
    10.193941875936142,
    10.134068326813233,
    10.065446441841097,
    10.00229076640803,
    9.938871861224088,
    9.88087323842382,
    9.818617422381767,
    9.757071629238373,
    9.696310974458665,
    9.630446614743157,
    9.571055513844223,
    9.514370015120583,
    9.464883116753017,
    9.410639707171516,
    9.355120151077893,
    9.30223130674982,
    9.249033239755565,
    9.196972547048427,
    9.153127722345237,
    9.104202965612169,
    9.051971242728214,
    9.006787013078279,
    8.961335974374215,
    8.916678046244755,
    8.87151594791903,
    8.825398452630068,
    8.77903482967734,
    8.737570568984317,
    8.692214493063988,
    8.652080368027026,
    8.60995477462837,
    8.56526625729675,
    8.522760501485074,
    8.477398459780417,
    8.4367752395532,
    8.400038736564005,
    8.358815644935357,
    8.31457626592733,
    8.273400571121043,
    8.229168148692693
  ],
  "throuput": [
    5,
    12,
    31,
    63,
    96,
    152,
    228,
    291,
    368,
    445,
    530,
    611,
    696,
    780,
    867,
    957,
    1061,
    1151,
    1223,
    1316,
    1410,
    1489,
    1572,
    1656,
    1738,
    1831,
    1920,
    2010,
    2087,
    2179,
    2269,
    2350,
    2454,
    2543,
    2630,
    2716,
    2807,
    2897,
    2982,
    3061,
    3150,
    3242,
    3329,
    3424,
    3504,
    3591,
    3684,
    3770,
    3860,
    3948,
    4033,
    4126,
    4212,
    4297,
    4399,
    4477,
    4572,
    4649,
    4730
  ],
  "runningtime": [
    1.6620975812276204
  ]
}