{
  "distance": [
    971.3034516427902,
    1351.3575732784916,
    1623.9550760987138,
    1927.3787010739566,
    2154.290737613238,
    2309.5061618322934,
    2504.6717625454717,
    2700.5670648141995,
    2869.413246449419,
    2980.7172687893017,
    3103.90025212271,
    3148.2036811086577,
    3260.8199430003883,
    3360.989005292519,
    3411.963826503473,
    3468.370603155966,
    3546.201624985844,
    3541.770921425393,
    3616.28699371396,
    3665.7940211375444,
    3706.2053597532404,
    3737.7790575443587,
    3782.666472423701,
    3771.541986899651,
    3795.751860414557,
    3833.2377359703682,
    3862.8062836217705,
    3892.6248244458657,
    3930.833169994783,
    3886.3061914393816,
    3923.6234258789978,
    3940.8267026240737,
    3978.10509458474,
    4002.291290844183,
    4009.7311720013745,
    3991.7859834241626,
    4016.894284322791,
    4047.717184681066,
    4053.4679604628755,
    4056.883751626905,
    4098.9218229552525,
    4067.0032610119615,
    4091.995038228266,
    4102.926868261492,
    4104.136039621736,
    4118.739855961192,
    4138.914767688824,
    4129.762361234154,
    4133.999453355263,
    4142.004432903791,
    4156.625285421561,
    4163.8814442547455,
    4173.8170570233815,
    4158.065757531129,
    4169.172406799844,
    4177.716214155345,
    4186.043139954471,
    4187.5090654930955,
    4211.360005934083
  ],
  "speed": [
    11.48339056129407,
    11.433895142976489,
    11.22761360106182,
    11.248764196927686,
    11.102515283385435,
    11.070227521113459,
    10.921030811964842,
    10.832743298033336,
    10.751239493154522,
    10.701455927451754,
    10.611969321018282,
    10.548559252163015,
    10.475950040771927,
    10.390426999940924,
    10.31070012666936,
    10.218367100559666,
    10.150548758449634,
    10.100187365228873,
    10.04946868709232,
    9.96940353791747,
    9.884301973772834,
    9.81724477242669,
    9.745746656589802,
    9.697815379518097,
    9.636667565822878,
    9.569159452843916,
    9.506259100963058,
    9.45663033890626,
    9.40095290108524,
    9.353086715251772,
    9.298633271685663,
    9.245865380327741,
    9.20266244795597,
    9.143178117314424,
    9.093444043296913,
    9.051826267718083,
    9.008978593037611,
    8.968031845799407,
    8.918126126671071,
    8.874154994101783,
    8.829951599140939,
    8.781875976289879,
    8.735610432688679,
    8.69091075273056,
    8.649009005196922,
    8.602204967173297,
    8.55412048802909,
    8.512833513734586,
    8.471065415951562,
    8.432042947791974,
    8.385849675585822,
    8.347083285231228,
    8.304877268747617,
    8.265283356682843,
    8.229097640862651,
    8.187748400588362,
    8.144778802024597,
    8.100876032943352,
    8.062888991732818
  ],
  "throuput": [
    5,
    11,
    29,
    59,
    99,
    160,
    226,
    295,
    369,
    447,
    520,
    605,
    693,
    776,
    854,
    929,
    1029,
    1121,
    1196,
    1284,
    1372,
    1450,
    1544,
    1640,
    1725,
    1809,
    1900,
    1997,
    2084,
    2157,
    2259,
    2353,
    2433,
    2515,
    2605,
    2696,
    2784,
    2880,
    2958,
    3047,
    3140,
    3232,
    3314,
    3411,
    3487,
    3586,
    3666,
    3761,
    3838,
    3928,
    4011,
    4104,
    4194,
    4287,
    4371,
    4470,
    4537,
    4627,
    4720
  ],
  "runningtime": [
    1.4251873771349588
  ]
}