{
  "distance": [
    1070.0803453087556,
    1472.4914411421246,
    1823.154347772291,
    2169.031192742031,
    2494.7011884990193,
    2763.058838407824,
    3016.5698004782116,
    3216.6150243641196,
    3431.893210077257,
    3593.516477745383,
    3730.635178612297,
    3921.7765479290647,
    4037.038206096981,
    4187.330752304269,
    4311.093220036128,
    4423.250129656284,
    4514.677990412808,
    4598.721972846956,
    4687.042290829105,
    4762.984289270586,
    4798.15392679994,
    4320.756290189357,
    4445.073292513936,
    4559.734396980076,
    4701.260224600919,
    4795.966198882513,
    4892.902591964501,
    5002.200068468605,
    5067.913038387336,
    5141.089497198157,
    5209.447841367197,
    5271.888007825018,
    5334.711018427459,
    5377.208635199874,
    5423.880452970372,
    5496.6840474403425,
    5526.512592961805,
    5571.545105209235,
    5600.537456351268,
    5632.996662142298,
    5684.696933289351,
    5724.056727912974,
    5720.556167467139,
    5371.691372897801,
    5427.805863439594,
    5489.574412664415,
    5532.377269625068,
    5583.786081598647,
    5635.522805200196,
    5687.368069920438,
    5726.033513621866,
    5766.015956158541,
    5804.299688986743,
    5833.660160235244,
    5853.1630880472685,
    5895.707076031892,
    5895.684332495089,
    5927.20998472949,
    5957.695599348381
  ],
  "speed": [
    9.400437633137479,
    9.254511510823795,
    9.19997059446617,
    9.159598988877516,
    9.146472865826066,
    9.12383193203071,
    9.08588381720429,
    9.06418031374039,
    9.03385045729285,
    9.025629990377558,
    9.001666675631036,
    8.977383978502598,
    8.954486287699421,
    8.932787929112337,
    8.90697060951454,
    8.886106409793147,
    8.858780331033149,
    8.839045014350722,
    8.811075851460364,
    8.794695384024575,
    8.77965229085044,
    8.779974213715796,
    8.77012917019906,
    8.749666183238812,
    8.726324441546852,
    8.697387586807679,
    8.675990270644864,
    8.648864490203142,
    8.61486851533142,
    8.584070056718891,
    8.552202493369387,
    8.524094761163237,
    8.499767248129213,
    8.472999418023166,
    8.446730442681451,
    8.42688759601599,
    8.400769028257535,
    8.369277442922852,
    8.343044760795415,
    8.321118084172184,
    8.297246732601232,
    8.274842276205622,
    8.24948713545018,
    8.231826080958845,
    8.217660453342733,
    8.1982559293621,
    8.173957743314439,
    8.151147779272272,
    8.130396567189237,
    8.109066360041313,
    8.085580406899428,
    8.061772085007718,
    8.03557429630254,
    8.011657382192793,
    7.986596720274702,
    7.963267188430776,
    7.939087536521862,
    7.914445649487102,
    7.890149534673044
  ],
  "throuput": [
    22,
    69,
    129,
    219,
    342,
    472,
    610,
    796,
    995,
    1196,
    1412,
    1636,
    1866,
    2122,
    2367,
    2643,
    2914,
    3170,
    3425,
    3714,
    3987,
    4269,
    4525,
    4802,
    5080,
    5340,
    5624,
    5894,
    6208,
    6461,
    6704,
    6993,
    7266,
    7552,
    7862,
    8133,
    8449,
    8778,
    9052,
    9328,
    9626,
    9948,
    10242,
    10540,
    10829,
    11152,
    11457,
    11753,
    12048,
    12342,
    12592,
    12883,
    13150,
    13428,
    13698,
    13995,
    14270,
    14525,
    14811
  ],
  "runningtime": [
    22.479812987645467
  ]
}