{
  "distance": [
    1084.1672480750876,
    1499.499273069968,
    1860.1133192261182,
    2219.337233616433,
    2560.1937017951564,
    2843.66824485968,
    3112.7183334033284,
    3323.902307325996,
    3546.2563053227327,
    3712.259725986206,
    3850.1067623776657,
    4044.3491198741835,
    4161.030734677182,
    4313.848814567421,
    4438.767610103894,
    4551.675325445142,
    4648.837166319582,
    4734.6947251461725,
    4824.8114845768305,
    4899.5660271473025,
    4932.157251516103,
    4437.147226017649,
    4558.667724287367,
    4674.269811731886,
    4816.99906531877,
    4909.675821577828,
    5007.503301700512,
    5117.040021727577,
    5184.771246250096,
    5258.574813139399,
    5328.280795715377,
    5391.955322538559,
    5454.1126663840305,
    5494.277568732959,
    5537.983049723939,
    5607.1602275228,
    5632.887853626772,
    5675.87885412769,
    5701.86713592598,
    5729.302182178975,
    5774.402430100681,
    5806.821629371314,
    5800.398284799448,
    5443.252499586462,
    5498.748415475675,
    5560.489002555331,
    5603.370558967584,
    5654.374401657949,
    5705.35565162933,
    5756.693706234923,
    5797.256649180292,
    5839.206981188335,
    5879.511846644805,
    5908.925524619076,
    5931.355398496815,
    5975.5280903017,
    5977.009423354723,
    6009.880081640622,
    6038.967291703199
  ],
  "speed": [
    9.52156727404145,
    9.421133782913316,
    9.383674743889657,
    9.37734373661571,
    9.397247784266288,
    9.406415225783688,
    9.400680812487485,
    9.401163668735308,
    9.381262284850743,
    9.380737327013298,
    9.357476529520895,
    9.334467792007139,
    9.31785323736588,
    9.302162174441813,
    9.280775543863575,
    9.262202237046127,
    9.249371419751583,
    9.237612122224318,
    9.219034372374319,
    9.205088826776835,
    9.190988920986982,
    9.187962961560808,
    9.170587496132217,
    9.15032127153111,
    9.126557037080637,
    9.094910286909458,
    9.077391343029086,
    9.052381978774374,
    9.0232810501862,
    8.995675025276748,
    8.968995432180618,
    8.947125894005492,
    8.926127873703837,
    8.900092618322892,
    8.872981277600633,
    8.850570441790008,
    8.822530411523124,
    8.791305106254816,
    8.764193747164574,
    8.738764541824729,
    8.708835038790301,
    8.678720967230044,
    8.651010364351135,
    8.629148443326955,
    8.61331504520233,
    8.592575036069055,
    8.567113745744717,
    8.541542356208758,
    8.517586667207047,
    8.492450122583154,
    8.469285107158566,
    8.44585003986579,
    8.42055796801227,
    8.395240689210747,
    8.373005057832758,
    8.350537512646605,
    8.328412842816915,
    8.305303489387695,
    8.280161085444638
  ],
  "throuput": [
    24,
    67,
    131,
    235,
    344,
    495,
    640,
    824,
    1040,
    1246,
    1476,
    1710,
    1940,
    2211,
    2453,
    2727,
    3026,
    3289,
    3566,
    3836,
    4112,
    4410,
    4664,
    4936,
    5236,
    5498,
    5804,
    6067,
    6365,
    6641,
    6911,
    7203,
    7500,
    7782,
    8090,
    8372,
    8681,
    9001,
    9287,
    9592,
    9875,
    10151,
    10452,
    10736,
    11036,
    11333,
    11635,
    11925,
    12197,
    12488,
    12766,
    13032,
    13316,
    13618,
    13890,
    14182,
    14467,
    14766,
    15066
  ],
  "runningtime": [
    9.096784087022145
  ]
}