{
  "distance": [
    1093.6828585250694,
    1513.8746171356033,
    1873.420289095557,
    2235.6612897438663,
    2576.8152167996022,
    2862.8551071837737,
    3133.258148741753,
    3347.95625231338,
    3572.3596603399815,
    3737.760105748984,
    3874.0895429396496,
    4070.171584311572,
    4189.707166634596,
    4345.008386753013,
    4474.446446291176,
    4591.269533854581,
    4688.468144905986,
    4774.812039834401,
    4867.695318208241,
    4942.185401261875,
    4972.6574406566615,
    4469.9929083476445,
    4593.562986741025,
    4709.186046064238,
    4850.7280943099695,
    4946.514125221586,
    5042.1953615912325,
    5151.477528319236,
    5217.67953994054,
    5289.7560863738045,
    5358.63639653314,
    5421.304566755092,
    5481.911214565181,
    5521.408495335657,
    5564.214262753133,
    5631.900502719758,
    5658.67129658271,
    5702.6145222037385,
    5728.620042546579,
    5756.375248288856,
    5799.823172320593,
    5832.373359432614,
    5826.820193827685,
    5466.646366994503,
    5520.622732864221,
    5582.101081245385,
    5625.562011012992,
    5675.083184543076,
    5725.619841181633,
    5776.914642087471,
    5816.633892918399,
    5856.84997178081,
    5897.736932649203,
    5928.163851283776,
    5947.974739771992,
    5992.8223137593495,
    5993.889034180486,
    6025.109163481185,
    6053.981617810583
  ],
  "speed": [
    9.607554219256908,
    9.516905342527815,
    9.45891362127289,
    9.454288246235992,
    9.468104618326867,
    9.483234413536053,
    9.475056028422488,
    9.485128095730815,
    9.47079820336245,
    9.472042704400149,
    9.449112695669674,
    9.430706440803428,
    9.417388362402143,
    9.403732351886593,
    9.388118511170132,
    9.37503822714561,
    9.361358313415582,
    9.351518190361887,
    9.339941543110621,
    9.32752114975521,
    9.314110035819185,
    9.305821036877923,
    9.291779261065457,
    9.271277600692844,
    9.245970676247342,
    9.220034201050858,
    9.197094762574837,
    9.172395680728219,
    9.142826911640134,
    9.11363660024648,
    9.085463317618537,
    9.060958949757937,
    9.036406482808127,
    9.009842082508543,
    8.981264651451562,
    8.956576646334693,
    8.930191985961963,
    8.90057022088744,
    8.872952727106027,
    8.848193195624223,
    8.815858432996265,
    8.786844914667679,
    8.761176579704758,
    8.737618513546714,
    8.718966812893397,
    8.696892781118901,
    8.672137021003714,
    8.644588641218052,
    8.619769175869902,
    8.594570302733853,
    8.57036674548513,
    8.545006916918968,
    8.52030715364936,
    8.496499157510874,
    8.470950938023686,
    8.448998182982406,
    8.425908256256173,
    8.400289238208886,
    8.374255522348053
  ],
  "throuput": [
    22,
    74,
    130,
    240,
    358,
    497,
    646,
    846,
    1063,
    1272,
    1504,
    1728,
    1955,
    2214,
    2464,
    2750,
    3038,
    3322,
    3601,
    3886,
    4150,
    4432,
    4694,
    4983,
    5281,
    5534,
    5835,
    6135,
    6429,
    6698,
    6955,
    7223,
    7530,
    7831,
    8140,
    8408,
    8725,
    9036,
    9322,
    9631,
    9922,
    10206,
    10495,
    10796,
    11069,
    11386,
    11693,
    11968,
    12258,
    12540,
    12827,
    13087,
    13377,
    13665,
    13943,
    14221,
    14531,
    14796,
    15102
  ],
  "runningtime": [
    9.847230223814647
  ]
}