{
  "distance": [
    1094.8314686402796,
    1518.5422982736713,
    1884.6109634540414,
    2249.362921322018,
    2593.8447927361285,
    2886.307317008041,
    3156.0475644629423,
    3366.3861925864035,
    3595.728735714498,
    3761.911709606202,
    3903.1621254170436,
    4101.754053556346,
    4219.049227633555,
    4375.535981974813,
    4507.493872633183,
    4621.896068932554,
    4719.377972009692,
    4805.738870608656,
    4897.124054700343,
    4969.947117628506,
    4999.783725271871,
    4496.154032949329,
    4619.33482876975,
    4733.338112909205,
    4874.367453378992,
    4968.948350101677,
    5062.9530362392225,
    5171.420022740279,
    5239.138766823448,
    5312.5114096570005,
    5382.34091630661,
    5444.184052461786,
    5505.053344608729,
    5543.854225349975,
    5586.803706947824,
    5653.1028585620825,
    5677.3210703300565,
    5721.871407285069,
    5746.666958282966,
    5771.976536757914,
    5818.489669616744,
    5851.541420143365,
    5846.880632145346,
    5484.340035634124,
    5537.9957827961725,
    5600.138490097519,
    5643.190535449709,
    5694.2939747198625,
    5743.735650539114,
    5796.869050423711,
    5837.696837322119,
    5878.927104325856,
    5920.095962043328,
    5950.4067714216435,
    5971.171177392992,
    6011.611987240801,
    6010.695552538164,
    6041.273815771938,
    6070.9281039503585
  ],
  "speed": [
    9.618211601305514,
    9.548219319080278,
    9.513978893456578,
    9.508624072440712,
    9.526663838213773,
    9.557363828191129,
    9.54454799736014,
    9.5478349448798,
    9.546345597845734,
    9.549219619368497,
    9.537258100039885,
    9.5246027288923,
    9.509947709123653,
    9.499824746575625,
    9.492439230342923,
    9.480670196363654,
    9.470244802828288,
    9.459457106323656,
    9.445031981604293,
    9.431735630928852,
    9.417298824685417,
    9.414501169925384,
    9.399214872193543,
    9.37622924146467,
    9.347157403518436,
    9.319401809262397,
    9.296239822645619,
    9.271476164197875,
    9.243375623675442,
    9.215862691012692,
    9.189921857621597,
    9.163539148663151,
    9.139893818923513,
    9.111712800010967,
    9.083317862727423,
    9.057499590715674,
    9.028401886669037,
    8.999301017408419,
    8.970550243114099,
    8.9420470880033,
    8.914183985335587,
    8.885588460591208,
    8.86250588802397,
    8.837607410505667,
    8.819105945792328,
    8.798374734295827,
    8.772329228867612,
    8.74661829736337,
    8.7201072713732,
    8.698013966885409,
    8.675270881580348,
    8.651125953559157,
    8.627553669327503,
    8.603985184426614,
    8.580387413736739,
    8.553759543189813,
    8.528735133936172,
    8.503231559295962,
    8.47932485085299
  ],
  "throuput": [
    24,
    74,
    133,
    230,
    358,
    502,
    662,
    869,
    1076,
    1289,
    1513,
    1761,
    1992,
    2245,
    2518,
    2799,
    3069,
    3341,
    3639,
    3909,
    4184,
    4455,
    4739,
    5021,
    5296,
    5594,
    5903,
    6176,
    6468,
    6736,
    6993,
    7271,
    7564,
    7871,
    8164,
    8475,
    8775,
    9075,
    9376,
    9668,
    9945,
    10259,
    10542,
    10855,
    11140,
    11418,
    11736,
    12021,
    12306,
    12604,
    12865,
    13152,
    13444,
    13739,
    14044,
    14314,
    14603,
    14900,
    15193
  ],
  "runningtime": [
    11.382737553119659
  ]
}