{
  "distance": [
    1104.4870127450495,
    1537.8322863075875,
    1906.2505507533476,
    2267.838871258468,
    2612.0683103669703,
    2903.514607041306,
    3172.2983853639494,
    3389.701515460371,
    3622.617670283629,
    3786.760582877645,
    3929.0801999346304,
    4128.527755428543,
    4244.725689896399,
    4397.7336207359385,
    4525.718343049133,
    4635.880886577266,
    4732.427395982147,
    4815.781218487437,
    4905.567922524408,
    4980.415609106504,
    5006.237850790202,
    4499.79174776879,
    4624.023424943331,
    4741.234367210537,
    4885.747990632379,
    4981.844837769952,
    5077.506297461136,
    5187.589284969013,
    5259.9409909204705,
    5337.902573791581,
    5408.414238590496,
    5467.96386664475,
    5527.749550825019,
    5567.239292061692,
    5609.62050482297,
    5673.721888316911,
    5698.480769272296,
    5741.783537110739,
    5766.593011767089,
    5790.610906369747,
    5836.783334424392,
    5871.6754006341225,
    5865.337013731303,
    5501.765390243362,
    5555.913150316435,
    5617.672115338754,
    5662.641209174637,
    5714.315644161834,
    5765.40020628749,
    5815.470979492596,
    5854.318716203226,
    5894.681674668685,
    5935.013714129837,
    5965.454310166274,
    5987.049508143629,
    6030.541745970929,
    6028.987249714955,
    6059.056290752868,
    6087.867841523558
  ],
  "speed": [
    9.699260539686392,
    9.67064381275954,
    9.633791854891836,
    9.603854881101787,
    9.607595158628007,
    9.627810302591971,
    9.610629253927224,
    9.631406769695342,
    9.636124022824783,
    9.632268100395269,
    9.620996118254487,
    9.60938563680888,
    9.594798508758172,
    9.5795038973332,
    9.563320261888217,
    9.544656408110345,
    9.534331931813618,
    9.520224554824823,
    9.505024811458943,
    9.499052005388041,
    9.480951359380182,
    9.47478740256376,
    9.463542647315048,
    9.449276655031566,
    9.42946916974071,
    9.406530173255321,
    9.387336091330033,
    9.364519576914802,
    9.343601882423753,
    9.324767120986902,
    9.30081323914975,
    9.272921685261876,
    9.249085928673109,
    9.222414813054819,
    9.192920340876109,
    9.162966683566388,
    9.135697348181314,
    9.105437861427031,
    9.077391007043442,
    9.049100331960085,
    9.022030640300466,
    8.997875291218582,
    8.973948064693879,
    8.950546498917895,
    8.932505760143634,
    8.911273825785079,
    8.888194176848002,
    8.862654717310988,
    8.837369395807873,
    8.810029300440256,
    8.784523626409976,
    8.759335233151113,
    8.734448058406699,
    8.710887734762027,
    8.68747388262671,
    8.663816317330937,
    8.637558949560347,
    8.610834095927439,
    8.58500606275833
  ],
  "throuput": [
    23,
    81,
    144,
    243,
    364,
    500,
    676,
    876,
    1082,
    1295,
    1536,
    1773,
    2029,
    2268,
    2538,
    2832,
    3089,
    3375,
    3663,
    3962,
    4216,
    4496,
    4796,
    5059,
    5353,
    5652,
    5941,
    6205,
    6489,
    6790,
    7065,
    7333,
    7633,
    7896,
    8202,
    8536,
    8831,
    9128,
    9438,
    9737,
    10015,
    10329,
    10627,
    10898,
    11215,
    11481,
    11781,
    12048,
    12352,
    12656,
    12932,
    13205,
    13513,
    13777,
    14056,
    14356,
    14639,
    14932,
    15229
  ],
  "runningtime": [
    14.069596942265829
  ]
}