{"total_trips": 8412.799482756767, "trip_mean": 4605.418321706275, "trip_var": 8854352.884124285}