{
  "distance": [
    931.39397927051,
    1194.5191953771025,
    1474.5023258007157,
    1714.6345614147351,
    1876.1548717031378,
    2132.8889707439243,
    2327.0163975525975,
    2551.138605166154,
    2748.8794376031974,
    2934.255825146431,
    2939.7198883961946,
    3108.589932647267,
    3246.974112548715,
    3367.8791768363494,
    3467.7478500363286,
    3581.7950228399736,
    3584.097986566676,
    3693.186488326931,
    3771.8111358660008,
    3852.898266308441,
    3933.930706181114,
    3990.1203098707056,
    3990.5334343013233,
    4050.1477412075674,
    4109.062152937207,
    4162.499986040171,
    4210.35947116267,
    4201.96475049759,
    4266.312306993025,
    4320.015475859821,
    4362.25295947368,
    4391.528574510145,
    4431.608938083964,
    4424.764561263158,
    4444.9745981603555,
    4486.2677954347255,
    4511.7225745588485,
    4560.054829638098,
    4576.480395836396,
    4551.678842316124,
    4588.553030647932,
    4619.744050862486,
    4656.292771836801,
    4658.723290112752,
    4695.021010646166,
    4661.780244682008,
    4704.7285146511795,
    4726.848069191647,
    4751.087485155233,
    4766.416805758371,
    4735.916204826584,
    4763.079898494118,
    4787.414325739026,
    4802.44059229729,
    4814.320377951603,
    4841.2470182830475,
    4811.450083427557,
    4818.429473587486,
    4860.894200538835
  ],
  "speed": [
    9.770478947431158,
    9.892498512439772,
    9.81629785833095,
    9.792610047958146,
    9.751131687786886,
    9.746511054573972,
    9.722665688563273,
    9.684670352371553,
    9.636642339264268,
    9.614302925081669,
    9.596666348577052,
    9.537314089457478,
    9.478916653015137,
    9.41304700072864,
    9.365265986833819,
    9.318708783589184,
    9.28077654324148,
    9.232895748973306,
    9.184332708978038,
    9.145842854761922,
    9.096571396453713,
    9.056746821002932,
    9.021459647878368,
    8.976743862914908,
    8.946769794483977,
    8.912406248900204,
    8.87360182190288,
    8.834183226991765,
    8.808167206819743,
    8.777446684262566,
    8.740879468150977,
    8.6987875690707,
    8.662683480195595,
    8.624700173141237,
    8.590342653617045,
    8.556490514517256,
    8.52188262915896,
    8.479970621540263,
    8.443767988324646,
    8.409474426454922,
    8.380098866542816,
    8.350380874322246,
    8.319587188810393,
    8.284690747610776,
    8.254641125851487,
    8.226778496763373,
    8.201039037964666,
    8.173870001700841,
    8.14515664870915,
    8.118664047703145,
    8.086069351514153,
    8.057913558856882,
    8.02852442427066,
    7.998812787733274,
    7.970059530817922,
    7.941358463403965,
    7.911985295897801,
    7.888862323393259,
    7.863087628816411
  ],
  "throuput": [
    3,
    24,
    57,
    126,
    199,
    287,
    401,
    518,
    650,
    796,
    940,
    1097,
    1266,
    1428,
    1590,
    1781,
    1952,
    2110,
    2305,
    2496,
    2675,
    2852,
    3059,
    3233,
    3431,
    3620,
    3807,
    3995,
    4183,
    4388,
    4584,
    4763,
    4965,
    5175,
    5344,
    5552,
    5741,
    5927,
    6138,
    6321,
    6522,
    6723,
    6918,
    7102,
    7321,
    7507,
    7704,
    7898,
    8098,
    8294,
    8481,
    8713,
    8880,
    9090,
    9281,
    9458,
    9669,
    9863,
    10057
  ],
  "runningtime": [
    4.128282829125722
  ]
}