{
  "distance": [
    948.0543887172644,
    1216.8299505337577,
    1491.3207063878822,
    1736.6867916029883,
    1901.9793115095636,
    2162.738869974851,
    2351.4700239991307,
    2572.589313689185,
    2764.6716452035375,
    2950.3230999775647,
    2952.0413938707334,
    3118.009892506332,
    3259.4098314057683,
    3382.8452513512975,
    3483.615292963017,
    3598.422951263655,
    3600.650146226104,
    3711.644626350403,
    3796.1503495178795,
    3876.4886416329864,
    3961.086258411235,
    4022.1167472239345,
    4024.8064928846507,
    4083.541353138854,
    4141.031236435664,
    4193.983225579073,
    4242.981715265737,
    4234.385918979415,
    4295.189700774094,
    4347.470027737443,
    4389.992945029692,
    4423.087568730308,
    4463.9029953979225,
    4458.496701866132,
    4476.225085348673,
    4516.263868472337,
    4540.41034237704,
    4590.255552235193,
    4609.7926015606945,
    4585.96438672083,
    4622.8859973178805,
    4653.773705528133,
    4687.72810275023,
    4690.4505848991,
    4726.458719863152,
    4693.108619206562,
    4732.340355903211,
    4751.618064202804,
    4775.240934429639,
    4786.91038454925,
    4756.152258569319,
    4782.159658610645,
    4807.383937566398,
    4823.428170550748,
    4833.627279976934,
    4861.161536037552,
    4830.966297085337,
    4833.986538285541,
    4874.1907735156265
  ],
  "speed": [
    9.946948867456133,
    10.09099872351066,
    9.949919389800982,
    9.933279340659098,
    9.886667524809774,
    9.892904346220895,
    9.846169142513448,
    9.800622021515572,
    9.742568056129935,
    9.730198328606086,
    9.708242475679743,
    9.646284821960167,
    9.597652988675211,
    9.54383880428255,
    9.505327746773032,
    9.461555633766615,
    9.423529345218684,
    9.379531811640014,
    9.345635810441811,
    9.30520055096834,
    9.263724415563827,
    9.235035435382864,
    9.204300105718408,
    9.155274000982573,
    9.120329499300126,
    9.084812029628607,
    9.04886904499568,
    9.01118428131301,
    8.978353427267658,
    8.945508953739424,
    8.911639975082476,
    8.87853322444303,
    8.846359748765884,
    8.811968701818888,
    8.77382081858916,
    8.739142247216686,
    8.702953395233605,
    8.66328464236677,
    8.632371025016859,
    8.600798941179217,
    8.570986788829211,
    8.540998499462846,
    8.505779299674963,
    8.472466854122567,
    8.443146956935056,
    8.41586166611403,
    8.384949979422618,
    8.354528188637918,
    8.326434452441635,
    8.294458939645535,
    8.261885834927263,
    8.231821358685655,
    8.203154144214613,
    8.174766886422066,
    8.143006097892837,
    8.115823291675014,
    8.08660668703214,
    8.05795196592258,
    8.028524203699497
  ],
  "throuput": [
    4,
    27,
    62,
    118,
    198,
    297,
    411,
    544,
    677,
    823,
    965,
    1122,
    1297,
    1459,
    1622,
    1815,
    1975,
    2146,
    2332,
    2523,
    2693,
    2895,
    3081,
    3270,
    3453,
    3651,
    3849,
    4043,
    4225,
    4433,
    4631,
    4828,
    5017,
    5226,
    5395,
    5602,
    5786,
    5977,
    6182,
    6374,
    6567,
    6781,
    6977,
    7173,
    7379,
    7572,
    7779,
    7973,
    8161,
    8355,
    8547,
    8751,
    8948,
    9141,
    9343,
    9537,
    9745,
    9922,
    10122
  ],
  "runningtime": [
    4.239801557858785
  ]
}