{
  "distance": [
    966.5527938632309,
    1235.8101184087684,
    1531.0352228672161,
    1785.1636254546765,
    1954.8080431509277,
    2215.4862071563407,
    2414.101111879323,
    2643.431469188134,
    2844.3875753230736,
    3032.936287428239,
    3033.731218639378,
    3208.685847945417,
    3354.728539546839,
    3484.651864492523,
    3585.9674921452197,
    3701.206434122975,
    3699.8109563041266,
    3808.389422487976,
    3889.7278877469885,
    3967.4303614979867,
    4049.6404004296164,
    4103.298563169271,
    4102.282258021517,
    4161.298317300539,
    4211.919713017012,
    4262.592310402441,
    4308.369465985849,
    4296.244492607832,
    4353.940735319668,
    4405.410858832811,
    4447.600418508864,
    4479.594257456296,
    4520.455683888437,
    4515.444149744236,
    4536.750590626147,
    4573.358905113412,
    4599.039877616548,
    4649.784634821478,
    4667.40748189255,
    4643.700245222976,
    4678.340404571204,
    4708.137148532775,
    4743.963116358314,
    4746.34366706759,
    4780.817307480894,
    4745.747250197243,
    4785.66370318167,
    4805.755275510615,
    4829.610211520466,
    4841.421306631615,
    4810.879449340824,
    4837.177889865275,
    4861.18335830011,
    4877.077617287069,
    4886.538302399128,
    4913.426466457644,
    4881.769637753742,
    4883.705552306913,
    4923.7829655607675
  ],
  "speed": [
    10.139474037792992,
    10.255685629948285,
    10.230904762339236,
    10.25515012747589,
    10.237236518093319,
    10.216449439571086,
    10.206393460305145,
    10.184338271591171,
    10.15019663704344,
    10.146483323611394,
    10.131739363515484,
    10.096345660696368,
    10.063757105501397,
    10.028807077826349,
    9.999841030809431,
    9.964466586948461,
    9.926849893386628,
    9.884058334128026,
    9.84653525925898,
    9.806651703986061,
    9.764431009269781,
    9.725076641167394,
    9.690617753723732,
    9.645287394047234,
    9.598597487397647,
    9.556877250177257,
    9.512758433636554,
    9.467918640663529,
    9.427814043212399,
    9.391934740828885,
    9.353897036916864,
    9.317044128304197,
    9.284124074421122,
    9.24975537713234,
    9.216936919305121,
    9.175473371856866,
    9.143717420325599,
    9.107281704629731,
    9.07422823341453,
    9.045288176191631,
    9.013101308593317,
    8.982611584931158,
    8.9509871630151,
    8.91871727454349,
    8.885338953750747,
    8.855451240607847,
    8.826070279387874,
    8.796545488252907,
    8.766567998391553,
    8.734645423381048,
    8.70421172269175,
    8.674793733546196,
    8.643947842796464,
    8.614899667288977,
    8.580996375481545,
    8.552467733901842,
    8.520878386643462,
    8.489803193970296,
    8.459672201126631
  ],
  "throuput": [
    3,
    29,
    66,
    134,
    217,
    313,
    432,
    575,
    708,
    861,
    1014,
    1175,
    1341,
    1534,
    1703,
    1894,
    2062,
    2245,
    2439,
    2624,
    2816,
    3000,
    3192,
    3382,
    3559,
    3748,
    3938,
    4137,
    4331,
    4521,
    4722,
    4927,
    5120,
    5303,
    5498,
    5716,
    5910,
    6099,
    6298,
    6508,
    6703,
    6899,
    7105,
    7286,
    7491,
    7696,
    7914,
    8071,
    8275,
    8487,
    8689,
    8888,
    9074,
    9273,
    9468,
    9673,
    9867,
    10078,
    10273
  ],
  "runningtime": [
    5.476303001244863
  ]
}