{
  "distance": [
    942.5603799585245,
    1321.490151582385,
    1630.571413345628,
    1917.3284483417835,
    1918.2550206923254,
    2252.1071944304,
    2468.7625470175076,
    2699.0531789251,
    2850.5492774585555,
    3016.9832229813774,
    2970.6968241994564,
    3129.666049148868,
    3248.279188694881,
    3308.145661201018,
    3455.4258282712344,
    3513.5561377177155,
    3446.8156163547346,
    3539.281991837383,
    3603.9317964318802,
    3655.08774698186,
    3735.9611266540082,
    3762.231311880496,
    3717.449304884765,
    3761.078511652318,
    3827.4936315164996,
    3857.0847418511967,
    3914.705361011878,
    3935.3952760268908,
    3856.3416365899943,
    3921.127828620585,
    3952.982994298929,
    3983.5754792798875,
    4012.062828418332,
    3951.382020747678,
    3982.82634436295,
    4033.2123286923593,
    4035.4300129814605,
    4077.6496944699247,
    4092.646140627896,
    4044.611860501076,
    4066.583670446757,
    4080.7563678986207,
    4119.786890679058,
    4120.1220926205315,
    4150.06799399795,
    4094.1863168330406,
    4133.6296927821,
    4143.109521592098,
    4162.9865794836305,
    4178.910931167323,
    4205.240520445915,
    4151.77447950384,
    4176.675899503018,
    4182.7510602503,
    4210.035007831222,
    4223.035866439612,
    4225.485553796411,
    4182.10050712947,
    4200.142429355212
  ],
  "speed": [
    10.802402727602184,
    10.822627189300105,
    10.771302207725865,
    10.80792500729073,
    10.761106840268537,
    10.76227741788031,
    10.751026525153797,
    10.735979306422937,
    10.702251133334206,
    10.701656900112642,
    10.679746541948937,
    10.653204015263714,
    10.630663610320138,
    10.60606125218959,
    10.591848949249366,
    10.56363496003853,
    10.540334510103106,
    10.51697474813576,
    10.495507449027299,
    10.47826564467463,
    10.462036273580683,
    10.447932141920498,
    10.434613293573445,
    10.425303031217885,
    10.413680818785103,
    10.400360887483709,
    10.389029470836995,
    10.374972149835868,
    10.357206974842365,
    10.347786517436028,
    10.337160198332663,
    10.321751803242599,
    10.310948458629507,
    10.296478386864852,
    10.284747732996024,
    10.274474474205054,
    10.261246079296201,
    10.247529698848238,
    10.233674932173244,
    10.220707259372567,
    10.214659752703227,
    10.201918433010935,
    10.19104242217192,
    10.176615685195253,
    10.166014070418441,
    10.153033981863414,
    10.142250201115548,
    10.13302143253133,
    10.118433576246792,
    10.105192581293897,
    10.095660405110925,
    10.083502108102037,
    10.074273952618373,
    10.059596272226633,
    10.046864595139564,
    10.033944308248275,
    10.01808046977583,
    10.0033699393575,
    9.989797604147252
  ],
  "throuput": [
    5,
    22,
    61,
    120,
    189,
    282,
    376,
    483,
    615,
    745,
    882,
    1009,
    1139,
    1289,
    1428,
    1573,
    1713,
    1854,
    2002,
    2151,
    2295,
    2437,
    2584,
    2726,
    2869,
    3003,
    3163,
    3311,
    3447,
    3580,
    3736,
    3866,
    4016,
    4169,
    4319,
    4470,
    4605,
    4732,
    4890,
    5040,
    5186,
    5335,
    5475,
    5607,
    5753,
    5905,
    6048,
    6188,
    6332,
    6469,
    6634,
    6776,
    6920,
    7053,
    7192,
    7341,
    7485,
    7624,
    7774
  ],
  "runningtime": [
    2.172385636965434
  ]
}