{
  "distance": [
    934.9692678107104,
    1311.898782076444,
    1619.514565059983,
    1893.8621345987115,
    1888.2770728005696,
    2218.5387214510765,
    2427.9262920038477,
    2642.3259118356286,
    2794.562239609435,
    2953.756352813756,
    2909.159220487847,
    3067.7180196336453,
    3189.4832775330165,
    3248.6701290783903,
    3393.6935451560557,
    3455.1391967444665,
    3398.023255066313,
    3495.2175097945283,
    3564.6739443679303,
    3616.2685209862207,
    3693.5900001381174,
    3723.571059623379,
    3686.154353974362,
    3729.5371996434546,
    3793.8607196987955,
    3822.920270678579,
    3876.623700343795,
    3897.0800408683126,
    3820.209412392026,
    3878.075226990091,
    3907.5853579052487,
    3937.281281935234,
    3962.812904112806,
    3904.5601820396732,
    3941.8284788504325,
    3989.6456989723238,
    3992.5551216608123,
    4034.658883339038,
    4048.644952971267,
    4004.4065580125666,
    4021.8437957594087,
    4037.7053638377674,
    4075.2334928732107,
    4075.1340200972313,
    4105.326720617093,
    4052.1047206278895,
    4092.4214035299797,
    4101.726901088875,
    4123.818010262083,
    4141.377622080615,
    4169.019592225701,
    4118.026169301643,
    4142.074213519923,
    4147.219925398165,
    4175.6590668964345,
    4189.821089347449,
    4195.594090127257,
    4154.536576042005,
    4173.527614919852
  ],
  "speed": [
    10.714634175829712,
    10.746595459481853,
    10.681089107102752,
    10.65111967813012,
    10.563145488121878,
    10.544560529363649,
    10.490031080655502,
    10.417739119088669,
    10.383948385909555,
    10.357059864816534,
    10.315010387740882,
    10.27361417906434,
    10.247619145504721,
    10.200968406574791,
    10.170115785360142,
    10.142501350987654,
    10.136467920548636,
    10.12370442747942,
    10.111914476849613,
    10.0905546029209,
    10.061258344194261,
    10.047778635674081,
    10.042170467823341,
    10.030348850262039,
    10.010300096730312,
    9.994161116113075,
    9.974788948223727,
    9.95326491482221,
    9.937081162647223,
    9.91088662603538,
    9.888754538033842,
    9.864342498748819,
    9.83908469889085,
    9.818901050042584,
    9.815581476443114,
    9.793848744745633,
    9.775448952782739,
    9.757349207722132,
    9.735378550310232,
    9.723441614006157,
    9.69880455789214,
    9.679351997236385,
    9.65634028369299,
    9.63227668215683,
    9.614055969966314,
    9.596120718623977,
    9.578094054474512,
    9.55972027181174,
    9.543098572946086,
    9.529675803109853,
    9.517836195137928,
    9.505878935616645,
    9.490734297867046,
    9.47180499216868,
    9.460468445474762,
    9.44811222136046,
    9.434967328962975,
    9.42342295251579,
    9.411514601189506
  ],
  "throuput": [
    6,
    22,
    54,
    116,
    184,
    260,
    361,
    461,
    597,
    719,
    843,
    972,
    1097,
    1236,
    1381,
    1525,
    1674,
    1816,
    1966,
    2110,
    2249,
    2378,
    2533,
    2684,
    2823,
    2962,
    3120,
    3249,
    3407,
    3541,
    3664,
    3808,
    3950,
    4083,
    4254,
    4384,
    4532,
    4663,
    4816,
    4957,
    5082,
    5239,
    5374,
    5512,
    5657,
    5799,
    5935,
    6088,
    6236,
    6388,
    6529,
    6689,
    6827,
    6981,
    7113,
    7243,
    7392,
    7545,
    7701
  ],
  "runningtime": [
    2.152873142560323
  ]
}