{
  "distance": [
    943.1270634880979,
    1319.6532764689093,
    1632.4170759218862,
    1913.0007844526551,
    1913.0597332452405,
    2249.7058384060583,
    2457.6887262255273,
    2686.7269923210774,
    2841.2139530782624,
    3005.6790128857224,
    2966.33859555506,
    3127.440034683292,
    3242.9634840746935,
    3303.646212240374,
    3449.0045266597213,
    3514.173423108753,
    3448.101277143708,
    3537.7969228361353,
    3602.1734158370446,
    3654.6218782835904,
    3735.6812890740175,
    3760.6876369390166,
    3712.2467889455506,
    3753.9297356013667,
    3814.925265460489,
    3844.7062218098904,
    3900.115948346302,
    3921.3750448202063,
    3844.0827278379957,
    3908.7321812214873,
    3939.1084685343667,
    3969.4097810063868,
    3997.277533887771,
    3935.6671720874865,
    3969.926051326646,
    4019.1747817745254,
    4023.745465774519,
    4066.0047349003316,
    4080.9081411968164,
    4034.3822254190995,
    4054.228756609577,
    4069.431522764755,
    4107.594522571755,
    4108.19730238496,
    4138.047261910212,
    4083.1438290265437,
    4124.056670876363,
    4132.601351214832,
    4154.260130105964,
    4169.041825387779,
    4193.245316444635,
    4140.72851229969,
    4164.412862422869,
    4169.685383959705,
    4196.821416117324,
    4211.279759604966,
    4215.167295503966,
    4174.992502131806,
    4194.203552870951
  ],
  "speed": [
    10.804502616732012,
    10.813099833398152,
    10.788252011469611,
    10.788915286226796,
    10.733271056002325,
    10.746234300336269,
    10.692046235970155,
    10.673496567651656,
    10.652960713048339,
    10.644887402834009,
    10.639879157684998,
    10.623226568192514,
    10.594815050820635,
    10.573304574900606,
    10.554587126806355,
    10.544559317391487,
    10.530541219271347,
    10.501432293589328,
    10.478391666794314,
    10.463506521065925,
    10.446222180516974,
    10.428474308535316,
    10.404060264338948,
    10.39109339216081,
    10.363583665693172,
    10.351093275810666,
    10.335905153208946,
    10.317452127204882,
    10.300507306829818,
    10.289454457914527,
    10.274381834800728,
    10.255918737545102,
    10.240748878943053,
    10.220528951515773,
    10.212641629268674,
    10.197742598192411,
    10.185649919341946,
    10.172229799214387,
    10.158491081802682,
    10.145897447192823,
    10.134222684312938,
    10.12131498170776,
    10.105847412296066,
    10.091807535245158,
    10.080843439615117,
    10.067140518782228,
    10.057735493313888,
    10.044864246183309,
    10.033948943959052,
    10.017312931522932,
    10.001592136500431,
    9.987790618178002,
    9.972621510143874,
    9.953561434504666,
    9.939592741231019,
    9.928876404539444,
    9.914886789933911,
    9.906335999904211,
    9.894510860471613
  ],
  "throuput": [
    5,
    23,
    63,
    117,
    187,
    277,
    370,
    478,
    613,
    737,
    881,
    1006,
    1138,
    1286,
    1427,
    1570,
    1719,
    1856,
    1994,
    2147,
    2289,
    2435,
    2588,
    2722,
    2867,
    3004,
    3157,
    3292,
    3441,
    3575,
    3729,
    3860,
    4011,
    4150,
    4305,
    4438,
    4593,
    4732,
    4874,
    5014,
    5174,
    5316,
    5461,
    5604,
    5747,
    5879,
    6042,
    6176,
    6325,
    6465,
    6610,
    6752,
    6891,
    7027,
    7175,
    7320,
    7471,
    7613,
    7754
  ],
  "runningtime": [
    2.163244930903117
  ]
}