{
  "distance": [
    1076.6261606697026,
    1573.4050180971572,
    2052.2796114161606,
    2465.428721596286,
    2810.989427580886,
    3129.2065453000273,
    3397.7309217041648,
    3649.9876929921925,
    3790.710804763273,
    3943.6145615287837,
    3986.9884190762477,
    4146.103607086192,
    4275.9394954008385,
    4316.883156401414,
    4372.765643488351,
    4401.924721875719,
    4437.620687028067,
    4390.595597739032,
    4257.079244675438,
    4166.680669742343,
    4080.4691392041755,
    4162.618687558426,
    4177.247098784799,
    4281.834181461459,
    4372.739405223092,
    4401.8221186869,
    4383.175810004252,
    4366.476982939474,
    4391.164991370489,
    4384.754976643419,
    4415.201831234551,
    4437.191944380469,
    3822.4876588733205,
    3902.8468691147873,
    3967.063501365197,
    4025.654389193971,
    4105.726012264487,
    4124.571591940301,
    4205.851649510554,
    4257.521243835714,
    4296.301947464434,
    4321.10432277067,
    4344.476736439877,
    4416.772195594307,
    4456.4180032433505,
    4537.625327070305,
    4551.39864399327,
    4566.977110870533,
    4628.40506303126,
    4657.171058116932,
    4696.848413898398,
    4688.1548963344385,
    4735.002693977755,
    4751.283506723336,
    4683.097956883573,
    4702.267386661739,
    4660.186781397765,
    4624.348021664707,
    4650.007425056949
  ],
  "speed": [
    9.128052746380675,
    8.995266629368187,
    8.976321963814284,
    8.892196055814791,
    8.849875454973285,
    8.812068058045355,
    8.828702182587085,
    8.809889927877567,
    8.808667962045009,
    8.770049875616055,
    8.78637644619625,
    8.78009410736641,
    8.778094811181637,
    8.79928191954258,
    8.815540238842711,
    8.824263785344398,
    8.824985136028575,
    8.853169177572735,
    8.839750223254885,
    8.84551446424712,
    8.85288638310281,
    8.852457016771082,
    8.856709208962895,
    8.846586611680877,
    8.84522322215261,
    8.84294622057636,
    8.830721007850855,
    8.828976885017921,
    8.836085031379639,
    8.845695120628209,
    8.845459764195391,
    8.860204173859369,
    8.879363350737743,
    8.888311110485374,
    8.903030944459466,
    8.90720052342903,
    8.906493335255407,
    8.907630664778022,
    8.903628789649227,
    8.913013928881487,
    8.91776801103109,
    8.915783375343635,
    8.911370875583222,
    8.905255129865957,
    8.898784687142625,
    8.90947588582332,
    8.921601921527204,
    8.9223403099077,
    8.925524767568023,
    8.933599565701531,
    8.93947542332053,
    8.939689549385538,
    8.948016311700304,
    8.952236151224632,
    8.952898145879686,
    8.953528481982357,
    8.95676136440667,
    8.960120751030747,
    8.963912413007941
  ],
  "throuput": [
    17,
    34,
    83,
    123,
    169,
    211,
    243,
    288,
    307,
    327,
    346,
    373,
    392,
    420,
    449,
    474,
    495,
    519,
    549,
    567,
    600,
    629,
    670,
    698,
    739,
    774,
    801,
    830,
    861,
    883,
    899,
    924,
    943,
    957,
    976,
    990,
    1004,
    1025,
    1049,
    1075,
    1105,
    1138,
    1180,
    1196,
    1233,
    1273,
    1317,
    1365,
    1396,
    1421,
    1446,
    1478,
    1498,
    1532,
    1548,
    1566,
    1589,
    1618,
    1646
  ],
  "runningtime": [
    2.0653342604637146
  ]
}