{
  "distance": [
    1076.2817853575648,
    1568.0884669817124,
    2040.8713112068579,
    2460.4878202757145,
    2800.4790510762805,
    3117.279950170891,
    3383.6464781021314,
    3638.260576534987,
    3785.031533031127,
    3935.3356113994823,
    3969.9950634061533,
    4128.460647717727,
    4258.116762312925,
    4286.505923423066,
    4348.933825674365,
    4388.517104738635,
    4430.731172668376,
    4379.4974906513435,
    4260.166112863035,
    4179.058317368112,
    4094.2543573105595,
    4169.783420507061,
    4178.485595403518,
    4285.654420414092,
    4374.1732085409685,
    4405.344489481232,
    4391.014860912097,
    4373.239570550915,
    4391.372616194622,
    4384.554512843394,
    4416.529761554386,
    4431.516492641185,
    3816.3798502895106,
    3895.972314564118,
    3953.556006271808,
    4007.936973072876,
    4096.803602420345,
    4119.745348903996,
    4199.035473305454,
    4249.706287271077,
    4286.244655961002,
    4311.235046239148,
    4336.268228664014,
    4413.773445326081,
    4454.398567894984,
    4529.465337108118,
    4535.781531774722,
    4554.176910756553,
    4614.488523013601,
    4640.488440089767,
    4679.560636387239,
    4675.525242521762,
    4719.259316839017,
    4736.661866673219,
    4669.446999319048,
    4690.594396369251,
    4649.580998086863,
    4614.121763854704,
    4640.155860836612
  ],
  "speed": [
    9.126891665630126,
    8.964386212281768,
    8.926497944094212,
    8.875891212538189,
    8.816525110297915,
    8.784354152882882,
    8.80109221374513,
    8.79158875831508,
    8.798401973894366,
    8.751775946091147,
    8.750323075901887,
    8.745197232778402,
    8.747011227402599,
    8.746050801307442,
    8.77119484021291,
    8.788708762908596,
    8.797526830579631,
    8.811178637610753,
    8.815485188979396,
    8.834761751634943,
    8.848608838489914,
    8.835931249159474,
    8.833620645022654,
    8.831587098971434,
    8.827863708266841,
    8.829881122693694,
    8.832634879927582,
    8.83507956564612,
    8.83712211113077,
    8.84755446468686,
    8.854691002288444,
    8.858155071973139,
    8.872507825243819,
    8.879752976353132,
    8.87633323013478,
    8.862846133037625,
    8.876757091174735,
    8.8815879557177,
    8.869202469098772,
    8.873324796920095,
    8.87508024217896,
    8.870432711157607,
    8.866745261576611,
    8.866618344382871,
    8.864246260800453,
    8.86465041565397,
    8.866852000053887,
    8.870872930617121,
    8.870735792854243,
    8.870191136596867,
    8.873382149561662,
    8.879796532675623,
    8.877691246379754,
    8.878491229342282,
    8.877755371317072,
    8.880690074187815,
    8.884705987552573,
    8.887267077472927,
    8.888505239875549
  ],
  "throuput": [
    17,
    34,
    79,
    126,
    167,
    210,
    249,
    285,
    308,
    326,
    348,
    370,
    395,
    422,
    445,
    467,
    493,
    518,
    536,
    569,
    598,
    636,
    670,
    700,
    736,
    777,
    807,
    834,
    864,
    889,
    906,
    923,
    943,
    959,
    965,
    985,
    997,
    1018,
    1047,
    1076,
    1100,
    1133,
    1165,
    1197,
    1232,
    1278,
    1320,
    1362,
    1388,
    1414,
    1446,
    1464,
    1495,
    1524,
    1543,
    1565,
    1585,
    1615,
    1637
  ],
  "runningtime": [
    1.5990486145019531
  ]
}