{
  "distance": [
    1078.1955504129473,
    1574.4531205162482,
    2048.9374740043754,
    2461.884570581652,
    2803.8659431836336,
    3117.3391369898386,
    3382.9881542804364,
    3640.2582988677336,
    3777.6307904918613,
    3940.7501704553406,
    3968.7598177572963,
    4134.606372873561,
    4263.958312415724,
    4297.510456174559,
    4363.797514389107,
    4398.359306014747,
    4437.48406809434,
    4390.050400376935,
    4273.270567605617,
    4186.8668595474655,
    4099.550026800071,
    4178.984899465987,
    4182.5870858393055,
    4289.712337878893,
    4373.967086257654,
    4403.84118175644,
    4383.641689142156,
    4365.674210614345,
    4385.385865637096,
    4382.561016395464,
    4412.497220562056,
    4430.265216584384,
    3816.0563665432946,
    3900.3460995149553,
    3960.4685508929415,
    4020.1746837803717,
    4109.413143027423,
    4129.547205562944,
    4214.71029858744,
    4266.920185741012,
    4300.6210134128105,
    4330.945695016275,
    4353.041220789614,
    4431.3253793451395,
    4469.87102087647,
    4545.015246393695,
    4551.788141571022,
    4564.322562587236,
    4622.191240838117,
    4649.413187580188,
    4688.190483957286,
    4674.163907615999,
    4722.772990214901,
    4739.428168482529,
    4672.397075947631,
    4694.325955328344,
    4652.974040998448,
    4616.840100656063,
    4644.669427387525
  ],
  "speed": [
    9.141945828270108,
    9.005646708185235,
    8.976203598270123,
    8.902095297646966,
    8.843171126635404,
    8.787298008838865,
    8.794821567218571,
    8.789571012487068,
    8.772756705070995,
    8.755472535954711,
    8.736643016624422,
    8.74160869798182,
    8.736709663309691,
    8.741102437579682,
    8.773649942012286,
    8.779238754568905,
    8.781511411544308,
    8.803291743824165,
    8.81522838160249,
    8.825836662663288,
    8.837248852481517,
    8.833654114765125,
    8.821790834915731,
    8.822045257353297,
    8.810241260872608,
    8.80444009351019,
    8.795596476031536,
    8.793408053850921,
    8.798348644937429,
    8.8175628750213,
    8.822758887131434,
    8.829685623162044,
    8.846426546210116,
    8.86112749280526,
    8.864785765935208,
    8.8661952797575,
    8.883758944235893,
    8.89176143687097,
    8.898779793234512,
    8.910849509703334,
    8.911011048395467,
    8.923889016934343,
    8.913556416767385,
    8.914625370554658,
    8.910851031220368,
    8.917063575120343,
    8.923073007301548,
    8.917750867425516,
    8.914704327950165,
    8.920599530449794,
    8.927810280441824,
    8.921286280033106,
    8.934217367270843,
    8.933463350746324,
    8.930034454205503,
    8.933559813009067,
    8.937079447744445,
    8.937861670252381,
    8.944102393136994
  ],
  "throuput": [
    17,
    35,
    83,
    126,
    166,
    208,
    246,
    285,
    307,
    325,
    345,
    367,
    389,
    417,
    446,
    469,
    490,
    517,
    538,
    568,
    597,
    629,
    670,
    705,
    736,
    771,
    805,
    838,
    864,
    889,
    906,
    924,
    940,
    953,
    971,
    985,
    1005,
    1030,
    1052,
    1081,
    1109,
    1141,
    1164,
    1201,
    1240,
    1286,
    1327,
    1361,
    1394,
    1424,
    1457,
    1480,
    1502,
    1517,
    1542,
    1564,
    1592,
    1614,
    1640
  ],
  "runningtime": [
    1.5963846564292907
  ]
}