{
  "distance": [
    1078.9901779668746,
    1577.4633707195749,
    2053.407848993116,
    2473.626747938927,
    2821.3385586180166,
    3137.7841252264843,
    3399.266806894016,
    3654.3607312916115,
    3793.0296063134474,
    3963.78102746155,
    3989.4665784638123,
    4145.292574276037,
    4282.550041393218,
    4308.652815486283,
    4357.88061516663,
    4395.027341568204,
    4431.7953357235465,
    4384.41047413527,
    4269.01412582391,
    4185.7133751510655,
    4100.764580163802,
    4170.117987709715,
    4179.05366623834,
    4291.223170366633,
    4377.748334350112,
    4408.99128617148,
    4388.064794583036,
    4370.341698803928,
    4391.5142235553085,
    4387.500470451814,
    4416.119957122966,
    4438.246028671173,
    3821.0146719181366,
    3904.391071120566,
    3971.964497701665,
    4032.510548015266,
    4112.426713481234,
    4134.624674025973,
    4216.479733282314,
    4265.2285925751785,
    4300.133177998345,
    4326.930049991116,
    4350.0831554133,
    4419.191314926802,
    4455.25994755153,
    4531.488709881803,
    4541.408451590437,
    4557.030375634418,
    4622.381407602691,
    4647.091537495122,
    4684.02390077093,
    4674.923171879693,
    4722.475377191132,
    4743.254955129199,
    4679.357900210155,
    4697.5906421252585,
    4654.608260266282,
    4618.23715665634,
    4642.824365831228
  ],
  "speed": [
    9.147214507666899,
    9.016320726370585,
    8.97724095211113,
    8.920301899462855,
    8.88460941853407,
    8.839666294534531,
    8.842443135821139,
    8.835998597738566,
    8.824934518281069,
    8.821886648495441,
    8.799673031119701,
    8.792224725661796,
    8.80544543776814,
    8.798027131318735,
    8.805523380983098,
    8.82501226904993,
    8.822785289483232,
    8.839561930031932,
    8.850302747017286,
    8.866635956032317,
    8.881543354625247,
    8.855553392065358,
    8.854704662213098,
    8.863445408494217,
    8.848438610531836,
    8.852455627059976,
    8.840644374144333,
    8.841734339208129,
    8.846902200710975,
    8.863794543215567,
    8.863046285959411,
    8.878274502510154,
    8.891747331807753,
    8.905535840765078,
    8.928175494877403,
    8.933149006909124,
    8.93062821690409,
    8.93828804913311,
    8.934368628495633,
    8.939534330918423,
    8.939688963200888,
    8.941581119606894,
    8.935796012860271,
    8.92086542105592,
    8.910312141711156,
    8.913384088860793,
    8.916779922797952,
    8.911515216747226,
    8.921123065293253,
    8.92059218130394,
    8.922645463932632,
    8.919040081815941,
    8.923362053261808,
    8.928092511866016,
    8.93352360445735,
    8.934261841454642,
    8.937267014511491,
    8.938204933220675,
    8.93865996016807
  ],
  "throuput": [
    16,
    35,
    83,
    123,
    173,
    208,
    252,
    288,
    306,
    323,
    351,
    372,
    388,
    424,
    453,
    469,
    491,
    510,
    539,
    570,
    599,
    632,
    671,
    697,
    736,
    778,
    803,
    839,
    863,
    889,
    904,
    921,
    944,
    957,
    977,
    989,
    1004,
    1028,
    1051,
    1079,
    1106,
    1141,
    1171,
    1201,
    1239,
    1271,
    1314,
    1356,
    1396,
    1424,
    1448,
    1471,
    1492,
    1517,
    1552,
    1569,
    1592,
    1617,
    1643
  ],
  "runningtime": [
    1.620261053244273
  ]
}