{
  "distance": [
    1064.5353460586387,
    1494.2162272283483,
    1740.8992917656155,
    1931.8619213094644,
    2074.6490482568374,
    2353.4664874298974,
    2469.422199918571,
    2419.0528677027955,
    2571.8449956833038,
    2646.004374375703,
    2792.244442707918,
    2987.5090165354873,
    3110.2675403110393,
    3160.330153250871,
    3204.50624915047,
    3118.5831326318566,
    3206.543031154398,
    3317.9892554490366,
    3400.2549024253462,
    3428.69288409344,
    3466.9578692743103,
    3486.2477845631843,
    3521.015827042835,
    3614.950753063371,
    3535.538890057726,
    3562.9251974983476,
    3629.6025173946223,
    3668.4038242152037,
    3710.832231505736,
    3697.082389850443,
    3722.533040589059,
    3762.5941796056363,
    3693.3540438051155,
    3729.0822036515406,
    3761.5958077707915,
    3795.6422444485283,
    3826.2890963866244,
    3833.135202377556,
    3867.8444294885358,
    3872.661979265186,
    3905.483266834,
    3813.928762773403,
    3856.3096120704813,
    3881.9911871923323,
    3886.7255296456037,
    3907.859105167146,
    3947.4122371968288,
    3968.593593717352,
    3976.501334093699,
    3915.5471665807395,
    3922.967868176608,
    3937.3286700725844,
    3935.2657589280966,
    3966.907869418404,
    3989.98286754454,
    4011.334734824163,
    4016.763406121253,
    3950.9058585129224,
    3994.8107445830733
  ],
  "speed": [
    9.125302989934314,
    9.026880749818854,
    8.932720986122964,
    8.97323129696674,
    8.970030288144208,
    8.998962168652408,
    9.010395005034024,
    9.016954735700018,
    9.02004565681898,
    8.992998574576628,
    8.998066726132118,
    9.00288790891981,
    9.01707017550969,
    9.027372998070222,
    9.040689759197257,
    9.055499420397723,
    9.067151373626356,
    9.07475210115506,
    9.07158695453232,
    9.071875401693164,
    9.078109256379179,
    9.075617133879996,
    9.081176865037891,
    9.082438699805657,
    9.091370185077523,
    9.092932043849554,
    9.095976156214464,
    9.099941047084616,
    9.104209493558512,
    9.112819338817017,
    9.111810871735905,
    9.114447623475394,
    9.110801152093796,
    9.11094018259563,
    9.114903741234135,
    9.116206517836934,
    9.113962332268605,
    9.114201639462522,
    9.119388937843086,
    9.120442640540547,
    9.119349678447032,
    9.121468399941646,
    9.120158402150498,
    9.110892473003918,
    9.108694600826341,
    9.111478987974978,
    9.109919874427083,
    9.109384612137404,
    9.10893894751619,
    9.114877023929749,
    9.113727697159526,
    9.111909586936703,
    9.110459357599533,
    9.109077550899409,
    9.110901259584322,
    9.109885637534255,
    9.114787297099815,
    9.11414983690098,
    9.120764663526984
  ],
  "throuput": [
    14,
    42,
    75,
    109,
    182,
    258,
    335,
    411,
    497,
    577,
    678,
    766,
    844,
    945,
    1041,
    1142,
    1256,
    1356,
    1450,
    1532,
    1644,
    1733,
    1835,
    1923,
    2031,
    2134,
    2222,
    2322,
    2432,
    2527,
    2625,
    2712,
    2816,
    2922,
    3021,
    3120,
    3219,
    3310,
    3414,
    3522,
    3617,
    3702,
    3804,
    3904,
    3996,
    4095,
    4180,
    4292,
    4392,
    4492,
    4608,
    4707,
    4796,
    4888,
    4991,
    5090,
    5185,
    5283,
    5384
  ],
  "runningtime": [
    3.111705791950226
  ]
}