{
  "distance": [
    1058.1141015197913,
    1477.5990926597294,
    1713.3393853199536,
    1907.5495762937728,
    2050.3089117362147,
    2329.621460655556,
    2449.419870079453,
    2400.2577783849792,
    2550.064013819889,
    2629.5504764151883,
    2770.230453480601,
    2965.9276390665723,
    3087.334541713311,
    3142.131084114275,
    3188.584490971453,
    3097.9413727018614,
    3192.057156990506,
    3299.657101700634,
    3382.808711347886,
    3412.8312389565504,
    3447.454281219048,
    3469.3329207529437,
    3511.200914661059,
    3604.792013081135,
    3523.994660022745,
    3550.1413081589744,
    3614.4786341186355,
    3650.467522720721,
    3695.822780915643,
    3683.048265473449,
    3709.2353803041706,
    3746.4541991327455,
    3676.349146205592,
    3714.238615277472,
    3746.056977357301,
    3780.8029443496625,
    3813.8045275344825,
    3821.151874368343,
    3853.406055587548,
    3861.61409917652,
    3894.308277653778,
    3803.101051873648,
    3843.794676693621,
    3871.207606588115,
    3879.0459243946943,
    3897.413452349806,
    3937.1545887314423,
    3959.7967470034378,
    3969.1875774910195,
    3908.442352756994,
    3914.424849900602,
    3929.965486092667,
    3926.273895710239,
    3960.1307305219693,
    3982.845752431212,
    4005.1352202640082,
    4011.7629924960765,
    3944.5450847383104,
    3988.26788303267
  ],
  "speed": [
    9.073455821795461,
    8.929290159093242,
    8.804226129113825,
    8.868485183618953,
    8.863922394570476,
    8.901812908162754,
    8.912650574714606,
    8.921925891408272,
    8.915292596529556,
    8.899410691927411,
    8.885436576016168,
    8.892302571678405,
    8.89663389571861,
    8.91513710676636,
    8.92720456323569,
    8.926095157957471,
    8.947532632544503,
    8.934010129342866,
    8.929286553691847,
    8.932571854565499,
    8.927890168116024,
    8.930479245591798,
    8.946040460435345,
    8.9435569413497,
    8.94724807274157,
    8.93856691276283,
    8.932869502472505,
    8.92931473052258,
    8.936436785740977,
    8.943451831108721,
    8.94470323394769,
    8.941104596527612,
    8.935649895452164,
    8.93786915740067,
    8.9373336542651,
    8.942352819996833,
    8.944370472507401,
    8.941653342100786,
    8.940677151284262,
    8.946490691019982,
    8.944721261293878,
    8.94721890455567,
    8.942805933937967,
    8.938876722852088,
    8.944364244436875,
    8.941295170454074,
    8.940280422081303,
    8.943651364289126,
    8.946029954403544,
    8.952545841933727,
    8.948999810668065,
    8.950436395581072,
    8.94498993331353,
    8.949186321299242,
    8.94801472656395,
    8.94735250160157,
    8.954173792177958,
    8.952432219040492,
    8.957999485614554
  ],
  "throuput": [
    14,
    42,
    75,
    107,
    178,
    250,
    327,
    409,
    491,
    566,
    676,
    753,
    832,
    928,
    1030,
    1135,
    1229,
    1338,
    1431,
    1524,
    1622,
    1714,
    1814,
    1919,
    2006,
    2113,
    2206,
    2311,
    2408,
    2524,
    2606,
    2705,
    2802,
    2901,
    3011,
    3113,
    3195,
    3293,
    3391,
    3501,
    3601,
    3696,
    3793,
    3890,
    3982,
    4082,
    4177,
    4275,
    4382,
    4485,
    4592,
    4692,
    4778,
    4863,
    4970,
    5070,
    5186,
    5270,
    5366
  ],
  "runningtime": [
    2.3924543579419453
  ]
}