{
  "distance": [
    1059.3121372042654,
    1484.778320607965,
    1726.793775735084,
    1926.268380631905,
    2064.5128667332674,
    2337.953032468767,
    2460.215248287497,
    2408.6451545693913,
    2564.0252847232487,
    2648.2186224467696,
    2785.7570680394315,
    2986.5798108770114,
    3105.277843738603,
    3158.0293805039005,
    3203.010242531746,
    3110.789344057766,
    3196.1550589539484,
    3306.529305946978,
    3388.0862362587904,
    3416.496376600929,
    3454.203480183126,
    3479.4330590011405,
    3515.2867970009825,
    3610.9640414174064,
    3530.990492256242,
    3559.1184076335885,
    3623.3693186852815,
    3662.0469039981976,
    3707.811652842563,
    3693.658678836173,
    3719.025793156582,
    3757.453557532064,
    3691.729596365962,
    3728.7740110025807,
    3760.808052081683,
    3792.8774750244015,
    3824.6900014119356,
    3833.703336432097,
    3867.4118946918566,
    3869.062581113891,
    3901.0800511373295,
    3810.8136300621204,
    3853.9549080753754,
    3881.5160085363464,
    3888.703598954077,
    3907.3297338523703,
    3948.4455258783155,
    3969.55692671134,
    3978.7205220134547,
    3914.7382859199006,
    3921.1242776496106,
    3935.146572937462,
    3933.319670524432,
    3962.7543874391104,
    3984.8270781705587,
    4009.3914547157647,
    4013.627826681208,
    3947.2460534395796,
    3990.5046163716625
  ],
  "speed": [
    9.085101240498467,
    8.976693310735811,
    8.873436996654604,
    8.964425963267287,
    8.948022004793748,
    8.963275801110616,
    8.98777650749612,
    8.984066514458407,
    8.990316052710707,
    8.996010943716982,
    8.967672842704511,
    8.984495916408653,
    8.984563963154967,
    8.994362153012503,
    9.006428376786532,
    9.007598367535227,
    9.004505361113466,
    9.002879248451114,
    8.994409533160278,
    8.991867647797974,
    8.992632937800499,
    8.997653394800146,
    8.997989076931024,
    8.99695184916518,
    9.002806117273794,
    9.00061984618204,
    8.992205791910886,
    8.995126497636754,
    9.003738873910104,
    9.011890670668098,
    9.012283888263486,
    9.009279497962048,
    9.011733825960949,
    9.014337357826404,
    9.015002442911452,
    9.015294737578813,
    9.014860811416062,
    9.019019025260114,
    9.023290686839571,
    9.02018082578615,
    9.019300648412791,
    9.02414480947828,
    9.026727171265616,
    9.023853696860442,
    9.02745813275521,
    9.026086138536334,
    9.030061580550544,
    9.032505369017953,
    9.038576296118991,
    9.040855877353746,
    9.038132093989015,
    9.035980632042692,
    9.035496237387948,
    9.031312828324554,
    9.03169487476768,
    9.036431782149727,
    9.039966865500892,
    9.040365434281451,
    9.045621465289242
  ],
  "throuput": [
    15,
    42,
    75,
    112,
    186,
    258,
    332,
    408,
    493,
    577,
    675,
    758,
    841,
    931,
    1041,
    1144,
    1234,
    1343,
    1439,
    1526,
    1621,
    1708,
    1820,
    1912,
    2020,
    2112,
    2208,
    2311,
    2423,
    2527,
    2615,
    2699,
    2802,
    2910,
    3015,
    3112,
    3209,
    3301,
    3415,
    3521,
    3611,
    3698,
    3808,
    3896,
    3990,
    4094,
    4192,
    4298,
    4404,
    4494,
    4609,
    4696,
    4788,
    4889,
    4978,
    5083,
    5191,
    5276,
    5377
  ],
  "runningtime": [
    2.530125653743744
  ]
}