{
  "distance": [
    1062.9162225084553,
    1493.9988250830263,
    1740.390070966396,
    1929.3631932496846,
    2070.6735808610956,
    2346.2880451861975,
    2461.7680987641425,
    2416.0390934361058,
    2565.89701042845,
    2642.3317226360714,
    2786.2132644696103,
    2983.4011348954523,
    3101.2617490470793,
    3155.2766249606884,
    3197.6928450020077,
    3111.6368267439116,
    3199.256159921738,
    3309.6700066928347,
    3395.4604035059656,
    3425.85848674526,
    3462.1884960756606,
    3479.277626442553,
    3518.6361076779826,
    3612.261929449402,
    3531.9031609233252,
    3560.767303076738,
    3624.2900322535934,
    3664.2032706197974,
    3708.9252907126206,
    3693.3382278466997,
    3721.793178769597,
    3759.2436706837893,
    3690.5468451819033,
    3728.6221144873616,
    3756.7735053055953,
    3789.3440658626814,
    3822.8716142698954,
    3830.8108590907923,
    3865.0983235584868,
    3872.0904505013445,
    3906.807518955861,
    3812.9679624888686,
    3853.9440665456373,
    3881.2045476992907,
    3888.2509820566165,
    3907.4260355242786,
    3949.6138516072706,
    3970.449570793066,
    3979.2408270897467,
    3915.8750385553335,
    3924.460303781172,
    3938.9396417332573,
    3938.5490033295027,
    3969.4601080187276,
    3992.9089654954905,
    4014.6888073820887,
    4019.1163738485034,
    3952.807101234826,
    3995.5289248292215
  ],
  "speed": [
    9.11386988559334,
    9.038510447745123,
    8.944492032979909,
    8.980918295155536,
    8.977792100351397,
    8.998956253863572,
    8.997337961344329,
    9.017721617263083,
    9.004075880152682,
    8.980096695593813,
    8.970225480558764,
    8.982812980236877,
    8.978432083024503,
    8.996004724239446,
    9.004588049785745,
    9.01478758370205,
    9.017900464961642,
    9.019778259755975,
    9.025062265172794,
    9.032362800564544,
    9.034328669035725,
    9.02885661253767,
    9.041080483968322,
    9.03901514719303,
    9.04456227977234,
    9.049432616132123,
    9.043393411156591,
    9.050032943808521,
    9.054090271996394,
    9.055833150134765,
    9.064338061233952,
    9.061721169592783,
    9.059285348180474,
    9.063223095912944,
    9.056514539215758,
    9.057433001730699,
    9.063107627703552,
    9.06631471684369,
    9.068557932169629,
    9.074218502230295,
    9.07762804295736,
    9.077715937541535,
    9.075986998174917,
    9.071006613472695,
    9.076909133114329,
    9.077494624647514,
    9.0844638174101,
    9.084269736068498,
    9.08635042686426,
    9.088095366093924,
    9.090163049006799,
    9.08922787391549,
    9.089622950903255,
    9.087111367885774,
    9.091115680702297,
    9.092012194197443,
    9.095822407080362,
    9.09584407182144,
    9.100734449680939
  ],
  "throuput": [
    15,
    44,
    74,
    116,
    182,
    257,
    332,
    411,
    492,
    572,
    673,
    764,
    841,
    942,
    1035,
    1135,
    1243,
    1350,
    1442,
    1529,
    1641,
    1731,
    1823,
    1915,
    2025,
    2124,
    2219,
    2315,
    2413,
    2532,
    2622,
    2710,
    2812,
    2917,
    3029,
    3118,
    3219,
    3300,
    3402,
    3515,
    3616,
    3716,
    3803,
    3902,
    4011,
    4096,
    4190,
    4284,
    4390,
    4496,
    4600,
    4697,
    4791,
    4891,
    5005,
    5086,
    5192,
    5289,
    5390
  ],
  "runningtime": [
    3.145732053120931
  ]
}