{
  "distance": [
    970.868754926712,
    1295.05602175205,
    1638.5098562673963,
    1901.181168667854,
    2092.5206645250405,
    2354.720708669674,
    2554.175442828178,
    2729.624957777149,
    2857.4128717307635,
    2910.587250382908,
    3048.432582846007,
    3126.9885333206903,
    3232.2946866623415,
    3294.7111095171113,
    3291.9778634993168,
    3382.0264823714665,
    3436.262933877171,
    3486.7599091208685,
    3534.523080940825,
    3521.5369537948345,
    3577.5648363209116,
    3618.5213284647766,
    3662.0277976953807,
    3694.984642080429,
    3653.632682291406,
    3699.5397610406194,
    3739.272456437114,
    3769.784616035692,
    3792.3280475238535,
    3795.2544819170075,
    3794.346440188945,
    3817.046598591526,
    3836.0970674272667,
    3863.490133326586,
    3870.9561980988797,
    3853.2270844094533,
    3875.900298802664,
    3889.013580556679,
    3903.943998382751,
    3915.0390960294285,
    3906.643259493595,
    3915.631518709601,
    3929.131575769978,
    3946.654284371294,
    3950.7653720410017,
    3929.429319900521,
    3950.6802568287476,
    3961.961555226791,
    3976.8361527938396,
    3996.4232279515077,
    3958.1591597327633,
    3979.200329495942,
    3996.902736760004,
    4005.5682961490497,
    4016.4694873524295,
    4022.4078505475663,
    4007.6688131375113,
    4018.089606424895,
    4041.3129786247487
  ],
  "speed": [
    11.664422365959695,
    11.506959805551332,
    11.473999548152744,
    11.390508929319072,
    11.336244926676418,
    11.296501029058104,
    11.213913274050611,
    11.149223920878368,
    11.067014180170439,
    10.976051817975444,
    10.919266247956358,
    10.828521832734639,
    10.737379038315998,
    10.658918841681585,
    10.585210164917212,
    10.52689340662616,
    10.452111314122192,
    10.367623524238326,
    10.290279924139881,
    10.20715956237963,
    10.146590268197372,
    10.076777392682716,
    10.008054288379089,
    9.93085625041974,
    9.856993264840105,
    9.79307799894899,
    9.728880414898194,
    9.66058735465063,
    9.589935107921796,
    9.521246561792816,
    9.45528986986482,
    9.39456433758332,
    9.330486025711895,
    9.264891685975755,
    9.197498038850181,
    9.13734719378429,
    9.077604292744383,
    9.01449510318307,
    8.953502986102851,
    8.892779707175512,
    8.83398381044358,
    8.777248169138648,
    8.71849625237033,
    8.663703651599272,
    8.607835606824525,
    8.551912938486927,
    8.503513310775388,
    8.452949926300992,
    8.403289823516127,
    8.350748090820103,
    8.295167826062332,
    8.250721318843434,
    8.203876170373405,
    8.1583163386849,
    8.11532237522646,
    8.065674469734676,
    8.024143722072013,
    7.981058166961685,
    7.9367214867358475
  ],
  "throuput": [
    2,
    11,
    33,
    69,
    130,
    191,
    282,
    365,
    451,
    553,
    644,
    747,
    852,
    947,
    1046,
    1141,
    1247,
    1348,
    1429,
    1531,
    1642,
    1732,
    1827,
    1937,
    2045,
    2141,
    2236,
    2344,
    2442,
    2538,
    2644,
    2737,
    2839,
    2947,
    3038,
    3146,
    3240,
    3343,
    3453,
    3549,
    3644,
    3744,
    3845,
    3941,
    4036,
    4146,
    4235,
    4348,
    4446,
    4550,
    4644,
    4749,
    4851,
    4960,
    5056,
    5151,
    5253,
    5353,
    5449
  ],
  "runningtime": [
    2.2583167791366576
  ]
}