{
  "distance": [
    966.6636288682246,
    1289.08802383312,
    1620.7761644604893,
    1872.217905614569,
    2055.1171865616475,
    2322.3939702075513,
    2521.1215712087846,
    2688.006307928238,
    2821.020414593587,
    2879.103076373906,
    3011.404780493426,
    3095.88418296788,
    3204.263781742394,
    3272.213431799266,
    3272.862359837165,
    3361.884445416217,
    3414.676731502189,
    3468.5316556720286,
    3516.557915149081,
    3503.7748564782337,
    3553.63193359673,
    3591.5670790359623,
    3630.304791819389,
    3666.1198247044517,
    3624.6977681889507,
    3671.3938166886514,
    3711.8219946678723,
    3744.453462324213,
    3769.202745220516,
    3770.6288384665527,
    3771.8003610226683,
    3795.217360943372,
    3818.781425302731,
    3844.5229514124094,
    3854.3849640308354,
    3836.610603359665,
    3858.7011886277237,
    3875.4583210002497,
    3889.5439255550364,
    3899.785422844132,
    3892.1916488337915,
    3898.9070602973743,
    3915.508857449358,
    3937.074899726359,
    3942.5904411781494,
    3921.5065960435873,
    3943.4489222278567,
    3954.733192181536,
    3967.6330748165115,
    3987.1026155164136,
    3949.410504138441,
    3968.081088797447,
    3983.881210492182,
    3993.1160475266347,
    4001.982379486745,
    4008.157990549658,
    3993.3927977385647,
    4003.9519652990166,
    4026.547389588732
  ],
  "speed": [
    11.617622332363888,
    11.446935150763185,
    11.337552990629938,
    11.211973791497433,
    11.137127569491913,
    11.125660356348364,
    11.033129166435172,
    10.916239887278046,
    10.841476980165421,
    10.754897001626473,
    10.676870005702753,
    10.594001582739144,
    10.50336698410129,
    10.433349834522016,
    10.35935417452403,
    10.290008007656905,
    10.202497385618438,
    10.112041435813092,
    10.031244369345854,
    9.949517194013767,
    9.87196543527154,
    9.792982461346044,
    9.715579867769993,
    9.64619889788484,
    9.56797436078145,
    9.50333712694715,
    9.442003031029868,
    9.379201078177312,
    9.312078365137543,
    9.24144917347383,
    9.180157946440483,
    9.121898193782396,
    9.07006786245515,
    9.00569957026001,
    8.949462844907107,
    8.890866558948565,
    8.831127147574403,
    8.778212683229505,
    8.719075130553321,
    8.65605294721538,
    8.599651076031757,
    8.538230037019899,
    8.483519103202427,
    8.435604723948542,
    8.382195383209973,
    8.325632777170195,
    8.279840669502297,
    8.231809678611171,
    8.181320667797593,
    8.13093831641234,
    8.078083894801908,
    8.031851186418313,
    7.983301230142332,
    7.939786447505635,
    7.8920086470438475,
    7.842752303852176,
    7.801644564628019,
    7.7604034043369206,
    7.716275645707873
  ],
  "throuput": [
    2,
    8,
    34,
    70,
    126,
    182,
    276,
    354,
    443,
    534,
    638,
    733,
    828,
    919,
    1027,
    1113,
    1218,
    1306,
    1411,
    1505,
    1611,
    1711,
    1812,
    1911,
    2013,
    2121,
    2215,
    2310,
    2415,
    2518,
    2609,
    2711,
    2823,
    2926,
    3028,
    3111,
    3212,
    3314,
    3419,
    3512,
    3614,
    3709,
    3800,
    3904,
    4006,
    4105,
    4211,
    4325,
    4422,
    4515,
    4622,
    4723,
    4824,
    4918,
    5015,
    5120,
    5227,
    5330,
    5427
  ],
  "runningtime": [
    1.5481642643610636
  ]
}