{
  "distance": [
    975.6183493524787,
    1299.8272457176022,
    1634.833619444179,
    1886.6451566350624,
    2068.0551258078426,
    2333.0555556152685,
    2532.638476204954,
    2702.6081698429903,
    2834.8291760823154,
    2891.5284650893313,
    3028.3803615337506,
    3102.38088643103,
    3211.410231861612,
    3271.7463593221064,
    3267.819202139071,
    3349.464117622568,
    3406.8229229377353,
    3461.498417723696,
    3508.252969248991,
    3491.5820968557377,
    3543.1455105243567,
    3586.713646425642,
    3626.502061392677,
    3658.374754256244,
    3616.894989132761,
    3665.5719975302013,
    3706.6557863386115,
    3737.778455453433,
    3760.3152735559183,
    3766.886512745398,
    3770.144321768165,
    3793.7713075704223,
    3815.1780837873443,
    3843.4510640580957,
    3855.289705842408,
    3839.327780009972,
    3864.642391885852,
    3882.8556229843966,
    3898.602789571252,
    3908.0786711451046,
    3899.561359366136,
    3905.6494087602623,
    3920.849389008905,
    3940.2756527887577,
    3944.5685088962427,
    3923.5354113182802,
    3944.0481476617024,
    3954.7010536743783,
    3966.845222507211,
    3983.9878778958264,
    3946.9558219317078,
    3967.3453365413357,
    3985.1839903235627,
    3992.1932284735512,
    4000.556554602763,
    4006.8307949370583,
    3991.1767412595577,
    4001.3705697261094,
    4025.2263631707688
  ],
  "speed": [
    11.721485975400226,
    11.55086657220664,
    11.462243017469982,
    11.321008545207137,
    11.22286878695361,
    11.198833930750622,
    11.111757897068083,
    11.01490064748876,
    10.942381356186182,
    10.855379135885684,
    10.789402155492677,
    10.675287825981014,
    10.594990999405377,
    10.501004257498797,
    10.40830042483513,
    10.315361626120167,
    10.238632661893616,
    10.153112622289127,
    10.07131315314431,
    9.976988178583426,
    9.898413582428315,
    9.827313773769285,
    9.748699545736855,
    9.664466844017715,
    9.578725527983806,
    9.514986204805668,
    9.452667070364473,
    9.383060606043113,
    9.310099205243867,
    9.245840177249283,
    9.188028465218592,
    9.130491645077674,
    9.07232229694218,
    9.01184513805633,
    8.958332425239298,
    8.906034178642228,
    8.855182512915597,
    8.805623669340749,
    8.751096250183396,
    8.688845478483948,
    8.634733080894357,
    8.576845328091904,
    8.52481616696172,
    8.475687878486264,
    8.423627752278719,
    8.370521152097616,
    8.324843285155884,
    8.277408523591431,
    8.226100149664036,
    8.172469158254842,
    8.121567580029824,
    8.078576489360392,
    8.03280099395976,
    7.98440440230938,
    7.93663251295469,
    7.888267658448712,
    7.845050803743578,
    7.802091941380435,
    7.760678719596686
  ],
  "throuput": [
    2,
    10,
    36,
    69,
    128,
    189,
    274,
    357,
    453,
    543,
    639,
    748,
    837,
    929,
    1024,
    1116,
    1216,
    1316,
    1420,
    1508,
    1601,
    1709,
    1809,
    1904,
    2006,
    2112,
    2211,
    2305,
    2410,
    2502,
    2614,
    2713,
    2810,
    2923,
    3029,
    3121,
    3215,
    3331,
    3430,
    3535,
    3636,
    3742,
    3822,
    3927,
    4027,
    4132,
    4228,
    4335,
    4433,
    4537,
    4629,
    4729,
    4827,
    4931,
    5028,
    5129,
    5236,
    5330,
    5439
  ],
  "runningtime": [
    1.693853990236918
  ]
}