{
  "distance": [
    1066.1281621014189,
    1424.6622301091836,
    1768.8616954491406,
    2095.63127799223,
    2287.9785883748673,
    2522.327357146704,
    2759.1913350649475,
    2910.6790643519716,
    3079.1335503275636,
    3219.3892300271496,
    3294.0601377093994,
    3410.371472734807,
    3489.408332868238,
    3575.187468692333,
    3619.5364488822647,
    3690.055150490771,
    3700.0672346473293,
    3758.9823493714875,
    3769.9181739047744,
    3766.672773805182,
    3800.075740370546,
    3805.9834332172104,
    3821.5189592024294,
    3564.7171197620182,
    3653.888924260304,
    3688.65025284748,
    3740.2786467169285,
    3763.918290552121,
    3823.661524470249,
    3849.6206421791508,
    3900.7308500526547,
    3931.1562423116725,
    3946.271606127643,
    3970.877039724983,
    4004.9884956155365,
    4032.0390821851943,
    4042.709842554467,
    4064.7865579520276,
    4080.313220516512,
    4095.4268302381997,
    4106.641813263013,
    4096.164433330384,
    4120.627732000499,
    4144.863905909312,
    4136.455933596817,
    4120.5398213164135,
    4132.870744725637,
    4141.446503661636,
    3989.927340033697,
    4028.045423253841,
    4043.694998194756,
    4064.3581212714407,
    4073.3849590031928,
    4100.840677444002,
    4117.070302570001,
    4132.467215098813,
    4134.240446861992,
    4146.734244993013,
    4164.378020753049
  ],
  "speed": [
    9.427894323418263,
    9.41879099863156,
    9.339425992173243,
    9.298660803235627,
    9.29599143655324,
    9.259956556976855,
    9.270620218245373,
    9.283944718135285,
    9.3008142176396,
    9.29524233809927,
    9.306806827907662,
    9.299034966852242,
    9.301275497672243,
    9.307280145684842,
    9.315436759679638,
    9.329548802257301,
    9.333279675450912,
    9.337306947240126,
    9.337162919175677,
    9.334114309350193,
    9.339666488877427,
    9.34725217725249,
    9.35108871931288,
    9.34466495371017,
    9.347845417885969,
    9.348348899979795,
    9.353548110427026,
    9.350962132250384,
    9.351283623079379,
    9.353143113879607,
    9.355192589981069,
    9.352705065559077,
    9.350893766151213,
    9.35076277757765,
    9.35381601471396,
    9.353672089754667,
    9.354966733484414,
    9.352101885042558,
    9.352942149320608,
    9.353383602744403,
    9.352406771266256,
    9.352070971685794,
    9.35101442531847,
    9.352156741810155,
    9.352435899516411,
    9.351163880486626,
    9.352361373744586,
    9.353432591491648,
    9.357217329622534,
    9.359145494429011,
    9.361628058610835,
    9.360772556519194,
    9.361960380927599,
    9.363750234940037,
    9.362913551360952,
    9.361172979092876,
    9.364412127094823,
    9.365521524759568,
    9.365451610150403
  ],
  "throuput": [
    13,
    39,
    103,
    182,
    288,
    402,
    529,
    694,
    862,
    1038,
    1216,
    1389,
    1578,
    1768,
    1951,
    2173,
    2352,
    2546,
    2765,
    2951,
    3136,
    3316,
    3494,
    3677,
    3849,
    4028,
    4210,
    4381,
    4559,
    4724,
    4914,
    5067,
    5252,
    5438,
    5627,
    5812,
    5974,
    6165,
    6356,
    6550,
    6735,
    6937,
    7122,
    7324,
    7519,
    7705,
    7894,
    8064,
    8248,
    8428,
    8618,
    8805,
    8982,
    9156,
    9315,
    9505,
    9683,
    9857,
    10041
  ],
  "runningtime": [
    5.443348105748495
  ]
}