{
  "distance": [
    1082.6899221031315,
    1441.7744848632742,
    1795.0222454571172,
    2127.6189443814037,
    2313.1270324706798,
    2546.570397355506,
    2779.036939891989,
    2925.2229900568495,
    3095.4583556231196,
    3240.4780786173224,
    3314.092565445399,
    3429.885889658912,
    3507.3170938571698,
    3594.0753209649,
    3638.3639472212994,
    3707.930849284889,
    3714.450232604121,
    3775.8667398461716,
    3788.5939641943323,
    3785.7075393126293,
    3818.6448072072703,
    3818.8109272417078,
    3835.329048228659,
    3578.819389360552,
    3668.81093719132,
    3705.032489997373,
    3752.4612381632746,
    3777.4049803149746,
    3837.123734604951,
    3863.4727279109616,
    3917.0354118192295,
    3946.1932731013308,
    3962.503863710723,
    3984.2658328124016,
    4017.83278598634,
    4046.3718568549375,
    4054.4874491496907,
    4074.116723445545,
    4087.8667562326423,
    4101.391857733767,
    4113.3980992812385,
    4101.3242182027125,
    4124.517345033319,
    4147.413173109174,
    4141.382123097011,
    4125.879111483928,
    4136.947440096531,
    4145.491233427673,
    3993.947219216674,
    4032.0948446946068,
    4047.435199391986,
    4068.3783741109314,
    4075.922373073725,
    4103.531793824698,
    4121.1852910764865,
    4136.726726152599,
    4138.291860584819,
    4150.051814558225,
    4168.376864311189
  ],
  "speed": [
    9.573955883267827,
    9.539230446135605,
    9.489472086296221,
    9.469317521671211,
    9.431889092507507,
    9.38732892388522,
    9.37053277585346,
    9.369820301298018,
    9.389190284141119,
    9.39565098277884,
    9.404683762167432,
    9.395858174086893,
    9.39314945684117,
    9.395434987367567,
    9.405769981816228,
    9.417712763280896,
    9.416016505244297,
    9.430181770279864,
    9.435666913707518,
    9.435169104850438,
    9.440200387062777,
    9.435620831646737,
    9.44427651805558,
    9.445500573716854,
    9.454537298201856,
    9.459520920764843,
    9.457601356153504,
    9.460671122292988,
    9.461555272288706,
    9.463655812813785,
    9.473039347721654,
    9.468440854129629,
    9.471921560242787,
    9.468267047898763,
    9.469979094324529,
    9.474408508806047,
    9.472501749235953,
    9.46704475415068,
    9.46679240767811,
    9.463655413508606,
    9.464833753336318,
    9.46267675899304,
    9.45881103812971,
    9.45705684553983,
    9.462160763307313,
    9.461255915658898,
    9.458317289003142,
    9.458348056403421,
    9.462014716333469,
    9.46337013825358,
    9.464951703910298,
    9.464467792165442,
    9.462021408137899,
    9.462502709157217,
    9.464662662693883,
    9.463496529787841,
    9.46469378513633,
    9.462464104638581,
    9.460765509348443
  ],
  "throuput": [
    14,
    43,
    108,
    195,
    299,
    406,
    540,
    702,
    874,
    1049,
    1224,
    1394,
    1569,
    1776,
    1971,
    2171,
    2371,
    2576,
    2764,
    2968,
    3143,
    3328,
    3513,
    3703,
    3868,
    4053,
    4235,
    4408,
    4556,
    4754,
    4922,
    5091,
    5280,
    5463,
    5644,
    5830,
    6012,
    6201,
    6381,
    6567,
    6762,
    6949,
    7143,
    7333,
    7529,
    7715,
    7901,
    8068,
    8253,
    8453,
    8631,
    8811,
    8995,
    9157,
    9342,
    9499,
    9683,
    9856,
    10022
  ],
  "runningtime": [
    6.164820750554402
  ]
}