{
  "distance": [
    1179.9067797928703,
    1735.5607372032698,
    2236.4569711918043,
    2671.676671303496,
    3098.688409537947,
    3395.2237754275825,
    3767.4444076418736,
    4084.1348410424825,
    4256.411727105572,
    4502.897631309727,
    4754.386050988618,
    4941.773738819897,
    5134.836961453469,
    5273.28042006969,
    5440.170031065694,
    5571.580004100603,
    5676.7175894775555,
    5694.758771150164,
    5663.095815366477,
    5708.1705549074995,
    5785.911991452505,
    5857.0720411419925,
    5864.7447723132,
    5869.183924592758,
    5853.556005595229,
    5847.876135669346,
    5864.025984992733,
    5810.821255850126,
    5774.61653652896,
    5764.9293403307265,
    5732.878515879212,
    5720.2817254951515,
    5677.505708674597,
    5673.154910255702,
    5638.016620329594,
    5640.141434368534,
    5583.608677444621,
    5563.941426577113,
    5491.438929970481,
    5488.147719384866,
    5470.363277238962,
    5469.863034418772,
    4613.519191845335,
    4705.70113153012,
    4801.515769074281,
    4894.784729514328,
    4975.118814962076,
    5050.412198473161,
    5129.699513452902,
    5200.903847379794,
    5287.335158194506,
    5350.469885724939,
    5399.851280940781,
    5480.305440310061,
    5547.327835432214,
    5593.508891624393,
    5635.944254907867,
    5660.089416754854,
    5702.37901970056
  ],
  "speed": [
    9.983119074473436,
    9.910188714701514,
    9.868104734963108,
    9.811838911044006,
    9.75444357899106,
    9.68982204423669,
    9.675451657482169,
    9.670198210350998,
    9.667910437666444,
    9.661241197874888,
    9.658101493792541,
    9.669610031778042,
    9.695500284294342,
    9.699947783205486,
    9.711440548521535,
    9.712175070571158,
    9.727428028117748,
    9.741454568658833,
    9.748772971048519,
    9.763715376860638,
    9.771954818360179,
    9.781929197051744,
    9.785846623061557,
    9.79686592666931,
    9.80411997713899,
    9.816680869601738,
    9.82153543673511,
    9.825408889694168,
    9.83338838152574,
    9.840936664104662,
    9.843917603842579,
    9.844037233039762,
    9.841112825222407,
    9.846667918440943,
    9.848281399651452,
    9.849239858674089,
    9.852842988051702,
    9.858488419910934,
    9.864198045310404,
    9.863887674156361,
    9.865864991348095,
    9.867432664945559,
    9.869403813548958,
    9.878732720190865,
    9.879211333953135,
    9.882422077396615,
    9.887453901622889,
    9.878620056738814,
    9.867812531433216,
    9.858289053301304,
    9.857852447780601,
    9.858700081036579,
    9.857533542125783,
    9.85425816312323,
    9.862145366913227,
    9.866781500141984,
    9.867274952443458,
    9.863992904201183,
    9.866820721968702
  ],
  "throuput": [
    20,
    64,
    117,
    191,
    271,
    358,
    458,
    576,
    691,
    824,
    964,
    1112,
    1274,
    1422,
    1561,
    1709,
    1882,
    2014,
    2168,
    2305,
    2460,
    2591,
    2742,
    2880,
    3024,
    3164,
    3285,
    3393,
    3524,
    3631,
    3756,
    3854,
    3970,
    4073,
    4173,
    4262,
    4358,
    4461,
    4550,
    4650,
    4744,
    4849,
    4933,
    5018,
    5108,
    5215,
    5314,
    5406,
    5500,
    5621,
    5736,
    5849,
    5967,
    6093,
    6241,
    6390,
    6540,
    6679,
    6817
  ],
  "runningtime": [
    3.843257689476013
  ]
}