{
  "distance": [
    1195.9774646241476,
    1768.6690643968634,
    2282.5069609006255,
    2744.660463901821,
    3179.0445378329596,
    3489.6777243037195,
    3871.53898648472,
    4192.159834090651,
    4369.235820294283,
    4622.825765256747,
    4879.255626802959,
    5058.39193980363,
    5236.995807551899,
    5376.722075169116,
    5536.044574233324,
    5672.730094545787,
    5764.97498457362,
    5772.339367599929,
    5732.904676105671,
    5770.918493122993,
    5843.147089061675,
    5905.986497239904,
    5911.188374071384,
    5908.063053625328,
    5888.184103887942,
    5875.899318291706,
    5889.527858815667,
    5833.86045686277,
    5792.087241971857,
    5778.927515412222,
    5744.844741765253,
    5730.310538052282,
    5691.805062640834,
    5684.662163098241,
    5647.800841030402,
    5647.881262477794,
    5592.265087750164,
    5569.719185652502,
    5496.630072238044,
    5492.946066226349,
    5476.159525711835,
    5476.267972406682,
    4617.969446560852,
    4710.907764715669,
    4811.189081450714,
    4908.649832968165,
    4989.176775194088,
    5069.88421932965,
    5152.261000475377,
    5228.80705439005,
    5320.8249999499785,
    5383.780135823484,
    5436.67983518113,
    5521.595602799064,
    5584.592854914275,
    5630.043102416051,
    5670.908932380507,
    5697.787598876645,
    5739.422221614486
  ],
  "speed": [
    10.123430221339364,
    10.104127228291238,
    10.08283773399532,
    10.094696671862206,
    10.032833514011546,
    9.99264812569566,
    9.985717446479219,
    9.979144934820331,
    9.984232269743604,
    9.984640468819075,
    9.98858093109804,
    9.98784849519548,
    9.989118650904247,
    9.998617841823174,
    9.996264848072865,
    10.010454812560885,
    10.015344550389608,
    10.02358899185095,
    10.03044806255604,
    10.042421716953722,
    10.049694592650532,
    10.052531525596557,
    10.06066080721429,
    10.065508796237104,
    10.072852383150385,
    10.07950632534701,
    10.082904285900158,
    10.085294449582552,
    10.087774850184351,
    10.094329803412744,
    10.097953611015454,
    10.097666943979972,
    10.099499850882259,
    10.100376196259106,
    10.100292918312377,
    10.101217192689452,
    10.109669179896017,
    10.11040888474783,
    10.112600014039142,
    10.109166542172098,
    10.111116045820058,
    10.113904416764889,
    10.110799422049586,
    10.119081742244532,
    10.123867613188708,
    10.13166102172564,
    10.132143741756922,
    10.128627793782865,
    10.119056516047392,
    10.115847582396478,
    10.121058350101665,
    10.118091755773895,
    10.120662653766281,
    10.122897950421514,
    10.1241765619018,
    10.127177419713753,
    10.124824354051864,
    10.125618525359423,
    10.127784423377296
  ],
  "throuput": [
    21,
    67,
    118,
    204,
    279,
    371,
    482,
    591,
    715,
    840,
    1003,
    1154,
    1315,
    1451,
    1597,
    1765,
    1921,
    2081,
    2217,
    2358,
    2506,
    2648,
    2796,
    2919,
    3064,
    3197,
    3303,
    3429,
    3550,
    3671,
    3786,
    3881,
    3973,
    4088,
    4198,
    4294,
    4390,
    4478,
    4556,
    4641,
    4756,
    4873,
    4959,
    5035,
    5131,
    5225,
    5324,
    5418,
    5513,
    5632,
    5746,
    5860,
    5972,
    6135,
    6278,
    6427,
    6565,
    6705,
    6865
  ],
  "runningtime": [
    5.339222534497579
  ]
}