{
  "distance": [
    1184.3362562504042,
    1748.0516387570049,
    2257.924926618218,
    2712.901215604511,
    3150.5437025490787,
    3455.8045339711607,
    3836.7776309513206,
    4153.612577040443,
    4330.54923725167,
    4586.530510712928,
    4841.825633561497,
    5028.486106758019,
    5210.463220787599,
    5349.972652812509,
    5510.835531880675,
    5646.914612082447,
    5742.354699312043,
    5752.704680115163,
    5718.626364571723,
    5757.832741541273,
    5829.063997110152,
    5894.369222883431,
    5901.216361897178,
    5901.382175654582,
    5879.213165191495,
    5865.393034989588,
    5878.253949317508,
    5821.178420297088,
    5780.481426027857,
    5772.807244377739,
    5741.357544584537,
    5729.533593183801,
    5688.500192488561,
    5680.83080978351,
    5642.532831024684,
    5643.710660891102,
    5586.986916261059,
    5566.249514576277,
    5494.071742752474,
    5490.570759252345,
    5471.904532968594,
    5472.366950380969,
    4614.555877035354,
    4707.401013521012,
    4805.231008215235,
    4899.521400527809,
    4981.39666858013,
    5056.271969761611,
    5140.521882483375,
    5215.959049234217,
    5303.93695922024,
    5367.75460816147,
    5418.369822108921,
    5503.108989756774,
    5567.904030023865,
    5611.621484481198,
    5653.993967145514,
    5680.282911042166,
    5723.116738413397
  ],
  "speed": [
    10.019317703261104,
    9.977809584468078,
    9.957755497367344,
    9.959244628368698,
    9.920727405542515,
    9.873817908585265,
    9.869975598311516,
    9.859785415837907,
    9.862838798682183,
    9.869911690172554,
    9.870907862629426,
    9.879183367453054,
    9.886758210032578,
    9.89487190336285,
    9.896759514330634,
    9.908132354065263,
    9.912662683452423,
    9.921818178953965,
    9.933509451127128,
    9.942892643157135,
    9.94366663890186,
    9.949745801004008,
    9.959112597407223,
    9.970409451133973,
    9.97485725176252,
    9.976525283111357,
    9.977241388051471,
    9.978044803579566,
    9.980285311127144,
    9.99085367508942,
    9.997127601243491,
    9.998802343191187,
    9.998436653737365,
    9.999188180915358,
    9.997702929871119,
    9.99985966857662,
    10.004292193496575,
    10.00893874181103,
    10.013792326221012,
    10.011475290791028,
    10.010718367651005,
    10.014064975932655,
    10.0108918722479,
    10.019497993563457,
    10.021588233065382,
    10.023355366069115,
    10.027279679463367,
    10.014668877559542,
    10.010880747023295,
    10.007972399714047,
    10.008303993110504,
    10.008997486550602,
    10.00855915734193,
    10.010859218477885,
    10.014232041099609,
    10.014867594781434,
    10.0154325817962,
    10.015771962988696,
    10.01929746516034
  ],
  "throuput": [
    20,
    61,
    111,
    196,
    279,
    366,
    469,
    588,
    700,
    836,
    983,
    1130,
    1302,
    1440,
    1579,
    1737,
    1906,
    2050,
    2195,
    2335,
    2478,
    2643,
    2776,
    2926,
    3055,
    3182,
    3300,
    3422,
    3525,
    3648,
    3770,
    3868,
    3979,
    4088,
    4195,
    4275,
    4381,
    4474,
    4553,
    4644,
    4757,
    4863,
    4945,
    5029,
    5117,
    5215,
    5318,
    5411,
    5510,
    5634,
    5748,
    5859,
    5967,
    6096,
    6260,
    6414,
    6554,
    6693,
    6841
  ],
  "runningtime": [
    4.350146647294363
  ]
}