{
  "distance": [
    1195.891838705017,
    1769.4244574766396,
    2279.6658398784716,
    2737.897788757133,
    3172.517939284594,
    3483.7208399990313,
    3863.8549265086144,
    4182.706856692762,
    4360.549147698731,
    4608.661986485515,
    4860.865362290801,
    5047.63329936469,
    5230.99386453567,
    5365.784134368785,
    5525.180278966118,
    5659.727626087737,
    5751.328611545843,
    5761.3633256113235,
    5725.70073032809,
    5762.270950067012,
    5834.445477039811,
    5898.535545246032,
    5905.683420740058,
    5907.236105425079,
    5885.996602492432,
    5873.514424555148,
    5890.1401414850825,
    5834.377545432853,
    5794.981543408342,
    5783.385054111514,
    5750.397846534672,
    5733.366931226606,
    5691.389389909074,
    5685.121017834399,
    5648.167463732383,
    5648.922835813036,
    5591.278193443699,
    5569.779050878032,
    5497.964703237665,
    5495.435256732259,
    5476.288145293505,
    5475.889808869625,
    4618.516815925807,
    4714.385859401782,
    4812.714832041203,
    4908.218087614975,
    4989.181528112002,
    5067.479644376869,
    5150.828343297364,
    5227.748269989741,
    5316.777611962058,
    5380.525645478693,
    5430.803641548045,
    5514.294040728976,
    5578.967298570568,
    5624.935750845539,
    5667.6926660385825,
    5694.961117376122,
    5735.716317326906
  ],
  "speed": [
    10.119290295186545,
    10.10570522987781,
    10.063449840443065,
    10.064915269474435,
    10.006579230918978,
    9.96705994719018,
    9.957413844046272,
    9.949065838826051,
    9.954953124751308,
    9.94828232318998,
    9.943763751522873,
    9.95879074242234,
    9.96759909788464,
    9.97185406126814,
    9.974024148453983,
    9.984707247548346,
    9.985671806720214,
    9.994571823776404,
    10.004853077700023,
    10.012950393023363,
    10.020637740333022,
    10.024795296995132,
    10.03418593127898,
    10.04501204746839,
    10.049757637800157,
    10.05404307215586,
    10.062951055587734,
    10.06633709868385,
    10.07156058487925,
    10.07915111915385,
    10.083256063345395,
    10.078813828841678,
    10.077844158285696,
    10.082001454773717,
    10.083379208695142,
    10.085164433780518,
    10.087766935398651,
    10.090086252214908,
    10.095695259120834,
    10.096346717484343,
    10.09611529358991,
    10.09892503060001,
    10.09552468788116,
    10.109130757919473,
    10.111145655224542,
    10.114992774615812,
    10.117041738665764,
    10.109843657113496,
    10.102179955160585,
    10.099040308768954,
    10.09936802975759,
    10.098674151149252,
    10.097664547453828,
    10.096876230627387,
    10.101062100823706,
    10.104848012959431,
    10.104871855425413,
    10.106163085246653,
    10.107485109061507
  ],
  "throuput": [
    21,
    64,
    115,
    202,
    278,
    367,
    482,
    589,
    716,
    843,
    1005,
    1142,
    1313,
    1472,
    1587,
    1759,
    1912,
    2066,
    2206,
    2363,
    2504,
    2639,
    2781,
    2918,
    3050,
    3198,
    3318,
    3416,
    3546,
    3654,
    3782,
    3878,
    3988,
    4091,
    4201,
    4281,
    4385,
    4462,
    4567,
    4650,
    4772,
    4867,
    4947,
    5043,
    5130,
    5223,
    5331,
    5416,
    5514,
    5626,
    5753,
    5864,
    5982,
    6119,
    6273,
    6411,
    6558,
    6702,
    6868
  ],
  "runningtime": [
    5.046406515439352
  ]
}