{
  "distance": [
    1002.5544531214547,
    1334.6644318193028,
    1605.9441765876063,
    1863.068032103785,
    1900.8570456610657,
    2164.0442403200036,
    2409.448097427487,
    2654.4535270507627,
    2837.2172363054,
    2966.5639816235407,
    2948.670866894381,
    3103.180554959132,
    3264.370589213857,
    3376.526566608715,
    3499.2179110204693,
    3578.7967267261984,
    3524.2069394009063,
    3621.570685039355,
    3718.2390220710963,
    3777.004449653396,
    3836.7930396355937,
    3892.419130675289,
    3850.523921676101,
    3902.646932683586,
    3959.637209456037,
    3999.458291966548,
    4062.20474726217,
    4099.623543477137,
    4038.1544638445976,
    4090.157893091351,
    4135.323668583859,
    4152.719300603917,
    4189.904120688385,
    4230.034398299284,
    4182.178713730042,
    4211.883708973914,
    4233.3435376105335,
    4270.925841613412,
    4298.052798428706,
    4313.228456117984,
    4273.044683270777,
    4301.371334934612,
    4331.219493810864,
    4350.907398611877,
    4363.082913955466,
    4381.40827844508,
    4351.226837784049,
    4366.639542863548,
    4391.989077195451,
    4411.99980408882,
    4430.582092881537,
    4440.475038948465,
    4404.576646500799,
    4423.008407340379,
    4442.664304764877,
    4452.8566658210075,
    4466.757505241836,
    4470.269661388762,
    4444.308790306057
  ],
  "speed": [
    11.131248554272258,
    10.997235018735829,
    10.742201870654478,
    10.599091086857644,
    10.526967024806122,
    10.474800165207448,
    10.430178262808376,
    10.426281548981889,
    10.405576588936755,
    10.352150613800651,
    10.298011502139778,
    10.279791350164691,
    10.267649364356977,
    10.248397461074386,
    10.222252776813274,
    10.188808141134524,
    10.15611468915143,
    10.138586115221086,
    10.098881132362129,
    10.050671664113802,
    10.006432268133745,
    9.982318652170495,
    9.951224384606196,
    9.915559402664002,
    9.86980650520151,
    9.830154765742455,
    9.79464860606782,
    9.759034153563736,
    9.736752233765134,
    9.709159489099404,
    9.672655330690223,
    9.641503676133373,
    9.61979059218747,
    9.59015987749297,
    9.55508096729025,
    9.533896683259286,
    9.508639983388885,
    9.47918410639672,
    9.450215654342772,
    9.419416116217443,
    9.390692098922473,
    9.370148635898168,
    9.34691845668659,
    9.323441722561405,
    9.290759131812226,
    9.269510939400636,
    9.2528962704573,
    9.232786970751766,
    9.212110729641992,
    9.17988336114485,
    9.150329427143221,
    9.130771995761824,
    9.11348630170017,
    9.091643490422967,
    9.06491212679384,
    9.036922535411168,
    9.009318042174275,
    8.980807522511025,
    8.960717099157721
  ],
  "throuput": [
    7,
    30,
    61,
    105,
    166,
    248,
    340,
    429,
    560,
    670,
    791,
    932,
    1056,
    1174,
    1320,
    1456,
    1598,
    1743,
    1874,
    2021,
    2144,
    2310,
    2437,
    2575,
    2723,
    2858,
    2998,
    3138,
    3291,
    3447,
    3577,
    3722,
    3851,
    4004,
    4154,
    4307,
    4440,
    4596,
    4736,
    4865,
    4999,
    5149,
    5310,
    5455,
    5602,
    5752,
    5885,
    6026,
    6183,
    6313,
    6453,
    6586,
    6761,
    6890,
    7022,
    7168,
    7321,
    7451,
    7592
  ],
  "runningtime": [
    2.624280210336049
  ]
}