{
  "distance": [
    1006.940688159509,
    1340.924765038762,
    1614.4133947645398,
    1866.4507529775913,
    1905.0634668829266,
    2172.5535435295424,
    2418.9217341394083,
    2660.251498303551,
    2846.7037707211566,
    2986.4451571998625,
    2972.2964829133984,
    3134.4163974846797,
    3297.138411308186,
    3408.352332430538,
    3527.7317518312657,
    3604.529105992026,
    3546.9331776459667,
    3642.2620341424513,
    3742.02544536047,
    3806.1549862625134,
    3864.4934853421555,
    3914.3472991471026,
    3870.684859063273,
    3925.6385125328925,
    3986.0027797560842,
    4026.117799000835,
    4088.488498681291,
    4125.662553210352,
    4064.2365331343353,
    4116.7235934033415,
    4162.419128930114,
    4174.93783989133,
    4208.9895709510265,
    4247.829812011439,
    4202.267788919257,
    4230.044183782061,
    4250.7436801870945,
    4290.155361766366,
    4317.373230139848,
    4334.844778294957,
    4295.994451830769,
    4324.024969878242,
    4355.274322353698,
    4372.271460299759,
    4384.1268670801,
    4402.4019822761575,
    4370.5507154081215,
    4388.232226713572,
    4412.900288902389,
    4436.0972228334585,
    4455.21407307835,
    4462.485438813519,
    4425.213572240398,
    4443.491119450514,
    4462.487314144768,
    4474.828180677833,
    4489.538470795688,
    4493.264776365041,
    4467.775032784997
  ],
  "speed": [
    11.179120955068193,
    11.048037563843954,
    10.800769847801485,
    10.621111225429638,
    10.557241657899594,
    10.522292716751837,
    10.474364991627164,
    10.45961151021002,
    10.448370855105606,
    10.4221916815629,
    10.391840847593501,
    10.41010319919293,
    10.401360245271457,
    10.380958696762763,
    10.348283034044323,
    10.317754322655563,
    10.28332758177932,
    10.263985186029505,
    10.237489260657933,
    10.201969443666416,
    10.159990815162052,
    10.129752693381322,
    10.102760406277488,
    10.079749307323603,
    10.045051125301642,
    10.01496868232159,
    9.989385326273684,
    9.960358261806144,
    9.945928749289251,
    9.925290717843414,
    9.895727347796427,
    9.856642930626489,
    9.830472997880044,
    9.799624312984996,
    9.772850343161883,
    9.745612207467579,
    9.718610221426827,
    9.692866281913034,
    9.66662105414165,
    9.641310101945288,
    9.61777060973986,
    9.599550410816446,
    9.581826924068743,
    9.556079043739308,
    9.526043063210174,
    9.505238504253475,
    9.485853439314118,
    9.470595550454847,
    9.448600557458834,
    9.423131857743341,
    9.396926435587007,
    9.37490574214747,
    9.356768030817312,
    9.33612564048085,
    9.310723925691759,
    9.289998595073454,
    9.266591616411214,
    9.242397599014895,
    9.228070451725428
  ],
  "throuput": [
    7,
    30,
    60,
    107,
    171,
    244,
    341,
    437,
    555,
    669,
    811,
    946,
    1066,
    1188,
    1336,
    1479,
    1611,
    1763,
    1886,
    2034,
    2173,
    2329,
    2467,
    2603,
    2755,
    2911,
    3040,
    3186,
    3340,
    3496,
    3621,
    3760,
    3889,
    4045,
    4187,
    4328,
    4463,
    4627,
    4768,
    4889,
    5041,
    5196,
    5358,
    5514,
    5649,
    5785,
    5930,
    6057,
    6213,
    6364,
    6504,
    6646,
    6803,
    6934,
    7083,
    7230,
    7383,
    7515,
    7665
  ],
  "runningtime": [
    2.6275541305541994
  ]
}