{"total_trips": 39619.17374128492, "trip_mean": 6836.738139756261, "trip_var": 38939208.44121154}