{
  "distance": [
    1070.1911831514105,
    1556.9664430814282,
    2021.5688278634316,
    2346.736531249653,
    2655.988741665699,
    2970.8185814852704,
    3192.8956849933297,
    3401.0075527692698,
    3628.555600055639,
    3845.1305292346397,
    3990.6052624835,
    4144.667580277196,
    4250.59974251523,
    4359.958835252328,
    4431.201652104176,
    4514.860160290707,
    4627.838446659662,
    4736.045648890656,
    4813.663428981747,
    4862.90334505891,
    4904.733648358351,
    4885.489089984178,
    4870.086090595351,
    4916.861700256689,
    4909.205638060753,
    4921.618250876638,
    4926.970534914658,
    4935.380016304406,
    4935.724682101144,
    4940.7216143421,
    4919.167656056216,
    4894.337246085724,
    4874.468063309217,
    4896.243366925997,
    4916.1196452686245,
    4892.174182122879,
    4894.007828814931,
    4874.244194361161,
    4848.048771470941,
    4838.56041989307,
    4827.850919472455,
    4818.938318418409,
    4811.655926216778,
    4788.5246784537285,
    4788.804690547939,
    4747.474120033958,
    4761.817837779949,
    4757.025437053618,
    4780.873424277607,
    4339.1160887312135,
    4390.856291138463,
    4461.004265543978,
    4491.061244628268,
    4532.114901165969,
    4568.91472816336,
    4605.322327327609,
    4649.0411898793245,
    4670.802887162162,
    4725.771101935801
  ],
  "speed": [
    9.036804193580624,
    8.849261952530876,
    8.769775326598966,
    8.695356839695847,
    8.649083937963738,
    8.643046114369374,
    8.667366805832012,
    8.677255704786555,
    8.672985824240508,
    8.691962061416561,
    8.701884450242142,
    8.702674604330538,
    8.71087404177063,
    8.72365145597522,
    8.718074399549105,
    8.727811867374042,
    8.740416039696946,
    8.746948963398617,
    8.745439121826058,
    8.744769211483725,
    8.748550972136433,
    8.750897076573972,
    8.753260665153507,
    8.753805192769677,
    8.755907289945966,
    8.762049097617519,
    8.760217443303834,
    8.761723053283964,
    8.765751725317315,
    8.769960029342613,
    8.769564777341131,
    8.770561413460332,
    8.776689926662822,
    8.775359676458702,
    8.779099554185876,
    8.784248099166366,
    8.790052880151945,
    8.78918708167994,
    8.796436811112324,
    8.800974641630065,
    8.805305543649686,
    8.810559513607544,
    8.815201769542627,
    8.813928325312538,
    8.818275344359506,
    8.822634788972035,
    8.825750007135209,
    8.830061746380633,
    8.8304659401957,
    8.827424136730905,
    8.8444963485628,
    8.848560794713634,
    8.84496339781586,
    8.84833940196507,
    8.845902374892171,
    8.848282835788508,
    8.851021414730125,
    8.84854534282224,
    8.848232772742506
  ],
  "throuput": [
    23,
    64,
    133,
    215,
    292,
    390,
    479,
    564,
    677,
    785,
    918,
    1050,
    1156,
    1304,
    1464,
    1604,
    1739,
    1892,
    2028,
    2163,
    2325,
    2473,
    2606,
    2742,
    2899,
    3031,
    3146,
    3267,
    3388,
    3526,
    3657,
    3768,
    3897,
    4019,
    4140,
    4249,
    4398,
    4508,
    4605,
    4719,
    4837,
    4963,
    5065,
    5170,
    5275,
    5405,
    5525,
    5635,
    5742,
    5851,
    5953,
    6066,
    6171,
    6277,
    6368,
    6496,
    6604,
    6706,
    6833
  ],
  "runningtime": [
    5.849735879898072
  ]
}