{
  "distance": [
    1072.6149196331198,
    1569.371843272954,
    2044.872535677209,
    2384.1062905752524,
    2702.80038214415,
    3026.9371061086104,
    3251.1750541264155,
    3458.421377017571,
    3684.461207122429,
    3897.078338530957,
    4043.6038244355595,
    4201.617070923196,
    4304.624879680898,
    4401.829233764542,
    4477.713557740875,
    4564.537999785802,
    4677.885667694605,
    4789.018384471756,
    4865.519948363203,
    4910.04229733994,
    4950.141288622826,
    4932.255989540934,
    4914.960380892474,
    4957.320726509269,
    4944.778043433164,
    4954.841333106175,
    4960.403849786481,
    4966.142648988086,
    4964.669043796901,
    4965.041670462336,
    4943.351320299623,
    4918.817472827596,
    4895.184984989529,
    4917.041446992162,
    4937.345344945255,
    4909.664633784524,
    4909.2832711849305,
    4888.515219526296,
    4861.054796566468,
    4849.685651341814,
    4835.47317194207,
    4827.37049395006,
    4821.265662420972,
    4798.740557963037,
    4799.4971855100375,
    4759.077256783238,
    4771.403757008552,
    4767.856629466515,
    4788.71752335017,
    4346.397876398775,
    4399.556056988986,
    4470.322956553406,
    4502.9456626135625,
    4543.576887204538,
    4579.483332263533,
    4616.189558112374,
    4660.544970301167,
    4680.985042210483,
    4736.033954941131
  ],
  "speed": [
    9.053177674032586,
    8.917815756024979,
    8.875562452343047,
    8.845466693110993,
    8.814798369642311,
    8.815604697428327,
    8.83514058810478,
    8.839331516568334,
    8.826681618830367,
    8.833951059189008,
    8.844352142323604,
    8.85000286462094,
    8.856611022787295,
    8.854362009838924,
    8.86205135486464,
    8.877016832267541,
    8.889754155587445,
    8.901174100449762,
    8.90034136895708,
    8.896866989944439,
    8.90124672820245,
    8.91069824312082,
    8.914556980589735,
    8.911593626266752,
    8.909028823382432,
    8.915209136259062,
    8.917376687766483,
    8.919056346447046,
    8.926403618903803,
    8.928166698156064,
    8.931945536974316,
    8.937081383288117,
    8.941392628306334,
    8.943731285753046,
    8.950920173217366,
    8.954558407755854,
    8.960098126232861,
    8.959769333899976,
    8.967322209270836,
    8.970904453498209,
    8.972318328508837,
    8.979807745661692,
    8.985632468900203,
    8.985602011952597,
    8.991268478278409,
    8.997865741598293,
    8.995169493381434,
    9.001249594983957,
    8.996088882721164,
    8.993876774958638,
    9.01258270702172,
    9.015803848308945,
    9.016003235154319,
    9.017822395809862,
    9.014901494506375,
    9.018409020164903,
    9.021224397247499,
    9.017252469157214,
    9.017886490063752
  ],
  "throuput": [
    23,
    66,
    138,
    222,
    292,
    386,
    483,
    581,
    686,
    800,
    934,
    1056,
    1196,
    1335,
    1470,
    1615,
    1758,
    1908,
    2058,
    2193,
    2349,
    2494,
    2634,
    2775,
    2920,
    3061,
    3175,
    3305,
    3433,
    3565,
    3685,
    3803,
    3929,
    4044,
    4175,
    4292,
    4427,
    4533,
    4638,
    4747,
    4870,
    4973,
    5076,
    5183,
    5299,
    5417,
    5529,
    5652,
    5758,
    5871,
    5968,
    6075,
    6185,
    6306,
    6400,
    6514,
    6627,
    6742,
    6869
  ],
  "runningtime": [
    3.976455887158712
  ]
}