{
  "distance": [
    1085.9388956457271,
    1590.5404958679626,
    2074.800394700341,
    2416.814674860335,
    2740.412115062529,
    3063.435244999991,
    3293.724687082772,
    3501.298567677111,
    3737.0412689400596,
    3945.9641125566013,
    4097.715266285068,
    4257.520698411618,
    4358.010647223258,
    4462.865975986326,
    4529.8096278939265,
    4606.446828492015,
    4715.193642775613,
    4824.640179806299,
    4902.6919327955975,
    4952.452861900563,
    4988.1384084744595,
    4966.010587570338,
    4943.175427584142,
    4983.9070245389885,
    4974.39379443192,
    4980.091407249279,
    4988.855245803017,
    4993.267154267395,
    4987.113297636852,
    4986.968197318287,
    4964.413379979912,
    4938.709157603872,
    4912.869544833722,
    4935.999753790158,
    4953.924678116678,
    4924.1071642897705,
    4921.597166942115,
    4898.844921259613,
    4868.098617945405,
    4856.802415501227,
    4840.150372964042,
    4831.80646766184,
    4824.661726113915,
    4803.917632493597,
    4805.35125290529,
    4763.575868874275,
    4776.284137493395,
    4771.853678886832,
    4795.907942868251,
    4351.674125438207,
    4404.513445062043,
    4476.653245699224,
    4507.905876728919,
    4550.164261585957,
    4590.284698022102,
    4626.373989422948,
    4671.326463502578,
    4694.79207947453,
    4750.04873332637
  ],
  "speed": [
    9.168112062346703,
    9.042758920301772,
    9.008899637312881,
    8.979227927895396,
    8.954305562195323,
    8.946661444407892,
    8.978595245502522,
    8.980561660095665,
    8.989219984574087,
    8.983208554762777,
    9.00509411069451,
    9.01401267005228,
    9.012344758913823,
    9.025757437629746,
    9.023222594946267,
    9.028516199267592,
    9.040610714459135,
    9.055661078859577,
    9.061792296279714,
    9.072258504454922,
    9.07671256140204,
    9.082613734427627,
    9.081524866836562,
    9.081686118039919,
    9.089677937843812,
    9.091988294469019,
    9.102717241021699,
    9.105998689250447,
    9.108261816083155,
    9.112245492990684,
    9.11635233487437,
    9.123491565009822,
    9.12519241394905,
    9.131382639620433,
    9.13829091879937,
    9.141199255754703,
    9.144816993503436,
    9.143003144367949,
    9.146901341193992,
    9.151881794388864,
    9.148565538169258,
    9.152767159942428,
    9.156113131455573,
    9.157997101420248,
    9.164862230818425,
    9.168869864416338,
    9.169113164045092,
    9.173435913743928,
    9.173753065282613,
    9.170126447222872,
    9.18669277411624,
    9.191058257650583,
    9.185796812271494,
    9.187031947449798,
    9.188799697859812,
    9.189617015756712,
    9.192991166520796,
    9.194805580528007,
    9.194101454572907
  ],
  "throuput": [
    24,
    67,
    136,
    227,
    304,
    398,
    495,
    596,
    699,
    812,
    947,
    1072,
    1200,
    1352,
    1519,
    1659,
    1798,
    1938,
    2085,
    2230,
    2379,
    2528,
    2669,
    2814,
    2946,
    3086,
    3210,
    3333,
    3464,
    3583,
    3704,
    3841,
    3938,
    4078,
    4210,
    4327,
    4445,
    4567,
    4667,
    4775,
    4874,
    4979,
    5084,
    5194,
    5320,
    5437,
    5556,
    5664,
    5782,
    5886,
    5986,
    6093,
    6182,
    6305,
    6418,
    6537,
    6641,
    6767,
    6877
  ],
  "runningtime": [
    4.393955270449321
  ]
}