{
  "distance": [
    1092.8078487423875,
    1608.5235845152476,
    2094.281882140643,
    2438.29441779896,
    2765.14081419255,
    3097.8825397998553,
    3320.67696271536,
    3530.3542620418502,
    3766.7373000077246,
    3980.0276436321574,
    4126.323323647673,
    4289.88925726308,
    4392.317241797121,
    4491.041306737287,
    4558.80323928801,
    4631.698093043894,
    4736.324651496893,
    4844.709730936649,
    4920.985520451128,
    4968.134540937568,
    5002.425790571743,
    4979.719361548584,
    4953.963569021527,
    4994.3129662596975,
    4983.246368911434,
    4990.319319218216,
    4996.6293769630665,
    4999.355480090391,
    4993.840892964306,
    4994.016675559508,
    4970.642163235207,
    4945.159339942365,
    4919.014191694396,
    4941.417184029862,
    4958.874775439338,
    4929.730138025544,
    4927.772472464814,
    4904.925076813355,
    4873.969168036229,
    4862.276298945012,
    4849.069534504152,
    4839.514781699536,
    4830.972890243431,
    4807.936818027198,
    4807.0271618350025,
    4763.794820485462,
    4776.96879667415,
    4773.158769946243,
    4798.373269990174,
    4353.693336103522,
    4406.680140853916,
    4478.805833439351,
    4512.259343405837,
    4553.179582044907,
    4593.4204919448775,
    4631.535578529103,
    4675.830132528604,
    4699.193732312552,
    4754.999011749734
  ],
  "speed": [
    9.225768137644582,
    9.147322225772587,
    9.0991917068471,
    9.06461923736446,
    9.042630015400846,
    9.0591900882772,
    9.065761971144623,
    9.070901342196928,
    9.07894855712635,
    9.082187453279571,
    9.093196950085558,
    9.109184572175687,
    9.114696459157203,
    9.116489456229615,
    9.118445964497864,
    9.117984521501333,
    9.125081820540036,
    9.141636786669576,
    9.147611059889487,
    9.156846333840807,
    9.164439331878471,
    9.174294401503658,
    9.169481481026867,
    9.169607815804577,
    9.175648876982825,
    9.180578794550325,
    9.188617256207872,
    9.191916455526005,
    9.196621630075867,
    9.202323572695514,
    9.206646183204816,
    9.213474738126187,
    9.21339994201811,
    9.21820113596482,
    9.225406178443452,
    9.231369354903869,
    9.237432935425556,
    9.236405266645505,
    9.240759876961054,
    9.24549966021358,
    9.250034198879291,
    9.256081960818685,
    9.258144302753188,
    9.258213585138957,
    9.262346124349147,
    9.265309874957184,
    9.26670998673063,
    9.271226675399845,
    9.271527713393988,
    9.266000592783273,
    9.281062409223255,
    9.282499136661867,
    9.280160291339046,
    9.278276886191177,
    9.279303156497832,
    9.282496518528026,
    9.282860440256547,
    9.283585511714005,
    9.283083401392199
  ],
  "throuput": [
    22,
    67,
    142,
    227,
    307,
    406,
    493,
    603,
    710,
    816,
    956,
    1083,
    1224,
    1366,
    1534,
    1670,
    1818,
    1957,
    2108,
    2252,
    2411,
    2546,
    2683,
    2825,
    2957,
    3097,
    3232,
    3343,
    3478,
    3591,
    3722,
    3841,
    3948,
    4084,
    4231,
    4343,
    4459,
    4577,
    4672,
    4781,
    4897,
    5003,
    5102,
    5211,
    5335,
    5449,
    5561,
    5650,
    5782,
    5888,
    5987,
    6084,
    6200,
    6320,
    6419,
    6540,
    6653,
    6776,
    6889
  ],
  "runningtime": [
    4.6756929636001585
  ]
}