{
  "distance": [
    1099.7657922237913,
    1619.266115081723,
    2111.847303755277,
    2463.571863678168,
    2794.6121804413438,
    3127.573862935784,
    3351.2207455466755,
    3562.2639629855294,
    3796.0761850367203,
    4004.1501335544544,
    4158.293535525996,
    4316.897089539475,
    4418.255123109944,
    4518.83986251206,
    4591.053409519958,
    4671.0172475517975,
    4773.381106035143,
    4875.975433719901,
    4949.0295038051045,
    4986.67993631554,
    5019.01834133108,
    4993.439838472745,
    4968.101151576392,
    5006.457764476106,
    4992.726368041495,
    4996.3440374541515,
    5001.7117457816275,
    5005.197228911965,
    4997.948415099134,
    4996.830412828718,
    4973.627442464078,
    4945.664751172847,
    4922.968962815293,
    4945.1249901839055,
    4960.2081930881395,
    4932.049599293152,
    4927.875857986475,
    4908.436188286939,
    4879.470102009704,
    4866.320715756817,
    4851.851067066656,
    4841.507671868985,
    4834.312799644559,
    4813.297180528503,
    4810.5288008699445,
    4766.94681205947,
    4778.90707928509,
    4775.032855363925,
    4800.232567259161,
    4356.113076469202,
    4410.855609803606,
    4482.998499629969,
    4516.127071453963,
    4558.601543511602,
    4599.851360788297,
    4635.710752880647,
    4682.34158744326,
    4705.893412234906,
    4761.382021180272
  ],
  "speed": [
    9.28098907006061,
    9.207323151383198,
    9.168793682940734,
    9.152109157604729,
    9.13561082730314,
    9.148328013929005,
    9.155527535926108,
    9.160571576244587,
    9.160170555578272,
    9.150181587190861,
    9.178131153475812,
    9.181503691096363,
    9.186169805173499,
    9.196385900664236,
    9.207036348582868,
    9.216223601341461,
    9.221713822260785,
    9.229509757503331,
    9.23489138392667,
    9.23449137557502,
    9.23793396859524,
    9.24303247536763,
    9.24155218488152,
    9.238469477610664,
    9.240319859699028,
    9.240378414577608,
    9.246391756884194,
    9.251671048374078,
    9.254683850814782,
    9.258537861717096,
    9.264042295253159,
    9.26608083644215,
    9.27189823201229,
    9.27671377999597,
    9.280329827827032,
    9.287171467778622,
    9.289690262453409,
    9.29185652784418,
    9.298088984634122,
    9.301054601787301,
    9.303735737161652,
    9.307108303022837,
    9.310926280013705,
    9.312986109558704,
    9.314616375440112,
    9.31728907519088,
    9.315387791273396,
    9.318531864352963,
    9.319394348236303,
    9.313855001639338,
    9.331692643713739,
    9.331852524351545,
    9.328443138638331,
    9.330368798188278,
    9.33474193817982,
    9.333522511152553,
    9.337789788917993,
    9.338202018533568,
    9.337801672963632
  ],
  "throuput": [
    23,
    68,
    146,
    227,
    312,
    414,
    501,
    599,
    720,
    824,
    954,
    1089,
    1239,
    1381,
    1529,
    1674,
    1830,
    1978,
    2134,
    2277,
    2417,
    2550,
    2697,
    2821,
    2973,
    3107,
    3228,
    3361,
    3475,
    3607,
    3726,
    3835,
    3955,
    4096,
    4238,
    4344,
    4460,
    4564,
    4675,
    4796,
    4907,
    5003,
    5097,
    5216,
    5342,
    5455,
    5554,
    5661,
    5772,
    5885,
    5992,
    6090,
    6195,
    6333,
    6434,
    6542,
    6653,
    6783,
    6899
  ],
  "runningtime": [
    4.90267326037089
  ]
}