{
  "distance": [
    1100.0338847269245,
    1619.2252221402819,
    2110.1681664342796,
    2462.788319024169,
    2794.0372870645047,
    3131.2354663310743,
    3355.931777340538,
    3568.5911839821324,
    3805.4240987842422,
    4016.8126967684066,
    4168.167763764252,
    4330.252193401397,
    4435.201524445008,
    4530.544863041263,
    4598.662078180749,
    4674.8036230926455,
    4776.9530675525675,
    4881.092944039947,
    4958.209525277045,
    4997.53228313658,
    5028.868616592278,
    5000.8548106620065,
    4975.144205677612,
    5011.4463351549475,
    4998.580848359513,
    5004.770485328181,
    5011.8368725919445,
    5014.501237536098,
    5003.655459371307,
    5001.960746163437,
    4976.984820540608,
    4952.344287364977,
    4924.300210721267,
    4944.879350516763,
    4960.272863473849,
    4930.305636095787,
    4927.8126167679275,
    4905.8071468826065,
    4874.009513864198,
    4861.884009056006,
    4846.447065109885,
    4835.449816740253,
    4828.708810666315,
    4809.8167111368275,
    4809.317099112048,
    4767.402678639244,
    4781.082099590333,
    4775.6184742866735,
    4799.300443899145,
    4355.564293175611,
    4409.89469667056,
    4483.233801878631,
    4517.017068284176,
    4559.094913754076,
    4601.882070220191,
    4638.497267593307,
    4683.763857556317,
    4707.301243428628,
    4763.714800249164
  ],
  "speed": [
    9.283010472893157,
    9.205072584550049,
    9.16635443583367,
    9.153731129725486,
    9.134852536148607,
    9.16267272443368,
    9.172471722705977,
    9.179073179345913,
    9.182648451770572,
    9.177919030140412,
    9.197809839545576,
    9.211724424539891,
    9.227765467103096,
    9.229473769979348,
    9.236886333898786,
    9.246961693219252,
    9.257004433984578,
    9.266467587870418,
    9.278709887117882,
    9.281790644479864,
    9.28729207531357,
    9.29199323263399,
    9.292050432400044,
    9.289670521696722,
    9.29508539994373,
    9.30023965030336,
    9.31088330591895,
    9.312831797144542,
    9.30901607309226,
    9.312809914565609,
    9.315456508072193,
    9.324802539572595,
    9.323927669288178,
    9.328032313563314,
    9.332845247471376,
    9.337408754151308,
    9.341941089900118,
    9.341180609583507,
    9.34144132709557,
    9.343451425541836,
    9.342524969892372,
    9.343525672641942,
    9.34551784087705,
    9.348943559341418,
    9.352361443763524,
    9.354618603920164,
    9.35383669033321,
    9.353986968023817,
    9.35246255982544,
    9.3474518431171,
    9.36286558651898,
    9.365251405468918,
    9.362248949425759,
    9.363872865145028,
    9.370887985700083,
    9.37145157532027,
    9.373574587438446,
    9.373068396481848,
    9.37253994929314
  ],
  "throuput": [
    24,
    69,
    149,
    227,
    307,
    420,
    498,
    606,
    714,
    824,
    957,
    1096,
    1242,
    1400,
    1546,
    1702,
    1839,
    1980,
    2132,
    2277,
    2440,
    2567,
    2708,
    2845,
    2973,
    3108,
    3230,
    3360,
    3497,
    3611,
    3738,
    3856,
    3974,
    4112,
    4237,
    4353,
    4466,
    4578,
    4668,
    4781,
    4904,
    4990,
    5090,
    5205,
    5332,
    5436,
    5550,
    5671,
    5782,
    5881,
    5986,
    6094,
    6204,
    6332,
    6439,
    6554,
    6662,
    6774,
    6898
  ],
  "runningtime": [
    5.182922248045603
  ]
}