{
  "distance": [
    1107.1517214804412,
    1631.28478299632,
    2124.5763445818034,
    2479.8081796693127,
    2812.813941619381,
    3150.991842597425,
    3379.522445265312,
    3589.0136794109676,
    3826.888401053535,
    4038.097332414147,
    4186.953977641407,
    4349.2623058661275,
    4448.945027881065,
    4548.307256481087,
    4617.8069624191685,
    4692.182052707186,
    4793.928277116205,
    4895.766187801469,
    4973.468933242343,
    5012.590905384965,
    5040.204774227881,
    5008.398939724291,
    4980.196555274285,
    5019.500598132778,
    5004.796588339692,
    5011.709454457411,
    5014.273426726256,
    5016.485378442678,
    5009.111085312502,
    5008.595227364316,
    4980.9166229858765,
    4952.1977462230225,
    4923.6982100384,
    4945.8479107913245,
    4962.729167358218,
    4930.627291749708,
    4925.730518970058,
    4907.444892254825,
    4878.1943344233,
    4864.75597032804,
    4850.3813912099,
    4841.694999082761,
    4833.711661635811,
    4812.35121384138,
    4813.562510567711,
    4771.771220559678,
    4783.8285498579635,
    4778.352075883979,
    4802.769094923639,
    4357.342709289571,
    4411.13869365982,
    4483.7992192760885,
    4517.319653039552,
    4560.43194218034,
    4600.7634921503495,
    4638.238902008905,
    4683.65136214642,
    4709.814270711422,
    4765.860208039671
  ],
  "speed": [
    9.34264010367977,
    9.275694881844014,
    9.23176307642852,
    9.224542355050879,
    9.207443716879025,
    9.230354833672916,
    9.247558263898211,
    9.248792353749279,
    9.256609634438032,
    9.251350777220692,
    9.263767183546545,
    9.273092099928617,
    9.279507634236879,
    9.288031333947178,
    9.294008779035712,
    9.297564306452939,
    9.304011039900523,
    9.310178095699543,
    9.325067791092712,
    9.329416384755099,
    9.33028368000436,
    9.329078412160529,
    9.32689362757718,
    9.327510528379532,
    9.32967819074809,
    9.336213990716205,
    9.339089675290202,
    9.341718479134288,
    9.344297168085065,
    9.352672272611908,
    9.353269327883938,
    9.356130576752673,
    9.354852131272647,
    9.360688788786051,
    9.368052687743202,
    9.369169806816297,
    9.369707975810803,
    9.372747441514413,
    9.37873312013874,
    9.380773778735335,
    9.382628428694506,
    9.388778274878433,
    9.39204754146217,
    9.394135416265659,
    9.400811445090087,
    9.406346637581658,
    9.404494537832369,
    9.406122668690045,
    9.408310229430594,
    9.400827366686636,
    9.41490769194198,
    9.416697691553447,
    9.41418892120885,
    9.415921041153009,
    9.415988656393946,
    9.41683760448511,
    9.417731438038064,
    9.422261986696803,
    9.42047075603594
  ],
  "throuput": [
    24,
    70,
    149,
    233,
    315,
    415,
    507,
    612,
    730,
    828,
    960,
    1104,
    1249,
    1389,
    1545,
    1704,
    1837,
    1995,
    2139,
    2301,
    2441,
    2575,
    2711,
    2846,
    2978,
    3108,
    3244,
    3369,
    3494,
    3622,
    3749,
    3855,
    3978,
    4102,
    4246,
    4359,
    4464,
    4571,
    4686,
    4794,
    4907,
    5005,
    5115,
    5220,
    5337,
    5466,
    5565,
    5683,
    5794,
    5892,
    5992,
    6103,
    6212,
    6321,
    6440,
    6540,
    6657,
    6775,
    6908
  ],
  "runningtime": [
    5.716243302822113
  ]
}