{
  "distance": [
    1052.037392988663,
    1549.032329159101,
    1981.3089130425417,
    2333.8720442405984,
    2555.652576471934,
    2724.306909118719,
    2835.181863204904,
    3050.6228416685735,
    3165.8400824096193,
    3198.900515594475,
    3311.34783623147,
    3416.991642215797,
    3541.189653515356,
    3606.9609368821325,
    3691.3623945810027,
    3780.960736026241,
    3861.522326727221,
    3865.286614042693,
    3908.9044265864413,
    3894.903052112607,
    3900.918502811602,
    3880.2641085147866,
    3645.705568496048,
    3727.9523732018197,
    3819.170551533088,
    3899.219067828971,
    3976.5357193828772,
    4000.5030298814568,
    4030.3773005550456,
    4031.934029026953,
    4064.1503793672337,
    4128.477259241823,
    4168.26363461041,
    4218.003801642707,
    4245.34905348007,
    4269.625010769287,
    4234.362334456722,
    4290.4406591168745,
    4311.838346649593,
    4329.131039568098,
    4337.112911257618,
    4341.222763263254,
    4351.284769865675,
    4357.618139906802,
    4340.349404346257,
    4374.383674838376,
    4196.56914978201,
    4245.082412323554,
    4258.032569306284,
    4277.424967103651,
    4281.225369348788,
    4295.355082288676,
    4324.0588438472705,
    4355.528945022832,
    4381.288518823975,
    4405.463712858632,
    4428.959874867799,
    4451.303053693869,
    4453.360840519602
  ],
  "speed": [
    8.907256183997374,
    8.857880109013484,
    8.838917865611736,
    8.819367530320951,
    8.807375979155372,
    8.809031801295069,
    8.792440096873696,
    8.809985181657675,
    8.821237766113954,
    8.809476778432225,
    8.7868464153722,
    8.792677056481844,
    8.776911738904163,
    8.781351441229225,
    8.8045603198232,
    8.818539380343113,
    8.824460070137363,
    8.832889247132233,
    8.84002260268617,
    8.840751626552498,
    8.845334430385584,
    8.851429714390902,
    8.859189028532354,
    8.871563564519409,
    8.884263319135915,
    8.893021917300807,
    8.905806675638445,
    8.91331339698944,
    8.924396083519838,
    8.92243090398096,
    8.920478537213981,
    8.924939090136736,
    8.928405838053049,
    8.93462981343001,
    8.934465105393471,
    8.943136280231498,
    8.944894122537892,
    8.953406531854927,
    8.95044585867931,
    8.950005865039683,
    8.948176914607542,
    8.952838597460696,
    8.957842696478373,
    8.955501848127646,
    8.954893445952553,
    8.955216151723741,
    8.96008249988649,
    8.968293444741537,
    8.973747460252879,
    8.979735015005554,
    8.980127474742956,
    8.981983733340691,
    8.985532134806851,
    8.984258538200631,
    8.985831895095362,
    8.985012519245968,
    8.98923884231607,
    8.994055163454824,
    8.99440402040846
  ],
  "throuput": [
    24,
    59,
    120,
    204,
    270,
    347,
    444,
    539,
    655,
    748,
    847,
    956,
    1092,
    1208,
    1328,
    1452,
    1563,
    1676,
    1793,
    1913,
    2041,
    2139,
    2248,
    2362,
    2479,
    2603,
    2741,
    2854,
    2953,
    3058,
    3152,
    3261,
    3382,
    3517,
    3612,
    3741,
    3850,
    3988,
    4101,
    4220,
    4329,
    4451,
    4556,
    4676,
    4788,
    4915,
    5037,
    5174,
    5290,
    5385,
    5478,
    5582,
    5691,
    5808,
    5930,
    6028,
    6143,
    6272,
    6387
  ],
  "runningtime": [
    3.861959930260976
  ]
}