{
  "distance": [
    1046.2852235737519,
    1424.1690651109611,
    1628.1488185167252,
    1861.5274940911224,
    2100.9292736511625,
    2319.5826081206174,
    2524.953058986116,
    2693.499625301623,
    2845.221788699727,
    2744.5551983404052,
    2933.261040295456,
    3071.4568218801323,
    3214.8014706774,
    3400.7775421615124,
    3517.290740401317,
    3613.09073595872,
    3709.551772819117,
    3782.2915994870846,
    3897.6163256089576,
    3754.1123478915147,
    3828.186945937454,
    3932.6754192049702,
    3992.3224184321575,
    4091.908685019657,
    4150.263350546446,
    4197.773921467136,
    4277.013862980182,
    4308.029021705427,
    4362.305525322799,
    4225.238813738814,
    4286.530989977851,
    4371.666240273785,
    4402.743199904683,
    4423.909495500234,
    4509.138763634252,
    4548.307370341266,
    4560.872924395861,
    4611.404660860594,
    4635.998014797903,
    4501.4836962450645,
    4549.340431336694,
    4586.6288354477565,
    4620.783242877534,
    4661.123748837823,
    4687.378020113087,
    4707.038065472309,
    4730.697258321166,
    4767.297072878263,
    4802.638451695532,
    4675.676786786887,
    4697.736511678023,
    4740.697653113179,
    4765.854261239614,
    4784.738499172501,
    4823.56985676443,
    4834.451002137601,
    4841.8943324283455,
    4871.111654636458,
    4888.587713694163
  ],
  "speed": [
    9.046333333231335,
    8.97816115444984,
    8.875465366957775,
    8.835840753309004,
    8.792018267158937,
    8.801110495462646,
    8.782079463684061,
    8.7684679164709,
    8.742343043694904,
    8.752795891372239,
    8.741344660844897,
    8.718537020724037,
    8.706492989542971,
    8.689296974764124,
    8.684805116829757,
    8.671405488204663,
    8.681291265654924,
    8.682065692016678,
    8.67038918807983,
    8.67775972275579,
    8.672824199089975,
    8.66650482356715,
    8.656417822720094,
    8.642839744491756,
    8.64023681527948,
    8.633794517121755,
    8.633353515732999,
    8.624802392199706,
    8.631942949453213,
    8.634829408516723,
    8.638286563370704,
    8.636766490552073,
    8.633699145650223,
    8.635728407772056,
    8.630301742165212,
    8.635387101843405,
    8.634880127692362,
    8.629729651939282,
    8.625720557005703,
    8.627374678136293,
    8.624662828090448,
    8.621345121509263,
    8.617424444929563,
    8.614641748768314,
    8.615753204617855,
    8.615885092053269,
    8.614213387101794,
    8.612081972167738,
    8.610142950533211,
    8.611177475194735,
    8.610279751295359,
    8.609941516433476,
    8.606348875948443,
    8.603169256817942,
    8.598548937813392,
    8.597597596460123,
    8.596199576387086,
    8.59402502447882,
    8.591846359342599
  ],
  "throuput": [
    13,
    52,
    90,
    147,
    240,
    346,
    457,
    588,
    722,
    859,
    1014,
    1167,
    1355,
    1530,
    1728,
    1894,
    2119,
    2289,
    2480,
    2711,
    2895,
    3079,
    3300,
    3498,
    3696,
    3900,
    4119,
    4297,
    4508,
    4742,
    4936,
    5169,
    5376,
    5575,
    5806,
    5997,
    6199,
    6396,
    6635,
    6837,
    7041,
    7219,
    7443,
    7667,
    7885,
    8077,
    8312,
    8508,
    8711,
    8924,
    9124,
    9316,
    9521,
    9736,
    9948,
    10166,
    10376,
    10584,
    10796
  ],
  "runningtime": [
    8.080719824632009
  ]
}