{
  "distance": [
    1069.1068179518575,
    1439.0163395216655,
    1656.706751784596,
    1885.175495458469,
    2130.4594639352326,
    2362.4655005800437,
    2575.7409776658396,
    2742.8005488160097,
    2904.972793695791,
    2800.203653241825,
    2992.194149120202,
    3130.786308857173,
    3280.766538252923,
    3472.6539651822204,
    3588.820459396838,
    3687.611229115929,
    3784.0859144279393,
    3854.3079857903085,
    3969.4252490622885,
    3821.0448688762986,
    3896.180530567258,
    4004.294031123817,
    4065.5494373016795,
    4168.696665823961,
    4224.376331540648,
    4269.237604651231,
    4344.633067549405,
    4377.388607838004,
    4424.058906639829,
    4283.632910632724,
    4339.86758771028,
    4425.446037408819,
    4455.917747027697,
    4475.607093953959,
    4559.750313595863,
    4596.949785535962,
    4608.333359135035,
    4658.707236319527,
    4685.875297280206,
    4547.060847980805,
    4595.092593147561,
    4632.17957490681,
    4667.96855362637,
    4705.678860453364,
    4730.12832924524,
    4748.272830429994,
    4772.428671444499,
    4809.304548826838,
    4843.8624340895685,
    4715.0605367462595,
    4735.851120856229,
    4776.683955579014,
    4801.33084591146,
    4821.395317433998,
    4859.251802045573,
    4868.381107676013,
    4875.5335276115,
    4903.74631775338,
    4920.688991403239
  ],
  "speed": [
    9.255025164478129,
    9.087082413778612,
    9.054696679798194,
    8.988254099677851,
    8.95972804528141,
    9.001156508354429,
    8.99644284996617,
    8.968918316915275,
    8.971870523854408,
    8.98529350743826,
    8.980236170900728,
    8.966072654043371,
    8.976293481416041,
    8.973498903440465,
    8.971443843427037,
    8.971340808262342,
    8.983469060082246,
    8.982932070654199,
    8.97886575313745,
    8.99026392787714,
    8.987010491274939,
    8.994100108458136,
    8.994520992144238,
    8.993579717837823,
    8.992182902376229,
    8.990345921584401,
    8.990463279887024,
    8.996084107143018,
    8.998507605231637,
    9.005427500109269,
    9.005720732397446,
    9.008629454392002,
    9.007621026499784,
    9.01000203905001,
    9.004376080650196,
    9.00876919778268,
    9.009661461871634,
    9.010053721434513,
    9.014171479452427,
    9.015974094228357,
    9.016941899715535,
    9.015180542809583,
    9.016460984574245,
    9.012246301926309,
    9.013268047688388,
    9.013942765503305,
    9.015030365390695,
    9.015239873738572,
    9.014584921370792,
    9.017566601206303,
    9.017110356533315,
    9.014542865118905,
    9.013132871247866,
    9.014332214261952,
    9.009910106915374,
    9.008058322520919,
    9.008400773306036,
    9.007549863524517,
    9.005544780376766
  ],
  "throuput": [
    16,
    51,
    104,
    160,
    242,
    348,
    470,
    594,
    748,
    888,
    1056,
    1216,
    1391,
    1585,
    1777,
    1960,
    2158,
    2361,
    2555,
    2762,
    2955,
    3172,
    3385,
    3601,
    3806,
    4013,
    4236,
    4435,
    4631,
    4864,
    5055,
    5254,
    5466,
    5664,
    5892,
    6089,
    6309,
    6518,
    6724,
    6962,
    7152,
    7333,
    7555,
    7791,
    7995,
    8199,
    8407,
    8624,
    8821,
    9047,
    9249,
    9441,
    9643,
    9843,
    10049,
    10283,
    10515,
    10698,
    10888
  ],
  "runningtime": [
    5.937733324368795
  ]
}