{
  "distance": [
    1064.9019901060258,
    1433.2743210490244,
    1658.3441174207535,
    1885.8656171724804,
    2129.771214854661,
    2359.0905500277254,
    2569.9623634364966,
    2736.9940047553023,
    2897.9635273271115,
    2796.5832578138,
    2986.3454127660416,
    3130.7782546950907,
    3276.4007079418006,
    3469.7323522438387,
    3587.406483649278,
    3689.7125502138515,
    3783.961059679735,
    3857.4494098431965,
    3976.2850645541002,
    3828.2502895861594,
    3902.0794721856787,
    4010.6761955348693,
    4072.800114858331,
    4175.933814439781,
    4232.355806084584,
    4279.542069769929,
    4354.860425720807,
    4383.291480719886,
    4428.347114371901,
    4284.856623175673,
    4338.253085660462,
    4421.82595986738,
    4452.233618798286,
    4470.7913839206985,
    4557.448214787185,
    4594.117852441,
    4605.210512580126,
    4654.243765375264,
    4680.222967600033,
    4543.3163635609735,
    4589.985053000276,
    4627.967466607674,
    4661.566908836053,
    4702.117659750448,
    4726.027878703877,
    4744.866579951781,
    4768.819517890096,
    4805.068246661892,
    4839.193612989883,
    4710.769477228934,
    4732.7818606408355,
    4775.153873039171,
    4799.733764725052,
    4818.356144551078,
    4855.905132583105,
    4864.091916013034,
    4870.6353570124675,
    4899.165997730859,
    4916.190250671654
  ],
  "speed": [
    9.221481727675696,
    9.050192455871173,
    9.054282436536539,
    8.983462482443807,
    8.956033624375182,
    8.991144849603929,
    8.979771716935891,
    8.952962274090156,
    8.953520429670526,
    8.972877986134783,
    8.962867424765966,
    8.960176251074818,
    8.952183055485307,
    8.955369613774938,
    8.955755386973054,
    8.963231507206844,
    8.971706360382617,
    8.977506192438371,
    8.984067667330335,
    8.997952231016885,
    8.995088516644127,
    9.003001784017583,
    9.006071405447683,
    9.006140610970865,
    9.008584185303334,
    9.011451903777736,
    9.009831245808762,
    9.007635767738165,
    9.008813027961128,
    9.011992341290915,
    9.006831756949865,
    9.007231811532098,
    9.006024535550655,
    9.004548022691553,
    9.00268747676454,
    9.005247567344602,
    9.005878502722359,
    9.002317534289258,
    9.005136143011844,
    9.008320058158748,
    9.00514342544959,
    9.005176280782567,
    9.002023657338194,
    8.999844493351318,
    8.998278286670967,
    8.999441151194917,
    8.998666543251854,
    8.996268940519185,
    8.994148343019809,
    8.99634432084844,
    8.995172567724005,
    8.993722963521272,
    8.990801108354512,
    8.988109459806152,
    8.981862253688583,
    8.978157757038133,
    8.976832494507038,
    8.974010483506733,
    8.971345939950554
  ],
  "throuput": [
    16,
    52,
    98,
    161,
    248,
    354,
    470,
    594,
    746,
    883,
    1050,
    1203,
    1383,
    1587,
    1765,
    1956,
    2149,
    2363,
    2567,
    2766,
    2968,
    3162,
    3385,
    3607,
    3815,
    4018,
    4219,
    4446,
    4645,
    4866,
    5072,
    5268,
    5464,
    5662,
    5880,
    6098,
    6302,
    6502,
    6729,
    6946,
    7137,
    7343,
    7545,
    7758,
    7979,
    8182,
    8387,
    8616,
    8826,
    9008,
    9213,
    9429,
    9630,
    9826,
    10044,
    10272,
    10472,
    10673,
    10878
  ],
  "runningtime": [
    6.3111257314682
  ]
}