{
  "distance": [
    997.8506972915701,
    1373.7940761046302,
    1669.9987717101403,
    1920.2264420547638,
    1894.476499876508,
    2172.9029746885053,
    2393.765398400753,
    2572.0388926895193,
    2677.18300694534,
    2798.758157382718,
    2734.9040756403924,
    2858.7901967842954,
    2941.7614064995614,
    3019.378233042232,
    3096.475661797466,
    3134.5862227345688,
    3068.780164266325,
    3135.7753456684445,
    3204.1430004221525,
    3263.5153641823345,
    3296.640799653461,
    3337.7729917597,
    3264.701771708616,
    3312.6792777145793,
    3354.9728852495505,
    3391.833660456775,
    3419.9200043499095,
    3451.734704101931,
    3384.99082799458,
    3425.843464427119,
    3458.190556372674,
    3481.1197299447153,
    3507.195831195404,
    3531.9693843955342,
    3470.064263870793,
    3501.8263049397187,
    3523.030592425321,
    3550.0167427180572,
    3560.0898035363425,
    3570.6387043635336,
    3524.4663683920216,
    3550.2805419271303,
    3570.6776498244894,
    3582.815608798542,
    3602.0180217648513,
    3614.9224293485363,
    3579.3673154108037,
    3596.3746941846275,
    3611.1011760197352,
    3625.074832700697,
    3640.3442581141703,
    3648.7773933856897,
    3610.5253285764147,
    3620.702862082761,
    3636.955851473191,
    3651.1750063542527,
    3662.9625302559643,
    3674.471123370811,
    3628.6732987410746
  ],
  "speed": [
    11.312936168929918,
    11.295962554665316,
    11.031048476784253,
    10.966646213372282,
    10.834227552551832,
    10.78177998552487,
    10.659048941110127,
    10.531637500135801,
    10.419824440807107,
    10.336015465111974,
    10.29026867882848,
    10.202543433932037,
    10.092097732540545,
    10.00738956033916,
    9.90422531416822,
    9.822018371043933,
    9.756229908441151,
    9.726449178590192,
    9.678017489823764,
    9.623890906645073,
    9.544639817475531,
    9.483708950077688,
    9.426696376817983,
    9.382791982104548,
    9.32713427109981,
    9.27167559385796,
    9.227659690749192,
    9.180434183876613,
    9.14308200946198,
    9.103933295845227,
    9.048261809692933,
    9.007399345238586,
    8.96456575919868,
    8.912565775545673,
    8.872128541184384,
    8.845424965089187,
    8.802366857442436,
    8.75822636160082,
    8.703540806614782,
    8.649889787878893,
    8.607614521734238,
    8.578164364535176,
    8.535902359329247,
    8.492397666588658,
    8.45771547730026,
    8.425517352764746,
    8.391020683318423,
    8.355347040195497,
    8.320692005169422,
    8.283022655039325,
    8.244161218125752,
    8.203288587195626,
    8.16508139143099,
    8.126729648734864,
    8.091207195691828,
    8.057216509567152,
    8.019361126491331,
    7.983239152361769,
    7.950853139673719
  ],
  "throuput": [
    1,
    17,
    54,
    121,
    205,
    317,
    420,
    559,
    679,
    797,
    940,
    1097,
    1231,
    1363,
    1495,
    1657,
    1782,
    1935,
    2076,
    2229,
    2356,
    2522,
    2663,
    2802,
    2933,
    3076,
    3218,
    3353,
    3518,
    3675,
    3810,
    3945,
    4102,
    4241,
    4391,
    4543,
    4701,
    4836,
    4977,
    5131,
    5242,
    5381,
    5543,
    5678,
    5830,
    5960,
    6114,
    6256,
    6397,
    6564,
    6698,
    6842,
    6969,
    7134,
    7278,
    7433,
    7566,
    7714,
    7865
  ],
  "runningtime": [
    1.92636692126592
  ]
}