{
  "distance": [
    1011.381194271942,
    1405.5057751271124,
    1738.7451878145375,
    1990.6880852664626,
    1972.4854465134858,
    2262.192280425875,
    2483.3795946169516,
    2662.564180214406,
    2769.045428523799,
    2884.995506122492,
    2797.1757981339815,
    2931.5294375950816,
    3020.829150753879,
    3099.244025378867,
    3187.2008269121984,
    3231.0642838815097,
    3156.781997198848,
    3220.9978909833176,
    3282.403836593644,
    3339.504742423193,
    3376.7044399959937,
    3412.764082311813,
    3331.964344324158,
    3379.6949254102974,
    3424.0826714987024,
    3458.9508272067133,
    3484.0615265379734,
    3513.150339490641,
    3436.481749675908,
    3478.6968364135014,
    3514.150879079052,
    3534.8141697499573,
    3559.001985555291,
    3585.5959960483196,
    3519.639183177466,
    3545.293904660001,
    3567.0162871909856,
    3595.644194432365,
    3608.6023495119043,
    3621.880288888132,
    3574.349064261965,
    3594.4604770708615,
    3615.2467860396887,
    3627.610375858333,
    3643.8935656677727,
    3652.3245249568927,
    3615.2269796408723,
    3632.3127683065777,
    3645.229215404411,
    3658.2025672475243,
    3671.6587549493047,
    3679.297231111038,
    3640.899796249112,
    3652.8911651472263,
    3668.452872420034,
    3681.416696858949,
    3694.0144118405155,
    3703.2317342851543,
    3655.811996819339
  ],
  "speed": [
    11.464621525043814,
    11.56257128110318,
    11.50995794640812,
    11.420263928182855,
    11.3627907454561,
    11.346095360628368,
    11.218873792399643,
    11.127642195763013,
    11.045116489241536,
    10.975589803865029,
    10.901607988127534,
    10.860697431634813,
    10.775215669534106,
    10.705642087589396,
    10.648250426672178,
    10.608010846644566,
    10.54528583867788,
    10.521519958773245,
    10.463461991905499,
    10.41638875990157,
    10.368421546300516,
    10.313248220814001,
    10.249527412238372,
    10.205176770295695,
    10.157630714602659,
    10.101045721221869,
    10.058894718305305,
    10.014604186247286,
    9.96190291308675,
    9.924664512832363,
    9.875919278144353,
    9.83417114149239,
    9.787900049332313,
    9.744370137698061,
    9.698821168159695,
    9.658071605590768,
    9.616541482750678,
    9.573617735661141,
    9.52918521664006,
    9.480805934318928,
    9.43807205060193,
    9.39635270484369,
    9.353071450554653,
    9.309338840627316,
    9.266996905280159,
    9.224177914866795,
    9.18518257078764,
    9.147146584113077,
    9.109242858389825,
    9.068583479068277,
    9.025565449993824,
    8.982491358488646,
    8.944538466162005,
    8.908206679183484,
    8.869792287966375,
    8.83106067706404,
    8.793924553906756,
    8.75133579582643,
    8.712888750410773
  ],
  "throuput": [
    1,
    18,
    66,
    129,
    219,
    339,
    474,
    595,
    739,
    871,
    1018,
    1150,
    1289,
    1438,
    1579,
    1739,
    1871,
    2020,
    2168,
    2329,
    2480,
    2636,
    2760,
    2895,
    3048,
    3194,
    3341,
    3483,
    3633,
    3781,
    3921,
    4067,
    4209,
    4363,
    4507,
    4656,
    4800,
    4950,
    5093,
    5237,
    5382,
    5517,
    5669,
    5813,
    5959,
    6109,
    6250,
    6400,
    6545,
    6695,
    6841,
    6970,
    7117,
    7267,
    7421,
    7564,
    7712,
    7839,
    7998
  ],
  "runningtime": [
    2.062950293223063
  ]
}