{
  "distance": [
    982.7462636187131,
    1273.9448924464446,
    1574.8248856635141,
    1799.4929736736162,
    2024.6209114386797,
    1972.6726057370083,
    2201.351738362537,
    2406.657111612542,
    2571.16303798618,
    2697.056730926058,
    2825.5350206713506,
    2732.4168325906853,
    2866.6124400587923,
    2990.0601580673147,
    3055.84192152799,
    3161.3842264376767,
    3246.236159841859,
    3147.6495576612047,
    3246.193282451236,
    3314.630101142698,
    3379.6741359910825,
    3418.1982579618084,
    3496.0357718600085,
    3388.550661105409,
    3457.3446286732087,
    3523.00656259301,
    3559.4365464974157,
    3606.2610371669675,
    3645.5814840180283,
    3550.8868979923814,
    3602.41077003142,
    3649.9320155190103,
    3669.1842268291725,
    3721.460873388478,
    3758.1220762034045,
    3659.0372987152673,
    3713.3259087695915,
    3742.308311242631,
    3767.0676493278834,
    3787.6092719134567,
    3829.834526559083,
    3830.5632800576914,
    3781.7920916441412,
    3814.5895853920774,
    3826.0619568235657,
    3856.9571986716464,
    3876.122026691315,
    3896.458785313753,
    3837.8604198880207,
    3862.140956092124,
    3874.2231829862294,
    3901.890702321688,
    3926.942953069478,
    3937.2244238746052,
    3889.549757164644,
    3905.0372301040716,
    3926.28417181887,
    3933.0453292962184,
    3963.8505006653445
  ],
  "speed": [
    9.979852835053324,
    9.84866535449446,
    9.709111749240298,
    9.70082357134935,
    9.647240027895894,
    9.613949520645985,
    9.543702984040875,
    9.506613035870563,
    9.50301619977313,
    9.48639955080898,
    9.48628570859786,
    9.484255904607195,
    9.473323926042058,
    9.453281914405803,
    9.453044482566082,
    9.45260829892043,
    9.442229715763252,
    9.446770022662921,
    9.449810424038406,
    9.439463132230152,
    9.432881852581872,
    9.418736355727548,
    9.42088699009828,
    9.41539592017737,
    9.417071970815297,
    9.416515869032498,
    9.41601887616105,
    9.415864395513271,
    9.406928134442163,
    9.411386413726847,
    9.41250736380912,
    9.40098922156461,
    9.404359400128584,
    9.40592343437041,
    9.407205826460034,
    9.394499214589798,
    9.393077415077512,
    9.391339921038536,
    9.388866245301182,
    9.388621193360315,
    9.38913159548987,
    9.382123268404753,
    9.384001645324565,
    9.377706520982624,
    9.371905280548887,
    9.368126166433441,
    9.360982492507048,
    9.361090846910898,
    9.364264843351755,
    9.356351753080585,
    9.355429231183345,
    9.349130797725095,
    9.347005205480116,
    9.350313201148422,
    9.347279321045882,
    9.340510968065576,
    9.339553898712412,
    9.338222783568254,
    9.337045149054731
  ],
  "throuput": [
    11,
    38,
    81,
    155,
    251,
    347,
    470,
    589,
    737,
    882,
    1021,
    1183,
    1331,
    1493,
    1639,
    1801,
    1961,
    2120,
    2290,
    2441,
    2613,
    2765,
    2948,
    3125,
    3276,
    3437,
    3620,
    3776,
    3945,
    4117,
    4281,
    4450,
    4591,
    4759,
    4962,
    5111,
    5283,
    5460,
    5632,
    5777,
    5940,
    6131,
    6291,
    6443,
    6612,
    6756,
    6923,
    7096,
    7263,
    7436,
    7596,
    7765,
    7945,
    8103,
    8261,
    8427,
    8599,
    8777,
    8932
  ],
  "runningtime": [
    2.905332879225413
  ]
}