{
  "distance": [
    1012.7172989885814,
    1308.9426711979133,
    1615.3553842958124,
    1838.2671942602176,
    2073.6284834266876,
    2020.5108723691483,
    2258.0529199504,
    2464.908965751793,
    2635.1212472271854,
    2755.117601815811,
    2891.944913479629,
    2799.4679899463827,
    2927.931854977642,
    3053.5360370402555,
    3113.7950581711507,
    3214.893759666723,
    3300.6944753556636,
    3196.4835789095473,
    3291.647200378482,
    3360.4623970538764,
    3422.7291027820443,
    3461.941505041845,
    3541.4656941570756,
    3430.0530237123003,
    3495.8392431383313,
    3560.0408987416495,
    3593.8640643155436,
    3640.045420447167,
    3682.5318093685178,
    3583.1152952297984,
    3636.054992447623,
    3685.8625262064174,
    3701.8494887900306,
    3750.915066053878,
    3787.5751024668807,
    3691.4754901566384,
    3744.466730700431,
    3772.56469687576,
    3798.9166012716714,
    3819.2472328274703,
    3859.9736898961514,
    3863.241899416327,
    3813.314320277227,
    3847.523800059088,
    3860.355242719077,
    3891.4565314080273,
    3910.155693806715,
    3929.2530094688395,
    3868.130757303777,
    3893.8806168665446,
    3903.8521747627246,
    3932.597143421076,
    3957.0325222314837,
    3965.071130840122,
    3918.087181654675,
    3934.1955954953723,
    3952.5409781371945,
    3956.5511932447976,
    3986.398169290685
  ],
  "speed": [
    10.292670241612461,
    10.13142117702609,
    9.986648964114421,
    9.961708061381236,
    9.94101572456119,
    9.935840127632607,
    9.90069019795042,
    9.87990590469897,
    9.90848872843178,
    9.87529332040863,
    9.912619240645908,
    9.948649307846788,
    9.930892322976845,
    9.92724898362712,
    9.920133114164148,
    9.916119356317077,
    9.913938288934565,
    9.913124580451832,
    9.905859722923527,
    9.903120389919835,
    9.890889794836873,
    9.885778120145954,
    9.89295734370909,
    9.883248212769985,
    9.879916803704864,
    9.879767440519617,
    9.869046249898288,
    9.87020835305025,
    9.870074783841257,
    9.865455115322463,
    9.868370699291829,
    9.864255294009007,
    9.865607332173902,
    9.869167877574272,
    9.870400722398582,
    9.86716581046144,
    9.866186550735598,
    9.864650395416945,
    9.867977919414084,
    9.871833896407077,
    9.873885239837103,
    9.87770488497785,
    9.879435752556368,
    9.878232743340778,
    9.879013854890028,
    9.880619858879319,
    9.878297747239406,
    9.881041712363382,
    9.882991058392435,
    9.882095460562706,
    9.880541137374168,
    9.88182536727954,
    9.881324339545746,
    9.8823483083465,
    9.886489918056872,
    9.885699132567071,
    9.88315291880064,
    9.880538811378717,
    9.879788804111135
  ],
  "throuput": [
    13,
    39,
    88,
    168,
    266,
    367,
    498,
    631,
    766,
    923,
    1079,
    1250,
    1395,
    1556,
    1696,
    1854,
    2017,
    2172,
    2344,
    2513,
    2670,
    2822,
    2986,
    3173,
    3345,
    3506,
    3669,
    3836,
    4000,
    4166,
    4347,
    4508,
    4680,
    4839,
    5003,
    5167,
    5345,
    5521,
    5689,
    5855,
    6017,
    6191,
    6347,
    6524,
    6686,
    6853,
    7015,
    7184,
    7353,
    7523,
    7693,
    7858,
    8020,
    8183,
    8361,
    8518,
    8701,
    8868,
    9015
  ],
  "runningtime": [
    3.1168214042981464
  ]
}