{
  "distance": [
    979.1222228521699,
    1417.185512964783,
    1846.1768848944535,
    2242.792659788548,
    2587.5502439059824,
    2920.088698759471,
    3250.2355143328273,
    3521.786726619,
    3817.7264041262856,
    4069.984423810053,
    4354.660855252504,
    4629.952993613575,
    4878.0861575816925,
    5109.168552032953,
    5294.714533816298,
    5441.008618629596,
    5592.722391451127,
    5771.559115776803,
    5906.108448923512,
    6010.141107840661,
    6111.636861612126,
    6223.288413658709,
    6363.841667340133,
    6450.875774868981,
    6540.062674781777,
    6583.266073097914,
    6661.969811444671,
    6754.811670775295,
    6817.324428472702,
    6833.5673722073725,
    6899.995125736713,
    6953.841209968434,
    6938.2857715186465,
    6989.363882113339,
    7013.362816401462,
    7040.465985194704,
    7092.480789792299,
    7078.938961914579,
    7118.205702699277,
    7103.701650607965,
    7100.3429342220725,
    7099.611388413861,
    7086.146065844024,
    7088.679321911138,
    7052.533920829239,
    7072.18939888953,
    7076.278041098145,
    7078.6583410224775,
    5631.8614220760655,
    5737.811689729277,
    5840.20615837188,
    5939.967895826193,
    6014.235950383838,
    6112.721478623833,
    6203.402652251615,
    6283.806002711929,
    6369.626691545352,
    6436.162831630942,
    6524.190755300937
  ],
  "speed": [
    8.245055584653816,
    7.988196220913599,
    7.890504112234777,
    7.804637489114539,
    7.78578701983678,
    7.776292957583741,
    7.761492205498268,
    7.770394899748933,
    7.765344771945495,
    7.767852905354026,
    7.7759973391095585,
    7.784509819579279,
    7.798796828185922,
    7.814255451894881,
    7.830530099757637,
    7.839251586147296,
    7.843855922563806,
    7.843450682136211,
    7.851246501790984,
    7.856356278000912,
    7.861280972359089,
    7.8703182316610665,
    7.878867972236343,
    7.886997113674283,
    7.89500225942747,
    7.904613177962394,
    7.915748149782694,
    7.927280283421048,
    7.934933418194106,
    7.9432669166883345,
    7.951681723487944,
    7.9619593880539234,
    7.970393477496793,
    7.980319197434243,
    7.98770637210466,
    7.994225125648307,
    8.001700250326465,
    8.009336772816221,
    8.016659294814136,
    8.020316732963876,
    8.026683175462589,
    8.030166918518095,
    8.031937514016485,
    8.036198785340803,
    8.043547390492758,
    8.04774122809972,
    8.050259957306809,
    8.05433368108547,
    8.06978611176521,
    8.072224516834568,
    8.066085368904494,
    8.062260049351911,
    8.057729187901572,
    8.054663038097978,
    8.049756709271442,
    8.045437669310301,
    8.044820938474212,
    8.041967778112586,
    8.039192465108817
  ],
  "throuput": [
    42,
    95,
    210,
    332,
    465,
    605,
    787,
    980,
    1178,
    1362,
    1575,
    1822,
    2089,
    2359,
    2628,
    2868,
    3132,
    3433,
    3718,
    3988,
    4279,
    4557,
    4836,
    5131,
    5416,
    5674,
    5955,
    6231,
    6506,
    6798,
    7062,
    7374,
    7617,
    7904,
    8160,
    8415,
    8692,
    8941,
    9214,
    9478,
    9726,
    9970,
    10196,
    10451,
    10702,
    10957,
    11235,
    11485,
    11719,
    11961,
    12201,
    12434,
    12653,
    12892,
    13088,
    13319,
    13539,
    13749,
    13972
  ],
  "runningtime": [
    11.595910251140594
  ]
}