{
  "distance": [
    1005.9254657138758,
    1469.588395768947,
    1922.220848399137,
    2351.815196981394,
    2713.5246787087794,
    3056.4943610862497,
    3412.4505696840984,
    3698.5182113553587,
    4013.875529344463,
    4281.739519540127,
    4578.491540033521,
    4863.680083692984,
    5120.715449559089,
    5355.334588866711,
    5538.36280041693,
    5689.262676919075,
    5840.4717406531145,
    6024.416778800334,
    6160.989018273368,
    6267.404309540317,
    6372.390325472105,
    6481.5882200263895,
    6624.511198926013,
    6708.9948207111565,
    6795.883078681562,
    6832.9697114371465,
    6908.226238387142,
    6993.524497204471,
    7050.148981188673,
    7059.131987366793,
    7118.08341348328,
    7162.645644996598,
    7141.026975264153,
    7186.550200891275,
    7204.582302812655,
    7225.524735924064,
    7270.535872155145,
    7247.285546857996,
    7280.304700998969,
    7260.505099796924,
    7248.821009010055,
    7241.529020272538,
    7223.007933578943,
    7218.653865609274,
    7173.914969353732,
    7184.766548584593,
    7185.272972843736,
    7182.016211142108,
    5709.869645566866,
    5812.777293199202,
    5917.802881195059,
    6019.502395423861,
    6097.720433890402,
    6197.666062865869,
    6291.684467049824,
    6375.423158149917,
    6463.473137289806,
    6533.28374637142,
    6622.925175115384
  ],
  "speed": [
    8.47162344706926,
    8.285012197270628,
    8.220555589283572,
    8.191476323411285,
    8.17822257028184,
    8.161348498638523,
    8.177042546904989,
    8.192790475936674,
    8.20074936690361,
    8.214047258440122,
    8.225947199637803,
    8.235776102943223,
    8.25469284758618,
    8.267620957695755,
    8.27841988296262,
    8.29534830342309,
    8.301581435023053,
    8.308018309173233,
    8.318833846276279,
    8.329054858500976,
    8.341530845956212,
    8.35089391985981,
    8.366034184511923,
    8.377727045285928,
    8.389269747571646,
    8.39903816119912,
    8.41173924792133,
    8.419776149531344,
    8.427571418396361,
    8.436103191500374,
    8.443513909096323,
    8.450937368183817,
    8.461550441264311,
    8.471824862983606,
    8.479301764754835,
    8.485769885013221,
    8.491168387087383,
    8.494932459942785,
    8.501377454869228,
    8.506553238227918,
    8.51049989509843,
    8.514009987908405,
    8.517336151009514,
    8.519993554939116,
    8.524408398481587,
    8.524913813819229,
    8.529021272794697,
    8.53197599383261,
    8.543974385674458,
    8.537875112172722,
    8.531467395797023,
    8.526794740133392,
    8.524459499148287,
    8.519365073123915,
    8.514755020619837,
    8.511518055786796,
    8.51060803140895,
    8.509332323666253,
    8.50676401159851
  ],
  "throuput": [
    42,
    106,
    222,
    352,
    495,
    654,
    823,
    1029,
    1227,
    1434,
    1674,
    1944,
    2209,
    2505,
    2785,
    3053,
    3331,
    3613,
    3888,
    4161,
    4473,
    4765,
    5080,
    5367,
    5637,
    5903,
    6197,
    6470,
    6757,
    7066,
    7343,
    7627,
    7868,
    8148,
    8401,
    8669,
    8924,
    9175,
    9453,
    9730,
    9993,
    10224,
    10450,
    10689,
    10957,
    11207,
    11455,
    11701,
    11934,
    12161,
    12409,
    12642,
    12849,
    13068,
    13275,
    13507,
    13726,
    13957,
    14208
  ],
  "runningtime": [
    18.955659965674084
  ]
}