{
  "distance": [
    1021.2008669835396,
    1503.1056595827922,
    1970.0245028529107,
    2410.798778548328,
    2779.481454452585,
    3135.695479300967,
    3497.6029077427365,
    3789.0697651510372,
    4107.611027673181,
    4378.880781688432,
    4682.513378096129,
    4969.084022907771,
    5227.460924132152,
    5468.978967580713,
    5654.426206178107,
    5802.315073626808,
    5959.263048107175,
    6145.6371180273345,
    6280.874169176846,
    6380.612136594814,
    6482.29503485511,
    6587.383233943606,
    6726.331055628159,
    6811.290023631931,
    6897.061880638852,
    6931.057385239992,
    7000.616437354873,
    7084.228749163174,
    7138.880829237114,
    7145.438803015638,
    7202.8012766553975,
    7245.2140702050865,
    7217.306994108706,
    7258.34531801261,
    7273.1445508451225,
    7290.762931282568,
    7333.830881966367,
    7307.558143810636,
    7335.9044356275845,
    7309.956483076213,
    7294.82812068946,
    7286.033576279498,
    7266.971394487013,
    7262.342861245711,
    7214.384579116665,
    7225.7120743125015,
    7222.358009563277,
    7217.935516511854,
    5735.173807569769,
    5840.295712937147,
    5946.478161777588,
    6050.276372031159,
    6130.758482704219,
    6232.230216032807,
    6327.982153068587,
    6414.646500024779,
    6504.078562320326,
    6575.891255858625,
    6668.816288278993
  ],
  "speed": [
    8.600904699211739,
    8.478588370291554,
    8.431731022310647,
    8.40552957884421,
    8.384622553030304,
    8.382733698490789,
    8.395701596971358,
    8.412570300356458,
    8.41763013108998,
    8.428761079947353,
    8.44745963436321,
    8.456132136046008,
    8.472763905683516,
    8.490941269122501,
    8.503508696305506,
    8.51619362125526,
    8.53183488770468,
    8.5420594950511,
    8.553740715370001,
    8.558821730223292,
    8.57033315376892,
    8.577500807277659,
    8.589539683547452,
    8.604670573011008,
    8.618011764476433,
    8.628443862636415,
    8.638383658407362,
    8.647451178740544,
    8.655218901959374,
    8.66541697463855,
    8.674731645130102,
    8.682839334360292,
    8.689696601976038,
    8.697243485598383,
    8.703574264449388,
    8.709237272658768,
    8.714680994872236,
    8.718585304327174,
    8.723374020199278,
    8.725331768529866,
    8.727444403241527,
    8.73070615029678,
    8.735427483449788,
    8.740656160303578,
    8.743338692007692,
    8.746886382801335,
    8.749788204805622,
    8.753821844151021,
    8.76191304017699,
    8.757274395455328,
    8.750240986481003,
    8.746062228782572,
    8.74469956675611,
    8.7399424772779,
    8.736362615013546,
    8.735423301107856,
    8.735012707682044,
    8.734824851782072,
    8.733991674165969
  ],
  "throuput": [
    45,
    119,
    228,
    360,
    506,
    672,
    857,
    1078,
    1273,
    1485,
    1757,
    2003,
    2256,
    2560,
    2862,
    3131,
    3427,
    3710,
    3999,
    4285,
    4578,
    4879,
    5180,
    5481,
    5752,
    6040,
    6315,
    6579,
    6864,
    7192,
    7458,
    7733,
    7971,
    8244,
    8507,
    8775,
    9030,
    9297,
    9593,
    9831,
    10065,
    10301,
    10543,
    10781,
    11042,
    11322,
    11566,
    11792,
    12027,
    12259,
    12485,
    12726,
    12925,
    13161,
    13375,
    13600,
    13807,
    14042,
    14264
  ],
  "runningtime": [
    24.73973824183146
  ]
}