{
  "distance": [
    1024.2429917256102,
    1511.5882777781871,
    1984.3370494998876,
    2431.5805604233237,
    2801.4812778723413,
    3159.53009103219,
    3523.0693548236513,
    3818.2728599209995,
    4136.713264276675,
    4404.410910245467,
    4708.030591598202,
    5000.712514733372,
    5253.846660956884,
    5491.812180343099,
    5675.36312877834,
    5822.636910747291,
    5981.108466054606,
    6166.5911900423,
    6301.003329597325,
    6404.300027147784,
    6503.9423908816325,
    6610.7201844638075,
    6748.588166006326,
    6832.216335011048,
    6915.648132245915,
    6947.914098981283,
    7019.027684925207,
    7100.755497224399,
    7154.6083852291595,
    7160.775523329413,
    7214.9072787458,
    7257.806597555094,
    7229.018640358938,
    7270.2718246035565,
    7282.92323687802,
    7299.0080305377005,
    7341.858712320535,
    7317.228726595099,
    7345.690539242144,
    7322.459445858048,
    7308.252213228346,
    7298.820053371445,
    7278.595394454364,
    7272.679759152806,
    7224.888325930048,
    7234.737212603703,
    7231.481602084822,
    7227.20021237091,
    5742.073609020099,
    5848.427101468468,
    5956.092872648906,
    6062.347230123957,
    6142.2193135522075,
    6244.961834521904,
    6342.028958562662,
    6429.54354554099,
    6521.077378985055,
    6593.841854062949,
    6687.456987996949
  ],
  "speed": [
    8.62594169897969,
    8.526857220892373,
    8.494592219383291,
    8.481313759987444,
    8.45673413030191,
    8.453484817015473,
    8.466496283376609,
    8.487396255367596,
    8.487516365911173,
    8.488830998814704,
    8.504398073854354,
    8.520004035331906,
    8.52490457533357,
    8.536858800047945,
    8.5473309266732,
    8.557515260928335,
    8.572684542091888,
    8.581096763109024,
    8.59110232284081,
    8.602053624301734,
    8.610971173883819,
    8.621116704970008,
    8.631188519157725,
    8.64453052914853,
    8.654846512784951,
    8.662012764758993,
    8.67255854159155,
    8.679271141517747,
    8.68778428490864,
    8.69858014305097,
    8.705105039856756,
    8.71473901875786,
    8.721483373384602,
    8.730733413745027,
    8.736108383571102,
    8.740427432293131,
    8.745319816649253,
    8.750128249554006,
    8.75443602044041,
    8.75935913999151,
    8.763098285317431,
    8.766696884404997,
    8.7709453008747,
    8.775408260904653,
    8.779894980114666,
    8.78232367051465,
    8.785500187620531,
    8.790702297017626,
    8.799072105928847,
    8.796210323987669,
    8.791401587191272,
    8.791168771735029,
    8.789749391927012,
    8.786846962384026,
    8.784786972819205,
    8.78468821475733,
    8.786674161819604,
    8.787623743061143,
    8.787838754555883
  ],
  "throuput": [
    43,
    119,
    234,
    370,
    514,
    690,
    863,
    1084,
    1279,
    1506,
    1755,
    2015,
    2254,
    2583,
    2877,
    3118,
    3427,
    3717,
    4019,
    4301,
    4596,
    4889,
    5186,
    5496,
    5758,
    6023,
    6303,
    6607,
    6883,
    7208,
    7484,
    7748,
    8011,
    8267,
    8545,
    8777,
    9023,
    9287,
    9573,
    9847,
    10091,
    10335,
    10563,
    10830,
    11065,
    11325,
    11581,
    11828,
    12051,
    12273,
    12508,
    12753,
    12974,
    13174,
    13389,
    13614,
    13823,
    14069,
    14283
  ],
  "runningtime": [
    28.671243127187093
  ]
}