{
  "distance": [
    1069.665868203242,
    1471.2122409521078,
    1815.4308513837707,
    2131.1668301333916,
    2430.007284568655,
    2637.834927624299,
    2848.662336030327,
    3059.6137087408433,
    3196.3408606290204,
    3318.1826577961597,
    3053.7479559038634,
    3242.9262338706008,
    3394.6170567763006,
    3551.3805074671473,
    3673.1294403369056,
    3796.4294273751157,
    3907.1615702221393,
    3996.5481631863654,
    4064.0029662861552,
    4132.627128953664,
    4209.212981663897,
    4243.1288136279945,
    4034.1928356083827,
    4114.78648899267,
    4192.844291655721,
    4267.152608196376,
    4330.750676339587,
    4391.327748004343,
    4443.479580359074,
    4497.679509060662,
    4530.322948093316,
    4563.994928261009,
    4611.326680406532,
    4635.170097847352,
    4463.075449480135,
    4515.971477741957,
    4562.67466082176,
    4615.7813784214995,
    4643.010015533321,
    4679.1678484046715,
    4716.909052728804,
    4737.6410762513415,
    4784.083032771452,
    4803.603482595776,
    4812.827377668488,
    4844.733760505475,
    4701.0314623479635,
    4732.482717451697,
    4763.068566868398,
    4787.810347254013,
    4826.823790758359,
    4849.858315006117,
    4868.289062449609,
    4887.190296303699,
    4910.291875589388,
    4934.200473086731,
    4942.853188326235,
    4946.158070436219,
    4836.868422488368
  ],
  "speed": [
    10.403880081388143,
    10.344607408832758,
    10.252924865054128,
    10.249617685060516,
    10.224820602997958,
    10.201517097027601,
    10.172115334298411,
    10.138618082095395,
    10.119600323416051,
    10.107509659302334,
    10.08257140369694,
    10.085428491423011,
    10.049000072580721,
    10.018357811775116,
    9.99191143905125,
    9.969621069257288,
    9.95120953381196,
    9.932236648293076,
    9.911455593775925,
    9.885046763099115,
    9.871990987644732,
    9.855324571905195,
    9.848066819058714,
    9.840065101878448,
    9.822223436332573,
    9.803323796780564,
    9.788501650078866,
    9.77643537089197,
    9.764244999932304,
    9.753728244088347,
    9.737188054471956,
    9.726737999934398,
    9.712495859499906,
    9.69863580886816,
    9.69385402078436,
    9.686013762992912,
    9.670535552134286,
    9.658452148865742,
    9.648079938667616,
    9.637475065073565,
    9.627423855160115,
    9.620449848512543,
    9.612178210422906,
    9.601355868830806,
    9.591502065158666,
    9.585128872643205,
    9.579810808645483,
    9.569574376928228,
    9.555187018018772,
    9.544892494727893,
    9.53532631621794,
    9.523128281749099,
    9.51503340357359,
    9.506037520169178,
    9.500242630330472,
    9.492832673478887,
    9.48184460832047,
    9.473994105762939,
    9.467013359324204
  ],
  "throuput": [
    9,
    46,
    113,
    237,
    379,
    558,
    738,
    995,
    1242,
    1482,
    1766,
    2061,
    2338,
    2606,
    2895,
    3218,
    3512,
    3813,
    4104,
    4398,
    4724,
    5052,
    5364,
    5676,
    5978,
    6304,
    6596,
    6934,
    7229,
    7544,
    7844,
    8168,
    8495,
    8799,
    9109,
    9449,
    9785,
    10098,
    10420,
    10748,
    11059,
    11383,
    11704,
    12014,
    12346,
    12664,
    12978,
    13320,
    13645,
    13950,
    14288,
    14583,
    14920,
    15229,
    15530,
    15869,
    16179,
    16499,
    16805
  ],
  "runningtime": [
    12.840939410527547
  ]
}