{
  "distance": [
    1078.011794163957,
    1479.5493104855173,
    1824.4479353123993,
    2141.8418935135455,
    2448.1496562429884,
    2654.626392060946,
    2872.061533988322,
    3086.8886238697537,
    3227.0053546049735,
    3349.706073354971,
    3083.0065489394815,
    3271.113445560863,
    3427.9766971979016,
    3588.3099683399537,
    3709.7912258911297,
    3834.698780537996,
    3945.7909330216,
    4035.657068659122,
    4106.29071637927,
    4177.593060146326,
    4256.171784632081,
    4288.808366496075,
    4074.0255022687315,
    4152.696838772129,
    4232.562319778626,
    4308.409511590678,
    4374.206140097288,
    4437.311654295381,
    4490.102776083948,
    4543.222156932317,
    4576.904638242703,
    4607.182288019027,
    4655.384020104024,
    4677.571344800823,
    4500.875565585474,
    4552.528024008136,
    4598.026129778761,
    4649.527435268343,
    4675.272384807316,
    4711.0905069693135,
    4748.265135336254,
    4768.604640189999,
    4815.512374674867,
    4834.377811109524,
    4842.809412151856,
    4872.702942536151,
    4727.553399860556,
    4758.4960049441615,
    4790.668788872385,
    4814.515208735035,
    4853.858362463894,
    4878.72097157015,
    4896.835740465559,
    4916.713752365232,
    4938.392141921147,
    4961.566450469975,
    4969.898480254076,
    4972.646911294949,
    4863.161129466593
  ],
  "speed": [
    10.484775199897598,
    10.403954669073068,
    10.313356824521943,
    10.310017888150629,
    10.305740882526504,
    10.274346215790416,
    10.272333457419132,
    10.25514615212846,
    10.247596088641853,
    10.237226607083509,
    10.222714397474839,
    10.225556168793407,
    10.206863676598175,
    10.191159937985034,
    10.174603827826802,
    10.166782357662642,
    10.156854409353368,
    10.146270619747968,
    10.14304836971788,
    10.132359388868345,
    10.133230311330195,
    10.122371547935916,
    10.110877126546812,
    10.101185954459737,
    10.09350029242603,
    10.082993357960031,
    10.077141310450958,
    10.076779823120239,
    10.070286159094199,
    10.062941230372566,
    10.055472520184807,
    10.04483297132139,
    10.038508311525653,
    10.02850189984977,
    10.022869995078342,
    10.017324239197256,
    10.00361032475978,
    9.992379790758209,
    9.982163983679454,
    9.973911802161757,
    9.966083337317793,
    9.961210583530397,
    9.95473989754769,
    9.943678607511433,
    9.935071084045891,
    9.927391020554621,
    9.922985509422183,
    9.913548177168767,
    9.903023422631238,
    9.892722584357118,
    9.885706878450765,
    9.878808575583763,
    9.873386169199089,
    9.868736894810196,
    9.862687769092958,
    9.856459341096295,
    9.847553159914664,
    9.840483626844517,
    9.835597313671222
  ],
  "throuput": [
    9,
    47,
    117,
    235,
    378,
    566,
    764,
    1011,
    1248,
    1504,
    1808,
    2084,
    2391,
    2667,
    2970,
    3283,
    3588,
    3887,
    4198,
    4492,
    4822,
    5125,
    5430,
    5775,
    6086,
    6400,
    6710,
    7042,
    7324,
    7657,
    7983,
    8310,
    8623,
    8941,
    9247,
    9590,
    9928,
    10241,
    10544,
    10883,
    11191,
    11502,
    11798,
    12134,
    12472,
    12795,
    13114,
    13458,
    13757,
    14095,
    14412,
    14734,
    15064,
    15369,
    15669,
    16016,
    16317,
    16633,
    16963
  ],
  "runningtime": [
    5.892477373282115
  ]
}