{
  "distance": [
    1079.1557802157256,
    1492.5210832267057,
    1849.1232008653544,
    2168.652180157084,
    2481.373639220357,
    2692.71269425055,
    2908.4641298087736,
    3126.759317233778,
    3267.381488362784,
    3389.4014299739024,
    3115.2137117028337,
    3306.4175495779814,
    3465.8094927289553,
    3625.0156017892327,
    3748.968473267406,
    3872.2993326827727,
    3982.875369901717,
    4072.5586066230235,
    4143.45714837765,
    4218.314100718916,
    4291.232849928743,
    4326.012045437197,
    4111.408061103454,
    4192.725430917534,
    4269.738300219314,
    4345.88059062613,
    4407.412865876841,
    4466.9476638575,
    4518.7041270105965,
    4571.409392538884,
    4605.758235848598,
    4636.473893248666,
    4685.224038749874,
    4710.045581771196,
    4529.583742363209,
    4576.80150533735,
    4622.511602801472,
    4673.479543276477,
    4698.035778603038,
    4734.261101753696,
    4771.798854606791,
    4788.177612035483,
    4833.640933255895,
    4851.960584416855,
    4860.62439202731,
    4889.589391241972,
    4742.3712740654755,
    4773.890534237904,
    4807.084079697994,
    4830.841094242653,
    4870.203428022496,
    4895.838676744959,
    4912.003316980785,
    4930.756167098014,
    4951.4166491185015,
    4973.051166641,
    4980.974693954648,
    4982.85308381557,
    4872.244194039274
  ],
  "speed": [
    10.493591620344992,
    10.494221821723302,
    10.445532720333329,
    10.440707422104285,
    10.466169559687629,
    10.45672259942158,
    10.454000288789553,
    10.449289384390685,
    10.453902882309348,
    10.454696527808691,
    10.443413037899685,
    10.45106972441914,
    10.439474184886121,
    10.425898858568518,
    10.42155747481066,
    10.41356954128165,
    10.406047954521599,
    10.39556925946923,
    10.391639311862539,
    10.390732008915496,
    10.37899625053062,
    10.372845388559613,
    10.366695887638965,
    10.36174631978181,
    10.343923899480506,
    10.334902676469314,
    10.322154726094427,
    10.315639224188999,
    10.311194188588928,
    10.307479000617048,
    10.304907504138622,
    10.296364882321416,
    10.292333818898488,
    10.289852134317169,
    10.282566471657002,
    10.269207326200922,
    10.257935134843898,
    10.24653376772442,
    10.236056560518989,
    10.229809239635088,
    10.224464759082897,
    10.214274852037793,
    10.206590914345197,
    10.19529566483698,
    10.186882554000222,
    10.177190621605302,
    10.169388897110558,
    10.159361496611545,
    10.150165771385296,
    10.138994964816225,
    10.13124202725996,
    10.12559361441614,
    10.116424183719493,
    10.108834023262887,
    10.099358063720532,
    10.08866954553283,
    10.078652452751708,
    10.069155703329402,
    10.061166526374635
  ],
  "throuput": [
    7,
    45,
    118,
    243,
    396,
    583,
    790,
    1030,
    1301,
    1584,
    1845,
    2122,
    2443,
    2748,
    3040,
    3368,
    3642,
    3949,
    4238,
    4544,
    4860,
    5166,
    5487,
    5816,
    6135,
    6472,
    6780,
    7123,
    7413,
    7765,
    8060,
    8373,
    8710,
    9042,
    9350,
    9676,
    9995,
    10322,
    10634,
    10958,
    11288,
    11596,
    11885,
    12207,
    12522,
    12855,
    13170,
    13504,
    13822,
    14153,
    14468,
    14800,
    15120,
    15415,
    15718,
    16071,
    16371,
    16701,
    16999
  ],
  "runningtime": [
    10.106223662694296
  ]
}