{
  "distance": [
    1080.046164891737,
    1485.0675913042871,
    1836.5878188867134,
    2155.225810788776,
    2463.646764234557,
    2675.5264347991865,
    2893.102396222017,
    3110.657869192304,
    3250.600719218142,
    3368.993284689398,
    3101.123832142853,
    3289.486473732759,
    3444.869214617298,
    3602.5526289333843,
    3725.6127655262567,
    3850.36662065644,
    3965.1381510984793,
    4055.811593177194,
    4125.89163642726,
    4196.866720781484,
    4272.375466948128,
    4302.6678623140215,
    4087.7045963936853,
    4167.408068478535,
    4247.576498998491,
    4323.653296630912,
    4388.935916695568,
    4451.921510161731,
    4504.007293664288,
    4557.665352015764,
    4590.981256208974,
    4624.28219050715,
    4672.744396588402,
    4695.355350585915,
    4519.105624761558,
    4568.836068491395,
    4615.12839979013,
    4667.348888049269,
    4692.007677344778,
    4727.124457163527,
    4763.824002671292,
    4782.831508590043,
    4828.40653177141,
    4847.338687524951,
    4855.281204590768,
    4886.229992959585,
    4739.651177458724,
    4770.301428485388,
    4801.790588063683,
    4824.865798505874,
    4863.924950104984,
    4888.732515393343,
    4906.663197216667,
    4927.4176513778,
    4949.0645822531105,
    4972.668196186727,
    4981.892511452887,
    4984.901435042341,
    4873.851807896645
  ],
  "speed": [
    10.503300372934149,
    10.441171561155558,
    10.378187443111697,
    10.37609009040923,
    10.380844577546851,
    10.371364951761883,
    10.371853229197106,
    10.36187461534375,
    10.36012939079821,
    10.34856588579642,
    10.344875956921964,
    10.346581023772112,
    10.322830865877938,
    10.300241018945782,
    10.287677050134752,
    10.27971246617517,
    10.279016231750592,
    10.2726176328556,
    10.267305498608877,
    10.255438513546082,
    10.252895340539826,
    10.239806065361847,
    10.230530356201138,
    10.223776796288309,
    10.21393156748079,
    10.203047852314068,
    10.198359921718103,
    10.200272048680928,
    10.19757822876303,
    10.19534403077539,
    10.187766800714197,
    10.183793942991874,
    10.17697782708268,
    10.167949416708364,
    10.167718739265279,
    10.159385977472652,
    10.148462386310772,
    10.140439225924927,
    10.132736312182436,
    10.126585549881872,
    10.119784130110867,
    10.11476649262816,
    10.10907853037874,
    10.101145587307244,
    10.092752467709536,
    10.088349565520106,
    10.082690290432962,
    10.072177263809069,
    10.061751420234781,
    10.051343120936206,
    10.043845526870117,
    10.038358484894408,
    10.03321675982023,
    10.02991401982779,
    10.024446230654215,
    10.018404757611604,
    10.011975195820654,
    10.006893224039244,
    9.99946308452032
  ],
  "throuput": [
    7,
    49,
    119,
    240,
    387,
    571,
    778,
    1017,
    1287,
    1547,
    1824,
    2110,
    2415,
    2690,
    3002,
    3316,
    3604,
    3932,
    4216,
    4525,
    4867,
    5166,
    5469,
    5794,
    6104,
    6432,
    6744,
    7106,
    7401,
    7718,
    8020,
    8331,
    8648,
    8994,
    9304,
    9647,
    9974,
    10304,
    10641,
    10949,
    11254,
    11572,
    11879,
    12191,
    12525,
    12847,
    13168,
    13497,
    13841,
    14150,
    14470,
    14793,
    15111,
    15410,
    15738,
    16048,
    16386,
    16697,
    17005
  ],
  "runningtime": [
    6.495502118269602
  ]
}