{
  "distance": [
    1080.6092407362196,
    1487.3266974327864,
    1841.2514984270997,
    2160.764515121643,
    2467.6493331790775,
    2685.5189576970506,
    2901.0032328513025,
    3117.5382940670415,
    3257.446040628078,
    3376.6428252642427,
    3105.565789322626,
    3294.520725692044,
    3450.561309271539,
    3609.0257709598177,
    3730.9235418470485,
    3858.6812329841696,
    3973.76080096831,
    4067.73194760063,
    4137.142265056192,
    4209.21314784034,
    4282.395234194774,
    4315.165817024754,
    4099.133018452929,
    4178.995822841711,
    4255.949563222023,
    4330.927706432012,
    4394.012258834938,
    4454.693806647639,
    4505.012861998427,
    4558.881263895749,
    4590.898800312085,
    4623.416002087169,
    4669.606788227828,
    4692.7339511839355,
    4515.547416076924,
    4565.378091925962,
    4612.940699655043,
    4665.029690369324,
    4691.964263283109,
    4728.355083968096,
    4765.133520851906,
    4783.597654412927,
    4829.972744774253,
    4849.709324326062,
    4858.060457631607,
    4886.677515746695,
    4740.891763098509,
    4772.08018685901,
    4803.722126620817,
    4827.282755231445,
    4866.1215835901685,
    4891.1547941488925,
    4908.370796667197,
    4927.156287219678,
    4948.927034204488,
    4970.637246865496,
    4978.761457865339,
    4980.684076264393,
    4870.400680946846
  ],
  "speed": [
    10.508846302082443,
    10.457656080221655,
    10.405610587090154,
    10.409343703699736,
    10.406729985416167,
    10.422183772999967,
    10.420759891841278,
    10.409457135640487,
    10.406028481955898,
    10.395112400227884,
    10.384208878365085,
    10.388605370464033,
    10.36847533526398,
    10.354092151636747,
    10.341570099960446,
    10.343940860353456,
    10.346619515743804,
    10.348578709268438,
    10.34403348541881,
    10.337255839133666,
    10.330041848125756,
    10.323388509514611,
    10.31500669813593,
    10.31062159627619,
    10.295839537121907,
    10.283824412137443,
    10.274087409661051,
    10.269950584779425,
    10.262163084372112,
    10.258371867044605,
    10.2487326880627,
    10.244817910877808,
    10.234102955351505,
    10.224548435179075,
    10.219193941254066,
    10.20967428787051,
    10.198805357413498,
    10.187360353972425,
    10.180059760853283,
    10.173303462404798,
    10.164996446214552,
    10.157747830087162,
    10.15179767127002,
    10.143803138976834,
    10.135688215637368,
    10.126249145819086,
    10.12064089124587,
    10.10981505455661,
    10.098854851459748,
    10.08857086509355,
    10.080392089258748,
    10.07344419112224,
    10.065669640960884,
    10.057824063768,
    10.051865357409955,
    10.042120349445192,
    10.032772109264418,
    10.02335297082862,
    10.016601046527112
  ],
  "throuput": [
    8,
    46,
    121,
    241,
    393,
    580,
    787,
    1025,
    1286,
    1556,
    1834,
    2130,
    2435,
    2730,
    3013,
    3336,
    3628,
    3941,
    4239,
    4557,
    4873,
    5180,
    5502,
    5830,
    6132,
    6461,
    6768,
    7107,
    7417,
    7721,
    8049,
    8373,
    8676,
    8982,
    9310,
    9638,
    9950,
    10279,
    10608,
    10944,
    11260,
    11572,
    11871,
    12201,
    12535,
    12847,
    13149,
    13496,
    13832,
    14152,
    14469,
    14782,
    15099,
    15409,
    15734,
    16061,
    16362,
    16673,
    17017
  ],
  "runningtime": [
    6.760936466852824
  ]
}