{
  "distance": [
    1080.7142780075492,
    1492.3403750251357,
    1853.8983110112138,
    2169.5561712737554,
    2480.0030552813287,
    2691.536914700092,
    2906.285433686021,
    3123.015123949534,
    3261.860716681866,
    3380.8999722300614,
    3110.673320392896,
    3298.2112219437545,
    3453.2637007164903,
    3613.673772689197,
    3739.1228137643675,
    3864.1905280431415,
    3978.3643557404102,
    4070.0068031422943,
    4142.50195702307,
    4214.181886398192,
    4287.692909083511,
    4321.443071188362,
    4104.545115859315,
    4184.831294298722,
    4262.639332088683,
    4335.894353267771,
    4399.163248933533,
    4460.94604140817,
    4511.399467021942,
    4563.651425262582,
    4596.268537397473,
    4628.441743131191,
    4677.083741831569,
    4701.527970903942,
    4524.872677654022,
    4574.1473146528,
    4619.02969952276,
    4671.117882003098,
    4696.935995716834,
    4733.576944842326,
    4770.399842628422,
    4788.039043798522,
    4832.6316231812925,
    4851.062161506323,
    4859.393928082712,
    4888.243109671695,
    4742.208444585529,
    4773.459933189216,
    4805.55230052611,
    4829.94053906871,
    4869.310180281937,
    4894.56686030699,
    4911.323359977993,
    4930.067579354686,
    4950.237554320481,
    4973.814676672328,
    4982.845904549117,
    4985.212271283857,
    4875.533378777949
  ],
  "speed": [
    10.51021830011544,
    10.490926166240437,
    10.472626466810318,
    10.447256147642534,
    10.462995000652974,
    10.455439673372698,
    10.447415743176194,
    10.434853369838851,
    10.4240754801309,
    10.408144722243959,
    10.403289944461555,
    10.403683875494123,
    10.381194040274892,
    10.369099221182577,
    10.36656824124255,
    10.363502137495594,
    10.363651503302808,
    10.358940256285479,
    10.357791447107838,
    10.348260742815432,
    10.339941229136388,
    10.334544976361572,
    10.324780807006748,
    10.318734242817033,
    10.305077213834519,
    10.29144040670273,
    10.282273688670136,
    10.281459984574585,
    10.276168133174538,
    10.272014338788555,
    10.265546252100394,
    10.262024117912478,
    10.257132053649855,
    10.252325523526611,
    10.252004295270483,
    10.245212623085898,
    10.232654671993533,
    10.224028730453934,
    10.217102019766017,
    10.212225419144733,
    10.205954247058589,
    10.198976364337453,
    10.191522717881872,
    10.182369552671593,
    10.174723414100086,
    10.165816995203711,
    10.160675875644204,
    10.150678686662333,
    10.140682185536887,
    10.131506672507934,
    10.123400954936383,
    10.116375690599963,
    10.107957881646328,
    10.100226275097668,
    10.090576984019743,
    10.08368617821184,
    10.075666672506616,
    10.067794811147417,
    10.062119786599876
  ],
  "throuput": [
    8,
    47,
    119,
    249,
    399,
    587,
    793,
    1027,
    1274,
    1561,
    1842,
    2132,
    2433,
    2724,
    3031,
    3350,
    3639,
    3941,
    4218,
    4541,
    4857,
    5179,
    5489,
    5820,
    6155,
    6461,
    6779,
    7122,
    7439,
    7744,
    8055,
    8385,
    8686,
    9006,
    9350,
    9685,
    10003,
    10308,
    10628,
    10960,
    11286,
    11615,
    11893,
    12218,
    12546,
    12869,
    13175,
    13515,
    13848,
    14155,
    14464,
    14783,
    15120,
    15418,
    15739,
    16048,
    16382,
    16689,
    17021
  ],
  "runningtime": [
    7.487591926256815
  ]
}