{
  "distance": [
    931.7571521723179,
    1214.834800435197,
    1459.5109406433696,
    1704.0701579035897,
    1894.5215758302186,
    2127.777235109555,
    2347.475755620531,
    2472.842877866934,
    2621.525078505158,
    2795.465214727537,
    2848.8556205252544,
    2978.1765312873763,
    3055.6059979426723,
    3153.0841609961767,
    3249.0950000264916,
    3245.570463127516,
    3333.413773006904,
    3410.2262198925655,
    3439.8552450024354,
    3533.969514768787,
    3568.60544778304,
    3577.4177119566734,
    3628.4087826774726,
    3657.7239173021685,
    3706.0429165972337,
    3742.405276712596,
    3729.558068042794,
    3770.383891080958,
    3790.1808645125443,
    3805.560134306089,
    3857.124447311952,
    3861.5931008633665,
    3857.267568206136,
    3887.4496815178522,
    3897.332069295806,
    3920.103555129383,
    3945.0847601854734,
    3927.512374341427,
    3938.1505532549813,
    3959.727197454178,
    3988.485692168425,
    3995.806331319834,
    4015.348568359973,
    4009.118035072262,
    4028.827454339193,
    4036.2759445464676,
    4056.850286176445,
    4062.8572094894976,
    4081.017524332744,
    4065.4828310880102,
    4081.0004590369795,
    4094.9452832391053,
    4097.508828146487,
    4116.99488307841,
    4095.3906064638136,
    4109.342340089512,
    4121.478348975879,
    4126.290702890868,
    4131.512299429729
  ],
  "speed": [
    10.544312238218337,
    10.433262738014465,
    10.24731854012396,
    10.139749806605,
    10.12737051449816,
    10.079867641860835,
    10.046665162110187,
    9.94853034033219,
    9.880460257448552,
    9.865219537453832,
    9.804388159161528,
    9.739415385338928,
    9.713106804397345,
    9.663686737032323,
    9.642468758600847,
    9.594325396318478,
    9.581661787543895,
    9.574641624037934,
    9.569656931566595,
    9.561944716124906,
    9.549084147377542,
    9.523838467772949,
    9.509589012081934,
    9.497403037442803,
    9.481663422591467,
    9.46999909532821,
    9.444643284283627,
    9.421040167345494,
    9.41209946129508,
    9.384338161067022,
    9.361102793252176,
    9.346381419131367,
    9.328031109643298,
    9.305588571013137,
    9.283138641997521,
    9.261498809161175,
    9.24640635012198,
    9.224205428147915,
    9.19937270174977,
    9.18292590534841,
    9.175756351482915,
    9.164118069008904,
    9.145558924582197,
    9.127897681659649,
    9.118097934906235,
    9.105264233332907,
    9.090065996516499,
    9.074511784326397,
    9.057880391912043,
    9.045898899684405,
    9.036829053994335,
    9.02091853360466,
    9.00558406750138,
    8.995016637756784,
    8.976677764136323,
    8.965354359093388,
    8.951164564653503,
    8.933031011757327,
    8.915967975521482
  ],
  "throuput": [
    7,
    27,
    56,
    98,
    157,
    241,
    326,
    427,
    537,
    640,
    763,
    909,
    1034,
    1157,
    1293,
    1421,
    1567,
    1708,
    1858,
    1989,
    2132,
    2279,
    2403,
    2547,
    2673,
    2825,
    2973,
    3101,
    3253,
    3390,
    3513,
    3657,
    3802,
    3943,
    4078,
    4234,
    4356,
    4511,
    4646,
    4776,
    4933,
    5070,
    5207,
    5341,
    5483,
    5631,
    5763,
    5906,
    6054,
    6193,
    6341,
    6490,
    6633,
    6756,
    6893,
    7021,
    7167,
    7315,
    7448
  ],
  "runningtime": [
    3.7292146841684977
  ]
}