{
  "distance": [
    934.7140256149248,
    1228.3245435708125,
    1488.1175624569996,
    1744.4669006822744,
    1939.1299030054154,
    2180.9434780184965,
    2404.3064501773424,
    2544.1435487320987,
    2693.1990109879525,
    2863.514475391385,
    2921.4840858738808,
    3059.9597150544946,
    3137.6610996634845,
    3238.6936531612687,
    3330.181542843097,
    3328.974626425687,
    3414.719957901282,
    3487.63910918691,
    3506.6864368767797,
    3597.6764704091756,
    3625.3523844566284,
    3633.8767797755263,
    3683.277298552576,
    3712.6604838737335,
    3757.1181608140027,
    3789.4259394690207,
    3774.8715516548723,
    3815.936599295489,
    3830.8590093894913,
    3848.864604705143,
    3901.5796879158247,
    3901.24184661111,
    3894.1077126840505,
    3925.654875558386,
    3935.1985386188326,
    3957.7250968697304,
    3981.1409513528943,
    3965.927297518623,
    3977.4413772272533,
    3998.005201556286,
    4020.7420015963235,
    4026.294058617362,
    4045.7533111095213,
    4041.576143787089,
    4057.259830371249,
    4063.579634258293,
    4083.1015407141563,
    4090.3447469760713,
    4109.00361845544,
    4092.1657059831173,
    4105.789404015137,
    4121.975570258766,
    4124.145231623134,
    4143.489463655047,
    4122.953888112759,
    4135.334384224178,
    4144.765908744209,
    4149.749949011363,
    4154.882592663687
  ],
  "speed": [
    10.582739637757689,
    10.576825470767355,
    10.49152257795403,
    10.428270250605117,
    10.447998707683,
    10.420231286818131,
    10.389680978792178,
    10.35838927948438,
    10.31057689541993,
    10.297623216549672,
    10.281558882842328,
    10.257727182122913,
    10.247997165775782,
    10.226225578168295,
    10.216271121185233,
    10.1948589763902,
    10.186416929642268,
    10.17897032357978,
    10.15468851695534,
    10.144945650010017,
    10.125768294593543,
    10.103777588510784,
    10.085699827429492,
    10.078274998546107,
    10.057366029307143,
    10.046607292256985,
    10.024116321964613,
    10.003771028267094,
    9.985238414988709,
    9.963743891839323,
    9.947083492292645,
    9.926476470930723,
    9.905122591023074,
    9.888145240548843,
    9.86793867739291,
    9.846619870973587,
    9.825676876101666,
    9.810474493307698,
    9.787705081951954,
    9.770689012967782,
    9.749501110503447,
    9.732206873332169,
    9.711201974042996,
    9.69755661513892,
    9.677168067509296,
    9.661753567950749,
    9.641871727926944,
    9.629209175962234,
    9.61349285008384,
    9.597060199000328,
    9.580937543690132,
    9.566168425065376,
    9.547550200053674,
    9.533515166126993,
    9.517601684944266,
    9.503027472718996,
    9.483922376535721,
    9.465303985252747,
    9.447796267989633
  ],
  "throuput": [
    8,
    32,
    60,
    103,
    169,
    258,
    336,
    455,
    566,
    683,
    816,
    952,
    1087,
    1228,
    1362,
    1491,
    1633,
    1779,
    1920,
    2065,
    2204,
    2335,
    2472,
    2609,
    2760,
    2896,
    3049,
    3182,
    3312,
    3448,
    3593,
    3729,
    3874,
    4022,
    4160,
    4287,
    4425,
    4573,
    4723,
    4852,
    4988,
    5130,
    5265,
    5405,
    5548,
    5695,
    5834,
    5986,
    6120,
    6259,
    6408,
    6542,
    6683,
    6819,
    6969,
    7108,
    7249,
    7379,
    7518
  ],
  "runningtime": [
    2.4811512351036074
  ]
}