{
  "distance": [
    954.7782624218801,
    1246.3542501457925,
    1502.758828366291,
    1767.474068269782,
    1958.8028753789808,
    2200.7272250906194,
    2428.1079693438523,
    2569.9180283406845,
    2721.5292410296765,
    2888.1348040102257,
    2941.4385623238004,
    3075.324375089664,
    3150.2963580260866,
    3254.096858066674,
    3348.170852642142,
    3348.3949844431636,
    3427.1117303339283,
    3494.059145868096,
    3511.970288729689,
    3604.1381526755185,
    3635.4050674564824,
    3645.6842084297828,
    3694.025049380062,
    3715.460721217128,
    3759.989332212214,
    3788.6878303154886,
    3779.930018064426,
    3821.989606196891,
    3835.5778994957077,
    3851.29499995928,
    3905.665099339022,
    3905.0542269086714,
    3898.344445909626,
    3928.8049051458784,
    3936.9508961053357,
    3960.4811877350617,
    3984.673747609515,
    3970.1546325174686,
    3983.277311289067,
    4002.8211196237703,
    4025.244539166869,
    4028.4105761787405,
    4048.244048561921,
    4043.0312703041554,
    4057.9831981574303,
    4063.6432105279687,
    4082.5587804180045,
    4089.5439208845287,
    4108.929838788631,
    4091.8198832632693,
    4105.937601692606,
    4121.228939607196,
    4124.847624279912,
    4142.646441194726,
    4123.382393434364,
    4135.438256193014,
    4146.699522982335,
    4151.872522731099,
    4156.636387495511
  ],
  "speed": [
    10.81199490672736,
    10.74075622345097,
    10.608850496756663,
    10.58926972685,
    10.580237266205545,
    10.534994625043595,
    10.512150565809831,
    10.489341581734985,
    10.453103649445566,
    10.42654637395837,
    10.404892176395295,
    10.375342664195207,
    10.354052500497913,
    10.331358481873595,
    10.320906873132655,
    10.307148389890093,
    10.285241169686461,
    10.261975535980811,
    10.233882807971648,
    10.22163343666554,
    10.205464848413857,
    10.187774178914733,
    10.169821433959568,
    10.138938849250565,
    10.121380707311515,
    10.098242643581719,
    10.088428870784925,
    10.068406609021023,
    10.048706317985252,
    10.024020815804422,
    10.01147118987387,
    9.990273878096366,
    9.97057975343669,
    9.95067902810771,
    9.924440423388312,
    9.904283292306546,
    9.88505701586131,
    9.86913525036596,
    9.849899402848258,
    9.833661679069413,
    9.815142523051321,
    9.793948357926848,
    9.776349351719917,
    9.762273521344007,
    9.742241184117633,
    9.726979395007469,
    9.70682154960373,
    9.690331179395907,
    9.675353059714112,
    9.65831238226405,
    9.642354784669335,
    9.62540647363605,
    9.609842614418826,
    9.592178791316872,
    9.577644503074435,
    9.561924116115675,
    9.545679161342388,
    9.527189008781434,
    9.50884736758729
  ],
  "throuput": [
    8,
    33,
    63,
    103,
    175,
    248,
    346,
    457,
    576,
    695,
    833,
    965,
    1090,
    1226,
    1375,
    1504,
    1649,
    1785,
    1915,
    2057,
    2203,
    2344,
    2478,
    2619,
    2765,
    2900,
    3043,
    3185,
    3328,
    3469,
    3614,
    3742,
    3893,
    4022,
    4165,
    4300,
    4428,
    4579,
    4726,
    4871,
    5004,
    5134,
    5270,
    5417,
    5567,
    5705,
    5832,
    5977,
    6124,
    6274,
    6400,
    6558,
    6689,
    6828,
    6964,
    7117,
    7244,
    7389,
    7531
  ],
  "runningtime": [
    2.582959409554799
  ]
}