{
  "distance": [
    958.8995730694087,
    1254.8475778190727,
    1507.107275619755,
    1769.5284117183007,
    1952.6010824334578,
    2194.869099903451,
    2425.858789259869,
    2564.714074971181,
    2720.7916194208738,
    2893.2857382020115,
    2948.889766909453,
    3084.9141619332513,
    3156.9127911879827,
    3261.8268873213588,
    3353.8267223819084,
    3348.3078579428197,
    3424.6030960836724,
    3489.8430742971145,
    3505.139586249608,
    3593.884640768824,
    3624.7544011770283,
    3633.530213694584,
    3682.4809456261205,
    3707.1078235432037,
    3751.8073141886384,
    3779.362610122653,
    3770.3325484730476,
    3812.5631698425545,
    3826.74698165089,
    3846.3423771187654,
    3898.7105486658675,
    3900.515010453558,
    3895.656687547764,
    3927.274233718515,
    3934.893766064284,
    3962.233485068604,
    3985.8786907515864,
    3970.259987354249,
    3983.4581642627318,
    4004.438350846707,
    4027.603947757265,
    4033.197465427268,
    4053.9951592124426,
    4050.2256307150305,
    4064.187982593637,
    4068.071272487124,
    4088.920082722076,
    4095.6560333070856,
    4114.452089208038,
    4097.0752594338755,
    4112.295176827234,
    4126.854676879522,
    4130.702584678612,
    4149.653194166949,
    4129.495178240061,
    4141.604259949713,
    4154.343530701386,
    4161.163246221062,
    4166.224356749232
  ],
  "speed": [
    10.853269240240104,
    10.800844542162798,
    10.62476174727404,
    10.594466238727883,
    10.537760823506652,
    10.50567661319354,
    10.508866484273895,
    10.472136369553876,
    10.444535959237115,
    10.44036072029859,
    10.41668392047268,
    10.394565172986773,
    10.364575718024518,
    10.351977769244149,
    10.336778007023423,
    10.316879373289726,
    10.292069411400275,
    10.26265069131567,
    10.225725903879049,
    10.205675589545441,
    10.187689370904527,
    10.163007910956917,
    10.14263275854449,
    10.12216072805328,
    10.104628128128128,
    10.07706324611656,
    10.062042415945758,
    10.040249593570502,
    10.015868007778602,
    9.997941063925557,
    9.97888185571189,
    9.961133147361611,
    9.943367202999628,
    9.928393829009773,
    9.90377774892676,
    9.895520240940241,
    9.87892239442051,
    9.863925551381165,
    9.848429845271799,
    9.835151335576853,
    9.818182141740936,
    9.80562028286113,
    9.791972724467357,
    9.784196449091121,
    9.76664062265418,
    9.750954226984735,
    9.739387193144267,
    9.72745893444061,
    9.71401606672942,
    9.698568411704725,
    9.68727627940716,
    9.671659497037036,
    9.658985398144235,
    9.645664560367912,
    9.631743722716017,
    9.617585086048706,
    9.606421510590318,
    9.594373033692031,
    9.581049512221682
  ],
  "throuput": [
    7,
    30,
    63,
    102,
    173,
    257,
    348,
    450,
    571,
    689,
    828,
    962,
    1092,
    1228,
    1380,
    1523,
    1659,
    1787,
    1921,
    2058,
    2205,
    2336,
    2472,
    2621,
    2770,
    2893,
    3029,
    3173,
    3309,
    3452,
    3596,
    3724,
    3888,
    4027,
    4168,
    4307,
    4446,
    4595,
    4737,
    4871,
    5016,
    5149,
    5285,
    5435,
    5584,
    5727,
    5863,
    5997,
    6149,
    6285,
    6423,
    6575,
    6706,
    6845,
    6989,
    7123,
    7271,
    7411,
    7565
  ],
  "runningtime": [
    2.6159035404523214
  ]
}