{
  "distance": [
    956.6990391164477,
    1254.2783224984014,
    1515.712816003878,
    1772.620661368493,
    1951.8500751280592,
    2196.4606285666337,
    2424.265254502046,
    2563.6682206458972,
    2724.0608336106907,
    2892.864324943151,
    2950.2959107661572,
    3086.722369597899,
    3161.9288969777763,
    3267.5454672336564,
    3358.8833045778283,
    3357.96786404169,
    3435.61052080905,
    3501.3814214501895,
    3517.4183190553317,
    3607.2316428291283,
    3636.73361129983,
    3646.997666881592,
    3694.484181985396,
    3720.969746251863,
    3762.9496719565323,
    3792.3297007041665,
    3781.7919545692707,
    3825.857523045323,
    3840.6216645644154,
    3858.2794748883944,
    3910.847640660888,
    3911.590098834544,
    3904.0642798006493,
    3933.8052224050375,
    3944.327190993038,
    3967.9321818592166,
    3991.42237165975,
    3975.5559354750612,
    3988.7180993127195,
    4009.01157089423,
    4031.80495557939,
    4037.2408484931057,
    4055.402676037707,
    4051.06443319642,
    4066.1083207718184,
    4071.737017789843,
    4089.5767492621985,
    4095.273996028363,
    4113.788519789751,
    4098.245789819806,
    4111.083114876801,
    4127.455287005795,
    4129.989754675322,
    4149.554737121654,
    4129.550554556688,
    4140.862153048085,
    4152.595579475445,
    4158.269768418997,
    4163.209009936731
  ],
  "speed": [
    10.833745954751796,
    10.794603098616083,
    10.685751691520023,
    10.608513573443318,
    10.530775976711896,
    10.514218234876642,
    10.494153592025654,
    10.457086985919428,
    10.443909419642324,
    10.421675314297206,
    10.403217894803332,
    10.38264851029632,
    10.369780303029053,
    10.362709233846923,
    10.34777451382247,
    10.338526903135344,
    10.318579916246748,
    10.295883030368111,
    10.265803090108365,
    10.252609584656613,
    10.23586082440032,
    10.220120407971844,
    10.200225790319926,
    10.186654939811794,
    10.162852850559336,
    10.144676175389229,
    10.128869107069171,
    10.111384504354945,
    10.093382949608474,
    10.076157247177106,
    10.062629646389613,
    10.048297055778438,
    10.028537936985403,
    10.010076710369397,
    9.992390716141564,
    9.974925905486558,
    9.956782717256468,
    9.94042497285837,
    9.921841764314376,
    9.904958771542411,
    9.886303055399841,
    9.872322163358758,
    9.853161546110236,
    9.84248843987751,
    9.82482455465419,
    9.810654455929315,
    9.790074038013731,
    9.773536804137578,
    9.7573009965244,
    9.744968042763853,
    9.726956072850609,
    9.712685689234084,
    9.695396528376037,
    9.683640611536333,
    9.66889472007071,
    9.652871449527384,
    9.639863306067085,
    9.625167176724503,
    9.610305253978149
  ],
  "throuput": [
    8,
    30,
    63,
    102,
    173,
    257,
    343,
    451,
    567,
    686,
    824,
    966,
    1101,
    1235,
    1376,
    1517,
    1663,
    1798,
    1930,
    2070,
    2208,
    2350,
    2483,
    2624,
    2779,
    2910,
    3042,
    3183,
    3325,
    3489,
    3616,
    3760,
    3899,
    4040,
    4173,
    4306,
    4445,
    4590,
    4730,
    4874,
    5011,
    5160,
    5297,
    5439,
    5581,
    5728,
    5854,
    5999,
    6147,
    6286,
    6417,
    6575,
    6710,
    6846,
    6990,
    7136,
    7275,
    7423,
    7549
  ],
  "runningtime": [
    3.055576765537262
  ]
}