{
  "distance": [
    1046.3366218977674,
    1494.027636814802,
    1903.063862043218,
    2286.615401632586,
    2593.0155578813556,
    2902.5739805539165,
    3191.3279384913285,
    3431.4662200470725,
    3658.6249743333487,
    3866.5201943093384,
    4051.824884586572,
    4224.662035853176,
    4366.271334284958,
    4506.479317157338,
    4613.476172812091,
    4735.748683118313,
    4034.0738572949595,
    4225.630304395292,
    4402.328757204509,
    4555.692739570433,
    4713.796399561925,
    4832.5248487896915,
    4976.387705543361,
    5069.878585784879,
    5195.629399391442,
    5279.628370417155,
    5370.290592046464,
    5436.038965002546,
    5524.071284524864,
    5589.4637976630365,
    5654.147147952376,
    5704.4775212422965,
    5761.412835609694,
    5218.545964515273,
    5333.9944673609425,
    5426.484800695505,
    5511.614929802339,
    5599.3147363554735,
    5673.355035534475,
    5732.833515064696,
    5806.013427007833,
    5871.6629529296115,
    5918.251396409671,
    5974.527212924266,
    6014.604027445477,
    6061.034535546696,
    6102.8559171853485,
    6139.228143264031,
    6168.098368312783,
    6206.1702088337925,
    6235.310575283747,
    5844.8826282376185,
    5910.939536756963,
    5963.497431734417,
    6020.663365720926,
    6071.131194167484,
    6104.981163557125,
    6150.47065337954,
    6201.268861650123
  ],
  "speed": [
    9.606058691940627,
    9.58648035375529,
    9.559158338783542,
    9.542977897710525,
    9.531399552035413,
    9.534150159841946,
    9.525390316930702,
    9.523647950785689,
    9.507998166254575,
    9.497737607339293,
    9.482809892238095,
    9.4691476450526,
    9.46169018651781,
    9.445571226596172,
    9.432003642012141,
    9.423432235397456,
    9.414087648434437,
    9.378744199096559,
    9.337980759612286,
    9.289527601305362,
    9.255340721761137,
    9.215752109360098,
    9.181542273324254,
    9.145437409770318,
    9.113991970178164,
    9.080523704100749,
    9.045049651516434,
    9.006845093581555,
    8.973520176565174,
    8.942006730317463,
    8.909738969096654,
    8.877284076588056,
    8.845540338025726,
    8.813994788692773,
    8.790844634160543,
    8.756049665772867,
    8.719106669292069,
    8.685387178404174,
    8.649068434730147,
    8.613953710503354,
    8.57861745157021,
    8.545226005514872,
    8.511350303154371,
    8.47655622226045,
    8.442702932414322,
    8.408294807402736,
    8.375380610915098,
    8.34103145886371,
    8.309032995678725,
    8.276030066255885,
    8.243651396018214,
    8.219635645237288,
    8.192200881679149,
    8.16078542852506,
    8.129517237561819,
    8.099287424303144,
    8.067995798625768,
    8.036460582814426,
    8.005538186144603
  ],
  "throuput": [
    22,
    78,
    180,
    322,
    538,
    783,
    1069,
    1400,
    1781,
    2170,
    2587,
    3028,
    3472,
    3944,
    4396,
    4874,
    5417,
    5891,
    6401,
    6901,
    7411,
    7935,
    8427,
    8936,
    9443,
    9944,
    10464,
    10997,
    11482,
    12009,
    12532,
    13070,
    13600,
    14144,
    14649,
    15178,
    15738,
    16277,
    16844,
    17364,
    17888,
    18409,
    18945,
    19460,
    20017,
    20536,
    21075,
    21609,
    22173,
    22732,
    23283,
    23805,
    24350,
    24927,
    25462,
    25990,
    26537,
    27081,
    27606
  ],
  "runningtime": [
    25.79471741517385
  ]
}