{
  "distance": [
    1053.3051005142215,
    1504.480627538706,
    1925.0840922033442,
    2316.132561340871,
    2623.347776723629,
    2933.1410190014362,
    3223.6129371344946,
    3461.87894491244,
    3690.5367070089246,
    3897.3434233503544,
    4079.7774001436624,
    4254.944125548936,
    4394.222732049336,
    4534.920897455525,
    4643.619267549621,
    4763.244808195477,
    4057.085579280001,
    4251.553772034521,
    4429.755353649271,
    4586.185729705022,
    4742.009105478244,
    4858.962327154756,
    4998.579780966053,
    5092.0273535826855,
    5215.145524621146,
    5296.473330054684,
    5387.148334774891,
    5455.717637044268,
    5543.821156697023,
    5607.531898216144,
    5671.450573414101,
    5720.814519355921,
    5776.72671052273,
    5232.253282767231,
    5348.03378686159,
    5442.099757422995,
    5528.290726886789,
    5615.583377482538,
    5690.405414945345,
    5748.257923812061,
    5821.329178831289,
    5886.656566123385,
    5933.354453779987,
    5990.292337382021,
    6030.948882731929,
    6078.146820567165,
    6119.415946382395,
    6157.290316579611,
    6185.7931324841375,
    6224.814232084851,
    6254.903653939986,
    5863.997606680232,
    5929.720964210204,
    5983.679132151073,
    6041.8748625750195,
    6091.378439101755,
    6124.381522620799,
    6170.9100754697265,
    6221.52233066605
  ],
  "speed": [
    9.671028894588119,
    9.654468288301945,
    9.67013494897147,
    9.667933580090963,
    9.651192904024306,
    9.645322371525067,
    9.631989315673927,
    9.622184088457205,
    9.608181815782874,
    9.594469695186735,
    9.571758512768364,
    9.562544920094929,
    9.548627246531241,
    9.531145853264968,
    9.520493316337232,
    9.506504800166397,
    9.496526529899995,
    9.465986287213417,
    9.426862655528954,
    9.384000667574984,
    9.345374838657216,
    9.302528676829748,
    9.260023711796908,
    9.223078442020006,
    9.186641826846476,
    9.148577030248767,
    9.111949603474118,
    9.077932354413393,
    9.044734523563303,
    9.010860315034554,
    8.97752876501682,
    8.944839206656226,
    8.912127693009108,
    8.880745797549807,
    8.857902748784605,
    8.826021446402233,
    8.790748062210486,
    8.756864088203773,
    8.722037648672751,
    8.68387332653054,
    8.64803117260716,
    8.613382392393104,
    8.578802633664584,
    8.544104733581543,
    8.510146892820803,
    8.47615204169192,
    8.442143051985703,
    8.409545563441663,
    8.376838442153623,
    8.344740770676186,
    8.312896891423465,
    8.289579976240272,
    8.261371081869937,
    8.231237728406612,
    8.199781753807503,
    8.1675961009417,
    8.134530451655861,
    8.103876209271785,
    8.072359197592862
  ],
  "throuput": [
    25,
    79,
    181,
    331,
    554,
    799,
    1080,
    1430,
    1803,
    2206,
    2617,
    3065,
    3503,
    3960,
    4437,
    4908,
    5433,
    5942,
    6438,
    6946,
    7487,
    7976,
    8496,
    8975,
    9495,
    9996,
    10512,
    11029,
    11558,
    12064,
    12615,
    13142,
    13664,
    14200,
    14728,
    15270,
    15803,
    16384,
    16904,
    17409,
    17939,
    18437,
    18988,
    19495,
    20035,
    20607,
    21135,
    21660,
    22223,
    22790,
    23326,
    23868,
    24428,
    24928,
    25483,
    26031,
    26567,
    27148,
    27673
  ],
  "runningtime": [
    31.024644152323404
  ]
}