{
  "distance": [
    1053.279551956326,
    1508.8275520907398,
    1930.650803930601,
    2321.0868558689713,
    2631.3517019534993,
    2939.1041861439285,
    3234.764494761858,
    3475.5251821946727,
    3703.2330975891564,
    3910.2399248455795,
    4092.1164539499414,
    4266.313588663212,
    4408.374667279596,
    4549.796889961388,
    4654.518497496454,
    4774.268112484549,
    4067.9493848217635,
    4259.77380079806,
    4436.715451422508,
    4596.325760955671,
    4751.682048373535,
    4869.486128873179,
    5010.493899791176,
    5101.859463295667,
    5223.099723674221,
    5304.753937498089,
    5393.997878077741,
    5461.3968843350085,
    5547.673542832653,
    5609.194694471042,
    5672.293149653993,
    5723.353846009877,
    5778.950788577472,
    5232.532772598655,
    5348.25071027314,
    5440.527086345426,
    5528.153548856909,
    5617.091845713149,
    5693.733335276304,
    5753.839561812311,
    5827.272544930791,
    5891.802434818429,
    5937.39214669282,
    5993.254570188002,
    6033.114809021803,
    6078.256525201095,
    6119.308791105511,
    6155.547779516411,
    6183.355812968118,
    6221.8678875362,
    6252.9936311364645,
    5861.954179982017,
    5927.492407765937,
    5981.5862702648365,
    6040.636472453502,
    6090.211934899917,
    6123.609272276055,
    6169.700700698305,
    6220.0285466812675
  ],
  "speed": [
    9.671111901238334,
    9.681836260909614,
    9.698894739161647,
    9.693769806144578,
    9.686555366580063,
    9.668475343361271,
    9.668126161741109,
    9.661954785971588,
    9.642113645546043,
    9.627043262404145,
    9.603694845734692,
    9.591690508603588,
    9.581076477024908,
    9.56526848008121,
    9.546767541157447,
    9.533543361047581,
    9.528732975628806,
    9.490779651680755,
    9.448360449513885,
    9.413116687441294,
    9.373939595643135,
    9.331606591028558,
    9.291323787762101,
    9.251066895481259,
    9.211377684313046,
    9.173106693457854,
    9.133450862483599,
    9.097583987124011,
    9.06221060158519,
    9.026219965438644,
    8.991763072115234,
    8.960772736434109,
    8.927789048423262,
    8.894089341509156,
    8.871528836837344,
    8.83777188192652,
    8.805416441193557,
    8.773211031378986,
    8.740551745874026,
    8.705278323223185,
    8.669142803159621,
    8.633721896328778,
    8.597901564812432,
    8.56231518839396,
    8.527772561553315,
    8.492167587229288,
    8.45847740583364,
    8.424326759959284,
    8.39102077665529,
    8.357723446635699,
    8.326854855028227,
    8.30291872898816,
    8.2743023805561,
    8.244469521173707,
    8.214544775060489,
    8.18296696819427,
    8.151056888400085,
    8.119714806041037,
    8.087528840678566
  ],
  "throuput": [
    25,
    76,
    186,
    342,
    555,
    789,
    1087,
    1426,
    1805,
    2209,
    2633,
    3059,
    3486,
    3971,
    4449,
    4939,
    5465,
    5942,
    6460,
    6980,
    7483,
    7984,
    8501,
    8989,
    9492,
    9990,
    10499,
    11056,
    11579,
    12111,
    12580,
    13128,
    13698,
    14215,
    14770,
    15305,
    15820,
    16371,
    16901,
    17417,
    17952,
    18496,
    19019,
    19553,
    20100,
    20656,
    21173,
    21720,
    22260,
    22777,
    23318,
    23876,
    24441,
    24954,
    25532,
    26102,
    26618,
    27159,
    27684
  ],
  "runningtime": [
    33.37548886934916
  ]
}