{
  "distance": [
    958.9275354098506,
    1280.8024597239446,
    1556.0286275494025,
    1765.381826957376,
    1840.8237436038269,
    2075.281889633058,
    2274.068337790515,
    2420.800245873871,
    2543.6520501020555,
    2658.228266689558,
    2656.8178325727845,
    2761.1622747698443,
    2872.015098971794,
    2949.943010058576,
    3014.8380454648272,
    2952.448718895654,
    3026.653334504429,
    3089.943278708002,
    3148.651863851657,
    3189.6832039465326,
    3226.651043319042,
    3173.3119922646674,
    3239.8577150118717,
    3269.851206881261,
    3296.9277539504874,
    3335.4633570243823,
    3373.989887788717,
    3329.1109769969803,
    3363.7726729156407,
    3379.776640912078,
    3415.343306595582,
    3437.6701077331404,
    3390.2474388212995,
    3423.005021124748,
    3452.76108346566,
    3470.2470055784243,
    3493.2065563865617,
    3506.286156987888,
    3469.08212490679,
    3498.057817347214,
    3525.1841565151153,
    3537.8167261684475,
    3557.292651576687,
    3577.115109865973,
    3541.3236243278675,
    3555.929091945314,
    3579.2774248146325,
    3589.4017327315278,
    3603.1962422328447,
    3573.628416096135,
    3582.8659808678804,
    3599.5163864533843,
    3613.213571217842,
    3620.751578620255,
    3642.470253474241,
    3598.091991438149,
    3612.0617492719416,
    3626.387633684165,
    3642.9028222381444
  ],
  "speed": [
    11.135568910389269,
    10.73155639783534,
    10.497432874086247,
    10.365786061074903,
    10.259624599601137,
    10.256435211796356,
    10.178159308477346,
    10.074379278981699,
    9.984714156349247,
    9.925829048131229,
    9.921281927665657,
    9.898721389550497,
    9.885470532212292,
    9.852211331777614,
    9.807630818523519,
    9.75765705816037,
    9.719396286682004,
    9.677702815741426,
    9.643326725062568,
    9.601269019280469,
    9.548862635601669,
    9.514386322011168,
    9.488702470915497,
    9.441324005245667,
    9.393626855596262,
    9.357038678438267,
    9.344169472802509,
    9.323670302834525,
    9.280483776735947,
    9.249123610240774,
    9.222110393857564,
    9.190879802725414,
    9.154897923747551,
    9.131107517302942,
    9.102871066206584,
    9.08506979147068,
    9.058742818253082,
    9.021437364673805,
    9.004564251077536,
    8.995319453016329,
    8.988787001640041,
    8.973080756034928,
    8.963583035335752,
    8.952599547671154,
    8.947351485734375,
    8.92908989888549,
    8.915905152056563,
    8.9007584888315,
    8.881781079631427,
    8.867631908697065,
    8.861719204767255,
    8.84474441244382,
    8.825752628866315,
    8.80849066386368,
    8.788989109571704,
    8.777411628341676,
    8.76160608301436,
    8.744374751613288,
    8.727072360731576
  ],
  "throuput": [
    1,
    19,
    65,
    148,
    228,
    336,
    455,
    593,
    736,
    866,
    1025,
    1157,
    1320,
    1479,
    1616,
    1774,
    1933,
    2066,
    2230,
    2386,
    2537,
    2684,
    2853,
    3008,
    3139,
    3296,
    3482,
    3638,
    3780,
    3943,
    4104,
    4262,
    4396,
    4556,
    4709,
    4890,
    5043,
    5205,
    5357,
    5524,
    5726,
    5882,
    6045,
    6197,
    6370,
    6514,
    6673,
    6825,
    6999,
    7159,
    7316,
    7462,
    7631,
    7777,
    7943,
    8107,
    8255,
    8397,
    8571
  ],
  "runningtime": [
    3.4010520378748574
  ]
}