{
  "distance": [
    959.3491889878043,
    1296.2826818510566,
    1581.4247590788789,
    1816.4564604632774,
    1901.3777325595875,
    2136.604191689469,
    2337.4154048498235,
    2490.1928728053645,
    2608.053119461232,
    2717.0868973285337,
    2707.4773619832245,
    2803.0393337471164,
    2913.8312082067737,
    2993.5428886559407,
    3059.004625926579,
    2999.305075069314,
    3081.983512324213,
    3145.4152762770073,
    3203.3310442582933,
    3245.161475259047,
    3284.607270781168,
    3233.503827470858,
    3298.7735567516897,
    3327.8396087128353,
    3354.011312216886,
    3390.1637683007384,
    3420.890541745199,
    3372.8921432995894,
    3409.278289048261,
    3426.3190184903815,
    3465.3897444328254,
    3489.072244778349,
    3442.0858968448897,
    3474.2504224688596,
    3502.871069472109,
    3516.522557430942,
    3539.7618939290496,
    3553.840804596927,
    3514.6080115790724,
    3541.0857596674487,
    3563.9492679005684,
    3575.112830916592,
    3591.5249410395722,
    3609.6485387553034,
    3572.983345563121,
    3588.5563395854197,
    3611.999205841646,
    3621.768168954303,
    3637.7450859651117,
    3607.101509495795,
    3616.6554628208123,
    3633.277519197342,
    3647.811223480977,
    3655.4025583992398,
    3679.1499334215214,
    3631.9818252714585,
    3647.3235201029374,
    3661.333681410988,
    3676.480764433866
  ],
  "speed": [
    11.141284223452633,
    10.849339845082454,
    10.67611801039928,
    10.68778939657162,
    10.660522813511388,
    10.693393302990662,
    10.649120976878283,
    10.585226385847506,
    10.49413514596953,
    10.415669563537229,
    10.394256245812027,
    10.347008603282088,
    10.32988419466281,
    10.304328622915301,
    10.270630114928199,
    10.237223035102115,
    10.234637733085956,
    10.214951069046318,
    10.199074260815438,
    10.182364575949538,
    10.15554136779926,
    10.153416983113216,
    10.144839171165904,
    10.112387374214185,
    10.083182670892363,
    10.060896990469287,
    10.044438305295806,
    10.030968546198038,
    9.999471148651223,
    9.979831371671553,
    9.971133499247367,
    9.954923709246328,
    9.935942432877441,
    9.925606378172933,
    9.90973661201142,
    9.897387755156347,
    9.885951550885263,
    9.865868504381657,
    9.855527829321627,
    9.84802737379026,
    9.836724988310829,
    9.822546049781279,
    9.80934992732168,
    9.797584520369359,
    9.793221388243918,
    9.779448656562838,
    9.772209921344388,
    9.761267385466581,
    9.754073243860534,
    9.74272200130754,
    9.741420908696227,
    9.72817204867457,
    9.716846800915365,
    9.708013538176099,
    9.703223721617121,
    9.695638909096912,
    9.690570115115277,
    9.67982958493212,
    9.66590096695656
  ],
  "throuput": [
    1,
    22,
    71,
    151,
    251,
    378,
    501,
    629,
    777,
    920,
    1067,
    1202,
    1358,
    1518,
    1672,
    1816,
    2003,
    2157,
    2322,
    2479,
    2629,
    2781,
    2961,
    3121,
    3259,
    3420,
    3603,
    3750,
    3897,
    4048,
    4225,
    4379,
    4541,
    4708,
    4879,
    5044,
    5203,
    5357,
    5501,
    5655,
    5848,
    5999,
    6164,
    6318,
    6492,
    6652,
    6802,
    6969,
    7143,
    7290,
    7448,
    7606,
    7783,
    7952,
    8123,
    8271,
    8424,
    8577,
    8743
  ],
  "runningtime": [
    1.7378908157348634
  ]
}