{
  "distance": [
    964.0837303339381,
    1304.8375982869093,
    1602.9869859909265,
    1832.5076507980252,
    1924.0723862294176,
    2161.5110694566756,
    2361.024389641783,
    2510.001676710591,
    2629.213103000516,
    2733.557590532565,
    2720.907184912378,
    2815.560050313983,
    2921.7140258111654,
    2998.0615925626503,
    3063.885836841517,
    3006.965143720312,
    3089.571892303321,
    3155.191235718603,
    3213.884867168137,
    3255.4525147419795,
    3294.829201831915,
    3240.3968988846273,
    3305.4276320128006,
    3334.5287510966127,
    3361.267148760376,
    3397.9960275654803,
    3425.846314067721,
    3380.2198091978544,
    3418.42305436098,
    3433.2316229220637,
    3471.5933851839163,
    3498.507220591014,
    3453.8421171805576,
    3486.6034141764117,
    3514.186800666434,
    3527.3117075662776,
    3550.106967073223,
    3562.095869639489,
    3521.2959263628586,
    3545.600142198625,
    3568.421648914411,
    3580.267204412685,
    3597.3996288966728,
    3614.907676263581,
    3577.927427716258,
    3593.116694133823,
    3614.997326276885,
    3624.5763576725576,
    3639.3764614793877,
    3608.995409473679,
    3617.1875319030596,
    3634.1325574001885,
    3649.494209419181,
    3656.499912520797,
    3679.7276820126394,
    3634.026489473835,
    3648.128914668842,
    3663.3730809108583,
    3680.1062730712974
  ],
  "speed": [
    11.196268239085793,
    10.922139759245484,
    10.824300225120307,
    10.792515031892076,
    10.810667346291075,
    10.842151743725056,
    10.78984139268448,
    10.726705342618256,
    10.64645393320746,
    10.567709876142738,
    10.54820384833595,
    10.502345020257957,
    10.474608674671673,
    10.431022291588905,
    10.395445464868349,
    10.367584973860478,
    10.35927859266918,
    10.334767957730664,
    10.321648209810188,
    10.307459703270027,
    10.286496921082676,
    10.277234639257887,
    10.266885632745973,
    10.234407341698285,
    10.208211680500352,
    10.1908944993551,
    10.168440144659725,
    10.162420601919909,
    10.142490483077637,
    10.122204193272363,
    10.114344754263927,
    10.106307602601898,
    10.096984991356,
    10.09242195132223,
    10.077651154186704,
    10.065305106171246,
    10.054790093652713,
    10.030821034418963,
    10.020625951245885,
    10.010264345763433,
    10.000083200264294,
    9.985017957044112,
    9.972354046122,
    9.958159893363584,
    9.951835974577655,
    9.936215760291986,
    9.924040060551985,
    9.910198476310411,
    9.896738770183994,
    9.882287213201957,
    9.874050997571496,
    9.858077859399467,
    9.84496339043263,
    9.831862698174007,
    9.819986605201567,
    9.810491891986933,
    9.799246383094953,
    9.789617297678763,
    9.779168689992188
  ],
  "throuput": [
    1,
    20,
    73,
    153,
    255,
    379,
    512,
    646,
    798,
    931,
    1088,
    1220,
    1370,
    1520,
    1689,
    1826,
    1999,
    2153,
    2343,
    2499,
    2654,
    2799,
    2976,
    3134,
    3272,
    3450,
    3613,
    3767,
    3925,
    4070,
    4238,
    4389,
    4565,
    4744,
    4900,
    5065,
    5230,
    5388,
    5536,
    5699,
    5868,
    6015,
    6168,
    6338,
    6493,
    6660,
    6810,
    6975,
    7129,
    7291,
    7449,
    7606,
    7781,
    7943,
    8102,
    8264,
    8434,
    8589,
    8746
  ],
  "runningtime": [
    1.8243989586830138
  ]
}