{
  "distance": [
    961.9820719349628,
    1313.7154838597996,
    1618.4237501540272,
    1850.664791892994,
    1940.7196515539201,
    2169.6174211060265,
    2370.9968782461137,
    2531.060549166402,
    2662.8898094584647,
    2781.6007766417133,
    2766.6366466107356,
    2860.925126913478,
    2965.684464999913,
    3041.028953944879,
    3108.6233054271097,
    3047.427737875287,
    3126.624171652711,
    3188.0926629006394,
    3240.389982807418,
    3284.6288170375437,
    3325.4245358887656,
    3264.4748417661863,
    3328.557798789252,
    3362.155229082409,
    3392.4366456298258,
    3425.7116866866263,
    3454.2132242364896,
    3405.2031821349465,
    3443.4391553090004,
    3457.7707545497738,
    3492.557767924047,
    3515.581689085749,
    3466.341730110289,
    3498.008134414746,
    3527.635895874345,
    3540.341302158006,
    3563.318015586157,
    3579.2953387231387,
    3537.914664041157,
    3562.4410709105905,
    3583.5359728632116,
    3594.4270534811253,
    3611.7510271349993,
    3629.2386868972503,
    3590.4725763059855,
    3606.986973348652,
    3627.925919997717,
    3637.524975350881,
    3653.38044528416,
    3622.481590963002,
    3629.4654460991865,
    3646.7496261790307,
    3662.379715605178,
    3669.670767234744,
    3693.3783424532385,
    3647.4403751229024,
    3661.4822058847913,
    3676.1864059003237,
    3691.9050125075346
  ],
  "speed": [
    11.171860886859546,
    10.999772763708808,
    10.950210944150543,
    10.930229199639406,
    10.930354050014707,
    10.926820779507183,
    10.888080446183531,
    10.868630223506607,
    10.848383488846276,
    10.833938871129645,
    10.824752771690449,
    10.798785234813305,
    10.7890418666608,
    10.772161529425617,
    10.759632942013154,
    10.744537833014736,
    10.738694291500211,
    10.71862854486588,
    10.694941871473501,
    10.687887312295388,
    10.670312394432148,
    10.650062845706053,
    10.641513835341259,
    10.622839425925616,
    10.613001446885336,
    10.592574375694566,
    10.573448661784631,
    10.563402385806794,
    10.550985103011767,
    10.537309679804913,
    10.523148976336545,
    10.508438623806576,
    10.491530227854412,
    10.483118736937374,
    10.472067383028605,
    10.457298322590185,
    10.443119692331797,
    10.427859115486775,
    10.417369181040863,
    10.408633796411646,
    10.395245734228672,
    10.380159682295579,
    10.37022329290691,
    10.359104667310675,
    10.349980109927047,
    10.339158518142835,
    10.326552608032465,
    10.313660760472454,
    10.304402207577496,
    10.289210129875933,
    10.278505774456423,
    10.26649423872186,
    10.25489260005676,
    10.243177063584758,
    10.232242063708494,
    10.22352890001053,
    10.211525679710013,
    10.200645080943495,
    10.188367101570055
  ],
  "throuput": [
    1,
    19,
    77,
    152,
    259,
    380,
    522,
    648,
    806,
    953,
    1113,
    1264,
    1416,
    1573,
    1726,
    1876,
    2046,
    2208,
    2369,
    2525,
    2691,
    2856,
    3013,
    3170,
    3337,
    3488,
    3649,
    3808,
    3986,
    4136,
    4283,
    4453,
    4611,
    4780,
    4942,
    5096,
    5253,
    5420,
    5578,
    5743,
    5907,
    6067,
    6212,
    6379,
    6535,
    6706,
    6863,
    7021,
    7182,
    7335,
    7507,
    7669,
    7828,
    7997,
    8143,
    8307,
    8468,
    8630,
    8793
  ],
  "runningtime": [
    1.9015371282895406
  ]
}