{
  "distance": [
    970.8783375860924,
    1319.8092480085616,
    1625.4940778518662,
    1848.0285104109491,
    1940.651152183978,
    2172.4848356002403,
    2379.392951617247,
    2533.2708853207037,
    2661.742772850125,
    2782.8603875193116,
    2764.8227055850443,
    2860.3382067771336,
    2963.3392371907103,
    3038.4206294750743,
    3105.2415200345963,
    3044.7747652444623,
    3121.6523877696227,
    3184.0202861079138,
    3238.766275726067,
    3280.0634305290855,
    3319.012504286343,
    3260.846612911329,
    3324.838021015516,
    3358.6924164450816,
    3387.0045725834084,
    3422.8155694757875,
    3451.480877995758,
    3402.291245455888,
    3439.7395863377496,
    3454.7594534283016,
    3489.104422455536,
    3513.7690209813245,
    3463.638870497848,
    3496.64020778628,
    3525.1765180619905,
    3537.5271266358577,
    3560.5847907490147,
    3577.909766044878,
    3535.2322024494515,
    3559.8248120511703,
    3581.698635805791,
    3592.9449709072956,
    3609.642740579896,
    3627.2597972280564,
    3587.939832300086,
    3605.1606917467957,
    3625.8205971640114,
    3634.065369308091,
    3649.2840820395045,
    3619.1764365592303,
    3626.741924453468,
    3643.7847849905434,
    3658.9855796748116,
    3666.9183221937665,
    3691.2784390250686,
    3645.376215277812,
    3660.390759326053,
    3674.778254765468,
    3690.65664110914
  ],
  "speed": [
    11.27462410308959,
    11.052616538559636,
    11.004269595161542,
    10.927510357666653,
    10.945945301447683,
    10.95055974546761,
    10.936415855096852,
    10.892345293596854,
    10.862950634147323,
    10.853462958432102,
    10.833952811403003,
    10.814133106907876,
    10.805194615947286,
    10.78451831926061,
    10.770525044866716,
    10.753897750911312,
    10.739315008170387,
    10.718218993072838,
    10.69806493629167,
    10.678956427537013,
    10.654763245744308,
    10.64071956317803,
    10.628312753896422,
    10.606234992701689,
    10.587209727346506,
    10.569273174945248,
    10.54972650221015,
    10.53476367688394,
    10.514697107852934,
    10.499718455645988,
    10.482176319406648,
    10.469696714713253,
    10.448515102430093,
    10.443700781403633,
    10.429609035185925,
    10.414776825899573,
    10.401986114251633,
    10.38908317768884,
    10.37383025064519,
    10.366476993737413,
    10.353336935047261,
    10.337959709359383,
    10.324885193834609,
    10.313057447937133,
    10.301187605334073,
    10.291053773267487,
    10.276700931992721,
    10.261445179679171,
    10.251200644170721,
    10.237761845338945,
    10.228464016476451,
    10.214548664584887,
    10.200140179014923,
    10.188390020861812,
    10.17744920552003,
    10.168235018055388,
    10.157336452752924,
    10.145434550600864,
    10.133401353691468
  ],
  "throuput": [
    1,
    19,
    79,
    154,
    262,
    384,
    521,
    654,
    801,
    954,
    1112,
    1270,
    1420,
    1572,
    1729,
    1882,
    2041,
    2207,
    2369,
    2519,
    2694,
    2847,
    3004,
    3161,
    3328,
    3481,
    3634,
    3806,
    3967,
    4123,
    4273,
    4436,
    4614,
    4768,
    4938,
    5096,
    5250,
    5411,
    5577,
    5736,
    5898,
    6060,
    6213,
    6365,
    6531,
    6688,
    6862,
    7022,
    7176,
    7335,
    7493,
    7650,
    7809,
    7975,
    8140,
    8296,
    8463,
    8626,
    8788
  ],
  "runningtime": [
    1.9313492059707642
  ]
}