{
  "distance": [
    1068.1851003988568,
    1502.390874856362,
    1871.1381965492508,
    2209.572162609214,
    2512.536313938456,
    2771.176090499484,
    3018.465552496856,
    3247.133016850443,
    3447.2870399670846,
    3594.147114362872,
    3761.4986271627795,
    3898.9678095488553,
    3303.7418654928665,
    3535.044158580271,
    3735.7012245006918,
    3914.0179716562334,
    4057.151114399014,
    4192.127874205557,
    4324.341394318551,
    4435.1353743017735,
    4526.840294403241,
    4614.507564208314,
    4706.670998279995,
    4775.1314957753,
    4851.093293448513,
    4912.767821515637,
    4487.686156282169,
    4596.237162477816,
    4698.276549622289,
    4788.780548783888,
    4866.781040923241,
    4935.0928257620835,
    5022.030677018301,
    5065.532936399886,
    5125.292996058008,
    5168.295704090233,
    5218.494476632491,
    5264.883321971871,
    5300.531537388246,
    5334.465165281376,
    5018.67792953196,
    5085.8300596439,
    5144.327871409271,
    5204.0838714414,
    5239.032018976971,
    5288.668809041679,
    5337.3117037139455,
    5375.030398445913,
    5407.55039549076,
    5440.293813701335,
    5473.400568387907,
    5493.120075367535,
    5520.211192696421,
    5234.787277467143,
    5288.283754642593,
    5341.379575072189,
    5375.1084404116655,
    5411.927483033411,
    5454.583524294757
  ],
  "speed": [
    9.893086484645389,
    9.826364437901496,
    9.697997623012325,
    9.63439770554617,
    9.56649659628579,
    9.52446170445505,
    9.482303724883804,
    9.44285322670082,
    9.408502921959863,
    9.378137915788706,
    9.349713673670001,
    9.31655020877902,
    9.284009367541136,
    9.269776460260703,
    9.227199161755367,
    9.180091239903415,
    9.12673196017464,
    9.076386853475327,
    9.026943897830016,
    8.978410137512261,
    8.934919195861719,
    8.895386011458262,
    8.853799874402014,
    8.814020367334258,
    8.777937799170845,
    8.740967686614566,
    8.719749384660245,
    8.683675512788454,
    8.647995291169414,
    8.607360301554786,
    8.566920891441345,
    8.523706256885665,
    8.48136745020473,
    8.44087618438413,
    8.400335305607776,
    8.361880719214033,
    8.324906181424288,
    8.288498943275368,
    8.252781881136265,
    8.21703629018573,
    8.191800649030704,
    8.159926206459684,
    8.124953953406536,
    8.08714944766215,
    8.049634495394107,
    8.012274938926392,
    7.974801697462535,
    7.93917254669802,
    7.903392573816486,
    7.868128388173413,
    7.833152290834023,
    7.797899588022121,
    7.762952251422757,
    7.7282752669633465,
    7.704768963220422,
    7.674495834826963,
    7.643534473779191,
    7.6106368916377605,
    7.578187976643161
  ],
  "throuput": [
    29,
    101,
    244,
    457,
    756,
    1114,
    1551,
    2047,
    2572,
    3171,
    3800,
    4411,
    5113,
    5744,
    6436,
    7141,
    7818,
    8531,
    9275,
    9978,
    10689,
    11442,
    12182,
    12937,
    13657,
    14422,
    15212,
    15977,
    16719,
    17488,
    18233,
    19009,
    19747,
    20499,
    21228,
    22002,
    22750,
    23515,
    24272,
    25060,
    25881,
    26640,
    27415,
    28192,
    28976,
    29716,
    30492,
    31290,
    32005,
    32785,
    33536,
    34297,
    35041,
    35838,
    36611,
    37341,
    38107,
    38893,
    39708
  ],
  "runningtime": [
    53.51917539437612
  ]
}