{
  "distance": [
    1012.8738679506288,
    1352.5160563173276,
    1630.4109316578085,
    1860.3793352432976,
    2147.836942363111,
    2289.0081408388123,
    2454.542096405684,
    2494.0763558674225,
    2679.002352141345,
    2896.4583004995793,
    2994.366823210135,
    3102.546559624732,
    3246.712648605598,
    3360.860572106553,
    3481.665008020554,
    3546.297782348833,
    3521.1456303694613,
    3577.766267703949,
    3652.484116207121,
    3751.193215924625,
    3844.343951234303,
    3905.96240200945,
    3966.4269425679436,
    4004.303320128771,
    4055.0146788960824,
    4001.3570027970595,
    4038.6778284024017,
    4104.68380764357,
    4161.902160359417,
    4209.920626399495,
    4208.430809889718,
    4252.2250016038615,
    4292.424964799934,
    4319.168827300435,
    4271.971751177885,
    4309.386410918051,
    4331.73164471781,
    4352.119937868508,
    4387.652359687588,
    4426.556471750786,
    4461.280430605306,
    4474.993659215715,
    4492.930287887579,
    4429.2877749472145,
    4459.847710760427,
    4477.712584728036,
    4514.679931182294,
    4547.627426903578,
    4559.64423038618,
    4551.537737733168,
    4591.801250761876,
    4598.511004678377,
    4560.831081206393,
    4573.8802914921225,
    4585.492387048296,
    4613.62140641589,
    4619.834884464267,
    4625.752398450367,
    4658.409061140552
  ],
  "speed": [
    9.957078643689087,
    9.991320023965267,
    9.998199088988938,
    9.965213348653899,
    9.955522275165853,
    9.988579802836426,
    9.93725774430448,
    9.921786530746328,
    9.944283158206275,
    9.914926907724539,
    9.899749316921213,
    9.880244291681375,
    9.862644358363863,
    9.843154006847799,
    9.819086528252328,
    9.806912976994909,
    9.78550402510088,
    9.770593288302182,
    9.7608848393313,
    9.739848789821924,
    9.720332552961908,
    9.702390299674311,
    9.699004543832993,
    9.684507031643813,
    9.688869246136935,
    9.688533795222293,
    9.689047939703546,
    9.67137455081982,
    9.652330901792388,
    9.64057743738991,
    9.636786993188073,
    9.627449401285055,
    9.614383228185504,
    9.614113068125976,
    9.61485251256524,
    9.608366592838848,
    9.607409134453695,
    9.603689510190016,
    9.607163844556824,
    9.614123807720956,
    9.609461343807059,
    9.606757450551623,
    9.610933641968284,
    9.614640751642511,
    9.614264353025284,
    9.615324105719463,
    9.606589464027177,
    9.60223121053058,
    9.60035847879182,
    9.603880949798981,
    9.607268199373818,
    9.607338083766571,
    9.604588835583328,
    9.605482144510201,
    9.608229967783494,
    9.610679423337407,
    9.610531061389596,
    9.610369307207069,
    9.613076287969728
  ],
  "throuput": [
    13,
    32,
    72,
    120,
    193,
    271,
    344,
    439,
    543,
    655,
    771,
    866,
    983,
    1085,
    1213,
    1332,
    1463,
    1584,
    1696,
    1841,
    1956,
    2098,
    2233,
    2373,
    2498,
    2646,
    2779,
    2923,
    3051,
    3182,
    3304,
    3455,
    3576,
    3704,
    3843,
    3984,
    4126,
    4257,
    4399,
    4545,
    4683,
    4791,
    4948,
    5097,
    5229,
    5350,
    5480,
    5613,
    5755,
    5897,
    6028,
    6175,
    6320,
    6460,
    6577,
    6721,
    6858,
    6996,
    7133
  ],
  "runningtime": [
    2.675356864929199
  ]
}