{
  "distance": [
    1013.8102202608003,
    1347.1008604094877,
    1627.9127646508455,
    1867.6015246309112,
    2160.665631090188,
    2295.215058593448,
    2462.8883619342228,
    2503.079087405621,
    2687.7427655217225,
    2908.64587857381,
    3011.5081310744977,
    3116.081023424167,
    3264.709934467769,
    3379.0907526696137,
    3506.991262501809,
    3569.8952310198156,
    3545.704172279464,
    3602.2276372164924,
    3675.2341393527695,
    3769.197847321175,
    3862.8185721858868,
    3923.5796475876004,
    3979.2598482841354,
    4016.0223380318625,
    4067.4262108971584,
    4009.5400063803463,
    4044.8225269241398,
    4110.139282881384,
    4169.73959241081,
    4218.572761345084,
    4216.522298855276,
    4258.794023299354,
    4303.886342727169,
    4328.974714026242,
    4281.870469793608,
    4319.488821591882,
    4341.113178273436,
    4361.153278115495,
    4396.857305844688,
    4434.577234081952,
    4470.132753676126,
    4484.13465289725,
    4500.181923098133,
    4435.467390225861,
    4466.445259871657,
    4484.852787973702,
    4523.080732124079,
    4556.879248685452,
    4570.0449735045795,
    4563.1830912007445,
    4603.633281389673,
    4610.122986111262,
    4574.726917617691,
    4586.514874110987,
    4597.082611951459,
    4626.897962473666,
    4632.376572603918,
    4639.4068813580325,
    4670.206063732834
  ],
  "speed": [
    9.966871352767459,
    9.948448882653286,
    9.968384101628132,
    9.996944130220651,
    10.01743641746196,
    10.019781088648601,
    9.970695343845573,
    9.961397992192168,
    9.988582338635197,
    9.973818504277014,
    9.976307370373778,
    9.942971505434786,
    9.938951121346177,
    9.9261034971781,
    9.924359985999235,
    9.907567571956301,
    9.894556182727083,
    9.886394494498969,
    9.884869966146214,
    9.861169554404244,
    9.852208508384999,
    9.841057400292502,
    9.83228760247728,
    9.81828606990508,
    9.82472037546898,
    9.819655826348212,
    9.818891406940818,
    9.800257741962378,
    9.784551362293117,
    9.775774629934777,
    9.77296762597023,
    9.759254151016727,
    9.754506479560883,
    9.751246581629111,
    9.754430625744607,
    9.749903543085141,
    9.74846672009001,
    9.74251513271124,
    9.745118873130455,
    9.748127638183872,
    9.743844099697599,
    9.74173819309274,
    9.743581912134763,
    9.74486157460203,
    9.745515921373814,
    9.747603926486548,
    9.742720947161272,
    9.741865413056207,
    9.744097538939869,
    9.752113526570035,
    9.755242304028116,
    9.757168562850323,
    9.759319425604671,
    9.757303434424799,
    9.757883831973961,
    9.76488536254337,
    9.764524205629936,
    9.767596394493104,
    9.767134287454818
  ],
  "throuput": [
    13,
    31,
    72,
    123,
    189,
    270,
    342,
    443,
    549,
    653,
    774,
    871,
    993,
    1097,
    1214,
    1338,
    1470,
    1609,
    1733,
    1871,
    1996,
    2123,
    2257,
    2394,
    2524,
    2675,
    2808,
    2935,
    3071,
    3201,
    3328,
    3458,
    3593,
    3720,
    3874,
    4000,
    4137,
    4266,
    4407,
    4556,
    4678,
    4820,
    4966,
    5105,
    5248,
    5374,
    5509,
    5642,
    5781,
    5918,
    6052,
    6197,
    6333,
    6472,
    6600,
    6749,
    6875,
    7015,
    7145
  ],
  "runningtime": [
    2.652068575223287
  ]
}