{
  "distance": [
    1035.4641213747423,
    1373.5163796411548,
    1655.9011255126777,
    1889.369180176714,
    2184.9347993896854,
    2320.935427520939,
    2499.4716814045364,
    2540.0898470798825,
    2724.6267048513355,
    2944.6951742376054,
    3046.259305733823,
    3158.5767449347222,
    3312.5486477154977,
    3435.2222483910346,
    3560.982863753429,
    3626.799182479876,
    3603.803973770067,
    3660.734943183847,
    3731.59220188954,
    3830.8546312571702,
    3923.191448062686,
    3980.069926998718,
    4037.6985734198684,
    4079.102629497922,
    4123.628515560027,
    4062.4147028782977,
    4093.139886675938,
    4163.348107082562,
    4224.87532607237,
    4272.148253931599,
    4268.670137256833,
    4311.840470611732,
    4355.877669060679,
    4376.48779291282,
    4323.3047110974985,
    4358.9152175519,
    4378.781315573388,
    4396.2582301156135,
    4427.6024707168635,
    4463.948470097027,
    4499.259883527949,
    4514.843312494573,
    4530.274543856925,
    4465.3246603747575,
    4494.360858400491,
    4508.681384425399,
    4547.7662062278205,
    4581.992221201728,
    4593.216357790118,
    4584.365087435346,
    4623.704826148316,
    4630.567489193776,
    4594.094133364269,
    4606.984587679607,
    4617.849179092888,
    4644.4710146774505,
    4651.144230262709,
    4655.256822031054,
    4687.437824112096
  ],
  "speed": [
    10.17675159585193,
    10.137199662530124,
    10.15231973073768,
    10.143794543205537,
    10.173852134940256,
    10.181881299995625,
    10.180357514594013,
    10.17897555716878,
    10.196358111250301,
    10.1847835422317,
    10.178701968295679,
    10.17601277197355,
    10.198015083637546,
    10.20932232620599,
    10.204752228213962,
    10.209271820719863,
    10.216687126512982,
    10.22360870396918,
    10.226423606865255,
    10.223676470931222,
    10.220367378074522,
    10.21334455878671,
    10.218361816865686,
    10.2261408917728,
    10.231651421723846,
    10.229471718312844,
    10.227975940762573,
    10.229556437712409,
    10.229908709285674,
    10.228874716229091,
    10.23438786177532,
    10.234514711128526,
    10.238104567230142,
    10.235075717125726,
    10.234563320781149,
    10.234446640320568,
    10.237013182735641,
    10.231277553321718,
    10.229958611427675,
    10.232080487905641,
    10.230008227530591,
    10.235353305138,
    10.237950295445215,
    10.23936342557073,
    10.236275281811581,
    10.23181964664288,
    10.228764091091913,
    10.228463192528414,
    10.226872060949876,
    10.229067666769245,
    10.22795019473107,
    10.229742326019501,
    10.229301086955767,
    10.228228277375543,
    10.229127200386861,
    10.228498831868439,
    10.229726065448224,
    10.227367984184562,
    10.228882397837303
  ],
  "throuput": [
    12,
    35,
    79,
    130,
    195,
    276,
    355,
    449,
    565,
    671,
    782,
    903,
    1012,
    1118,
    1248,
    1376,
    1516,
    1654,
    1780,
    1913,
    2052,
    2193,
    2309,
    2451,
    2589,
    2719,
    2870,
    3004,
    3146,
    3269,
    3404,
    3542,
    3677,
    3797,
    3946,
    4098,
    4213,
    4350,
    4483,
    4606,
    4749,
    4889,
    5023,
    5161,
    5311,
    5432,
    5556,
    5697,
    5831,
    5954,
    6097,
    6234,
    6381,
    6509,
    6649,
    6786,
    6923,
    7068,
    7198
  ],
  "runningtime": [
    2.7757650931676228
  ]
}