{"total_trips": 10908.393612334805, "trip_mean": 4880.17775849845, "trip_var": 7473693.390465885}