{"total_trips": 5821.636791984724, "trip_mean": 4087.438318831194, "trip_var": 6072524.004545802}