{
  "distance": [
    920.7333455756057,
    1163.1775632783417,
    1445.0972389000299,
    1680.269153641788,
    1869.2059385608218,
    1965.3619831444055,
    2064.770551756622,
    2222.3494484370835,
    2351.6580837687393,
    2418.750843424094,
    2537.828129021672,
    2580.59457627573,
    2604.6757336391006,
    2651.221830465854,
    2727.931770423749,
    2767.941581453878,
    2799.5272808637487,
    2862.092876363778,
    2820.7348400340516,
    2859.98338906219,
    2880.5575580479763,
    2931.4401917910363,
    2954.938119960451,
    2981.096284605198,
    2991.2453541312275,
    2944.8833400402395,
    2993.336996919715,
    2986.5845643775006,
    3034.88081534274,
    3035.67376553607,
    3070.7094590685847,
    3015.2280624155933,
    3050.6445578192797,
    3073.0684965984133,
    3084.85097582857,
    3101.823944344161,
    3111.1674563636807,
    3138.830045164235,
    3111.7229560487776,
    3107.8701687677526,
    3145.05935780837,
    3133.0917220128754,
    3154.707449255451,
    3167.5448458333926,
    3130.101053635932,
    3153.4242914751967,
    3161.219855807218,
    3173.4322276732005,
    3184.4010595263157,
    3183.6000019587677,
    3189.5658110384675,
    3166.0665694947943,
    3183.891176106019,
    3191.321669682539,
    3200.4125880767638,
    3206.5013194029593,
    3205.698974172801,
    3189.26503912418,
    3202.8125355163766
  ],
  "speed": [
    9.948771065845728,
    9.76835562041145,
    9.736062735285312,
    9.818465068005185,
    9.771897365101692,
    9.813861071253013,
    9.768715351289721,
    9.675064893832307,
    9.680713817869167,
    9.70302629291547,
    9.67334356827573,
    9.64246644595152,
    9.663527927518926,
    9.703988542023493,
    9.691317875181467,
    9.70252628883779,
    9.711818849058032,
    9.737741459392721,
    9.714123901014426,
    9.711638807003268,
    9.731837466043627,
    9.753788755012463,
    9.755858250230533,
    9.760702888066335,
    9.735274631498521,
    9.733047566161929,
    9.726250763091882,
    9.719527011415256,
    9.716565224119956,
    9.701120384054072,
    9.705587605190717,
    9.715538981396051,
    9.724365046486728,
    9.725576089808726,
    9.730472849550251,
    9.724276776492328,
    9.732306117137078,
    9.741616589155779,
    9.7558454307726,
    9.771502349576641,
    9.779266031330437,
    9.78152077033561,
    9.77633940473376,
    9.78533046111328,
    9.791955716971719,
    9.804937129171888,
    9.795849219244365,
    9.806247937322166,
    9.802586743871979,
    9.794364308892868,
    9.793395624714071,
    9.80189937457062,
    9.80508075069012,
    9.811842852394479,
    9.811507718940247,
    9.80021189351085,
    9.81038600572134,
    9.812352534366457,
    9.822438117363612
  ],
  "throuput": [
    4,
    15,
    29,
    46,
    86,
    117,
    153,
    188,
    234,
    275,
    314,
    359,
    410,
    452,
    496,
    539,
    593,
    627,
    676,
    724,
    762,
    812,
    857,
    896,
    944,
    988,
    1030,
    1070,
    1118,
    1157,
    1197,
    1251,
    1295,
    1337,
    1379,
    1434,
    1474,
    1513,
    1562,
    1610,
    1653,
    1699,
    1742,
    1782,
    1828,
    1876,
    1921,
    1961,
    2012,
    2052,
    2089,
    2133,
    2186,
    2229,
    2274,
    2322,
    2361,
    2403,
    2452
  ],
  "runningtime": [
    1.5051356633504231
  ]
}