{
  "distance": [
    924.5738370844992,
    1200.227823522384,
    1478.870228336833,
    1702.1755559996752,
    1890.894466045532,
    1993.0501059631727,
    2096.5040248400965,
    2277.673879351484,
    2428.479717166111,
    2495.029580633861,
    2604.178980791611,
    2642.3839761240993,
    2654.63573524036,
    2696.428542635068,
    2778.714509630962,
    2810.3022410274266,
    2833.693910132465,
    2887.9975490059937,
    2844.4197823153404,
    2888.6687027549247,
    2900.0997537181165,
    2946.1264126195606,
    2972.019823735582,
    2996.895025041832,
    3010.2483203702664,
    2966.8449939649763,
    3015.9342825301774,
    3011.462039786879,
    3062.477056435159,
    3059.5412701150417,
    3094.0081832351557,
    3035.811573391692,
    3069.5749677417543,
    3092.6617759404585,
    3096.8247841044285,
    3114.84793771474,
    3122.202489186488,
    3146.2568987971076,
    3117.5610321522763,
    3116.2187838041,
    3153.5844715053304,
    3139.9402102736112,
    3166.0007772872714,
    3177.1463196200166,
    3140.2432676349736,
    3161.653281652632,
    3172.2908417933413,
    3184.18858730303,
    3194.8216833979714,
    3196.5896640300266,
    3201.1731671095645,
    3173.931222012682,
    3190.6595919001775,
    3196.3747289550934,
    3203.990602935591,
    3213.1445924118952,
    3209.5150338833846,
    3191.710425548185,
    3206.1329654442025
  ],
  "speed": [
    9.950244751027212,
    10.014144085980076,
    9.9277264199348,
    9.957576878824545,
    9.924149920525812,
    9.97439372406292,
    9.979440346906088,
    10.0091999484969,
    10.132102139729247,
    10.185966054441623,
    10.169561500801292,
    10.168246791322384,
    10.195322420455343,
    10.242028395065882,
    10.270312845345233,
    10.260534207823813,
    10.259386502749415,
    10.270663197036933,
    10.256137147720263,
    10.281043588893995,
    10.262037476763675,
    10.268816711581582,
    10.273598223406745,
    10.277010769557693,
    10.270835587275466,
    10.285454160108815,
    10.276137402528256,
    10.275955150821952,
    10.279550511557568,
    10.253383302810763,
    10.258845692078486,
    10.258808977442165,
    10.262519444887431,
    10.265145898481563,
    10.247736847623429,
    10.24385937451119,
    10.241632532595684,
    10.237772763171884,
    10.2427178064431,
    10.259896273484028,
    10.263771892348547,
    10.254619083926467,
    10.2547724958948,
    10.257642528070523,
    10.261848540277962,
    10.265968718675131,
    10.26492031518779,
    10.273824484906457,
    10.269329220977701,
    10.268800120475445,
    10.267505387676545,
    10.264427795859874,
    10.261359384000365,
    10.254518383351442,
    10.245432248393138,
    10.239601786191532,
    10.23686647076366,
    10.230616557066032,
    10.235928727451451
  ],
  "throuput": [
    4,
    15,
    30,
    53,
    85,
    118,
    158,
    197,
    240,
    291,
    335,
    383,
    430,
    474,
    508,
    556,
    609,
    647,
    693,
    735,
    775,
    821,
    867,
    913,
    962,
    997,
    1044,
    1080,
    1127,
    1170,
    1210,
    1258,
    1307,
    1353,
    1392,
    1443,
    1483,
    1525,
    1568,
    1622,
    1659,
    1700,
    1747,
    1792,
    1836,
    1881,
    1931,
    1973,
    2018,
    2060,
    2100,
    2143,
    2182,
    2236,
    2278,
    2324,
    2363,
    2410,
    2447
  ],
  "runningtime": [
    1.0342179576555888
  ]
}