{
  "distance": [
    941.2204069460896,
    1232.478670074976,
    1541.875560756703,
    1756.433650368977,
    1942.428921877146,
    2026.8191622021463,
    2127.4165094485147,
    2305.090193734652,
    2431.51778271034,
    2487.503975120995,
    2605.198583096448,
    2653.3894858051713,
    2674.478352387833,
    2707.577834254945,
    2786.7161951376456,
    2813.286726138571,
    2832.87075493918,
    2888.524345812885,
    2847.3425539292243,
    2888.133772134112,
    2900.411549475334,
    2950.855673614979,
    2975.353427378219,
    2999.3653982400256,
    3014.465244834451,
    2970.7816173947003,
    3022.1083131251894,
    3019.8815838078394,
    3069.2870323325005,
    3071.063260412917,
    3102.669882955027,
    3038.154626439135,
    3067.8574157069156,
    3093.090633974332,
    3101.9357345720755,
    3121.6925629926495,
    3130.1175408238655,
    3154.24258375921,
    3123.0659632170705,
    3117.5569893693514,
    3152.187214584188,
    3141.230470266987,
    3168.152720012911,
    3179.4886543417715,
    3140.845103082118,
    3164.5971049000837,
    3173.548585369171,
    3188.107226283732,
    3200.966578336456,
    3202.2285535442893,
    3204.110192823574,
    3178.1741293355526,
    3194.591550710068,
    3200.28904762353,
    3208.5043925720543,
    3219.2699298847288,
    3215.9539265818653,
    3200.3383370111615,
    3213.284319445463
  ],
  "speed": [
    10.16372631446475,
    10.293966195814598,
    10.35510786270452,
    10.372250014575517,
    10.309084852757444,
    10.32730242725394,
    10.350135686208464,
    10.349988041143403,
    10.370171648333761,
    10.36089497431619,
    10.367694184393764,
    10.378691374306525,
    10.407987753684091,
    10.411411957586603,
    10.417656564464348,
    10.395462413223287,
    10.373328692733944,
    10.37558325335191,
    10.370675476295123,
    10.37886466069551,
    10.361963847367413,
    10.375524128341947,
    10.37176610355237,
    10.374093021010847,
    10.36677999298253,
    10.3770477666099,
    10.376143331727357,
    10.385260758143632,
    10.391863040881118,
    10.384413233232426,
    10.390708524735803,
    10.382874305017323,
    10.376368649172603,
    10.387655608905051,
    10.386731100944766,
    10.394278622334307,
    10.39484274002466,
    10.39736935962005,
    10.404306172011937,
    10.409205306742408,
    10.402498423469908,
    10.402413070676433,
    10.405251938904907,
    10.406405444721576,
    10.40688004799836,
    10.418982265229744,
    10.41039381031803,
    10.421654797904303,
    10.421510044716802,
    10.426459190920006,
    10.42109801419659,
    10.423431402446809,
    10.423948307619558,
    10.42068513244124,
    10.417383114150365,
    10.41758456171544,
    10.419993281930173,
    10.424134231994305,
    10.430636436354723
  ],
  "throuput": [
    4,
    14,
    35,
    58,
    89,
    130,
    168,
    199,
    250,
    289,
    336,
    381,
    427,
    473,
    513,
    556,
    603,
    648,
    694,
    737,
    773,
    818,
    873,
    914,
    961,
    1003,
    1043,
    1086,
    1134,
    1175,
    1221,
    1263,
    1308,
    1354,
    1397,
    1447,
    1486,
    1540,
    1577,
    1625,
    1661,
    1709,
    1750,
    1792,
    1844,
    1883,
    1929,
    1969,
    2022,
    2071,
    2105,
    2146,
    2197,
    2240,
    2285,
    2332,
    2378,
    2414,
    2465
  ],
  "runningtime": [
    1.0645325183868408
  ]
}