{
  "distance": [
    950.4243939567086,
    1234.6681732287368,
    1539.6471385491566,
    1768.823645575172,
    1935.3546096428095,
    2017.6533727060664,
    2126.2342203212165,
    2300.4525032382044,
    2428.407461505085,
    2477.746509797979,
    2600.0444759317384,
    2641.5920645862666,
    2668.6870661148146,
    2704.727190345404,
    2784.6585212583204,
    2819.8748316003052,
    2841.713348905916,
    2900.9140216797264,
    2860.592175775067,
    2896.284877900882,
    2905.0125311949605,
    2949.829095271267,
    2976.976544238515,
    2999.246070421128,
    3025.7820212824495,
    2980.934352338793,
    3036.322942679653,
    3034.1496628871887,
    3083.728518396276,
    3081.3321489354366,
    3111.8124185466836,
    3051.7141435650715,
    3081.229375231189,
    3104.034625084191,
    3112.0393633316453,
    3126.062202901958,
    3135.2926007424085,
    3155.6441428663084,
    3127.6064147485326,
    3120.5104756142173,
    3159.8180871631816,
    3147.937689279835,
    3172.392675779639,
    3183.913617822539,
    3144.2395050123896,
    3165.7473388495746,
    3176.3487874699867,
    3189.4975641488145,
    3200.5187011437756,
    3203.093876957921,
    3208.0136775763517,
    3180.8625790147535,
    3197.872426365539,
    3202.9634509337034,
    3214.601960836458,
    3223.719962078529,
    3219.579223420438,
    3203.6302268888735,
    3214.519190643913
  ],
  "speed": [
    10.2785082074573,
    10.325846273991527,
    10.335724718687123,
    10.394576420704626,
    10.25447568848619,
    10.263313374981404,
    10.320312300120609,
    10.319752485312621,
    10.360172697394495,
    10.346141669406661,
    10.370401864511038,
    10.36037758620691,
    10.39169531033896,
    10.399724341687346,
    10.421948208495914,
    10.438728667254503,
    10.428419900413619,
    10.449064394042072,
    10.464614127210195,
    10.469800923352016,
    10.459980259574808,
    10.473488943466425,
    10.477499696631346,
    10.466447225622067,
    10.487242433427848,
    10.493212921192924,
    10.515233960423762,
    10.53280738236293,
    10.54525185797078,
    10.54148006427046,
    10.551786394162733,
    10.564635701096767,
    10.567296320395435,
    10.57579153861685,
    10.577699823073996,
    10.573887053068212,
    10.583115496133024,
    10.572056261847187,
    10.587920253419448,
    10.586167821675083,
    10.596222410078868,
    10.59778303430622,
    10.59677227265072,
    10.600103101757446,
    10.600863848742032,
    10.608455296642529,
    10.604721913108703,
    10.612507075777662,
    10.608765626039165,
    10.609704558048955,
    10.609446215304313,
    10.616995882646117,
    10.620700463156084,
    10.619663974966857,
    10.628777195916163,
    10.62652934174048,
    10.625956711960615,
    10.626393344653863,
    10.628583032998854
  ],
  "throuput": [
    5,
    13,
    31,
    61,
    91,
    131,
    167,
    207,
    254,
    295,
    338,
    377,
    421,
    471,
    514,
    564,
    608,
    650,
    700,
    745,
    790,
    827,
    874,
    909,
    955,
    1008,
    1052,
    1097,
    1143,
    1186,
    1233,
    1274,
    1321,
    1364,
    1402,
    1451,
    1489,
    1536,
    1578,
    1624,
    1667,
    1718,
    1757,
    1797,
    1854,
    1893,
    1932,
    1981,
    2027,
    2068,
    2115,
    2164,
    2201,
    2247,
    2290,
    2336,
    2376,
    2421,
    2468
  ],
  "runningtime": [
    1.1011117299397786
  ]
}