{"total_trips": 15645.255985153623, "trip_mean": 5379.119708835336, "trip_var": 16791301.003819916}