{
  "distance": [
    809.2810324071888,
    1143.4355190501847,
    1355.4316342185496,
    1547.1753225255452,
    1807.8293302942714,
    1939.627365957972,
    2090.386520065545,
    2171.511643503324,
    2265.133919007557,
    2378.7627420900517,
    2477.3467694119217,
    2489.776856431428,
    2563.7447859964427,
    2649.2454493406185,
    2727.4793940418963,
    2705.1468558956326,
    2772.8402447178482,
    2825.521369124875,
    2821.637530767766,
    2873.832372749952,
    2883.5978948309394,
    2920.242683247425,
    2957.7054106544615,
    2976.0796441377297,
    2966.9300797757114,
    2990.933955469847,
    3000.5716356240728,
    3030.3259500864974,
    3003.6378554088524,
    3033.5705038992,
    3064.972650198802,
    3054.0645023337847,
    3031.9389752385005,
    3065.5944313254404,
    3073.6834594408265,
    3073.643028445503,
    3073.1032289354225,
    3094.48017961938,
    3101.9001937750427,
    3114.0899348023877,
    3128.5797716799652,
    3117.7191492576394,
    3138.143580417207,
    3146.9015062262183,
    3162.0360857025216,
    3143.287979517652,
    3163.199042648725,
    3175.1975714481805,
    3172.9309927017653,
    3158.290001711187,
    3174.431360029222,
    3178.837995566272,
    3189.7652362676263,
    3176.080568493887,
    3180.539207800029,
    3195.566854680574,
    3204.3853088503733,
    3202.7073834776133,
    3188.5275937746983
  ],
  "speed": [
    9.983214793861356,
    9.937516732646907,
    9.966871446237073,
    10.054264276480724,
    9.981311995701358,
    9.941592882771364,
    9.884536699142645,
    9.798988344688265,
    9.727382739140593,
    9.706161522901237,
    9.67638689893897,
    9.655356239774946,
    9.658647778398443,
    9.635541062565721,
    9.637375693353423,
    9.638020362128119,
    9.629869094910704,
    9.615191671065132,
    9.583877389255733,
    9.604132027266294,
    9.603380085831832,
    9.588726066210056,
    9.588694619063297,
    9.584638995099866,
    9.582099977229023,
    9.5663428670065,
    9.528912005470458,
    9.518345951316224,
    9.503993643207187,
    9.489275819641058,
    9.469058429480903,
    9.446747680987412,
    9.430365316260907,
    9.412515226743535,
    9.386407592069435,
    9.361767339830863,
    9.345244477401623,
    9.329234868874552,
    9.315355524506353,
    9.294753180840935,
    9.285231370949292,
    9.275525731911117,
    9.262249270421224,
    9.248664274856116,
    9.236922335077512,
    9.228247344116813,
    9.208205602972074,
    9.193529139803179,
    9.174370181748056,
    9.161396609155076,
    9.143421650839134,
    9.126579883433623,
    9.112371875320388,
    9.0952929571295,
    9.076964906770145,
    9.064298561321998,
    9.054147251546683,
    9.034491494090869,
    9.017876009668127
  ],
  "throuput": [
    4,
    14,
    38,
    69,
    116,
    171,
    221,
    275,
    338,
    403,
    465,
    520,
    577,
    655,
    736,
    812,
    872,
    946,
    1011,
    1080,
    1144,
    1206,
    1281,
    1360,
    1419,
    1482,
    1539,
    1604,
    1682,
    1749,
    1824,
    1902,
    1961,
    2022,
    2086,
    2154,
    2217,
    2273,
    2349,
    2421,
    2487,
    2548,
    2624,
    2687,
    2767,
    2834,
    2896,
    2967,
    3032,
    3107,
    3163,
    3232,
    3300,
    3372,
    3434,
    3500,
    3572,
    3639,
    3700
  ],
  "runningtime": [
    1.0225984772046408
  ]
}