{
  "distance": [
    823.4173555115829,
    1182.3288847410824,
    1392.63380911968,
    1585.7433951425605,
    1868.2322972178806,
    2002.3423476204564,
    2158.688043690008,
    2247.199901397622,
    2344.028503717598,
    2455.980282926578,
    2549.777963854569,
    2554.3532650911216,
    2616.7665284698405,
    2702.0866557936038,
    2779.9465465325575,
    2745.7294623208873,
    2808.5341161212723,
    2856.8585612691977,
    2853.513398804233,
    2893.589540261304,
    2899.501162956082,
    2935.361555557737,
    2972.611482337057,
    2989.0347660816765,
    2977.4536163696807,
    3000.5346935778175,
    3010.0461654359897,
    3039.2496242179363,
    3011.8002428144896,
    3044.85222492819,
    3079.3385488234712,
    3071.402503201344,
    3052.924739321799,
    3090.5532359959257,
    3104.932091679293,
    3107.8484306165305,
    3106.4343199443592,
    3128.191517015661,
    3132.4922306474773,
    3142.2957555491716,
    3154.3057722531494,
    3139.240283017016,
    3160.911494618542,
    3168.9595913957796,
    3181.304865645456,
    3159.827978559162,
    3180.0796012788833,
    3193.0175015317986,
    3191.936965859667,
    3174.420841761292,
    3191.786960658699,
    3197.7282399048063,
    3209.3041064756894,
    3196.6443327757847,
    3202.273448731539,
    3215.4266735102537,
    3222.5174606183823,
    3221.9121975455164,
    3208.3984545592134
  ],
  "speed": [
    10.154919572687858,
    10.29865830718469,
    10.307616743116546,
    10.403433788043698,
    10.365085494668708,
    10.297727210725949,
    10.256001369115975,
    10.2085620682455,
    10.154765446208426,
    10.128877679204361,
    10.082772176459132,
    10.069695832794078,
    10.070041378357027,
    10.061582688678275,
    10.065671407775925,
    10.048392791460941,
    10.02404331631397,
    9.995360822475664,
    9.970171166409592,
    9.952560838359364,
    9.930648185334464,
    9.902745037644271,
    9.899657183223129,
    9.884314525592474,
    9.874959907256942,
    9.855939296455624,
    9.817508675313633,
    9.811194210180771,
    9.795672177839332,
    9.787981880575447,
    9.774746865534757,
    9.7584264739722,
    9.749475591141007,
    9.74927899226733,
    9.745246116291154,
    9.73521885200812,
    9.72950730552296,
    9.728918323570907,
    9.71735406734368,
    9.698098436808511,
    9.691905579232024,
    9.68179072680281,
    9.682416182807446,
    9.679637312229126,
    9.671983644448705,
    9.662067954545051,
    9.650119691075897,
    9.641324585185847,
    9.631522482325774,
    9.61604958364723,
    9.605514398177169,
    9.597240587992186,
    9.588532581853636,
    9.580669519899486,
    9.571158953230047,
    9.558446559817748,
    9.550558631817779,
    9.539560992940855,
    9.529774739530678
  ],
  "throuput": [
    4,
    18,
    41,
    72,
    112,
    172,
    228,
    287,
    346,
    411,
    480,
    546,
    607,
    671,
    751,
    828,
    889,
    960,
    1029,
    1089,
    1148,
    1211,
    1288,
    1366,
    1434,
    1492,
    1550,
    1625,
    1697,
    1755,
    1833,
    1902,
    1966,
    2045,
    2099,
    2178,
    2254,
    2314,
    2383,
    2456,
    2525,
    2586,
    2661,
    2735,
    2801,
    2870,
    2928,
    2995,
    3069,
    3133,
    3195,
    3261,
    3338,
    3407,
    3468,
    3535,
    3614,
    3678,
    3742
  ],
  "runningtime": [
    1.155019497871399
  ]
}