{
  "distance": [
    832.4477034684476,
    1184.1143617508426,
    1390.590728128715,
    1592.9639630707482,
    1872.799248609313,
    2014.5313384719718,
    2179.280264812841,
    2275.521664981434,
    2376.881250557167,
    2496.0886009317423,
    2587.188385123727,
    2587.5817980475167,
    2644.09884458211,
    2717.0188234835236,
    2785.598472487277,
    2754.216609556393,
    2822.9227521433772,
    2875.99803952781,
    2877.7209568572075,
    2916.5126316064516,
    2925.586693489342,
    2960.434851001006,
    2989.491121191876,
    3003.174147129428,
    2991.6812004114154,
    3017.100233397388,
    3034.6851627807287,
    3059.7341025436335,
    3035.1835714590393,
    3064.547440271551,
    3096.502699435424,
    3086.459462327919,
    3066.5275214676903,
    3103.739624819021,
    3113.948223903105,
    3116.2458390831252,
    3116.7566799304896,
    3136.8238693152243,
    3140.610049765589,
    3151.950176525333,
    3162.428375594872,
    3149.512336414655,
    3168.1787523323906,
    3172.3209290452132,
    3185.62072821077,
    3167.976920544502,
    3189.923989263166,
    3202.08798616924,
    3200.829475842533,
    3185.0625204151206,
    3200.6824305933205,
    3205.0113321591853,
    3214.145507914742,
    3201.8615170526396,
    3208.052186531894,
    3219.2351908289043,
    3226.9121641468,
    3227.2528375115976,
    3214.784022771274
  ],
  "speed": [
    10.277132141585772,
    10.33408897528008,
    10.310550143069715,
    10.432154836004178,
    10.41798339293193,
    10.375572312038015,
    10.369895831951297,
    10.377225150708439,
    10.338474641088236,
    10.355546976190155,
    10.32752073562586,
    10.335963804263551,
    10.342281877748059,
    10.316652153901401,
    10.311267505425311,
    10.30427038564864,
    10.296964200770514,
    10.287687444608094,
    10.282732717466285,
    10.271485041790958,
    10.278246647214205,
    10.26948888190017,
    10.256974600767471,
    10.240285525331851,
    10.236476141894535,
    10.226692503683662,
    10.220853763509258,
    10.217755536825058,
    10.223849203053485,
    10.214564899535489,
    10.200123808738825,
    10.183312582985844,
    10.1742952961657,
    10.168937449737557,
    10.153456371810785,
    10.142327704940081,
    10.142057874092377,
    10.136833132814628,
    10.123355532028222,
    10.111137783846337,
    10.102611224685553,
    10.099276443169803,
    10.092463339621922,
    10.073796122772432,
    10.06534144067228,
    10.062349904607624,
    10.051896147283273,
    10.042711836145862,
    10.032736127028638,
    10.023220817323843,
    10.009060297169933,
    9.99747748388565,
    9.984944903192218,
    9.978552458995743,
    9.971033067014618,
    9.9524757427041,
    9.944598183778234,
    9.93547951392068,
    9.929878761262119
  ],
  "throuput": [
    5,
    18,
    37,
    70,
    112,
    170,
    229,
    294,
    350,
    423,
    494,
    570,
    628,
    695,
    768,
    835,
    901,
    965,
    1040,
    1109,
    1174,
    1240,
    1310,
    1386,
    1449,
    1508,
    1582,
    1655,
    1718,
    1789,
    1850,
    1930,
    1988,
    2055,
    2124,
    2198,
    2270,
    2333,
    2403,
    2477,
    2542,
    2610,
    2671,
    2744,
    2805,
    2868,
    2941,
    3009,
    3086,
    3158,
    3215,
    3283,
    3358,
    3421,
    3487,
    3548,
    3622,
    3689,
    3765
  ],
  "runningtime": [
    1.2200910011927286
  ]
}