{
  "distance": [
    821.9038942546797,
    1175.2898016719141,
    1382.6148837552225,
    1590.9108816410483,
    1873.6166838797296,
    2015.8292909188922,
    2179.8170545938233,
    2272.912310571711,
    2374.2359019508117,
    2488.7858373380222,
    2585.1538741267004,
    2584.528615096434,
    2641.8249212938667,
    2711.5001142841115,
    2781.4003299859664,
    2749.044131585956,
    2811.847213953439,
    2866.933077342191,
    2867.3645162126454,
    2904.9706132539313,
    2913.6853037229716,
    2945.9581008987725,
    2978.7636950132046,
    2994.892960196466,
    2986.501596916483,
    3013.696103000881,
    3031.803072774556,
    3058.5096443877164,
    3032.691381684602,
    3065.6559492770807,
    3099.9339582971397,
    3091.6517218832964,
    3071.8114328034,
    3104.7714022227256,
    3115.5204161364,
    3117.823852964916,
    3114.038109462374,
    3132.0656435197743,
    3133.01881539462,
    3143.9367341428106,
    3155.4457725371894,
    3143.4253357065295,
    3159.3277969366627,
    3166.0904204963913,
    3178.5481968359386,
    3159.6527239759976,
    3182.3652392826684,
    3194.1611601798895,
    3194.1240840364203,
    3181.561672266584,
    3199.427881810888,
    3202.0753890632345,
    3211.738700704713,
    3199.1943219378363,
    3206.1247300880536,
    3218.055163140504,
    3225.608947317733,
    3226.363521500971,
    3211.9641695292758
  ],
  "speed": [
    10.147631600793947,
    10.27126765717207,
    10.26581997822658,
    10.415980892976828,
    10.41587951056031,
    10.353877172757983,
    10.340788056989062,
    10.354352430770968,
    10.323130190070726,
    10.324070587674079,
    10.292678963710777,
    10.273156004047577,
    10.269033685172348,
    10.22777158721764,
    10.231446909371632,
    10.218011358628456,
    10.189288711345336,
    10.183141173161546,
    10.169580056703811,
    10.141902101665577,
    10.134568869222056,
    10.11147109229136,
    10.100552047285305,
    10.08476434765702,
    10.080855965483773,
    10.077620035857516,
    10.075155398978074,
    10.072552296074832,
    10.071086160032168,
    10.070800241254299,
    10.065730489355767,
    10.05497896159258,
    10.052379612189089,
    10.042610193259938,
    10.03180519927082,
    10.021502105496564,
    10.00464944916465,
    9.992749802720407,
    9.969800819169164,
    9.95373596556959,
    9.943688810563419,
    9.939486597381453,
    9.918635745646716,
    9.905528360732221,
    9.893003013180744,
    9.885573340829458,
    9.875131456128475,
    9.860515845814982,
    9.85157788027686,
    9.849839451193905,
    9.84055534606537,
    9.824008102293377,
    9.81280190386705,
    9.805066453623727,
    9.80133068940862,
    9.787007875541333,
    9.782828958566858,
    9.777770613729068,
    9.769069559291898
  ],
  "throuput": [
    5,
    18,
    38,
    68,
    114,
    168,
    229,
    295,
    352,
    419,
    484,
    560,
    622,
    693,
    767,
    832,
    891,
    962,
    1037,
    1094,
    1165,
    1230,
    1300,
    1371,
    1435,
    1504,
    1570,
    1644,
    1711,
    1776,
    1849,
    1926,
    1997,
    2059,
    2129,
    2192,
    2269,
    2325,
    2397,
    2463,
    2525,
    2599,
    2652,
    2730,
    2797,
    2858,
    2926,
    2998,
    3079,
    3140,
    3208,
    3280,
    3346,
    3416,
    3480,
    3547,
    3618,
    3694,
    3751
  ],
  "runningtime": [
    1.2562394817670186
  ]
}