{
  "distance": [
    831.3070807336155,
    1195.408098733699,
    1396.158259301463,
    1605.673538826795,
    1866.8932908143593,
    2010.7643672010092,
    2171.270150433359,
    2262.968003287784,
    2370.9541038243974,
    2481.7517315528753,
    2581.049225397335,
    2580.7840805326146,
    2644.092901140321,
    2720.2468606910297,
    2789.050729302231,
    2754.636400864383,
    2826.304927220345,
    2879.3054038721916,
    2875.865205273408,
    2913.6133642645464,
    2920.5238561185283,
    2952.940893686144,
    2983.4320691755993,
    3001.335665463167,
    2990.658620352297,
    3014.15738807848,
    3029.1120979297666,
    3056.017336116877,
    3031.022924394979,
    3062.362522137803,
    3097.5831951096698,
    3091.464678487736,
    3073.658756577253,
    3105.788469394671,
    3115.2452314498755,
    3115.537303154793,
    3112.451784149388,
    3130.4958153028488,
    3134.3642112373736,
    3144.738196032844,
    3156.023913560888,
    3142.638019541878,
    3160.225286289027,
    3165.2830149521383,
    3181.0048017418076,
    3161.643633982453,
    3183.534394532151,
    3197.981431955221,
    3197.55348890588,
    3183.8889468262773,
    3202.388002357208,
    3206.7545848047234,
    3215.8435409250965,
    3202.574738114834,
    3208.51664290061,
    3221.258180027995,
    3228.2362534203826,
    3226.6064014657118,
    3213.730970343037
  ],
  "speed": [
    10.254249610632328,
    10.416365090806657,
    10.380237075745567,
    10.531769243255903,
    10.404294335157038,
    10.360921107466897,
    10.32961075387699,
    10.310106954869891,
    10.296165729900368,
    10.274833842056228,
    10.260291310953285,
    10.241464160210805,
    10.257404610123114,
    10.243814560859645,
    10.237751048235534,
    10.222319258481217,
    10.229620850969905,
    10.222089021093073,
    10.204888730178427,
    10.187747748773258,
    10.183019297299582,
    10.165535573587917,
    10.161758775031807,
    10.154195693902022,
    10.15195087152838,
    10.136810438308153,
    10.119087500315926,
    10.114225868886933,
    10.11668273411905,
    10.113678593055884,
    10.105148299076678,
    10.095294690913438,
    10.096621873076145,
    10.082501052684337,
    10.067400521750436,
    10.055150911543787,
    10.048030267074537,
    10.036447917472035,
    10.023866608727753,
    10.006390562985498,
    9.99818776461268,
    9.992626862987219,
    9.981821840605246,
    9.964548098114022,
    9.961161915796504,
    9.95225124265894,
    9.940785713478002,
    9.933422814149584,
    9.92478540362854,
    9.920563812627465,
    9.916048507301552,
    9.905719800729193,
    9.896836392875795,
    9.88916054584324,
    9.88443399004457,
    9.873429754221274,
    9.865206499957134,
    9.850434208032105,
    9.842455617371142
  ],
  "throuput": [
    4,
    21,
    40,
    71,
    114,
    173,
    228,
    287,
    349,
    415,
    483,
    555,
    626,
    690,
    769,
    836,
    895,
    966,
    1041,
    1103,
    1168,
    1237,
    1311,
    1374,
    1443,
    1504,
    1572,
    1644,
    1714,
    1781,
    1841,
    1921,
    1990,
    2065,
    2124,
    2206,
    2264,
    2331,
    2396,
    2464,
    2532,
    2602,
    2666,
    2730,
    2798,
    2868,
    2928,
    3006,
    3082,
    3147,
    3215,
    3285,
    3359,
    3424,
    3492,
    3550,
    3621,
    3689,
    3751
  ],
  "runningtime": [
    1.5777005354563396
  ]
}