{
  "distance": [
    1098.3174617723137,
    1603.595120433204,
    2087.896139330814,
    2430.1974474248627,
    2767.976216194884,
    3105.1653648893794,
    3328.859690274011,
    3549.619231538991,
    3785.4362365976426,
    4005.81116776759,
    4152.758630953497,
    4306.266170107642,
    4408.147580321091,
    4510.420717529291,
    4579.802653866411,
    4654.651965325019,
    4758.575790515534,
    4860.563922669986,
    4932.93079012263,
    4974.559938686469,
    5004.848436651126,
    4979.987349359237,
    4960.7010694098135,
    5003.178670374135,
    4992.955956127394,
    5002.924793912045,
    5001.763897957867,
    4999.724113431168,
    4989.526345037003,
    4983.215063142885,
    4956.34394299251,
    4924.749569973423,
    4896.426810153741,
    4917.198654020486,
    4931.620492571044,
    4901.577317962721,
    4900.5207652166755,
    4883.362974845655,
    4852.986476538963,
    4839.83745523314,
    4826.517357625546,
    4817.696133608267,
    4810.817886449626,
    4790.805224863889,
    4789.507377996365,
    4749.305937938208,
    4765.439832737064,
    4760.702091200968,
    4785.288955768663,
    4342.539662788201,
    4393.296848687786,
    4465.525667757565,
    4499.88431559801,
    4541.661326839095,
    4583.255000529571,
    4619.838981513955,
    4664.678390721071,
    4687.4609844531615,
    4744.202449127928
  ],
  "speed": [
    9.276831055549806,
    9.147575263095,
    9.118270877611968,
    9.086335989589326,
    9.104517215406972,
    9.124160865713351,
    9.119560743368327,
    9.14963289378673,
    9.156375994861515,
    9.177224358401828,
    9.18839896498788,
    9.188355162988437,
    9.200433046585738,
    9.215798392952994,
    9.222099037565139,
    9.225238223994804,
    9.230962149016593,
    9.240159897599446,
    9.24507952975177,
    9.252309262850792,
    9.256049901733714,
    9.266754962520807,
    9.2788325079626,
    9.288919780226555,
    9.299011222194954,
    9.30816401544048,
    9.307111243540085,
    9.307216158733699,
    9.313115201367365,
    9.316478940714145,
    9.321930688486871,
    9.327325914427691,
    9.331350536253566,
    9.339941555323252,
    9.342359931530991,
    9.34273468757637,
    9.345127846938096,
    9.34998048398956,
    9.352598593229088,
    9.354896861284956,
    9.35594233935794,
    9.360242151088672,
    9.362766527576715,
    9.367036136493486,
    9.370274204737335,
    9.373785675705609,
    9.37672163622197,
    9.379792266679098,
    9.379903850909585,
    9.373042095065308,
    9.381872974788573,
    9.383901457406113,
    9.383842522739037,
    9.384653871000195,
    9.389322890891574,
    9.392536943433097,
    9.394569268289732,
    9.39360472929129,
    9.395699314576827
  ],
  "throuput": [
    30,
    92,
    160,
    233,
    308,
    402,
    489,
    599,
    718,
    840,
    969,
    1113,
    1251,
    1397,
    1541,
    1678,
    1833,
    2000,
    2134,
    2298,
    2443,
    2575,
    2708,
    2845,
    2975,
    3110,
    3258,
    3399,
    3536,
    3645,
    3782,
    3900,
    4017,
    4120,
    4230,
    4341,
    4460,
    4577,
    4687,
    4791,
    4903,
    5012,
    5117,
    5227,
    5333,
    5441,
    5561,
    5683,
    5784,
    5905,
    6007,
    6113,
    6229,
    6344,
    6464,
    6572,
    6682,
    6809,
    6919
  ],
  "runningtime": [
    4.618804434935252
  ]
}