{
  "distance": [
    1103.6312948702712,
    1617.38539968398,
    2100.676174117962,
    2443.2827946585257,
    2777.8116353213877,
    3114.4412243425845,
    3340.269172582108,
    3557.271730471766,
    3802.764838696778,
    4023.7360009499757,
    4168.01587248788,
    4320.352250411526,
    4418.03772729932,
    4515.020325256882,
    4581.186706677694,
    4656.453826151685,
    4759.364542297028,
    4862.2867316416805,
    4937.3968172293025,
    4974.501085487183,
    5006.808986935209,
    4981.91029992591,
    4959.057827127311,
    5002.975433087643,
    4992.829824404299,
    5003.151174059064,
    5006.363931111655,
    5003.0781251965245,
    4992.611748705264,
    4987.868976992874,
    4957.1876692992055,
    4924.57328028514,
    4896.330466048856,
    4915.975948854358,
    4932.1662281844165,
    4902.754101463138,
    4899.6018753690005,
    4882.517815806051,
    4852.118816898445,
    4838.050934998281,
    4824.560385698501,
    4814.932504035446,
    4810.738191328859,
    4790.747417255473,
    4790.5482694410675,
    4750.23951982953,
    4764.062547009667,
    4758.722010309092,
    4783.465788350849,
    4340.679110223346,
    4393.60326753249,
    4466.084618768832,
    4499.3647928522805,
    4540.686635345325,
    4578.803544644567,
    4614.93374779821,
    4660.500862285128,
    4684.64676318877,
    4741.309944484007
  ],
  "speed": [
    9.321955945928432,
    9.22875225441055,
    9.188627497348053,
    9.15059755813798,
    9.151780226225723,
    9.16717574351346,
    9.170894528644837,
    9.186142501035102,
    9.213815327375466,
    9.231842056653056,
    9.23496446844435,
    9.238634122433014,
    9.245385384088912,
    9.247739132393223,
    9.246765624440654,
    9.252335249530772,
    9.258851706172816,
    9.268857532911323,
    9.281229890831622,
    9.282667264925694,
    9.290123916101251,
    9.300228154959004,
    9.305960055932736,
    9.315149087894039,
    9.319058528162032,
    9.327569059830662,
    9.332451259761463,
    9.33024534556015,
    9.336054657550934,
    9.342712611791137,
    9.342784433515414,
    9.344750291470728,
    9.348047191755429,
    9.352701377141328,
    9.357927468707093,
    9.360910265869789,
    9.36181845412978,
    9.364631443932558,
    9.367438501195352,
    9.36862751576648,
    9.370731744828756,
    9.372225043452374,
    9.378932246052361,
    9.382564102153912,
    9.386177377429453,
    9.389925397198848,
    9.38827786765844,
    9.390213802654753,
    9.389881487310383,
    9.381912440759233,
    9.394522794102814,
    9.395561091497493,
    9.393419277662508,
    9.39400100104452,
    9.392260565454945,
    9.395580943765111,
    9.39945914169697,
    9.400674555046914,
    9.400995958315448
  ],
  "throuput": [
    30,
    98,
    165,
    233,
    313,
    409,
    490,
    601,
    721,
    841,
    987,
    1129,
    1251,
    1401,
    1541,
    1690,
    1837,
    2000,
    2154,
    2296,
    2447,
    2573,
    2711,
    2831,
    2961,
    3101,
    3251,
    3408,
    3531,
    3656,
    3780,
    3889,
    4011,
    4123,
    4235,
    4342,
    4464,
    4578,
    4689,
    4800,
    4907,
    5006,
    5122,
    5215,
    5335,
    5440,
    5565,
    5678,
    5784,
    5895,
    6006,
    6102,
    6230,
    6351,
    6468,
    6577,
    6684,
    6793,
    6914
  ],
  "runningtime": [
    4.950603091716767
  ]
}