{
  "distance": [
    1162.6904999974865,
    1684.4739822297586,
    2079.566549616357,
    2492.843703567578,
    2860.702892622084,
    3140.782849481272,
    3424.903854312971,
    3681.966480401651,
    3870.062159991935,
    4045.9236002129123,
    4234.979103707489,
    4388.462316415046,
    3679.3286215695884,
    3941.4137429884518,
    4141.7786578307505,
    4345.780580826542,
    4501.861297696372,
    4650.72273713536,
    4783.637300978047,
    4920.967910057658,
    4991.035808287104,
    5106.256536678682,
    5180.366191843637,
    5239.1691154259415,
    5319.127371003346,
    4778.739748344892,
    4894.037867119778,
    5016.98135904666,
    5127.5836545739185,
    5210.626474658273,
    5307.483067345282,
    5355.080952092657,
    5446.02618344447,
    5508.462912476888,
    5552.592308364421,
    5598.812373864815,
    5641.048192711854,
    5693.209439653619,
    5252.499818938792,
    5340.301321062365,
    5422.044904506378,
    5480.1378495307235,
    5527.238413630078,
    5602.4758472126205,
    5652.8337541735555,
    5694.898132074094,
    5743.684649356389,
    5778.744396905286,
    5813.131575486739,
    5850.57721281335,
    5875.134837947252,
    5508.50080466836,
    5580.723537287275,
    5626.612343872135,
    5684.670821695085,
    5735.606033822406,
    5775.576753148405,
    5806.819124404422,
    5847.371281821426
  ],
  "speed": [
    10.552054742917088,
    10.61802600234877,
    10.591731846860062,
    10.604326177373764,
    10.596716723685656,
    10.604925266281766,
    10.611141840965418,
    10.607712488242365,
    10.617422675727259,
    10.628586268207219,
    10.638372671345904,
    10.647970177681684,
    10.643882446662738,
    10.634133523911308,
    10.624952375231713,
    10.607850483840645,
    10.588415018747796,
    10.571963285650044,
    10.555988576309653,
    10.543845640405106,
    10.531861746959743,
    10.514791447710879,
    10.496687750362975,
    10.483518322258176,
    10.466755252373293,
    10.45469147789674,
    10.447319656336859,
    10.431078326925284,
    10.41420395805203,
    10.399099026797902,
    10.384205525276274,
    10.363864092618286,
    10.34487411166824,
    10.323101347341439,
    10.30623932453073,
    10.295872281031224,
    10.28440150699545,
    10.270117577954247,
    10.253603021285508,
    10.243678759775406,
    10.227581115692239,
    10.208850428175921,
    10.189734548984436,
    10.171746689842747,
    10.154491032414349,
    10.135819728519191,
    10.119654645877837,
    10.104685719910568,
    10.090542034835794,
    10.07402277354444,
    10.058660560864439,
    10.036774167276404,
    10.026177965954375,
    10.011106064904117,
    9.9950313203112,
    9.977145633961138,
    9.959352384806543,
    9.942393121786129,
    9.925238422303837
  ],
  "throuput": [
    15,
    47,
    106,
    207,
    311,
    467,
    614,
    816,
    1007,
    1216,
    1429,
    1665,
    1902,
    2142,
    2395,
    2649,
    2897,
    3162,
    3413,
    3672,
    3926,
    4179,
    4416,
    4688,
    4955,
    5199,
    5478,
    5707,
    5962,
    6254,
    6506,
    6767,
    7029,
    7281,
    7549,
    7805,
    8073,
    8338,
    8604,
    8858,
    9136,
    9387,
    9653,
    9899,
    10169,
    10449,
    10697,
    10945,
    11201,
    11482,
    11730,
    11982,
    12258,
    12539,
    12784,
    13032,
    13307,
    13561,
    13827
  ],
  "runningtime": [
    7.983420368035635
  ]
}