{
  "distance": [
    1163.980737220477,
    1681.7165237948611,
    2077.355343232102,
    2488.801411726159,
    2851.9642976812015,
    3128.874449356987,
    3415.4637851555353,
    3671.1054144532472,
    3858.944611097832,
    4037.7190861396957,
    4225.216020716481,
    4378.247856943257,
    3674.892588983616,
    3937.862605328786,
    4139.090276140914,
    4344.721994852171,
    4499.805823882903,
    4646.894564719788,
    4776.755107989135,
    4915.702455516688,
    4980.091470284201,
    5096.521607954835,
    5170.4093191572365,
    5226.727378767743,
    5308.057905512677,
    4770.3788905569045,
    4886.138194712468,
    5008.346557369916,
    5117.273984810194,
    5199.872518175238,
    5296.967311267093,
    5345.129294874863,
    5435.233453849676,
    5499.156367935769,
    5540.612332405304,
    5584.3782472197,
    5624.588417307256,
    5680.211167316116,
    5242.668157164514,
    5331.027877416847,
    5415.847690419748,
    5475.162333608685,
    5524.11896142937,
    5600.523158858266,
    5652.202437406679,
    5696.450247880054,
    5744.772942608834,
    5778.7896963410985,
    5811.984379121114,
    5850.501093007905,
    5873.565450734555,
    5507.377431351612,
    5580.13733535937,
    5626.470350984749,
    5683.843569365299,
    5733.695755670664,
    5774.1577235754,
    5803.982785775593,
    5846.13204410494
  ],
  "speed": [
    10.562744538178775,
    10.598021821779636,
    10.581411015825696,
    10.587796847526747,
    10.563384983833847,
    10.566160247343735,
    10.581462195770584,
    10.578207341903983,
    10.588689408558979,
    10.60607827167005,
    10.619732859661791,
    10.630699239169234,
    10.638090572335043,
    10.630806943424158,
    10.62296833666052,
    10.610827276385837,
    10.590519830232893,
    10.570709581405655,
    10.548404476771868,
    10.539730792292946,
    10.518854929538547,
    10.505204557396567,
    10.487455276593552,
    10.471317593430161,
    10.457081154410401,
    10.447021917045129,
    10.43993783062598,
    10.42167153345865,
    10.401850979528291,
    10.383456212429603,
    10.365080978822107,
    10.343721061615135,
    10.323320467849195,
    10.30554911558452,
    10.28476709360484,
    10.268869018780094,
    10.251641755757221,
    10.239272127282133,
    10.223927087200288,
    10.211770458814053,
    10.197470570505564,
    10.178225411674017,
    10.161086195398607,
    10.145031944380246,
    10.130114141038417,
    10.113408584551077,
    10.095291518005668,
    10.077549599435665,
    10.061125713986469,
    10.046061355573627,
    10.028477385204406,
    10.008136447562455,
    9.999271377581707,
    9.984395589318185,
    9.967242466809425,
    9.948003679807762,
    9.93037673443086,
    9.910783093705948,
    9.895192554926478
  ],
  "throuput": [
    13,
    46,
    110,
    205,
    311,
    465,
    614,
    814,
    1006,
    1223,
    1444,
    1661,
    1903,
    2153,
    2391,
    2657,
    2921,
    3162,
    3416,
    3673,
    3932,
    4178,
    4435,
    4677,
    4942,
    5190,
    5472,
    5702,
    5965,
    6209,
    6488,
    6759,
    7029,
    7293,
    7537,
    7790,
    8040,
    8298,
    8565,
    8819,
    9080,
    9367,
    9626,
    9893,
    10147,
    10409,
    10666,
    10916,
    11197,
    11462,
    11731,
    11980,
    12255,
    12516,
    12790,
    13024,
    13296,
    13551,
    13803
  ],
  "runningtime": [
    6.499676374594371
  ]
}