{
  "distance": [
    1035.263260270268,
    1381.5778230572191,
    1684.6396810529307,
    1985.2478131890266,
    2241.825114433814,
    2487.578652247901,
    2638.2489304628325,
    2829.653489531563,
    2985.8643469208955,
    3127.4420632831934,
    3217.2125441753974,
    3063.930298358086,
    3235.750675782407,
    3337.223085182835,
    3474.7889503326123,
    3589.0970461174625,
    3672.8488424768243,
    3761.680704438796,
    3849.173866683285,
    3922.594827182607,
    3978.9083003624123,
    4007.339815429096,
    4078.177365715995,
    4122.098625913897,
    3978.525135259384,
    4044.067748558982,
    4112.065686501983,
    4172.1673520916775,
    4210.102279924206,
    4270.186999311568,
    4312.6317369642975,
    4361.47303671262,
    4389.533452849271,
    4426.9001634266515,
    4439.95490607649,
    4454.7392461087065,
    4338.975545591173,
    4384.587411490156,
    4431.855413531027,
    4445.867895960188,
    4489.341775791851,
    4509.6800969705455,
    4547.389463882407,
    4565.5842974729485,
    4587.726730108644,
    4598.532425391676,
    4632.947113972898,
    4644.684403936494,
    4656.615564106787,
    4570.324281343753,
    4585.07207019763,
    4619.922235418379,
    4637.955717406487,
    4661.72579252679,
    4671.471863693594,
    4698.248493398341,
    4709.88051399401,
    4720.80178877102,
    4744.665116665112
  ],
  "speed": [
    10.310499043153946,
    10.22538864322116,
    10.190214654737193,
    10.143348998466475,
    10.079290120071628,
    10.071549966639461,
    10.027158674764737,
    10.026731581266231,
    9.947462822434542,
    9.914070837622253,
    9.890973837932787,
    9.84410610147108,
    9.807360024371532,
    9.743572982793586,
    9.708344674952464,
    9.678224804517452,
    9.635213021374218,
    9.598651142343945,
    9.569923212675945,
    9.528612854914943,
    9.491136617374009,
    9.45343923673277,
    9.419348651124626,
    9.388064170464874,
    9.360535653600154,
    9.335503641857763,
    9.306486461472904,
    9.267726295817166,
    9.228703648905102,
    9.19529184746815,
    9.161298449591383,
    9.129766575875353,
    9.093998105526696,
    9.056967495612849,
    9.020824674644844,
    8.984726396642088,
    8.946731646565175,
    8.918440721910784,
    8.885728184874004,
    8.846896705563084,
    8.810563568376251,
    8.773707303375309,
    8.73724311969336,
    8.704082844182667,
    8.66821089702433,
    8.634702529808932,
    8.601338242896054,
    8.566191016108327,
    8.532378337537715,
    8.502758245568701,
    8.474453879890376,
    8.444109608468011,
    8.411584685526813,
    8.376845086047863,
    8.34617208821781,
    8.311975134459635,
    8.279710176411392,
    8.249729941015444,
    8.218589903448414
  ],
  "throuput": [
    11,
    32,
    68,
    144,
    228,
    333,
    415,
    556,
    684,
    806,
    942,
    1093,
    1235,
    1396,
    1539,
    1713,
    1874,
    2021,
    2168,
    2340,
    2516,
    2673,
    2858,
    3008,
    3168,
    3335,
    3499,
    3667,
    3834,
    3976,
    4130,
    4298,
    4469,
    4633,
    4816,
    4970,
    5130,
    5296,
    5474,
    5635,
    5799,
    5945,
    6121,
    6269,
    6454,
    6609,
    6769,
    6938,
    7099,
    7286,
    7454,
    7630,
    7784,
    7952,
    8123,
    8276,
    8431,
    8600,
    8763
  ],
  "runningtime": [
    3.7825664480527244
  ]
}