{
  "distance": [
    1035.9860459580084,
    1379.6957820096625,
    1686.2194886629236,
    1989.2258234317644,
    2250.528840501758,
    2495.9698882359066,
    2649.185221950226,
    2835.5330683540783,
    3000.110348382998,
    3151.031309504731,
    3231.001866277997,
    3078.8183379056736,
    3247.3552962393346,
    3354.8400047461846,
    3487.6654284254923,
    3601.063480167131,
    3683.844507484692,
    3769.5174561894837,
    3849.2480617426763,
    3918.3664487937895,
    3974.9986434790626,
    4003.074820968197,
    4073.5216496242165,
    4120.098024380654,
    3981.0999722932597,
    4044.8759871412017,
    4111.686537276245,
    4171.084293549546,
    4212.051714871534,
    4270.512156933577,
    4312.122126929852,
    4357.8214771549565,
    4387.01522319318,
    4426.833531418593,
    4440.049174925408,
    4453.735222275959,
    4335.200297207913,
    4378.770611096708,
    4427.8376125456825,
    4445.48282086631,
    4491.432301639766,
    4512.246951177452,
    4550.45956214125,
    4568.301756211059,
    4590.183847966605,
    4599.981219079895,
    4633.545737883908,
    4644.0783638258235,
    4655.625395230323,
    4568.515004023493,
    4582.177187915725,
    4618.0326251351025,
    4635.971710430269,
    4661.717457722595,
    4670.65006626042,
    4699.193881689918,
    4711.557788103013,
    4721.667611851373,
    4745.460010447624
  ],
  "speed": [
    10.312970246187378,
    10.20030654855962,
    10.190779923187403,
    10.156409103982526,
    10.116839847331843,
    10.111239291135782,
    10.068973775979517,
    10.048666214484607,
    9.990869407403956,
    9.983844383223452,
    9.937388924934101,
    9.904445150361783,
    9.86767126365643,
    9.819669866393891,
    9.775982278341969,
    9.744155643944305,
    9.700512672837581,
    9.660135984220924,
    9.616089935239753,
    9.565481497115814,
    9.525332673127892,
    9.484906209047237,
    9.443871239880028,
    9.41440018162251,
    9.39516908560251,
    9.363702175034907,
    9.331830257888397,
    9.291439204661243,
    9.255863531985701,
    9.216160005065282,
    9.180460480192908,
    9.142574324612958,
    9.10643472599128,
    9.072865477833101,
    9.038570276416355,
    9.001410910942184,
    8.959019540903657,
    8.927870344188305,
    8.898891663661853,
    8.867105026472412,
    8.833656241309399,
    8.796952769007914,
    8.762738899428319,
    8.72915514572778,
    8.69197527436183,
    8.655226837443774,
    8.618036051118615,
    8.578914327090342,
    8.542969195909768,
    8.51041961314164,
    8.477187642735105,
    8.445028486588878,
    8.409509163555956,
    8.374632429256017,
    8.339135055304162,
    8.304829321144478,
    8.271665114173695,
    8.237897007722388,
    8.2043442539278
  ],
  "throuput": [
    8,
    32,
    68,
    144,
    235,
    329,
    421,
    551,
    676,
    815,
    950,
    1117,
    1253,
    1398,
    1562,
    1727,
    1888,
    2044,
    2192,
    2360,
    2522,
    2670,
    2838,
    3006,
    3160,
    3325,
    3504,
    3667,
    3822,
    3973,
    4144,
    4284,
    4459,
    4637,
    4830,
    4988,
    5148,
    5305,
    5467,
    5631,
    5784,
    5950,
    6122,
    6270,
    6436,
    6609,
    6750,
    6923,
    7098,
    7269,
    7423,
    7597,
    7755,
    7913,
    8091,
    8240,
    8397,
    8574,
    8725
  ],
  "runningtime": [
    3.814826460679372
  ]
}