{
  "distance": [
    913.1856051094311,
    1269.0782615207895,
    1551.0094271986845,
    1771.2029118089474,
    1868.9800837396424,
    2107.8490898688665,
    2312.0167827048185,
    2445.6230246548143,
    2543.415929565899,
    2649.093384260393,
    2661.722159075569,
    2762.743912928656,
    2835.1520205006477,
    2907.7432375001968,
    2961.3224437563263,
    3022.503859730369,
    3006.1474869853046,
    3066.514286930026,
    3116.8470951910226,
    3157.748425236486,
    3201.133302162736,
    3222.224335621005,
    3208.617748418595,
    3237.105161799936,
    3274.7991515095505,
    3300.3216042630706,
    3330.3447112847352,
    3298.4534351854454,
    3337.345471210638,
    3353.010842147037,
    3378.791027785414,
    3394.647249741739,
    3418.3459057174573,
    3403.012651229427,
    3423.5902335558517,
    3430.680849779354,
    3452.40232080754,
    3475.248959791348,
    3483.930605654027,
    3452.9638907815024,
    3476.007732032167,
    3495.069719714113,
    3511.7641084798206,
    3514.612241591843,
    3524.314959272996,
    3507.9373069415606,
    3527.5336619916366,
    3542.7105936188345,
    3546.620765009074,
    3560.6693203858595,
    3539.3310556114725,
    3551.8055490916454,
    3559.256333183897,
    3564.3621732980205,
    3579.5168939499677,
    3592.9494385438297,
    3564.3623521024283,
    3573.4278274057183,
    3590.171245512458
  ],
  "speed": [
    11.268435175100443,
    11.14587911730321,
    11.017343423613715,
    10.902226986956311,
    10.82410553385727,
    10.812965927217016,
    10.771343592402973,
    10.65084635702053,
    10.566038677138495,
    10.489068699316029,
    10.467128692132079,
    10.4212852231602,
    10.34258103271984,
    10.272035180475203,
    10.21763584490383,
    10.187061684051821,
    10.158089325864195,
    10.127901819837437,
    10.09493012392891,
    10.039691039541355,
    9.99807861353838,
    9.95511560510816,
    9.91354162948589,
    9.878710928559865,
    9.842943499702436,
    9.806573014893694,
    9.765224279772571,
    9.725738184450737,
    9.688744159773018,
    9.637274941501202,
    9.595449655245776,
    9.566806760485118,
    9.536755483328427,
    9.50409648834646,
    9.474464387589274,
    9.437013366280704,
    9.406830859009538,
    9.376492789071952,
    9.33815486983076,
    9.298798402201099,
    9.262772562411312,
    9.228991942604772,
    9.196564906357988,
    9.163058243643416,
    9.133778332901489,
    9.108361516451446,
    9.076344870342847,
    9.049145951509507,
    9.015854236108922,
    8.986428050401605,
    8.96017337865399,
    8.933194128347312,
    8.900614507841109,
    8.864702923206591,
    8.831114287505669,
    8.799896440957097,
    8.772840636408922,
    8.745823079052618,
    8.716812216375889
  ],
  "throuput": [
    3,
    26,
    74,
    158,
    263,
    398,
    538,
    678,
    841,
    991,
    1148,
    1293,
    1471,
    1629,
    1807,
    1959,
    2122,
    2269,
    2460,
    2628,
    2791,
    2956,
    3119,
    3278,
    3448,
    3599,
    3779,
    3930,
    4111,
    4270,
    4448,
    4631,
    4812,
    4967,
    5143,
    5299,
    5471,
    5642,
    5811,
    5948,
    6118,
    6285,
    6459,
    6628,
    6794,
    6980,
    7135,
    7300,
    7492,
    7660,
    7820,
    7985,
    8156,
    8329,
    8488,
    8640,
    8825,
    8993,
    9151
  ],
  "runningtime": [
    2.5417861143747964
  ]
}