{
  "distance": [
    921.6818428977396,
    1290.2528697489906,
    1584.7037861494696,
    1807.4510432108423,
    1908.586955429293,
    2148.3311917644196,
    2347.1521814021003,
    2487.8193201267663,
    2580.894081222401,
    2684.931202371956,
    2687.792376586852,
    2783.3118398967636,
    2854.2420144307193,
    2930.924440171421,
    2981.032013821594,
    3038.58930350029,
    3021.4881932815965,
    3079.4650471982686,
    3129.593185702015,
    3170.284376940762,
    3217.7486127741918,
    3240.943464317032,
    3231.8205070350346,
    3257.7824435840025,
    3294.4768781037255,
    3318.387232183783,
    3347.939304145371,
    3314.3355991925796,
    3351.7152056418245,
    3371.368112303682,
    3397.2094192320797,
    3410.099888238897,
    3434.7532306072017,
    3418.731800713187,
    3438.428477548098,
    3446.0804361740416,
    3466.735562742288,
    3487.061774309677,
    3496.4091370570163,
    3467.62567654726,
    3491.0536981169457,
    3510.1654292444814,
    3525.3189156181566,
    3528.3420667873265,
    3536.71110343658,
    3518.781681174272,
    3538.2787265714483,
    3549.791466726157,
    3552.746856954826,
    3566.435372057267,
    3543.6465341419507,
    3555.595303307158,
    3563.7034645738263,
    3570.9540728111565,
    3587.8588467539885,
    3601.8762800036093,
    3573.4452497304364,
    3583.096996188439,
    3599.9862487377336
  ],
  "speed": [
    11.373566160891997,
    11.341935763900107,
    11.277114653307148,
    11.15979557481629,
    11.091115388946813,
    11.090701144211698,
    11.033338894011562,
    10.949977748027521,
    10.856330306082048,
    10.777188369056448,
    10.73052656074739,
    10.671504003561964,
    10.589298032553106,
    10.524034630571553,
    10.45586311746169,
    10.410581429129076,
    10.373200537139112,
    10.324100336903532,
    10.28352222792033,
    10.217449324245205,
    10.178086925993199,
    10.134365201678895,
    10.10085180116255,
    10.056999990306538,
    10.016743687534525,
    9.972462625948529,
    9.925942151777894,
    9.881989641552023,
    9.840976658256963,
    9.802483287898909,
    9.763512512155408,
    9.728966982169451,
    9.7004099697253,
    9.665929318427583,
    9.634014864632535,
    9.598562884907553,
    9.56630574278351,
    9.527974244813166,
    9.489430166372882,
    9.455888451511251,
    9.420612632690062,
    9.386714166490869,
    9.349570368569104,
    9.3149647906294,
    9.282878958407045,
    9.254330864365915,
    9.222178567879267,
    9.187774519439122,
    9.151643990670157,
    9.119094446267395,
    9.087592449013782,
    9.05883910096366,
    9.025301596038405,
    8.992932876308743,
    8.96141995172784,
    8.929881497662542,
    8.901712175467422,
    8.87441541685721,
    8.845354081911678
  ],
  "throuput": [
    3,
    26,
    77,
    165,
    275,
    419,
    560,
    699,
    859,
    1024,
    1166,
    1335,
    1483,
    1644,
    1820,
    1971,
    2121,
    2271,
    2460,
    2623,
    2796,
    2958,
    3131,
    3295,
    3461,
    3613,
    3781,
    3949,
    4141,
    4302,
    4468,
    4650,
    4821,
    4981,
    5163,
    5328,
    5489,
    5655,
    5825,
    5975,
    6143,
    6304,
    6478,
    6646,
    6834,
    6997,
    7171,
    7334,
    7501,
    7668,
    7834,
    8002,
    8163,
    8332,
    8495,
    8649,
    8827,
    9003,
    9166
  ],
  "runningtime": [
    2.609946529070536
  ]
}