{
  "distance": [
    929.6577881976499,
    1294.913839636766,
    1583.231466842452,
    1808.3396979680047,
    1907.3056063430681,
    2145.6215323299452,
    2354.5976138125,
    2499.318859274043,
    2600.9793666950145,
    2712.44312983855,
    2709.730087476391,
    2806.5575404189944,
    2880.5614722625382,
    2955.32605763415,
    3003.355677521,
    3063.0547625608015,
    3044.225817684172,
    3102.0264651001266,
    3152.121678430493,
    3194.544355777188,
    3239.1751510890654,
    3261.332672489059,
    3252.060678106868,
    3283.077314928408,
    3320.7946710922324,
    3341.7670451865847,
    3369.483182783637,
    3333.7124613790093,
    3371.292879313263,
    3392.4975890620676,
    3417.6016037803083,
    3429.035740764759,
    3449.5286141758293,
    3432.687236239133,
    3450.5950616686737,
    3461.1312849979645,
    3480.3274580744855,
    3504.119746376511,
    3513.838172216734,
    3483.0296041508127,
    3506.579511570391,
    3526.281830881126,
    3543.436260832455,
    3547.0358819065577,
    3554.7004278980276,
    3535.3675338608864,
    3557.5383639199476,
    3570.918866209621,
    3574.906567086169,
    3589.6991825003447,
    3568.1339607775003,
    3579.6499141316176,
    3588.678209744288,
    3594.974425191593,
    3611.332006790607,
    3623.774890178013,
    3594.9581673417283,
    3604.5698423951785,
    3619.3230059034204
  ],
  "speed": [
    11.476963894596674,
    11.399238737069577,
    11.289143519058635,
    11.18921040961818,
    11.10678131402392,
    11.095960221664514,
    11.090990710712221,
    11.037446494620083,
    10.982170050696745,
    10.937751976722518,
    10.88679134731931,
    10.84615713185931,
    10.786227767937966,
    10.734488227550724,
    10.666247743992061,
    10.628517188278613,
    10.589450924586902,
    10.549995812722054,
    10.51597513256588,
    10.459635076449448,
    10.414930492745217,
    10.371719576390808,
    10.342291087854864,
    10.315176166417587,
    10.281729397361344,
    10.241862342156852,
    10.197493007641453,
    10.15474722687672,
    10.120645054797967,
    10.091750824094275,
    10.054935788558932,
    10.018760147295005,
    9.98052086186612,
    9.946019963991914,
    9.909082444753102,
    9.877819759788578,
    9.837425113584079,
    9.806519745894436,
    9.768994150717328,
    9.732689264064879,
    9.697249412023302,
    9.663938536529393,
    9.632897640554717,
    9.601237791268849,
    9.568458433463583,
    9.537568927096066,
    9.511817236630048,
    9.482770478001319,
    9.450969338477133,
    9.423190942519762,
    9.397797112346485,
    9.370736204772335,
    9.34299302374467,
    9.312257138627402,
    9.284255707306738,
    9.254210496624863,
    9.229425352324839,
    9.204637294637525,
    9.172161313340972
  ],
  "throuput": [
    4,
    28,
    80,
    168,
    273,
    422,
    573,
    712,
    865,
    1039,
    1193,
    1358,
    1514,
    1676,
    1838,
    1988,
    2150,
    2321,
    2489,
    2660,
    2826,
    2985,
    3154,
    3333,
    3504,
    3676,
    3838,
    4010,
    4188,
    4344,
    4518,
    4696,
    4860,
    5029,
    5178,
    5337,
    5508,
    5678,
    5871,
    6028,
    6173,
    6345,
    6525,
    6703,
    6887,
    7047,
    7216,
    7386,
    7558,
    7721,
    7896,
    8062,
    8228,
    8407,
    8584,
    8744,
    8900,
    9077,
    9236
  ],
  "runningtime": [
    2.609211317698161
  ]
}