{
  "distance": [
    933.1148666065885,
    1296.065525704452,
    1590.3731165393926,
    1818.652636341586,
    1911.3424370945309,
    2153.7721764228363,
    2354.3374577884615,
    2503.78624049,
    2604.846701607906,
    2719.5824746589533,
    2717.928737689844,
    2812.498708267003,
    2888.3797142329245,
    2964.5939793677335,
    3019.027597611729,
    3075.404955926941,
    3051.914679292827,
    3106.7706233728504,
    3155.0196236678044,
    3199.1340207125227,
    3244.4270967087214,
    3266.887656792412,
    3255.9496161820375,
    3285.0206293359997,
    3320.655536623134,
    3343.1739386453664,
    3372.054482870022,
    3337.8390024861224,
    3376.173047699824,
    3394.839097833774,
    3420.752046046984,
    3432.5579610090413,
    3452.8108907717183,
    3436.008291308632,
    3454.9532488120167,
    3465.3225528404687,
    3486.9105740756604,
    3508.439045047559,
    3517.6982401425907,
    3485.4664838389513,
    3507.008362836239,
    3523.507632681444,
    3538.067143974761,
    3540.1457855740055,
    3548.5279936475627,
    3530.204554128452,
    3550.866053122229,
    3563.157338257663,
    3566.4625766691765,
    3581.6482193917036,
    3557.5948980896223,
    3569.3576088233476,
    3579.41463158546,
    3586.5898658874494,
    3603.1898070411416,
    3615.881109753547,
    3586.7297814397284,
    3595.0752227348567,
    3612.09243248371
  ],
  "speed": [
    11.519055154375211,
    11.398739385544305,
    11.34870774964685,
    11.263695020816815,
    11.151935885534654,
    11.159652512084474,
    11.108780502473131,
    11.075087458197057,
    11.022971540551,
    10.989907992279651,
    10.940441875519957,
    10.888364247466068,
    10.84205514246682,
    10.79385017143896,
    10.742463801206366,
    10.697279158112082,
    10.65466913441914,
    10.610374063281089,
    10.570649550929408,
    10.522173421728873,
    10.481456228837276,
    10.43954759610545,
    10.4041801602083,
    10.372860532191735,
    10.333942249603863,
    10.296595320791381,
    10.25933987341439,
    10.221419198213209,
    10.188028673972122,
    10.15076137811288,
    10.117347678271283,
    10.082399329373056,
    10.041215242413765,
    10.004058696198127,
    9.967214739351704,
    9.935718799976122,
    9.902712972946341,
    9.867122443698719,
    9.830485670108212,
    9.79050571072711,
    9.751956629993149,
    9.711798817952435,
    9.673082241696722,
    9.634681359706263,
    9.599326578759342,
    9.56734383501841,
    9.533647328232345,
    9.498664259188274,
    9.462450508478343,
    9.432580436459165,
    9.39652144997225,
    9.366277888735707,
    9.337141979388614,
    9.306147138579085,
    9.275333465275574,
    9.242232413322371,
    9.21413678879332,
    9.183897826130467,
    9.154326055803141
  ],
  "throuput": [
    4,
    30,
    83,
    174,
    273,
    420,
    568,
    721,
    872,
    1043,
    1190,
    1372,
    1517,
    1673,
    1831,
    2001,
    2168,
    2327,
    2502,
    2669,
    2829,
    2991,
    3162,
    3334,
    3517,
    3680,
    3848,
    4021,
    4187,
    4360,
    4524,
    4689,
    4863,
    5021,
    5199,
    5353,
    5527,
    5699,
    5881,
    6037,
    6198,
    6361,
    6526,
    6689,
    6858,
    7023,
    7195,
    7369,
    7534,
    7713,
    7866,
    8047,
    8207,
    8394,
    8559,
    8717,
    8893,
    9056,
    9220
  ],
  "runningtime": [
    2.648701274394989
  ]
}