{
  "distance": [
    891.8784664335856,
    1191.3121155266192,
    1469.0370531943815,
    1708.921847538435,
    1916.2583240325753,
    2107.672974819081,
    2287.810942180259,
    2019.757973831003,
    2260.7042402835405,
    2456.567241412591,
    2622.6673261329156,
    2773.3029652160853,
    2898.8945694473546,
    3020.2593625439154,
    3140.920502667725,
    3231.926460896044,
    3003.2689403799745,
    3150.5443692943104,
    3263.3796422566015,
    3358.96165140282,
    3459.4363476709623,
    3527.6321679430835,
    3608.652215722206,
    3674.925070808391,
    3741.9253619224974,
    3556.131129359596,
    3646.3495568650565,
    3724.003318436889,
    3788.1529786353303,
    3851.2482166589175,
    3909.513591818431,
    3955.0216801561864,
    4012.949099562065,
    4061.913789438112,
    3901.8363316260165,
    3968.5577602189537,
    4030.4558254011495,
    4081.060218173734,
    4130.756160209415,
    4171.073490628073,
    4211.366559167378,
    4252.334755709148,
    4296.66685009914,
    4145.389677589371,
    4198.221889558422,
    4241.956756917654,
    4284.327150519108,
    4319.521084340803,
    4353.655273249016,
    4387.614863075462,
    4416.084558119593,
    4445.087850187992,
    4323.878961489031,
    4364.17559766283,
    4399.578168113195,
    4430.409724682921,
    4458.554766397241,
    4484.276400481425,
    4512.441903719834
  ],
  "speed": [
    8.954937270799624,
    8.619788005133142,
    8.392909550947236,
    8.231138068041371,
    8.066512286846038,
    7.928752325403594,
    7.798467617188157,
    7.647388886313636,
    7.596691595685834,
    7.470486763787973,
    7.343449111585079,
    7.223542409557907,
    7.102742030212997,
    7.001289498355175,
    6.905744415718558,
    6.810505118536992,
    6.718405704430749,
    6.665010609786005,
    6.5802760036605035,
    6.496352082238791,
    6.411859335428139,
    6.32616494307359,
    6.244840952839808,
    6.16937302106843,
    6.098467995520982,
    6.033583217857053,
    5.983424404633688,
    5.919959327497508,
    5.850650006753364,
    5.784438067789665,
    5.718397002901425,
    5.6561585339393226,
    5.5973684660107,
    5.5414016293029995,
    5.491170762104578,
    5.448317001635394,
    5.401368737839678,
    5.351109989333081,
    5.299460254916262,
    5.249550014242662,
    5.199664635945509,
    5.152086209412694,
    5.106242822212789,
    5.065565904980702,
    5.025861843123352,
    4.983851874777899,
    4.939633924571758,
    4.89623884356046,
    4.854509149475979,
    4.813295012070814,
    4.771464799785617,
    4.73120158889419,
    4.69780936234989,
    4.663696394000654,
    4.627809018440848,
    4.590981598442129,
    4.554209176955528,
    4.517664018846149,
    4.4797159357006295
  ],
  "throuput": [
    24,
    114,
    322,
    629,
    1030,
    1586,
    2267,
    3066,
    3917,
    4851,
    5885,
    6863,
    7987,
    9057,
    10260,
    11457,
    12691,
    13835,
    15065,
    16328,
    17581,
    18892,
    20209,
    21551,
    22844,
    24111,
    25436,
    26799,
    28135,
    29523,
    30848,
    32165,
    33492,
    34876,
    36296,
    37778,
    39181,
    40569,
    42055,
    43444,
    44795,
    46257,
    47648,
    49116,
    50502,
    51922,
    53344,
    54800,
    56256,
    57785,
    59244,
    60648,
    62129,
    63597,
    65011,
    66488,
    67883,
    69282,
    70695
  ],
  "runningtime": [
    1164.9093306899072
  ]
}