{
  "distance": [
    909.1786460837977,
    1223.6826267297138,
    1516.6231234066054,
    1767.9431677408882,
    1985.165751869003,
    2187.1723472190592,
    2380.2258957378126,
    2104.5791605039994,
    2350.7094564340186,
    2554.4265867267736,
    2726.4613302601683,
    2880.687523648711,
    3012.1921731019975,
    3134.980378361406,
    3260.228012897015,
    3354.7256404047353,
    3119.235630786116,
    3268.814579158665,
    3381.82473396442,
    3478.852688814563,
    3582.0590931457286,
    3651.6823447490397,
    3733.0361569261486,
    3799.780252092863,
    3867.417145943538,
    3674.1147697189094,
    3763.762350612853,
    3841.0234506216098,
    3906.133328882179,
    3971.0302458647275,
    4030.887624496256,
    4076.4546902846814,
    4134.064269914337,
    4182.204158768611,
    4015.9505144629884,
    4081.919329233242,
    4142.227774953652,
    4190.812968391905,
    4239.159168086981,
    4277.989698187484,
    4316.1522288060005,
    4354.750045879857,
    4396.316317412248,
    4239.420786802407,
    4291.7103329614565,
    4334.903356668241,
    4376.627747591988,
    4411.101539100603,
    4445.585459190765,
    4479.444915126416,
    4507.971756950206,
    4537.097736206644,
    4411.99876855836,
    4452.784953690621,
    4490.0087867126795,
    4521.578191955677,
    4549.167722145753,
    4574.153628702513,
    4602.284469576282
  ],
  "speed": [
    9.128387573603119,
    8.855224575150425,
    8.669447269639786,
    8.528506296785501,
    8.379589322958573,
    8.26305840637469,
    8.162254578805301,
    8.031165726854827,
    7.9736947765409125,
    7.851764533559353,
    7.726791835076103,
    7.603736663337535,
    7.4881442616125105,
    7.382879943059881,
    7.291027515679429,
    7.198799598471989,
    7.111948990315834,
    7.053807788300782,
    6.962232045391575,
    6.875334457722494,
    6.79007243099913,
    6.703349883618808,
    6.618274873154167,
    6.540179618472413,
    6.467070562695739,
    6.400848419874623,
    6.345531495148109,
    6.277029286768276,
    6.204442940649363,
    6.136364452876256,
    6.068372705700774,
    6.002999719323443,
    5.940836050127192,
    5.881634856086648,
    5.828965443235268,
    5.781524995996023,
    5.728744590658558,
    5.67229579475494,
    5.615111900184925,
    5.559673652352024,
    5.503702302884323,
    5.450059798528573,
    5.397702948392096,
    5.3524623159533,
    5.30840784688785,
    5.262307680074682,
    5.2137354644866685,
    5.16625929637028,
    5.121738417798744,
    5.0771418603946294,
    5.032196312742729,
    4.989180610539499,
    4.952232286177103,
    4.915704355418093,
    4.878870612650481,
    4.840050494065861,
    4.7999874272800405,
    4.7601034485674125,
    4.719579273360458
  ],
  "throuput": [
    22,
    121,
    349,
    703,
    1146,
    1776,
    2519,
    3376,
    4299,
    5255,
    6358,
    7406,
    8560,
    9759,
    10956,
    12221,
    13462,
    14721,
    16034,
    17309,
    18644,
    20007,
    21347,
    22705,
    24085,
    25436,
    26789,
    28141,
    29462,
    30845,
    32211,
    33624,
    35140,
    36497,
    37941,
    39385,
    40817,
    42185,
    43568,
    45005,
    46401,
    47844,
    49272,
    50693,
    52090,
    53527,
    54958,
    56417,
    57825,
    59328,
    60824,
    62296,
    63816,
    65258,
    66714,
    68239,
    69613,
    71064,
    72503
  ],
  "runningtime": [
    1145.3912003556886
  ]
}