{
  "distance": [
    929.8301853097419,
    1267.4738452899896,
    1580.2908267402522,
    1848.3137338104355,
    2080.1748426711683,
    2293.5726340275587,
    2493.874443275406,
    2209.48326879804,
    2467.7066258853115,
    2683.348278748973,
    2862.0898532341967,
    3027.1296432827917,
    3166.670456212268,
    3293.5736619171757,
    3417.938192836759,
    3513.673963768253,
    3263.2494506092685,
    3415.476354172384,
    3533.9213527378224,
    3633.235268626136,
    3738.3097475259724,
    3809.1346753592875,
    3891.5125030419235,
    3957.2327863310097,
    4022.8960371866356,
    3818.1408806492946,
    3908.5944184844757,
    3988.9956389450745,
    4056.109836727298,
    4121.127297700008,
    4181.088550169975,
    4225.028937380783,
    4282.007266852969,
    4328.292447224914,
    4151.881506784727,
    4216.337221436109,
    4276.2353537009785,
    4324.5918475058625,
    4373.159554365524,
    4410.989074699839,
    4448.746965608099,
    4486.664828553652,
    4528.433600933221,
    4364.5708230742675,
    4417.280610138189,
    4461.238411883224,
    4504.127869966982,
    4538.591141865891,
    4571.079519236805,
    4603.138545735135,
    4630.851250111098,
    4658.074238779442,
    4526.2716238126495,
    4566.086723927915,
    4602.1134466377,
    4633.0121563798075,
    4660.385406619637,
    4684.764654687645,
    4714.116399245739
  ],
  "speed": [
    9.33548709064553,
    9.174679802498067,
    9.040906956856386,
    8.930524501728838,
    8.80888932136337,
    8.709398396681808,
    8.613168509249574,
    8.50997464471718,
    8.463402774209806,
    8.358702930396905,
    8.236987211464868,
    8.12956748544206,
    8.024557986507242,
    7.920893587183444,
    7.820774022841643,
    7.728990666210462,
    7.639848996182775,
    7.577190820945639,
    7.488722845650443,
    7.39978317885783,
    7.310427436410109,
    7.22069177051011,
    7.131002418264812,
    7.0453277589202745,
    6.962896946350254,
    6.888667688018666,
    6.827143236282908,
    6.756346514849749,
    6.680500196842638,
    6.606616479723963,
    6.533051649060901,
    6.460286377291653,
    6.391255926328771,
    6.32389213455559,
    6.262086273830973,
    6.206481543455678,
    6.147316765762696,
    6.085163707059893,
    6.023186250728911,
    5.961985542665264,
    5.900856320805115,
    5.841650631804774,
    5.784943236139215,
    5.734114203130391,
    5.685997299303757,
    5.636724836439759,
    5.585466426404201,
    5.534100777418125,
    5.483700457874246,
    5.433594209879508,
    5.384368725736085,
    5.335884369041822,
    5.292551814348854,
    5.2509236406712745,
    5.208973706626073,
    5.16562531194315,
    5.1217075589892485,
    5.077878124559406,
    5.0352078273243315
  ],
  "throuput": [
    21,
    136,
    379,
    770,
    1276,
    1978,
    2805,
    3740,
    4777,
    5856,
    7001,
    8160,
    9398,
    10660,
    11991,
    13291,
    14593,
    15935,
    17287,
    18630,
    19981,
    21433,
    22755,
    24106,
    25437,
    26874,
    28254,
    29659,
    31073,
    32480,
    33902,
    35289,
    36707,
    38141,
    39614,
    41135,
    42568,
    43982,
    45438,
    46855,
    48246,
    49654,
    51153,
    52621,
    54122,
    55593,
    57054,
    58501,
    60012,
    61496,
    62972,
    64390,
    65840,
    67314,
    68766,
    70254,
    71740,
    73239,
    74644
  ],
  "runningtime": [
    1155.9692544023196
  ]
}