{
  "distance": [
    1073.4444694341873,
    1506.7079499248837,
    1932.9757449995573,
    2294.7631382036398,
    2595.048220304369,
    2861.9197582519164,
    3155.99734611167,
    3385.844394679042,
    3611.018420496959,
    3804.6938818992253,
    3980.9084560543306,
    4153.526594548312,
    4290.8699085362405,
    4446.024112075523,
    4569.849699526926,
    4669.595621741448,
    4754.619496989515,
    3912.230127145386,
    4129.665129725518,
    4305.914656661839,
    4483.806459791105,
    4614.248785381927,
    4765.932508431412,
    4897.778087017492,
    4990.059950720327,
    5091.1634288468495,
    5179.374542843568,
    5270.5024346123655,
    5367.143811714342,
    5436.148708343753,
    5531.179889848072,
    5573.712488830664,
    5645.358032763793,
    5686.300995967746,
    5752.666053099279,
    5806.3259614944045,
    5203.0032584155415,
    5324.574875042832,
    5408.181639530037,
    5502.399239647762,
    5581.105280965123,
    5644.5052786231745,
    5718.827131237451,
    5774.034631303385,
    5831.740367063922,
    5903.276992506891,
    5952.050075355171,
    5998.540012325438,
    6050.311487941386,
    6079.717564544994,
    6117.64436939873,
    6155.672246236374,
    6177.033071832545,
    6213.98352354774,
    6240.935088176366,
    5806.928953868172,
    5873.126735983845,
    5931.175460981924,
    5990.745412350924
  ],
  "speed": [
    9.585862962671541,
    9.510551235247169,
    9.450715021809124,
    9.405004953793476,
    9.3407194129144,
    9.252005401103903,
    9.200689411405161,
    9.168023377264173,
    9.142535819247437,
    9.123764120105946,
    9.097927782191444,
    9.08452052896308,
    9.074421111807567,
    9.073704730985332,
    9.067528459821087,
    9.064932573779346,
    9.056420266200913,
    9.01927084540104,
    9.04212971948965,
    9.041366692849806,
    9.026991917410006,
    9.011993372495985,
    8.98483929585963,
    8.964876451628562,
    8.943260867020827,
    8.907085439218726,
    8.88146770497938,
    8.855509937691536,
    8.841800653648484,
    8.833842108107843,
    8.820720640837877,
    8.805362824895406,
    8.792507406126802,
    8.78322544729733,
    8.770666495222454,
    8.758163441691309,
    8.740953961503308,
    8.739473026709076,
    8.723266229084107,
    8.71141168509856,
    8.689062100176338,
    8.666938984398795,
    8.643925607127903,
    8.624236705390599,
    8.602668800929983,
    8.585928661541383,
    8.573463002955,
    8.55733971466351,
    8.54425229302162,
    8.52991026717598,
    8.513869038279411,
    8.495803110053673,
    8.48293097054311,
    8.471499447113557,
    8.459716049292744,
    8.446968760892354,
    8.441454163348455,
    8.428908680936425,
    8.413864417342918
  ],
  "throuput": [
    18,
    70,
    152,
    257,
    396,
    553,
    759,
    998,
    1248,
    1525,
    1808,
    2104,
    2424,
    2786,
    3113,
    3485,
    3820,
    4144,
    4514,
    4867,
    5216,
    5598,
    5970,
    6303,
    6661,
    7014,
    7347,
    7701,
    8116,
    8499,
    8849,
    9237,
    9612,
    10004,
    10390,
    10797,
    11150,
    11557,
    11869,
    12267,
    12667,
    13028,
    13394,
    13787,
    14146,
    14548,
    14968,
    15361,
    15763,
    16123,
    16484,
    16898,
    17307,
    17690,
    18093,
    18514,
    18910,
    19280,
    19655
  ],
  "runningtime": [
    32.38724953730901
  ]
}