{
  "distance": [
    1093.1781368730663,
    1539.9761569927562,
    1978.425046821284,
    2353.5890866785585,
    2669.6442379667315,
    2956.176916474457,
    3264.844746268574,
    3503.8163707711287,
    3742.0447828329093,
    3949.80111072549,
    4142.130887335921,
    4321.819537320812,
    4460.761879115026,
    4615.800239019818,
    4741.853984328508,
    4843.027803038501,
    4929.520999276884,
    4049.7538957330025,
    4264.718098449908,
    4441.503334389131,
    4616.604381836074,
    4747.495363007384,
    4902.871139543284,
    5035.167334602848,
    5125.454318900318,
    5230.996015471726,
    5319.97667974725,
    5410.6677944837365,
    5508.455606629227,
    5574.99704361791,
    5672.779938487776,
    5714.436058255907,
    5786.035283852667,
    5824.032024462782,
    5888.942703686402,
    5940.186996696412,
    5318.639330102152,
    5438.206858771615,
    5525.017153694746,
    5618.029679963085,
    5699.367288825294,
    5763.902957055469,
    5838.0528051825,
    5891.947737967933,
    5949.743150306245,
    6019.685729788998,
    6065.448177832338,
    6109.969586857093,
    6158.951760841376,
    6186.528476291585,
    6223.452959156099,
    6260.452895236678,
    6277.821505360257,
    6311.646000670461,
    6334.652150956514,
    5890.576500520345,
    5953.258497696559,
    6009.457826355515,
    6066.324028825782
  ],
  "speed": [
    9.764989498158707,
    9.726651595438458,
    9.678499247928531,
    9.652757351537385,
    9.623853629645238,
    9.58228791711918,
    9.558803479882199,
    9.546102732498415,
    9.552471874093733,
    9.570089726721541,
    9.582832077643998,
    9.59095081548411,
    9.594379920080359,
    9.60049724091984,
    9.606718375773552,
    9.617055920596405,
    9.622923978963446,
    9.587184614474944,
    9.601238367668268,
    9.602464636740587,
    9.582525612341346,
    9.568512246468797,
    9.54673762647998,
    9.527015826526569,
    9.50588902428033,
    9.480176059543535,
    9.461217384116434,
    9.44090026861196,
    9.43453506934123,
    9.42776531597712,
    9.423754283709096,
    9.41294740568119,
    9.405968774665086,
    9.399570083081935,
    9.390746907586225,
    9.379841461151777,
    9.361947149429863,
    9.357433024652778,
    9.347696976118883,
    9.33636057660612,
    9.320000657609214,
    9.301831973405276,
    9.280121041766389,
    9.260988968484254,
    9.241937869490538,
    9.225749302938095,
    9.21146112166736,
    9.195251899677153,
    9.181249608350994,
    9.168362426968171,
    9.155120298035111,
    9.139274420789063,
    9.124631527467752,
    9.112628323651334,
    9.099293657639144,
    9.083270784623652,
    9.071960056818071,
    9.05629467629848,
    9.03757938816882
  ],
  "throuput": [
    21,
    74,
    152,
    262,
    423,
    601,
    818,
    1081,
    1340,
    1643,
    1936,
    2271,
    2609,
    2962,
    3313,
    3680,
    4063,
    4405,
    4768,
    5141,
    5504,
    5853,
    6230,
    6600,
    6979,
    7327,
    7699,
    8076,
    8460,
    8843,
    9200,
    9582,
    10001,
    10385,
    10762,
    11157,
    11565,
    11943,
    12324,
    12685,
    13091,
    13476,
    13836,
    14237,
    14621,
    14987,
    15409,
    15808,
    16228,
    16606,
    16982,
    17367,
    17765,
    18164,
    18559,
    18952,
    19353,
    19757,
    20151
  ],
  "runningtime": [
    11.329799163341523
  ]
}