{
  "distance": [
    1245.2521053805383,
    1743.2462217406721,
    2161.3038215885867,
    2575.747277272518,
    2940.880373185733,
    3273.351662935204,
    3504.868821937061,
    3780.0887960223677,
    4057.833667934716,
    4230.734696107247,
    4369.622498123847,
    4565.567741136041,
    4738.193886182136,
    4840.801139431874,
    4931.820906372432,
    5063.624153080399,
    5164.0179283382295,
    5229.963894993127,
    5323.77081105036,
    4819.913357839248,
    4965.3602184876045,
    5097.921268480925,
    5192.173649905994,
    5316.739145444154,
    5428.9627468349345,
    5492.5021532981045,
    5583.259048493298,
    5660.79072888667,
    5730.9519810735155,
    5770.423585706069,
    5834.342006899046,
    5882.641676188011,
    5945.180759758063,
    5985.958872091388,
    6013.362290812617,
    6041.29564515939,
    6083.5528181058335,
    6101.975291387891,
    6142.987865969213,
    5781.090418146287,
    5861.140020644388,
    5919.014273900319,
    5983.7469839175765,
    6023.020837036604,
    6080.144995173692,
    6118.626079151438,
    6158.70197355283,
    6210.094125071889,
    6249.048889883208,
    6262.72159301418,
    6304.304383554059,
    6344.298739818501,
    6365.688391218227,
    6373.366583663927,
    6399.035411118623,
    6408.626946883475,
    6436.416088672365,
    6434.367484117439,
    6453.688142576332
  ],
  "speed": [
    11.363611319728319,
    11.438855640713356,
    11.478688174712987,
    11.389324304766761,
    11.352708425137731,
    11.381663345493031,
    11.397246173531073,
    11.39613325440276,
    11.398902954294359,
    11.396878762728715,
    11.375154019850672,
    11.363402020966053,
    11.356568143014753,
    11.343460581086223,
    11.346705281893186,
    11.35403534876226,
    11.3473497862378,
    11.341826488080116,
    11.330861971613318,
    11.304454566284408,
    11.295815289654177,
    11.28088768106172,
    11.262129759863338,
    11.228773196051899,
    11.199532096005886,
    11.169440168102955,
    11.146906941206217,
    11.117543861801504,
    11.092758441883165,
    11.067502356750078,
    11.03704696439771,
    11.005765691399766,
    10.9798303694217,
    10.949463580778666,
    10.91954158294892,
    10.894166905604752,
    10.868012374532622,
    10.84010090253248,
    10.814737818425328,
    10.780433593340279,
    10.760479238191689,
    10.740425346198176,
    10.721786013971132,
    10.700029537743086,
    10.67584255423162,
    10.652129101088523,
    10.630699190959522,
    10.608920889198046,
    10.58620296468827,
    10.561886625900948,
    10.539566846440767,
    10.51364354886289,
    10.48822390646848,
    10.46198430905747,
    10.435878676480197,
    10.410030660420826,
    10.3828927161017,
    10.356917539977989,
    10.329478773395692
  ],
  "throuput": [
    4,
    24,
    69,
    128,
    202,
    311,
    435,
    557,
    706,
    862,
    1027,
    1198,
    1370,
    1542,
    1745,
    1911,
    2099,
    2296,
    2485,
    2687,
    2863,
    3052,
    3247,
    3431,
    3606,
    3780,
    3972,
    4144,
    4326,
    4497,
    4684,
    4870,
    5073,
    5266,
    5472,
    5653,
    5860,
    6028,
    6249,
    6431,
    6632,
    6823,
    7023,
    7208,
    7412,
    7603,
    7794,
    7970,
    8164,
    8339,
    8530,
    8729,
    8942,
    9129,
    9314,
    9510,
    9704,
    9893,
    10100
  ],
  "runningtime": [
    5.674393343925476
  ]
}