{
  "distance": [
    1229.1312257549937,
    1726.4549710031733,
    2143.2427576023233,
    2572.9992584014776,
    2934.82208897294,
    3267.3843288901776,
    3493.6838226940667,
    3759.4837712355898,
    4035.9534496882216,
    4207.434320156077,
    4348.951359043457,
    4545.660936982345,
    4715.427889896141,
    4814.338745388551,
    4904.957069949782,
    5034.475668120909,
    5135.536868878739,
    5201.684348576835,
    5299.388547069856,
    4796.5775821560555,
    4942.246698900589,
    5074.395607859649,
    5170.49070666173,
    5299.752620522179,
    5415.618607855234,
    5483.009992779174,
    5578.514199373735,
    5661.423483024814,
    5732.011301309135,
    5773.620563372917,
    5837.502732914372,
    5888.444480619629,
    5948.8960827404335,
    5990.940554271946,
    6019.14647238086,
    6044.687305665225,
    6089.6204532383,
    6107.487941462808,
    6149.076221662448,
    5789.4455659496025,
    5869.885211213674,
    5928.059432757386,
    5990.384253921291,
    6027.294431733529,
    6081.755073137613,
    6116.380671772023,
    6151.632348602569,
    6199.385824841817,
    6235.748369634499,
    6247.628151103318,
    6285.197627683058,
    6324.807971936451,
    6348.560461609569,
    6360.841223376072,
    6391.467099989213,
    6405.383421547959,
    6437.687606697823,
    6438.29292705212,
    6460.5717685169
  ],
  "speed": [
    11.219755217413226,
    11.32829142848595,
    11.382178172601687,
    11.373868049182896,
    11.325082364075444,
    11.353788481898361,
    11.348324136883809,
    11.32384644814676,
    11.322485478517974,
    11.314269594684248,
    11.29423245976611,
    11.27960111171988,
    11.261651755441497,
    11.235906637762747,
    11.22958210824112,
    11.227412990382446,
    11.22053118416826,
    11.21174844878123,
    11.203490151868413,
    11.171333408992622,
    11.16235598625908,
    11.144673640718896,
    11.127599360395042,
    11.105348150795608,
    11.08458631006536,
    11.061684787294807,
    11.046664009926939,
    11.027672086353911,
    11.005613013205013,
    10.987566876525783,
    10.960751779896782,
    10.939455615246642,
    10.915372832246533,
    10.892912347041628,
    10.868233207369007,
    10.841707991694891,
    10.82314416992213,
    10.798384333822035,
    10.774870406473564,
    10.74519568834637,
    10.726827203123895,
    10.709543042853928,
    10.688681623704413,
    10.66619960979446,
    10.639039019311184,
    10.610487908906451,
    10.581498727128196,
    10.554297686376556,
    10.526949751269711,
    10.499220477369883,
    10.470103802777436,
    10.443456693734284,
    10.419197446655684,
    10.398349447102982,
    10.379027394778493,
    10.35894272243434,
    10.340020080428069,
    10.319794792324155,
    10.299101728077657
  ],
  "throuput": [
    4,
    21,
    68,
    120,
    200,
    309,
    427,
    550,
    699,
    855,
    1002,
    1185,
    1349,
    1521,
    1705,
    1894,
    2080,
    2256,
    2456,
    2651,
    2836,
    3034,
    3218,
    3400,
    3585,
    3762,
    3938,
    4137,
    4322,
    4500,
    4699,
    4901,
    5093,
    5287,
    5469,
    5673,
    5861,
    6041,
    6243,
    6422,
    6629,
    6824,
    7047,
    7226,
    7412,
    7605,
    7792,
    7974,
    8132,
    8331,
    8526,
    8708,
    8902,
    9086,
    9276,
    9493,
    9709,
    9904,
    10117
  ],
  "runningtime": [
    4.815270519256591
  ]
}