{
  "distance": [
    944.1640930949504,
    1273.0736739152403,
    1585.4635478228133,
    1843.817225081542,
    1960.3457622428177,
    2186.240069406713,
    2373.2704197060307,
    2514.3954684875853,
    2630.8297875743633,
    2646.9788801482546,
    2773.6270757538937,
    2862.4225635309313,
    2929.897686551151,
    3001.095308492735,
    2991.7610129101145,
    3058.451324357819,
    3120.1587329238655,
    3159.5576524607327,
    3211.3080282415485,
    3185.279512361006,
    3229.707598391342,
    3269.724180790161,
    3312.907762533418,
    3337.063748417343,
    3364.813820368668,
    3346.345049160407,
    3370.4550063897595,
    3399.523036589398,
    3423.5290640229505,
    3439.4587373921677,
    3429.6771512359182,
    3443.2348334757894,
    3465.110325929941,
    3489.168176625006,
    3506.6500917890376,
    3476.787784876548,
    3499.660684293004,
    3518.512348794552,
    3530.3929766810716,
    3541.7941195177295,
    3523.602615470811,
    3536.0732230916537,
    3550.5166543287105,
    3560.8867509615893,
    3572.2842206206583,
    3549.971525586073,
    3569.783099889812,
    3580.3085490213975,
    3593.316733405592,
    3603.9319007009585,
    3615.8011481077515,
    3593.631660969653,
    3605.8322578709076,
    3612.89711788769,
    3623.182801268822,
    3628.7165724667,
    3610.6717974977,
    3620.2699536990854,
    3635.0239704788587
  ],
  "speed": [
    11.525485791775795,
    11.457730562913527,
    11.412469040968588,
    11.378062502587962,
    11.250802601856087,
    11.206603972879655,
    11.141351507570926,
    11.042460432599723,
    10.968531117905346,
    10.92545586946105,
    10.863897786908884,
    10.802544397325072,
    10.714900451837718,
    10.645203892568976,
    10.575263384614715,
    10.504927413796901,
    10.444541433182893,
    10.383309505073639,
    10.328412856622974,
    10.265695636418734,
    10.211058058844081,
    10.146336436186507,
    10.0802432509058,
    10.016571610096126,
    9.954057556219674,
    9.896464609078874,
    9.834052903091605,
    9.77167238349997,
    9.711972875979685,
    9.652072902600034,
    9.588748504752159,
    9.525637194433623,
    9.464615423344892,
    9.406849268376865,
    9.348192457732262,
    9.289044041554657,
    9.230646450447898,
    9.172452318839138,
    9.112464503750338,
    9.05569176860233,
    8.997775483417014,
    8.93769628184076,
    8.879675548427661,
    8.825173504139839,
    8.767287971411113,
    8.710327780192825,
    8.659349291533655,
    8.605804590896032,
    8.555476348389536,
    8.505097073948145,
    8.45325991911049,
    8.403644005858313,
    8.352017489416799,
    8.302267101417813,
    8.252339233923141,
    8.201784929755895,
    8.15659533486823,
    8.11179762733833,
    8.064127119697513
  ],
  "throuput": [
    5,
    28,
    84,
    176,
    289,
    425,
    573,
    746,
    901,
    1075,
    1256,
    1431,
    1599,
    1758,
    1922,
    2114,
    2286,
    2484,
    2649,
    2813,
    3007,
    3169,
    3352,
    3536,
    3705,
    3877,
    4058,
    4236,
    4417,
    4584,
    4755,
    4927,
    5088,
    5273,
    5447,
    5620,
    5802,
    5976,
    6159,
    6333,
    6511,
    6683,
    6850,
    7030,
    7194,
    7367,
    7555,
    7724,
    7901,
    8072,
    8250,
    8424,
    8622,
    8788,
    8949,
    9121,
    9303,
    9466,
    9646
  ],
  "runningtime": [
    2.9821432709693907
  ]
}