{
  "distance": [
    946.1915814345798,
    1277.2385442042264,
    1592.0689654992843,
    1851.5629855386278,
    1969.9725678705374,
    2194.5733713955174,
    2379.162499428422,
    2520.228918300611,
    2638.7459106233887,
    2650.638843224124,
    2770.544132252003,
    2859.316985848022,
    2933.9915282171255,
    3007.258213036241,
    2996.226735161801,
    3061.089266403913,
    3121.9628808771736,
    3161.1369504569298,
    3210.849186902965,
    3181.3336921208097,
    3223.4887010713146,
    3261.5484995657944,
    3304.1374696546804,
    3327.4794636186593,
    3352.7011978854102,
    3332.2092866549606,
    3355.445584157326,
    3387.268900144406,
    3412.2398460297154,
    3428.8432064571202,
    3420.614874842562,
    3434.8062927997203,
    3457.7219376693483,
    3481.684212973173,
    3498.126419334859,
    3467.8031004942864,
    3490.12506377085,
    3510.1522056747526,
    3521.576805185434,
    3532.2275542452626,
    3514.0644928224415,
    3530.0334944867363,
    3545.120773877136,
    3556.025238884236,
    3568.4095727649446,
    3545.498748813959,
    3564.6542309829656,
    3576.147982537651,
    3590.1482350200904,
    3599.793506922845,
    3612.0783404930867,
    3590.2069447634494,
    3603.5059674067193,
    3612.082473748561,
    3624.5818071956824,
    3631.137981427707,
    3611.5776815584845,
    3619.8000731400107,
    3635.574151974934
  ],
  "speed": [
    11.548253990011046,
    11.495062250840608,
    11.47977842035275,
    11.445427143791466,
    11.317204483281296,
    11.261878351030198,
    11.190760566954188,
    11.102088847019472,
    11.030797390209143,
    10.965033424601081,
    10.881682203905696,
    10.808836102002477,
    10.739691005532425,
    10.675585498092184,
    10.60415874640359,
    10.524282647033846,
    10.456777908598562,
    10.392122153260727,
    10.327839189428902,
    10.256085247830654,
    10.193094045600827,
    10.117587979669382,
    10.044553093795038,
    9.974621925475745,
    9.902225285477181,
    9.837053087070489,
    9.764893963997967,
    9.703478066099743,
    9.641068397817651,
    9.57967558465164,
    9.519595621050797,
    9.459295748553807,
    9.40069670857532,
    9.342150330847623,
    9.282204807295013,
    9.223311174820962,
    9.164343284808403,
    9.111247391069435,
    9.052286556937055,
    8.995652201797371,
    8.937970293825803,
    8.886642524024854,
    8.832398555095871,
    8.781569319992643,
    8.728743883858659,
    8.673584016906407,
    8.622896146764807,
    8.57306509700004,
    8.5260774286006,
    8.475118354979124,
    8.425385735517008,
    8.377367054815357,
    8.329471404361502,
    8.283441606846559,
    8.238826789695961,
    8.193363223184843,
    8.147273117643177,
    8.102154219639184,
    8.059290053459105
  ],
  "throuput": [
    4,
    30,
    85,
    179,
    291,
    429,
    581,
    742,
    903,
    1084,
    1260,
    1416,
    1594,
    1765,
    1940,
    2109,
    2293,
    2490,
    2649,
    2821,
    2995,
    3151,
    3336,
    3522,
    3699,
    3862,
    4018,
    4207,
    4388,
    4565,
    4753,
    4922,
    5090,
    5268,
    5448,
    5623,
    5796,
    5979,
    6162,
    6338,
    6495,
    6680,
    6846,
    7020,
    7207,
    7381,
    7548,
    7733,
    7899,
    8083,
    8252,
    8443,
    8618,
    8796,
    8963,
    9148,
    9321,
    9497,
    9682
  ],
  "runningtime": [
    2.9925573190053303
  ]
}