{
  "distance": [
    1137.4775634596906,
    1611.593715357673,
    2034.573989308738,
    2378.9012431644014,
    2698.488569037354,
    3024.188369616705,
    3343.059784685752,
    3601.380614517926,
    3844.6828024840875,
    4030.8214098149087,
    4235.669876274319,
    4413.670856644799,
    4560.164242035256,
    4700.684445492153,
    4822.881609861209,
    4961.094544141056,
    5035.740298226687,
    5126.817119373341,
    5216.05797724276,
    5280.986983156215,
    5327.055466642249,
    5366.59503783746,
    5421.499701589477,
    5442.936867618904,
    5461.088503040142,
    5463.91899955693,
    5493.879953662603,
    5479.117027294222,
    5520.365692695935,
    5532.94923828553,
    4781.893418453666,
    4891.906171622727,
    4979.396881070277,
    5071.050436653335,
    5138.641313216168,
    5215.100735224674,
    5288.272503750166,
    5358.531060898158,
    5413.335203903555,
    5471.501722011164,
    5525.244349398673,
    5572.239571831125,
    5623.2345144057945,
    5681.65088366502,
    5702.765597212237,
    5740.577956765466,
    5777.62915763147,
    5795.204024445141,
    5842.381720106734,
    5865.379483062842,
    5878.214877848918,
    5885.396459532026,
    5913.2899033185,
    5938.198788898418,
    5931.482716552678,
    5947.394442238879,
    5946.127586101224,
    5945.6998431540005,
    5961.627842983005
  ],
  "speed": [
    9.636089856196273,
    9.465774625123773,
    9.385844311562805,
    9.35412782610936,
    9.313910568554443,
    9.271089393405818,
    9.273075527341641,
    9.272115598943296,
    9.276915834594202,
    9.274700134213596,
    9.26731672008888,
    9.255315655147603,
    9.262236806530323,
    9.254733579177264,
    9.252122328869223,
    9.256695034588532,
    9.258075658017326,
    9.258782301752673,
    9.257470625995943,
    9.254179855708573,
    9.254584153875955,
    9.247929720685828,
    9.246527993265909,
    9.241784100134167,
    9.238833080930918,
    9.231812783073963,
    9.226654563781194,
    9.224604085938783,
    9.224423914113055,
    9.222066007279441,
    9.219192589618743,
    9.228028436892457,
    9.233259800280788,
    9.22925277412333,
    9.228748918920768,
    9.229840126079585,
    9.228246196459688,
    9.224391749253694,
    9.22131883896293,
    9.215184168927285,
    9.20842129524739,
    9.201773466817503,
    9.19755617013804,
    9.191953358090954,
    9.189930761648753,
    9.183377266025728,
    9.179614894001178,
    9.174613598078,
    9.170269554305834,
    9.164931078205292,
    9.160953174211848,
    9.154623618863141,
    9.14852705530298,
    9.14400887353261,
    9.137265056963434,
    9.130610654799378,
    9.124139384820523,
    9.119043664172546,
    9.115032452127187
  ],
  "throuput": [
    25,
    83,
    152,
    257,
    378,
    523,
    695,
    886,
    1097,
    1334,
    1563,
    1826,
    2075,
    2343,
    2604,
    2897,
    3191,
    3475,
    3750,
    4038,
    4350,
    4633,
    4935,
    5217,
    5508,
    5795,
    6100,
    6383,
    6664,
    6920,
    7200,
    7488,
    7749,
    8022,
    8294,
    8557,
    8822,
    9066,
    9345,
    9603,
    9875,
    10112,
    10385,
    10658,
    10943,
    11215,
    11494,
    11788,
    12070,
    12374,
    12679,
    12974,
    13241,
    13538,
    13823,
    14149,
    14420,
    14720,
    15022
  ],
  "runningtime": [
    17.610953923066457
  ]
}