{
  "distance": [
    1088.3696045128636,
    1561.6333500066703,
    1977.8273885665196,
    2354.711676284053,
    2596.5001578540605,
    2844.3308873837273,
    3165.9144290203794,
    3424.7110938137525,
    3673.857816087103,
    3817.5805731762675,
    3984.095550957297,
    4105.0967018012825,
    4331.658404670115,
    4514.42106700726,
    4641.690622462771,
    4785.763522124953,
    4881.61503631187,
    4960.193013899677,
    5013.831006155454,
    5044.060430202132,
    5142.509659888779,
    5228.064148308464,
    5305.1993060791565,
    5342.865437258025,
    5333.574250955933,
    5362.059877191464,
    5445.218782632335,
    5467.8923166817385,
    4985.990428108857,
    5049.55267803498,
    5122.493570552336,
    5202.04876738589,
    5288.543333304477,
    5365.75688701942,
    5415.920171037071,
    5476.984709057106,
    5534.549204348356,
    5587.107977323337,
    5664.02567026713,
    5691.59928636312,
    5747.3025777448565,
    5796.395357605419,
    5832.430070243322,
    5852.702351327777,
    5867.8259132519515,
    5910.263973849288,
    5952.3413456925155,
    5975.875050769933,
    6020.602014021775,
    6033.956502325828,
    6041.149706926268,
    6048.249108648168,
    6060.165478668342,
    6065.949475391683,
    6074.387972213526,
    6093.0797143694135,
    6098.534121611039,
    5776.2490533851205,
    5828.934761309203
  ],
  "speed": [
    9.270518667575988,
    9.214852178546067,
    9.260136515250613,
    9.31556889066707,
    9.341032340462712,
    9.374424204587028,
    9.37906842931773,
    9.399917036046292,
    9.399906972960183,
    9.420953874457847,
    9.440132754732378,
    9.468112134101728,
    9.48665367287788,
    9.517450520909229,
    9.537985898306781,
    9.55759270167561,
    9.580207922194042,
    9.594070092431242,
    9.609324994136422,
    9.617000954806452,
    9.624400170543602,
    9.634999764024855,
    9.643413842700859,
    9.647952235090997,
    9.652675738643008,
    9.654173738581623,
    9.660330809865712,
    9.660412205061313,
    9.658819656744946,
    9.649280685286945,
    9.647773829908111,
    9.644894838431103,
    9.642709103327375,
    9.648497608982298,
    9.651527103931391,
    9.651975414802434,
    9.650968359786402,
    9.65452576392378,
    9.655419980297722,
    9.660595267718888,
    9.663335754937016,
    9.66933106697519,
    9.670255665850393,
    9.673006895161882,
    9.672510564686931,
    9.671653095884333,
    9.675570253788175,
    9.675835025759863,
    9.67663849371337,
    9.677591916398521,
    9.67832151891656,
    9.676652929971414,
    9.677086605088068,
    9.675580305750358,
    9.672722723892438,
    9.670127440655513,
    9.666130556922912,
    9.663551299195227,
    9.658359563750508
  ],
  "throuput": [
    27,
    92,
    164,
    264,
    399,
    566,
    738,
    893,
    1102,
    1311,
    1542,
    1781,
    2034,
    2271,
    2526,
    2799,
    3078,
    3366,
    3648,
    3912,
    4184,
    4516,
    4789,
    5060,
    5328,
    5607,
    5892,
    6178,
    6476,
    6772,
    7043,
    7302,
    7587,
    7854,
    8119,
    8385,
    8671,
    8953,
    9214,
    9503,
    9759,
    10051,
    10314,
    10586,
    10853,
    11140,
    11472,
    11734,
    12036,
    12318,
    12640,
    12929,
    13211,
    13511,
    13766,
    14064,
    14366,
    14641,
    14902
  ],
  "runningtime": [
    10.749016567071278
  ]
}