{
  "distance": [
    1089.4302657266846,
    1568.1226572124635,
    1983.3104662963333,
    2359.3576602854473,
    2605.3480672420606,
    2854.5341692024294,
    3183.1958733503784,
    3443.745565670552,
    3699.5933044638437,
    3849.162000974391,
    4015.4927591364817,
    4136.608798356468,
    4367.793566165719,
    4548.1897331156115,
    4673.311249052788,
    4815.532910264011,
    4908.822305053013,
    4989.903906731804,
    5043.515974687037,
    5074.89065391419,
    5174.709442955363,
    5256.958924335817,
    5333.01241088954,
    5372.783376428055,
    5361.552178193094,
    5387.371166053264,
    5469.7733637638985,
    5490.6669907771175,
    5007.071045750577,
    5071.1603859836605,
    5143.786440634533,
    5224.374306519903,
    5311.917135559502,
    5385.934205905918,
    5435.593754515574,
    5495.860150140314,
    5554.578965990834,
    5606.56288486588,
    5683.4142276497405,
    5711.5639066163185,
    5765.782601912374,
    5813.190028116008,
    5849.99429465937,
    5870.970554838578,
    5887.727078929876,
    5930.5291084250985,
    5972.974282276135,
    5997.818638710303,
    6043.61130113335,
    6057.262125199013,
    6062.6564442185945,
    6069.904583521464,
    6081.786151499666,
    6087.688894133837,
    6095.769570374785,
    6113.220521940075,
    6118.206329082951,
    5794.079646416412,
    5844.3215138726255
  ],
  "speed": [
    9.277694129958375,
    9.252367279194234,
    9.288254508467197,
    9.335108322393129,
    9.372654135905698,
    9.40499837279174,
    9.426681718776104,
    9.447706367482082,
    9.46211040821851,
    9.497377154756377,
    9.517588252974477,
    9.548357314431044,
    9.57680123392799,
    9.602834527609005,
    9.618286178665741,
    9.633731240696873,
    9.655416528788933,
    9.67644237683637,
    9.694085717231484,
    9.705852066042706,
    9.719174268303647,
    9.724758919019633,
    9.730292860647939,
    9.738496059865586,
    9.741939165725123,
    9.739873304805625,
    9.746234011149669,
    9.747316470895793,
    9.749292698661357,
    9.742090744147212,
    9.740271229930135,
    9.740555248705569,
    9.742111721969929,
    9.743987462213614,
    9.746164930588401,
    9.745380856972488,
    9.747429405772344,
    9.750820895219231,
    9.754226058320222,
    9.762958030532259,
    9.765514641688554,
    9.771039479014629,
    9.774461310672718,
    9.779071066454092,
    9.782553398468094,
    9.784899445734641,
    9.789835380679932,
    9.792417573154566,
    9.795811377796404,
    9.798513293556098,
    9.798428203911813,
    9.797292051718724,
    9.798283043940042,
    9.79871124686784,
    9.798045914244778,
    9.796529943317477,
    9.794149749912235,
    9.791891692269186,
    9.785163396541423
  ],
  "throuput": [
    24,
    95,
    164,
    259,
    398,
    567,
    728,
    896,
    1110,
    1325,
    1566,
    1798,
    2049,
    2282,
    2536,
    2822,
    3117,
    3384,
    3682,
    3934,
    4219,
    4520,
    4799,
    5078,
    5361,
    5612,
    5935,
    6233,
    6527,
    6813,
    7064,
    7345,
    7628,
    7896,
    8148,
    8420,
    8709,
    8998,
    9258,
    9560,
    9825,
    10104,
    10354,
    10621,
    10906,
    11203,
    11489,
    11772,
    12070,
    12404,
    12681,
    12966,
    13264,
    13580,
    13860,
    14135,
    14428,
    14722,
    15002
  ],
  "runningtime": [
    13.164465467135111
  ]
}