{
  "distance": [
    1093.171646447738,
    1573.6349015050814,
    1989.2134355978633,
    2364.91307053497,
    2614.2622463751327,
    2862.310103548773,
    3193.320358991001,
    3454.3841158822747,
    3714.974564987054,
    3859.5464393772763,
    4027.523465232482,
    4146.302636046702,
    4376.784286939886,
    4558.928922670058,
    4684.910929931135,
    4826.184145834446,
    4919.430023152714,
    4996.296737858308,
    5050.621870600804,
    5083.494614460062,
    5180.167318985581,
    5261.955028630292,
    5338.741402275093,
    5376.7080320578525,
    5366.10240669027,
    5394.399401544154,
    5475.921144191868,
    5497.250003367843,
    5010.853196620277,
    5075.401036879309,
    5148.219667012414,
    5229.6555474246225,
    5317.471237917687,
    5393.01072294847,
    5442.9410326363595,
    5503.254081886012,
    5561.838308464384,
    5613.816619974639,
    5693.849846263352,
    5719.065119336889,
    5776.574689489419,
    5824.114617392377,
    5860.996161864608,
    5881.377325485846,
    5899.164167083789,
    5942.0719981011425,
    5983.113752830807,
    6006.616957990546,
    6049.33771847378,
    6061.971372140007,
    6067.100025140837,
    6072.765541359993,
    6083.981699279925,
    6089.2234629056375,
    6095.663891886684,
    6112.714993214998,
    6116.771723344538,
    5793.046117638869,
    5845.44279017204
  ],
  "speed": [
    9.316039206754558,
    9.289418878931215,
    9.320099364456821,
    9.362570915557725,
    9.410324610816627,
    9.437969554566232,
    9.466986327652892,
    9.491036643544916,
    9.51426030389962,
    9.534807762748208,
    9.556310829686785,
    9.579346834118457,
    9.606411885881187,
    9.637472892730267,
    9.655632699462323,
    9.673219969325068,
    9.695533252803871,
    9.708840932387306,
    9.727891504317064,
    9.742753134745756,
    9.75301402048299,
    9.76025455160948,
    9.765556880823402,
    9.769188630684514,
    9.772825758367686,
    9.775489632549663,
    9.780124841997024,
    9.780878001117973,
    9.778710064369177,
    9.77122463035931,
    9.769472925413282,
    9.770812398956831,
    9.771013241703143,
    9.773521918538002,
    9.775973706131794,
    9.775269603457783,
    9.776620952651085,
    9.779267099139032,
    9.786207658900935,
    9.790548129410118,
    9.79782469213475,
    9.804180073699044,
    9.808237374991636,
    9.812535885651844,
    9.817836653365214,
    9.820174863250946,
    9.823068711673105,
    9.825128973410026,
    9.824406656228815,
    9.826287257959315,
    9.825524865345123,
    9.822533448270978,
    9.823181726318674,
    9.823375813356733,
    9.820442029452588,
    9.818011068849863,
    9.813871971765767,
    9.811601731964496,
    9.806322944665792
  ],
  "throuput": [
    27,
    97,
    163,
    263,
    401,
    576,
    744,
    903,
    1104,
    1330,
    1562,
    1796,
    2047,
    2291,
    2564,
    2836,
    3121,
    3400,
    3677,
    3955,
    4252,
    4530,
    4796,
    5085,
    5365,
    5636,
    5939,
    6226,
    6528,
    6812,
    7080,
    7341,
    7605,
    7897,
    8148,
    8421,
    8706,
    8981,
    9271,
    9559,
    9823,
    10114,
    10367,
    10627,
    10917,
    11215,
    11514,
    11807,
    12092,
    12405,
    12702,
    12989,
    13271,
    13588,
    13871,
    14141,
    14434,
    14705,
    14966
  ],
  "runningtime": [
    14.628852478663127
  ]
}