{
  "distance": [
    1133.7420256702485,
    1583.0608038533114,
    1958.8670597407352,
    2227.7067562351053,
    2500.961530820712,
    2723.098025802925,
    2952.7182710238235,
    2650.9080643006346,
    2914.970442381414,
    3150.819417901004,
    3350.263636935451,
    3511.734469161454,
    3630.413287396515,
    3735.444797332408,
    3847.352301905061,
    3919.6998224031795,
    3689.970733480531,
    3798.492020537975,
    3927.6120765690384,
    4012.258680579136,
    4101.687643608249,
    4165.544696844084,
    4225.988248050833,
    4251.112974369565,
    4312.534996344763,
    4117.507874451408,
    4180.6451131804415,
    4256.968493008211,
    4305.137255105251,
    4357.1826555378375,
    4395.715235381454,
    4425.173341680891,
    4450.127933730984,
    4489.623703201375,
    4334.078691716248,
    4370.697833439687,
    4425.132230137278,
    4469.53888499148,
    4506.7356928026575,
    4525.941392214301,
    4546.572675897362,
    4558.562315227146,
    4596.3480778137455,
    4457.802531162708,
    4499.9979067465565,
    4528.877431709805,
    4561.14885639218,
    4584.408236501764,
    4604.6710011014975,
    4622.821856289692,
    4646.68121713928,
    4516.098811758765,
    4558.685269552591,
    4591.538891553181,
    4618.273098046402,
    4625.437070798761,
    4654.375145051498,
    4666.036054792123,
    4689.241292534217
  ],
  "speed": [
    11.30733466981316,
    11.41866371786226,
    11.22521780553581,
    11.085747503336146,
    10.959896617221714,
    10.9340664598729,
    10.90767417653405,
    10.867314208877609,
    10.902435699786325,
    10.906413795312904,
    10.896144324463194,
    10.854427202471625,
    10.818382414742393,
    10.776243197844959,
    10.739813615382165,
    10.71041213253007,
    10.679899926888485,
    10.678444416220911,
    10.66854648937388,
    10.645814929672639,
    10.607423932144604,
    10.563567800191452,
    10.527594138464409,
    10.492987117119812,
    10.466520605058953,
    10.435912439097029,
    10.418999799921206,
    10.39869941094493,
    10.361966639615021,
    10.322872578311935,
    10.2896494537834,
    10.256278883220729,
    10.222257832214503,
    10.190262819801346,
    10.1622234143573,
    10.138100288996318,
    10.11697650167641,
    10.082695416867121,
    10.043887077145675,
    10.006692648432793,
    9.971838511104838,
    9.936358433346392,
    9.905510698918043,
    9.878100581013125,
    9.853392442531781,
    9.82921949345988,
    9.793975523116076,
    9.761854423051188,
    9.73179105953331,
    9.698221022476032,
    9.668725814591173,
    9.63807921531696,
    9.620996044829003,
    9.599516958891657,
    9.574847806354734,
    9.544649221255394,
    9.512918903174064,
    9.484169923939099,
    9.45279770095743
  ],
  "throuput": [
    4,
    20,
    58,
    105,
    172,
    255,
    348,
    449,
    568,
    686,
    806,
    931,
    1040,
    1185,
    1313,
    1424,
    1551,
    1692,
    1815,
    1958,
    2098,
    2220,
    2350,
    2484,
    2607,
    2745,
    2872,
    3002,
    3131,
    3261,
    3396,
    3520,
    3639,
    3778,
    3896,
    4033,
    4166,
    4305,
    4446,
    4553,
    4696,
    4816,
    4950,
    5087,
    5210,
    5341,
    5482,
    5599,
    5730,
    5858,
    5986,
    6118,
    6255,
    6381,
    6514,
    6642,
    6773,
    6913,
    7042
  ],
  "runningtime": [
    2.583957819143931
  ]
}