{
  "distance": [
    1108.4400317558773,
    1539.1253197715384,
    1900.9670241179454,
    2172.418919372881,
    2447.773081276572,
    2653.623137181141,
    2884.0386152085457,
    2589.061102244594,
    2855.6979911482836,
    3081.541238324812,
    3284.2744152194678,
    3448.559387064203,
    3559.0701633832086,
    3657.793001728781,
    3781.446669999732,
    3854.717935187867,
    3633.6599311934597,
    3737.482120531537,
    3864.418786872294,
    3945.5464173171476,
    4040.6403483793315,
    4106.537030011333,
    4171.567454705353,
    4199.297875388658,
    4255.442157250534,
    4064.541652366426,
    4128.903827222272,
    4207.133430962881,
    4259.551989401574,
    4311.166086203231,
    4348.153737790072,
    4379.577067899896,
    4407.277676855491,
    4447.471438103965,
    4294.984574682119,
    4329.049478845924,
    4383.058374433779,
    4431.527786996951,
    4471.230009564724,
    4492.14513394898,
    4516.368602441945,
    4532.227730277539,
    4572.091250373109,
    4436.783408763941,
    4478.882058183306,
    4511.298078932617,
    4548.000826987523,
    4570.515605154509,
    4592.044548589641,
    4613.277784178675,
    4640.575378448781,
    4510.469561647237,
    4552.6055279934835,
    4584.978952485527,
    4614.069870645329,
    4622.044637760402,
    4650.685215959734,
    4662.214130437584,
    4687.96963377557
  ],
  "speed": [
    11.060501733456126,
    11.104534431067643,
    10.873720486137016,
    10.783452505662497,
    10.684271350837921,
    10.60991383704149,
    10.587984609812594,
    10.538626060493915,
    10.595554772974264,
    10.552451488490682,
    10.524604744348208,
    10.48650827865342,
    10.424493110255877,
    10.359369934627091,
    10.329284549360786,
    10.29710456473594,
    10.278519318790801,
    10.271341336591572,
    10.260219909199318,
    10.227757063702954,
    10.194310225897757,
    10.151113716623417,
    10.12339790468364,
    10.09356815851665,
    10.054457597048884,
    10.0214181688269,
    10.002529793083779,
    9.983360420416066,
    9.955130392617141,
    9.912365622401182,
    9.8722306173952,
    9.840522153953833,
    9.81155405681228,
    9.78058207597226,
    9.754930127369484,
    9.727781627680162,
    9.704324449928306,
    9.67595379840125,
    9.642056495556513,
    9.606294521044974,
    9.578707308346383,
    9.551666484426896,
    9.526828924095474,
    9.506922202571792,
    9.482497879736504,
    9.465526277025383,
    9.438896417661766,
    9.406866677950132,
    9.382346213831438,
    9.357811288036997,
    9.337298322118718,
    9.311589716284825,
    9.297112940614584,
    9.278782337159635,
    9.261245710604912,
    9.23656327191085,
    9.20902466172049,
    9.182629618839462,
    9.157057227078168
  ],
  "throuput": [
    4,
    18,
    49,
    100,
    167,
    248,
    339,
    438,
    536,
    643,
    764,
    893,
    1023,
    1129,
    1257,
    1398,
    1531,
    1660,
    1787,
    1914,
    2042,
    2172,
    2318,
    2437,
    2565,
    2691,
    2811,
    2953,
    3075,
    3207,
    3341,
    3469,
    3600,
    3727,
    3856,
    3993,
    4106,
    4244,
    4382,
    4500,
    4649,
    4770,
    4908,
    5027,
    5151,
    5285,
    5410,
    5559,
    5695,
    5818,
    5957,
    6099,
    6235,
    6348,
    6493,
    6629,
    6752,
    6880,
    7002
  ],
  "runningtime": [
    2.354511864980062
  ]
}