{
  "distance": [
    1114.1527047767813,
    1558.6891497490135,
    1912.2349933498,
    2180.2680405193646,
    2459.8699613157028,
    2672.452277090989,
    2902.907009318671,
    2608.055096055751,
    2871.532262509126,
    3104.5562077223703,
    3306.6285067900676,
    3467.46633017335,
    3588.386154104931,
    3687.7224851792203,
    3817.7496804480393,
    3897.632459542822,
    3669.1376352359366,
    3772.355749148937,
    3898.322623350908,
    3978.9461252065153,
    4074.330648121278,
    4138.761746878824,
    4199.292193515016,
    4226.081889708473,
    4283.19278385851,
    4090.409396028104,
    4156.22454649188,
    4233.462897042237,
    4283.966195403807,
    4336.145326716819,
    4372.971072826585,
    4407.92936287889,
    4435.0955656446595,
    4476.59255599636,
    4323.27597699803,
    4356.935242624485,
    4412.092017026846,
    4456.79488484511,
    4493.343461988612,
    4512.753453010641,
    4535.06034122867,
    4549.368947974167,
    4587.662523955649,
    4450.504630159544,
    4493.386621914831,
    4521.674917841466,
    4555.169635257445,
    4578.134863288731,
    4594.696907389455,
    4615.23628967647,
    4640.92035780245,
    4508.329508341172,
    4551.072526982175,
    4583.902714309146,
    4612.32006809987,
    4620.938791130218,
    4652.624824445048,
    4663.39550232493,
    4689.382816006668
  ],
  "speed": [
    11.103260453704154,
    11.234681099795573,
    10.944855627841989,
    10.821865210641262,
    10.731265453675352,
    10.687599885540834,
    10.67189825871263,
    10.630400448930336,
    10.681522347568805,
    10.664231499397754,
    10.642108484546794,
    10.597749056290322,
    10.564149237859073,
    10.504086731434503,
    10.49562794742139,
    10.481897405824723,
    10.457391717865077,
    10.45331490692306,
    10.444651033742264,
    10.409675920101888,
    10.376614908543246,
    10.3335607302181,
    10.301087686208382,
    10.271332877668856,
    10.236746574062048,
    10.205044190962933,
    10.191003988491378,
    10.170277873292251,
    10.139945997543157,
    10.101050007311105,
    10.060813991918133,
    10.036785772673525,
    10.009227443008944,
    9.981702148354596,
    9.958789239893946,
    9.931610229532634,
    9.913958220286585,
    9.88127346954153,
    9.843220662145638,
    9.805957511243681,
    9.776076518117003,
    9.746770435930332,
    9.719364741213543,
    9.695220918312407,
    9.673370879396506,
    9.649103256126576,
    9.617296042838301,
    9.585265455388203,
    9.55011369968721,
    9.52332585159133,
    9.497768723575682,
    9.463601721862638,
    9.446445525207242,
    9.425068861486455,
    9.40369049066993,
    9.376479147405416,
    9.350956250516315,
    9.320911591023489,
    9.294687571713355
  ],
  "throuput": [
    3,
    20,
    56,
    95,
    166,
    253,
    342,
    438,
    545,
    665,
    778,
    900,
    1029,
    1142,
    1272,
    1411,
    1558,
    1686,
    1809,
    1923,
    2063,
    2203,
    2335,
    2460,
    2588,
    2707,
    2831,
    2981,
    3105,
    3223,
    3358,
    3497,
    3620,
    3753,
    3892,
    4024,
    4151,
    4287,
    4416,
    4536,
    4667,
    4801,
    4928,
    5059,
    5195,
    5319,
    5446,
    5571,
    5718,
    5832,
    5964,
    6098,
    6229,
    6355,
    6493,
    6622,
    6751,
    6892,
    7022
  ],
  "runningtime": [
    2.4053304235140485
  ]
}