{
  "distance": [
    1245.9935170629315,
    1625.3110686791456,
    1903.8439534349907,
    2244.2284064395353,
    2512.557576211212,
    2797.2373852906767,
    2947.2365791178618,
    3111.349780327881,
    3265.1942824603134,
    3428.953292945032,
    3479.8232460168515,
    3556.2993637768946,
    3707.048820439151,
    3768.1738409097325,
    3744.304804771608,
    3850.6443494682185,
    3890.826223174339,
    3954.3740015221238,
    3986.150340895822,
    4037.3237885815774,
    4071.025923043184,
    4103.158275894645,
    4093.341740552449,
    4150.075680747352,
    4145.631673265974,
    4214.255891247376,
    4231.954507790191,
    4194.29304862724,
    4255.008339310758,
    4205.111368399402,
    4199.596484553674,
    4252.358469038439,
    4282.514666904306,
    4297.948951962042,
    4328.313593342377,
    4368.166049455378,
    4355.2664258839195,
    4390.732543297685,
    4424.690608294581,
    4417.977667834362,
    4480.802172510707,
    4472.359831190379,
    4462.622932225215,
    4503.251385069672,
    4499.12696399187,
    4499.327428876163,
    4503.141522441711,
    4525.7127587723935,
    4543.970179194562,
    4545.610640567271,
    4528.9063089949095,
    4560.159868893684,
    4553.363497579423,
    4558.481410364244,
    4579.921840309437,
    4558.015749832543,
    4566.0408536051345,
    4596.217251868221,
    4579.982947867592
  ],
  "speed": [
    11.230415086647374,
    11.154912489487577,
    11.172403654461336,
    11.154643197749554,
    11.121644189226576,
    11.119724891481644,
    11.086195242653789,
    11.125610570211567,
    11.156249408276143,
    11.158420236916772,
    11.172689063844281,
    11.16157158875883,
    11.17115902250966,
    11.151002752484366,
    11.160312382151366,
    11.155159923889203,
    11.158836896954638,
    11.161024463767744,
    11.17329717128413,
    11.186307607326363,
    11.190214910179321,
    11.181086419744064,
    11.189746412753124,
    11.186922193521267,
    11.196344250670508,
    11.189228295744346,
    11.180290558546426,
    11.176891154884288,
    11.159594280065656,
    11.148941310342279,
    11.151277590921314,
    11.148842490288441,
    11.138815181714943,
    11.132792828471525,
    11.13261327851447,
    11.134934024959323,
    11.13250784277498,
    11.134171248075129,
    11.134636410693323,
    11.133219500641596,
    11.130491442143795,
    11.121772701723549,
    11.123299264297723,
    11.123417725396763,
    11.127632008665046,
    11.135810987948158,
    11.13511055884471,
    11.136429011593824,
    11.144994303121786,
    11.141925644846415,
    11.141121534006114,
    11.145443332455608,
    11.143717139678404,
    11.144172015543,
    11.146709191584987,
    11.149752243554655,
    11.149890716623487,
    11.147181522962494,
    11.149650975307582
  ],
  "throuput": [
    5,
    15,
    42,
    78,
    123,
    187,
    247,
    317,
    382,
    450,
    531,
    599,
    686,
    760,
    830,
    906,
    979,
    1056,
    1137,
    1221,
    1283,
    1364,
    1456,
    1507,
    1594,
    1678,
    1740,
    1805,
    1888,
    1961,
    2034,
    2105,
    2180,
    2254,
    2330,
    2404,
    2468,
    2568,
    2639,
    2715,
    2791,
    2881,
    2963,
    3032,
    3115,
    3198,
    3270,
    3352,
    3427,
    3505,
    3586,
    3652,
    3733,
    3810,
    3886,
    3960,
    4034,
    4109,
    4190
  ],
  "runningtime": [
    2.5612850189208984
  ]
}