{
  "distance": [
    1256.7838910634916,
    1626.1551102775584,
    1904.1421126026605,
    2240.9012292993966,
    2517.331569074602,
    2797.711625150472,
    2948.3683752110433,
    3119.756909440587,
    3265.663388499201,
    3436.2915456769424,
    3483.365946679684,
    3559.6946704935144,
    3713.710495499274,
    3772.3334602735804,
    3744.791789662679,
    3853.940794604186,
    3892.0980418297036,
    3951.741865525763,
    3978.2269967631405,
    4028.1667635225494,
    4057.563447649959,
    4094.430278928841,
    4086.0962755176656,
    4145.526547348518,
    4135.915120574197,
    4207.337058758461,
    4229.520289086129,
    4194.093265739454,
    4256.81382469343,
    4207.166407483681,
    4201.907909833202,
    4258.881069931326,
    4287.281518235688,
    4302.993411436202,
    4333.757188541242,
    4370.470284698414,
    4353.233394790401,
    4388.083505090802,
    4424.621306739048,
    4416.730357613211,
    4478.522069055935,
    4471.778521256603,
    4460.347581212797,
    4500.853835879429,
    4493.574647101317,
    4496.198970290377,
    4500.673947325417,
    4523.307230796277,
    4539.807224699099,
    4541.989812875948,
    4524.7758652284465,
    4556.936037424824,
    4552.2233533445215,
    4557.806916229406,
    4578.8104146602,
    4555.5956589252655,
    4563.048395145866,
    4595.272265573142,
    4578.136473640715
  ],
  "speed": [
    11.327671113510263,
    11.173455590668345,
    11.19366470943884,
    11.152739497257091,
    11.15706171104488,
    11.142145311963008,
    11.116506743998132,
    11.17766533905842,
    11.185838279637055,
    11.212239826696907,
    11.223259146743674,
    11.209617977369042,
    11.226681760772042,
    11.204210746494509,
    11.208848121331071,
    11.206526826540776,
    11.207265313953549,
    11.196501587601656,
    11.196105034069932,
    11.202492822794454,
    11.193143196379127,
    11.198639471494731,
    11.206723653249353,
    11.209526847372528,
    11.204367097578812,
    11.197948433002015,
    11.195072950421617,
    11.201245435719457,
    11.190010531048346,
    11.179178499901758,
    11.181369702610276,
    11.18910773908827,
    11.173994709337475,
    11.172078499921298,
    11.172934018445874,
    11.168916487070792,
    11.15959711952291,
    11.157865379420524,
    11.160233039558294,
    11.155989414102265,
    11.151336882226442,
    11.144688037440098,
    11.139456609705567,
    11.139164738487684,
    11.138805932580922,
    11.147838810783618,
    11.145830007812895,
    11.144847952100445,
    11.147313111616539,
    11.143716851249,
    11.138254526302767,
    11.139591823132452,
    11.141162842292278,
    11.13991803711321,
    11.13960035975305,
    11.13928776977274,
    11.136636388871592,
    11.137309694810277,
    11.135123205820635
  ],
  "throuput": [
    6,
    16,
    42,
    77,
    126,
    189,
    251,
    317,
    384,
    454,
    535,
    601,
    684,
    768,
    839,
    907,
    981,
    1059,
    1141,
    1216,
    1286,
    1371,
    1452,
    1508,
    1590,
    1668,
    1738,
    1813,
    1881,
    1962,
    2037,
    2109,
    2181,
    2263,
    2336,
    2414,
    2479,
    2564,
    2640,
    2716,
    2793,
    2872,
    2960,
    3045,
    3109,
    3180,
    3270,
    3345,
    3418,
    3504,
    3574,
    3647,
    3729,
    3805,
    3882,
    3963,
    4033,
    4099,
    4183
  ],
  "runningtime": [
    1.9620277206103007
  ]
}