{
  "distance": [
    1258.830046003096,
    1630.7380307588774,
    1904.1904652977244,
    2229.8842363182343,
    2509.165877043834,
    2784.5495526554355,
    2944.5618364149345,
    3112.500266285202,
    3259.5266284858494,
    3425.8836719644023,
    3471.766131654934,
    3547.966864711375,
    3702.0569012660467,
    3767.334960606225,
    3739.3964752298957,
    3848.1488430891263,
    3885.4148347780224,
    3942.398643879179,
    3975.13214339485,
    4032.490746283344,
    4060.6943933382877,
    4092.1109897901083,
    4085.0836731427016,
    4143.55869043105,
    4136.045650519919,
    4206.820886913794,
    4234.194142800773,
    4199.433746434737,
    4260.691276253315,
    4212.121071743582,
    4208.560364204909,
    4262.54531613856,
    4294.258411653672,
    4310.200420893751,
    4335.613246686413,
    4372.513816868494,
    4357.754231094608,
    4391.606640620526,
    4426.589206662776,
    4418.157000834418,
    4480.903257908475,
    4471.999247195079,
    4462.743882465593,
    4504.4708663352285,
    4496.079970481618,
    4495.619092230419,
    4500.193532734582,
    4522.225065125154,
    4537.658944142375,
    4541.270971053249,
    4527.0806644036675,
    4555.41348052828,
    4549.988423283136,
    4554.372627184686,
    4576.743316607114,
    4553.378378738653,
    4561.871431594386,
    4592.357533857301,
    4576.3488409846905
  ],
  "speed": [
    11.348471745682739,
    11.200123837629652,
    11.179373670034423,
    11.083251072478385,
    11.104872830598644,
    11.06935032557253,
    11.063329330801148,
    11.097597990412043,
    11.107543748825034,
    11.12117898918369,
    11.125578765633959,
    11.116340276729039,
    11.131799517349203,
    11.124258391644654,
    11.116325633167266,
    11.120643481310104,
    11.121150805486666,
    11.106815778781133,
    11.10617997375345,
    11.116944986004455,
    11.108423065060634,
    11.103381780185627,
    11.112725655440164,
    11.110419460845769,
    11.109023144355154,
    11.098417138748399,
    11.106478145806719,
    11.111246131974903,
    11.101952419849386,
    11.097396215302213,
    11.107344909442492,
    11.110054719314867,
    11.106041117504509,
    11.106616070247272,
    11.09580383018017,
    11.091429113975007,
    11.09067288353237,
    11.095290248007329,
    11.099137325837033,
    11.097586361810361,
    11.097701493125372,
    11.091016742392283,
    11.092186697488101,
    11.093359901829036,
    11.089759733687028,
    11.093048846483706,
    11.091488472820746,
    11.092324253894068,
    11.093405617249283,
    11.091225784748588,
    11.092919839977137,
    11.085669196383925,
    11.085399366063672,
    11.079754314900162,
    11.082305607600594,
    11.079915483266722,
    11.078753592647065,
    11.075676949990411,
    11.076574064701735
  ],
  "throuput": [
    6,
    15,
    42,
    74,
    127,
    184,
    241,
    312,
    384,
    458,
    530,
    602,
    682,
    753,
    837,
    904,
    984,
    1043,
    1115,
    1205,
    1289,
    1358,
    1439,
    1505,
    1580,
    1663,
    1727,
    1807,
    1887,
    1963,
    2039,
    2104,
    2186,
    2257,
    2335,
    2399,
    2490,
    2574,
    2649,
    2716,
    2806,
    2877,
    2957,
    3039,
    3118,
    3181,
    3274,
    3345,
    3421,
    3497,
    3579,
    3645,
    3724,
    3804,
    3878,
    3955,
    4026,
    4102,
    4180
  ],
  "runningtime": [
    2.2639893293380737
  ]
}