{
  "distance": [
    1227.751604168147,
    1714.6250397874737,
    2061.552825075609,
    2417.831213076956,
    2627.46319092482,
    2882.6660020447985,
    2987.3185176277802,
    3191.0713945082857,
    3434.0814381915416,
    3502.1053514179266,
    3596.2687335211463,
    3738.7844776802176,
    3851.848010905931,
    3892.100446878262,
    3851.8460365884976,
    3941.577209996623,
    3933.906320708154,
    3957.6328467199023,
    3995.031757964329,
    4066.140745330174,
    3966.718849250146,
    3988.7303243454467,
    3945.334175650978,
    4009.9321486739163,
    3989.505636414394,
    4011.96189594298,
    4020.5174988654435,
    3700.287887723178,
    3783.901236600395,
    3847.758966488655,
    3876.328086493914,
    3941.042251294482,
    3999.991067315551,
    4051.0291393581256,
    4105.921395152414,
    4133.206655715945,
    4187.766738326114,
    4219.745286087275,
    4206.405115079121,
    4225.740909642778,
    4279.852864456355,
    4292.210996321786,
    4266.23062021852,
    4309.869863344102,
    4320.655160134051,
    4330.544361676812,
    4287.750167039567,
    4310.8983810542395,
    4343.003467895125,
    4341.071477457632,
    4329.465259199814,
    4314.311582341037,
    4314.269086895319,
    4318.504042104259,
    4302.2797429396205,
    4093.8093439827176,
    4135.975893152882,
    4146.722602231298,
    4197.371607774161
  ],
  "speed": [
    10.513726747546704,
    10.259789493730938,
    10.041069281868024,
    9.872174720095583,
    9.810138902882086,
    9.790507685621732,
    9.815707130768265,
    9.813913320760348,
    9.873862234333085,
    9.880598789903035,
    9.91435264169516,
    9.946225919103881,
    9.97344613834429,
    9.96688005337819,
    9.978057707949807,
    9.990857615162534,
    9.981837851454905,
    9.92909929892642,
    9.933754663012255,
    9.943606783945766,
    9.932562105639335,
    9.951149667568911,
    9.951782918834818,
    9.944224456719912,
    9.936691750914957,
    9.939409636709197,
    9.936302600590148,
    9.95016443647034,
    9.96304724064821,
    9.959416771532464,
    9.969377593113308,
    9.967470627841164,
    9.95135083230781,
    9.95433893255478,
    9.955193862280787,
    9.941884933293213,
    9.929939533828202,
    9.934416993707135,
    9.909812101817927,
    9.884709470695833,
    9.873014531244372,
    9.877014442996911,
    9.878478588382597,
    9.8642235143734,
    9.864725503819109,
    9.86669885840688,
    9.864608311847233,
    9.862826547875537,
    9.851839265913899,
    9.849335446315086,
    9.853011089765275,
    9.843931601752695,
    9.838810343598391,
    9.84202827608719,
    9.838808658568986,
    9.83383907193859,
    9.847421393685558,
    9.84962871597826,
    9.846715744352931
  ],
  "throuput": [
    4,
    13,
    35,
    60,
    76,
    96,
    119,
    161,
    205,
    232,
    268,
    298,
    334,
    362,
    400,
    437,
    466,
    502,
    538,
    571,
    600,
    627,
    651,
    676,
    699,
    739,
    767,
    794,
    822,
    852,
    883,
    918,
    939,
    973,
    1001,
    1028,
    1069,
    1108,
    1142,
    1175,
    1196,
    1235,
    1273,
    1311,
    1343,
    1377,
    1403,
    1440,
    1469,
    1503,
    1535,
    1560,
    1590,
    1624,
    1657,
    1685,
    1715,
    1735,
    1768
  ],
  "runningtime": [
    1.4652519583702088
  ]
}