{
  "distance": [
    1240.1931120341605,
    1741.1568768411594,
    2111.3843399876773,
    2505.448147470833,
    2738.722285672053,
    3004.8403750467564,
    3106.8996595883445,
    3319.1911089620344,
    3560.912426655253,
    3623.0389759663663,
    3709.4908278804833,
    3831.9258599535083,
    3935.3457299056154,
    3975.2268412529443,
    3917.650277081385,
    3994.35833921793,
    3987.1181156132807,
    4016.277416997741,
    4050.3822889074745,
    4116.95898595341,
    4008.9157345991603,
    4024.0363057337922,
    3976.6497074176627,
    4049.423674934422,
    4029.034048146938,
    4048.590786861847,
    4061.796524370266,
    3732.8117276838325,
    3817.712901108364,
    3883.070694776982,
    3902.716282347711,
    3966.116756421208,
    4036.0383565379498,
    4088.897006751098,
    4147.064617343496,
    4174.475900871564,
    4235.204921206985,
    4266.590461399289,
    4262.250821208935,
    4282.202913613948,
    4336.296706077045,
    4341.230483246847,
    4308.9786604924275,
    4351.897719235663,
    4360.634041989597,
    4362.559706085773,
    4315.599095364262,
    4333.582081877152,
    4364.696374945932,
    4362.229410282416,
    4349.07594945987,
    4338.869535609387,
    4336.608197851271,
    4335.985056437914,
    4318.683090339348,
    4107.002313479336,
    4149.524591756543,
    4160.7461519853605,
    4212.537430648502
  ],
  "speed": [
    10.615354638846213,
    10.416036537255101,
    10.279747958833594,
    10.256680401767909,
    10.29426093238766,
    10.324851380659075,
    10.366421173005435,
    10.385617626833227,
    10.426663925839954,
    10.430439980836224,
    10.453590307822529,
    10.46252995549841,
    10.477769757278152,
    10.494732624279527,
    10.504420655882477,
    10.502779171133387,
    10.511973816986147,
    10.478052770477248,
    10.47730170002567,
    10.4847813354596,
    10.472083041279062,
    10.483739572135573,
    10.48488209334597,
    10.501722759161256,
    10.500264093611232,
    10.502253407792626,
    10.508923201655039,
    10.513879740702126,
    10.527923348465324,
    10.536407477807057,
    10.525872851460354,
    10.512361873649223,
    10.516802574893525,
    10.520396905791891,
    10.52916052576205,
    10.517143026843037,
    10.525878201099037,
    10.535399761725873,
    10.536658733397385,
    10.515194742321109,
    10.5114331653527,
    10.516139938307543,
    10.512669066736997,
    10.50545747233442,
    10.513431758851558,
    10.510679769190236,
    10.508826520968237,
    10.503775564907956,
    10.493939994074491,
    10.489102599008609,
    10.488809703874454,
    10.492489173228444,
    10.488044802245492,
    10.484134005319714,
    10.482459491600446,
    10.473407047886484,
    10.481869838443707,
    10.481192211426597,
    10.476179704595962
  ],
  "throuput": [
    3,
    13,
    36,
    64,
    86,
    108,
    130,
    169,
    213,
    242,
    282,
    314,
    346,
    382,
    421,
    450,
    483,
    508,
    547,
    586,
    613,
    644,
    664,
    688,
    718,
    746,
    780,
    809,
    837,
    878,
    899,
    923,
    948,
    982,
    1011,
    1043,
    1089,
    1124,
    1161,
    1194,
    1223,
    1259,
    1290,
    1336,
    1367,
    1403,
    1426,
    1459,
    1484,
    1512,
    1548,
    1576,
    1612,
    1640,
    1676,
    1697,
    1723,
    1750,
    1780
  ],
  "runningtime": [
    1.3146928071975708
  ]
}