{
  "distance": [
    1030.8284622476604,
    1287.4065902722714,
    1600.6976316207392,
    1839.0870981344988,
    2078.5480275255068,
    2255.8818811626243,
    2159.785171596076,
    2368.045749594213,
    2598.74838205384,
    2756.294122358428,
    2900.352180500095,
    3032.146296346657,
    3159.1180114968715,
    3003.1020672610857,
    3151.2905523343493,
    3276.887438698487,
    3396.3077266670257,
    3500.4517565186225,
    3588.9979652663924,
    3655.3105273870374,
    3527.682752214442,
    3641.884862176643,
    3720.969877820894,
    3797.0096619962815,
    3881.2067692238597,
    3937.5753996842996,
    4002.739857549212,
    3872.7418950191864,
    3945.485217830624,
    4012.853244817743,
    4083.6593203520133,
    4110.457630447693,
    4171.983976082462,
    4221.610026730205,
    4093.0096081405436,
    4149.148343892538,
    4194.911707864767,
    4255.54996390661,
    4293.788846063691,
    4306.464451343553,
    4371.403369390883,
    4257.498358955444,
    4306.11674234146,
    4331.064839267727,
    4389.50897814087,
    4408.502195632882,
    4446.4568129173485,
    4475.506376795678,
    4371.080449705327,
    4418.35884101194,
    4454.392485148511,
    4493.216355479978,
    4517.649882397797,
    4545.540709487458,
    4574.450702365666,
    4472.891315238178,
    4509.948582751492,
    4538.569713787635,
    4573.199616042782
  ],
  "speed": [
    9.378250713279668,
    9.266362214051858,
    9.12183930006887,
    9.091252600583326,
    9.04586895112008,
    8.95146090516586,
    8.972866909506132,
    8.907575356346813,
    8.895275318755468,
    8.85550288176775,
    8.830081695231002,
    8.790664417926806,
    8.781006193718802,
    8.78969092119195,
    8.76551796301696,
    8.756907722031535,
    8.747152282568235,
    8.718047060021751,
    8.690751892045977,
    8.676924501857172,
    8.690738570199324,
    8.696181225769939,
    8.683960328328297,
    8.67050411344357,
    8.65729955662194,
    8.646219199015055,
    8.64249876660233,
    8.642083456081108,
    8.63879804534909,
    8.64123481022307,
    8.630550942238509,
    8.62121581609189,
    8.610190720758146,
    8.598225884752756,
    8.60250153572047,
    8.59127750775683,
    8.58713217690994,
    8.588696272548557,
    8.579195250381229,
    8.567134595167843,
    8.565053573251673,
    8.56448063461924,
    8.556382251720592,
    8.555854104927812,
    8.54937818106183,
    8.547754338253965,
    8.540115644594414,
    8.534439878444159,
    8.536812273615478,
    8.538427728532342,
    8.53845231000051,
    8.538774567648924,
    8.538463440779836,
    8.538807256819384,
    8.536397843947698,
    8.53962544151217,
    8.543051731464939,
    8.54545215476384,
    8.540183544946617
  ],
  "throuput": [
    12,
    39,
    75,
    139,
    208,
    298,
    396,
    507,
    653,
    767,
    899,
    1052,
    1165,
    1305,
    1435,
    1586,
    1738,
    1898,
    2028,
    2176,
    2325,
    2495,
    2675,
    2822,
    2979,
    3151,
    3296,
    3459,
    3631,
    3808,
    3967,
    4155,
    4302,
    4448,
    4610,
    4771,
    4933,
    5107,
    5252,
    5416,
    5593,
    5761,
    5945,
    6101,
    6280,
    6446,
    6592,
    6757,
    6922,
    7110,
    7276,
    7436,
    7626,
    7797,
    7938,
    8126,
    8284,
    8452,
    8628
  ],
  "runningtime": [
    5.647508704662323
  ]
}