{
  "distance": [
    1032.5221840078432,
    1300.523965985995,
    1611.8778686117435,
    1859.9105946210311,
    2109.040316956803,
    2301.925275955879,
    2207.8275811682015,
    2418.991164599739,
    2650.0666093407444,
    2805.595865324712,
    2945.412242356266,
    3084.033412508962,
    3215.3161058840105,
    3053.6527186166054,
    3205.305716054905,
    3331.676823297854,
    3451.14844767775,
    3564.6886609275734,
    3659.8682905597134,
    3725.0107515154073,
    3585.961370743388,
    3695.37311928701,
    3771.1091538202786,
    3849.13031306952,
    3930.240536138968,
    3986.8912995689343,
    4053.5182714752914,
    3922.5521569590624,
    3995.7089636565606,
    4067.5553470166547,
    4140.373146119878,
    4168.07284043773,
    4232.157001133236,
    4283.649013740802,
    4154.939560693244,
    4212.288866969713,
    4256.480422434671,
    4313.035812512892,
    4345.774885637142,
    4357.523474436404,
    4419.029127706666,
    4302.806663864188,
    4351.31425990589,
    4374.094485960372,
    4434.656986234669,
    4452.879992448943,
    4491.679518730563,
    4519.7650314554385,
    4413.89261677762,
    4460.258774316403,
    4495.856903468677,
    4532.5407404491725,
    4554.819849289019,
    4581.397368889053,
    4610.313269768075,
    4506.647020501616,
    4540.506339116739,
    4568.12212483505,
    4601.397286853
  ],
  "speed": [
    9.396553253879622,
    9.362410749899178,
    9.18119167891212,
    9.198320300658153,
    9.194651141891608,
    9.162096051727474,
    9.215423253134674,
    9.153856530787545,
    9.133681864186574,
    9.088196374081289,
    9.056280185495853,
    9.03511667960905,
    9.036061175803416,
    9.0393605655791,
    9.02503376201791,
    9.023109057405843,
    9.01805542174487,
    9.012999021155718,
    9.002799358020383,
    8.994301271161088,
    8.999371572088254,
    8.997533851611477,
    8.98111907472206,
    8.974311328625836,
    8.958677327338261,
    8.949108411010322,
    8.952426461338986,
    8.955739006705414,
    8.953903381391523,
    8.967252871827574,
    8.961881164944899,
    8.956245645280985,
    8.95070131391699,
    8.944728933410428,
    8.957864865315457,
    8.953518363667555,
    8.952960547164064,
    8.953400030066154,
    8.942358882691734,
    8.937091458550285,
    8.933536593076811,
    8.936487116531904,
    8.932162739958526,
    8.931885898826508,
    8.933903650986487,
    8.934373294150374,
    8.93292702710905,
    8.930312775272762,
    8.937246897655674,
    8.93946616066567,
    8.940184895502858,
    8.938017744821698,
    8.93507379738599,
    8.93474148802336,
    8.936341745896293,
    8.940499125533545,
    8.938729471398396,
    8.939669555576874,
    8.932891774887809
  ],
  "throuput": [
    13,
    36,
    77,
    144,
    219,
    305,
    412,
    531,
    672,
    792,
    934,
    1066,
    1188,
    1332,
    1475,
    1630,
    1776,
    1925,
    2080,
    2237,
    2393,
    2557,
    2729,
    2875,
    3045,
    3197,
    3358,
    3504,
    3691,
    3850,
    4025,
    4203,
    4354,
    4519,
    4689,
    4856,
    5036,
    5220,
    5367,
    5520,
    5694,
    5851,
    6039,
    6203,
    6370,
    6530,
    6694,
    6853,
    7025,
    7188,
    7362,
    7519,
    7702,
    7888,
    8039,
    8207,
    8366,
    8534,
    8712
  ],
  "runningtime": [
    3.3764909346898397
  ]
}