{
  "distance": [
    1099.812497447105,
    1388.672266668997,
    1735.2705705224848,
    1972.0057719070724,
    2234.6217035145087,
    2429.6519094696796,
    2316.7471036330726,
    2546.6381988495878,
    2778.6703806148885,
    2952.05241487737,
    3104.9653332277016,
    3246.7047099343627,
    3373.1087701499937,
    3195.8800443371542,
    3352.1101927763034,
    3472.9087715610003,
    3594.8104632660993,
    3705.069996813178,
    3798.3531998896833,
    3860.0688185822437,
    3713.850129717411,
    3818.1757862939476,
    3899.8021684271043,
    3973.517786905531,
    4056.993408315611,
    4111.051575579402,
    4171.747795633693,
    4029.839830982109,
    4103.997682782115,
    4167.334451031051,
    4240.508812573349,
    4267.791249926004,
    4331.789027300502,
    4380.972375422268,
    4240.700410165194,
    4300.807863957151,
    4343.653243994691,
    4398.66422971755,
    4433.176495899574,
    4443.468872235516,
    4504.165011549373,
    4384.472376283042,
    4433.868486756467,
    4457.182479661927,
    4515.35375231728,
    4531.233675138363,
    4570.41973984388,
    4594.904738627201,
    4482.273428504717,
    4527.320129887281,
    4561.185731427691,
    4596.811822722516,
    4618.5885011981445,
    4644.657463668866,
    4671.570508064903,
    4565.3121810711855,
    4598.4647751891425,
    4625.730553479216,
    4661.486927801252
  ],
  "speed": [
    10.009494866152593,
    10.011575507082071,
    9.945279086483458,
    9.8448828858648,
    9.846530227225681,
    9.825587577965264,
    9.858571187738864,
    9.855672478861118,
    9.834151564223381,
    9.849306523630803,
    9.85793688276502,
    9.839239810198293,
    9.835466868258546,
    9.838788146217542,
    9.838620238028751,
    9.827827048931509,
    9.832340093164538,
    9.822625077215786,
    9.81830193373709,
    9.816550991408418,
    9.834769029905024,
    9.828075673404818,
    9.83315068545865,
    9.822875089159727,
    9.819644499538125,
    9.812407346819992,
    9.811364879404818,
    9.813794249550472,
    9.817931472632448,
    9.815230578079364,
    9.815976443578883,
    9.815510074737793,
    9.813195206338078,
    9.807086424920616,
    9.809582149492911,
    9.813691382593356,
    9.812396717750511,
    9.811107290101498,
    9.80600692208745,
    9.80331515344027,
    9.802334087024441,
    9.806945579197132,
    9.806499748503551,
    9.808804887893363,
    9.806611640336472,
    9.804764281776828,
    9.806848251735214,
    9.802851479264973,
    9.804590002089896,
    9.806354933064625,
    9.806568720536253,
    9.805193646822117,
    9.803643025117019,
    9.804627572277905,
    9.803668659982703,
    9.807835326120028,
    9.80571514621711,
    9.810232264403936,
    9.809121200706212
  ],
  "throuput": [
    16,
    47,
    97,
    156,
    247,
    340,
    463,
    591,
    734,
    863,
    1000,
    1134,
    1289,
    1437,
    1586,
    1728,
    1883,
    2035,
    2196,
    2367,
    2527,
    2687,
    2861,
    3012,
    3180,
    3330,
    3509,
    3662,
    3824,
    4004,
    4171,
    4333,
    4487,
    4670,
    4827,
    4999,
    5169,
    5329,
    5510,
    5680,
    5834,
    6001,
    6185,
    6350,
    6514,
    6680,
    6850,
    7018,
    7172,
    7337,
    7512,
    7675,
    7842,
    8021,
    8180,
    8342,
    8533,
    8688,
    8841
  ],
  "runningtime": [
    5.065199089050293
  ]
}