{
  "distance": [
    1040.3060711448802,
    1306.8068142749394,
    1633.401005827711,
    1875.65056732029,
    2133.0420417607916,
    2335.442541141231,
    2234.952135251334,
    2448.825629633649,
    2677.9184727794895,
    2839.453525000436,
    2980.293120711146,
    3124.5463049831083,
    3252.458212805055,
    3084.4323245042515,
    3236.746191921374,
    3363.322957178696,
    3480.6239525144433,
    3589.940681635819,
    3678.3667003852165,
    3745.2932905890434,
    3605.930564626383,
    3716.9669594879647,
    3799.8322682814046,
    3876.0751640312333,
    3964.5270336615513,
    4019.9552498968433,
    4085.6781018287675,
    3952.9284484221384,
    4027.752703866685,
    4096.312555634618,
    4169.393126856931,
    4196.337483847733,
    4259.8470589128965,
    4311.738408028254,
    4181.751164276239,
    4241.13172980202,
    4288.348231661555,
    4343.995041652056,
    4377.682759463132,
    4386.724768804098,
    4447.874099118075,
    4329.786311676299,
    4381.154562246336,
    4403.086617428177,
    4459.827488298277,
    4473.101379999125,
    4511.315782173082,
    4538.250351116713,
    4430.2297143117685,
    4476.9650359986235,
    4512.526843220356,
    4550.854092247105,
    4573.485607460359,
    4598.437656926389,
    4624.995408946672,
    4521.035202973918,
    4555.455646920641,
    4582.9313026654145,
    4618.982022675078
  ],
  "speed": [
    9.472828912264434,
    9.418982909409456,
    9.316372697082585,
    9.293201525145646,
    9.319503382960715,
    9.326490890997608,
    9.373405907015561,
    9.32584345517561,
    9.29679241826388,
    9.275402805597627,
    9.244251029588453,
    9.237028130493085,
    9.230047269815003,
    9.224756395932769,
    9.209653746858349,
    9.210780252582909,
    9.20134496423086,
    9.18752183135821,
    9.164016284324436,
    9.157968417123293,
    9.16211728352765,
    9.163216482965636,
    9.163686247823163,
    9.15330655036712,
    9.153880869796145,
    9.144212118893202,
    9.149272778239125,
    9.156615645042393,
    9.16162159028736,
    9.171029209889578,
    9.169675023138756,
    9.16646265809012,
    9.16161057858936,
    9.157329444236392,
    9.17147275876697,
    9.17314229691775,
    9.181564292151931,
    9.184207407031055,
    9.176685648056749,
    9.168124182663783,
    9.166377621859693,
    9.169108233114578,
    9.171962347992748,
    9.170954531998168,
    9.166695463090038,
    9.159777563694114,
    9.15854030111063,
    9.154566715759112,
    9.15837759985361,
    9.161917552559512,
    9.163278658077697,
    9.165324194553254,
    9.163338124907764,
    9.15957151399654,
    9.156546398312745,
    9.160352875366971,
    9.159165567549055,
    9.160104466617847,
    9.158388456596205
  ],
  "throuput": [
    16,
    40,
    76,
    146,
    227,
    313,
    431,
    552,
    686,
    820,
    945,
    1085,
    1218,
    1347,
    1500,
    1658,
    1809,
    1959,
    2098,
    2252,
    2403,
    2578,
    2746,
    2906,
    3061,
    3241,
    3394,
    3547,
    3732,
    3903,
    4076,
    4243,
    4391,
    4552,
    4735,
    4904,
    5096,
    5265,
    5414,
    5565,
    5740,
    5902,
    6083,
    6243,
    6424,
    6590,
    6732,
    6894,
    7064,
    7232,
    7407,
    7562,
    7737,
    7922,
    8072,
    8234,
    8413,
    8568,
    8748
  ],
  "runningtime": [
    3.486979901790619
  ]
}