{
  "distance": [
    1098.95312513411,
    1389.9468263004178,
    1740.867139505912,
    1979.785553482686,
    2238.3499827356736,
    2431.237364603483,
    2314.312610065808,
    2538.7811869847005,
    2775.6939058590083,
    2944.8273468785565,
    3095.461959194997,
    3242.906746582041,
    3368.471949091011,
    3193.7481409278425,
    3347.2515231174243,
    3471.265486550581,
    3597.3654451007023,
    3707.545332848663,
    3800.7380056311845,
    3861.2661484277646,
    3711.1254896723326,
    3817.339038113201,
    3896.940214171303,
    3972.9969844276775,
    4053.2246517696367,
    4112.813796563931,
    4172.637413395523,
    4031.6510869828444,
    4102.829565179124,
    4165.788690542032,
    4238.546910615703,
    4265.567900167082,
    4330.47803705791,
    4380.849762992177,
    4240.72223340268,
    4299.393790695308,
    4342.486706119025,
    4396.573851702998,
    4432.033421519637,
    4444.491578966183,
    4503.810880910259,
    4386.111114758589,
    4436.045343428985,
    4456.067520881246,
    4514.41681697194,
    4530.502340312924,
    4569.278318266525,
    4596.058010540243,
    4484.332145712032,
    4527.996800818455,
    4561.890053185533,
    4598.886066182637,
    4621.201082282192,
    4645.36175343632,
    4672.323143334867,
    4565.0136559791645,
    4600.174461139006,
    4626.389524342202,
    4661.2941556629485
  ],
  "speed": [
    10.002654017296171,
    10.020501692630333,
    9.970516760250959,
    9.870934200542568,
    9.84862521459187,
    9.818644867734738,
    9.841954882008496,
    9.825489317364385,
    9.82045130836322,
    9.818552761258763,
    9.816434050580114,
    9.817345030250786,
    9.80553512757348,
    9.814161102741998,
    9.808264112928164,
    9.801775458198325,
    9.817443669739639,
    9.810686682575286,
    9.806728352051516,
    9.801241830078409,
    9.811817369897616,
    9.810681057063087,
    9.812317312669276,
    9.807848312741218,
    9.796814399597588,
    9.803909595115522,
    9.797705258886038,
    9.799809761836002,
    9.799935119236684,
    9.798305624134292,
    9.797987394962629,
    9.796835428971967,
    9.799095748755017,
    9.79691139246222,
    9.80036520964673,
    9.803928910312658,
    9.803747640680644,
    9.802666682267539,
    9.800126654262808,
    9.802350226495687,
    9.797537486205801,
    9.805324560909515,
    9.805395416726844,
    9.803961884981737,
    9.804079597627641,
    9.80491586089502,
    9.805655362990146,
    9.805869457137135,
    9.809264475406968,
    9.81025814559192,
    9.81144918405654,
    9.814382386754065,
    9.81527110752293,
    9.811913948513828,
    9.809844077214274,
    9.812914196363511,
    9.813962182959473,
    9.814393366601024,
    9.812018085359298
  ],
  "throuput": [
    16,
    47,
    95,
    155,
    241,
    339,
    470,
    593,
    725,
    860,
    998,
    1131,
    1279,
    1428,
    1583,
    1721,
    1888,
    2029,
    2197,
    2368,
    2529,
    2690,
    2852,
    3008,
    3174,
    3327,
    3495,
    3658,
    3840,
    3994,
    4174,
    4340,
    4500,
    4658,
    4841,
    5010,
    5171,
    5339,
    5507,
    5676,
    5823,
    6000,
    6194,
    6364,
    6518,
    6680,
    6848,
    7011,
    7188,
    7354,
    7524,
    7680,
    7854,
    8009,
    8171,
    8355,
    8518,
    8689,
    8850
  ],
  "runningtime": [
    4.9956891417503355
  ]
}