{
  "distance": [
    1085.754506122038,
    1565.0628450910187,
    1996.902200476827,
    2427.043440703296,
    2808.3862490219412,
    3183.8163023081565,
    3545.9779949703484,
    3878.8826019592007,
    4191.610746902747,
    4470.219645929011,
    4719.149119325192,
    4956.672723128874,
    5178.541298642485,
    5396.320370491097,
    5572.807107314314,
    5723.256939057344,
    5876.684374348513,
    6031.672768842812,
    6171.648058902332,
    6300.96870520079,
    6407.801984775753,
    6494.415339100848,
    6602.900956567251,
    6672.1090351822595,
    6749.001693355183,
    6804.63083723681,
    6870.567158362632,
    6882.690183149116,
    6923.717414567796,
    6934.628956392254,
    6989.5476730603405,
    7003.297283399472,
    5428.604924123568,
    5611.590657089556,
    5751.42633563301,
    5886.862544294908,
    6018.717622746041,
    6150.249394012074,
    6265.319333900853,
    6380.080770102919,
    6490.656647379124,
    6579.188910444042,
    6695.8608575313365,
    6794.824493676987,
    6868.438980748486,
    6957.693328174938,
    7037.366881163069,
    7092.834024480473,
    7175.374618532634,
    7246.47837177276,
    7314.161244584615,
    7353.53794506564,
    7412.2229926859645,
    7456.215383237284,
    7514.59831096687,
    7528.580705901258,
    7574.055515290314,
    7607.850840977583,
    7629.225660149427
  ],
  "speed": [
    9.203835812319038,
    9.045514358291486,
    8.938591982951495,
    8.893408551158744,
    8.863042428326656,
    8.835333315209215,
    8.82243194639619,
    8.815912673557554,
    8.805072582738571,
    8.79172205955819,
    8.784387211620816,
    8.771205164145245,
    8.762941255203065,
    8.76120941114718,
    8.753863842179774,
    8.751639815340267,
    8.752610322599354,
    8.751459926454109,
    8.750036291129687,
    8.743095591358816,
    8.741638317879195,
    8.73986978344403,
    8.738266809092664,
    8.733097251495064,
    8.731862628400853,
    8.731814264232447,
    8.732487339867609,
    8.73164154643648,
    8.729591253973796,
    8.728247779291902,
    8.72854008127066,
    8.724970767043358,
    8.710590129242235,
    8.743107340024192,
    8.734445120444041,
    8.723694187943849,
    8.711533024564414,
    8.700826878898944,
    8.691620616202746,
    8.68329636765387,
    8.675831361510328,
    8.663905723936981,
    8.656707147981527,
    8.646904011734454,
    8.637212746300278,
    8.628059325108739,
    8.617484279434576,
    8.606745315507924,
    8.59841280138122,
    8.589292320854758,
    8.579500303315063,
    8.570399189854172,
    8.561426413650876,
    8.551721120830361,
    8.540360724248469,
    8.532262084672773,
    8.523309002004634,
    8.514683422223435,
    8.507047090334696
  ],
  "throuput": [
    26,
    116,
    208,
    352,
    542,
    768,
    1040,
    1361,
    1679,
    2033,
    2422,
    2854,
    3296,
    3738,
    4214,
    4663,
    5122,
    5585,
    6061,
    6554,
    7039,
    7558,
    8060,
    8565,
    9088,
    9609,
    10147,
    10628,
    11176,
    11704,
    12176,
    12654,
    13140,
    13635,
    14109,
    14539,
    14994,
    15471,
    15904,
    16339,
    16787,
    17221,
    17657,
    18108,
    18587,
    19044,
    19505,
    19973,
    20509,
    21027,
    21500,
    22013,
    22573,
    23117,
    23670,
    24235,
    24796,
    25333,
    25878
  ],
  "runningtime": [
    19.427209134896597
  ]
}