{
  "distance": [
    1116.0382139138255,
    1623.9919218051537,
    2087.918915889225,
    2540.6499619786528,
    2936.812852889265,
    3334.2503408960783,
    3707.955558277841,
    4052.879154083253,
    4377.247191926468,
    4665.912106775298,
    4923.90950223587,
    5170.953532784208,
    5397.190026432887,
    5618.952632513001,
    5798.288197300565,
    5948.753984602057,
    6098.199157357537,
    6249.17555876979,
    6383.603988096339,
    6512.925154814666,
    6615.401806016497,
    6691.405546731828,
    6795.41942891095,
    6858.180725496618,
    6927.204416456333,
    6973.427075607863,
    7029.668101151296,
    7034.618590650738,
    7070.781616641258,
    7079.49180798256,
    7131.454587973393,
    7140.910132908526,
    5529.360852283672,
    5709.276602907029,
    5853.747305601781,
    5994.896050532836,
    6133.281009415919,
    6271.546609204395,
    6388.487772807851,
    6506.743858756477,
    6621.495011737804,
    6715.713013261353,
    6834.348160114723,
    6936.844163813034,
    7013.8739294555435,
    7105.807263845425,
    7185.410200505674,
    7239.551844069822,
    7321.209278303394,
    7390.302874234164,
    7456.230561327141,
    7491.161481186964,
    7544.939457933134,
    7584.578688126654,
    7641.516934604237,
    7649.937062434263,
    7692.295313077278,
    7721.817629199125,
    7738.8077304428825
  ],
  "speed": [
    9.460164631166517,
    9.387355430857852,
    9.352527798695105,
    9.321564370933851,
    9.286399956964466,
    9.277123016349904,
    9.255303823670523,
    9.248554566948755,
    9.239529587470814,
    9.230096389372251,
    9.228821289792656,
    9.225550571470553,
    9.217168534535954,
    9.216820444813706,
    9.211700226808336,
    9.208514504436762,
    9.202391211488541,
    9.195248917458315,
    9.187072380000814,
    9.1827614323416,
    9.181067417032757,
    9.172359357428611,
    9.170904613666899,
    9.165578999949338,
    9.162059291812241,
    9.158172286337408,
    9.154169526165802,
    9.15248917993548,
    9.150247777458505,
    9.151588960469633,
    9.152844356829334,
    9.151991043089733,
    9.13589791917877,
    9.161486942581151,
    9.156872076448206,
    9.152237157299533,
    9.147217867649136,
    9.14316002507789,
    9.133707112289622,
    9.128035719140911,
    9.124445591992497,
    9.118248277885574,
    9.11088499780916,
    9.103652624369346,
    9.097151361227557,
    9.090278116299753,
    9.079646547593379,
    9.068576749370239,
    9.059694847452553,
    9.049482877553825,
    9.038600389397175,
    9.026848591506456,
    9.013792168918744,
    9.001076876390218,
    8.989873213695304,
    8.978373699781141,
    8.967771336327331,
    8.956706940964906,
    8.947225221193651
  ],
  "throuput": [
    27,
    123,
    230,
    391,
    584,
    832,
    1123,
    1441,
    1799,
    2157,
    2594,
    3057,
    3471,
    3958,
    4429,
    4885,
    5352,
    5856,
    6320,
    6846,
    7396,
    7894,
    8419,
    8924,
    9462,
    9981,
    10499,
    10995,
    11495,
    12009,
    12544,
    13038,
    13539,
    13984,
    14459,
    14904,
    15353,
    15799,
    16248,
    16690,
    17125,
    17560,
    18008,
    18460,
    18955,
    19450,
    19935,
    20430,
    20958,
    21468,
    21955,
    22494,
    23048,
    23585,
    24137,
    24686,
    25235,
    25819,
    26365
  ],
  "runningtime": [
    55.240071566899616
  ]
}