{
  "distance": [
    1096.3864054340054,
    1588.1351302062797,
    2041.8315495283052,
    2483.6368903812017,
    2875.4588750210237,
    3267.9637724203694,
    3641.625409581819,
    3982.7968720251615,
    4306.948180719909,
    4594.027851416548,
    4854.293013933032,
    5101.837682522241,
    5333.993383868818,
    5555.722116819447,
    5737.364024305062,
    5889.017714759054,
    6039.113424413025,
    6193.792455139328,
    6329.191619081305,
    6458.335428317209,
    6559.705398848935,
    6639.421223413125,
    6743.493480314824,
    6809.589923646729,
    6881.180191784352,
    6931.228339502507,
    6990.368469524232,
    6997.021510452384,
    7033.954921832042,
    7041.6750934714455,
    7094.365466032686,
    7105.968436264505,
    5505.114425376188,
    5686.348200875786,
    5826.395289861297,
    5962.943571218985,
    6096.550732035724,
    6231.21835810752,
    6348.271103399725,
    6465.043507225458,
    6577.965296487584,
    6673.3405234703405,
    6792.876730715406,
    6896.213906149493,
    6972.329227432264,
    7065.202933964344,
    7148.067122910047,
    7205.420947398149,
    7287.278294629999,
    7358.098645480836,
    7424.767122045729,
    7461.585177005331,
    7518.972809980313,
    7562.044099748031,
    7620.201426328852,
    7630.912321448447,
    7672.958023819957,
    7704.827669375017,
    7721.824632591361
  ],
  "speed": [
    9.294588946684481,
    9.180395885453494,
    9.1431427270034,
    9.108574547008462,
    9.085882856909832,
    9.08366209061388,
    9.079293673557686,
    9.076683823346011,
    9.075881646537793,
    9.070099785662974,
    9.076903824980004,
    9.075206346522876,
    9.077503959323419,
    9.079104704875368,
    9.07838817691006,
    9.076655407300883,
    9.072090675962906,
    9.070122927140524,
    9.06346266334945,
    9.059053508861098,
    9.054521338972002,
    9.047900252432202,
    9.04356994172889,
    9.039842268487662,
    9.037033203837083,
    9.035470245888444,
    9.032096305506805,
    9.030256123079406,
    9.028023133546895,
    9.02631222835356,
    9.026698403733972,
    9.024616213308397,
    9.008933925128774,
    9.036415278365114,
    9.025638590775369,
    9.01467503203064,
    9.003879110099067,
    8.996058787699106,
    8.987286918347298,
    8.979948522153931,
    8.973964643921356,
    8.969366361389419,
    8.963883097047454,
    8.957984751317312,
    8.951213196431612,
    8.94584863914409,
    8.939455411603554,
    8.931985396849546,
    8.924192870527982,
    8.91705272344541,
    8.907968385163224,
    8.898880825969407,
    8.889900929651274,
    8.880865539832227,
    8.871054887463343,
    8.861984944278033,
    8.851711632519129,
    8.843393141958918,
    8.83367925201066
  ],
  "throuput": [
    31,
    115,
    221,
    385,
    558,
    817,
    1103,
    1416,
    1756,
    2132,
    2535,
    2947,
    3414,
    3898,
    4358,
    4809,
    5292,
    5758,
    6262,
    6777,
    7281,
    7776,
    8285,
    8825,
    9347,
    9870,
    10373,
    10911,
    11411,
    11900,
    12404,
    12871,
    13374,
    13873,
    14345,
    14787,
    15266,
    15695,
    16105,
    16578,
    16994,
    17445,
    17883,
    18352,
    18855,
    19321,
    19804,
    20307,
    20894,
    21391,
    21893,
    22384,
    22906,
    23484,
    24028,
    24628,
    25187,
    25706,
    26272
  ],
  "runningtime": [
    31.341582572460176
  ]
}