{
  "distance": [
    1099.2294505479797,
    1595.3570557952482,
    2052.0262306857494,
    2495.4607019862774,
    2886.217978126616,
    3280.6728859998666,
    3654.6132577529033,
    3995.262828757535,
    4317.306128211971,
    4606.34875406668,
    4862.593763470306,
    5113.26635256634,
    5342.453898351623,
    5562.935352881345,
    5747.854672978796,
    5899.205646221472,
    6050.33201660058,
    6202.034874788648,
    6340.856956624256,
    6472.232582456708,
    6575.442477742276,
    6655.338235979909,
    6762.022651827241,
    6828.2552262427325,
    6896.135474821936,
    6943.766968062388,
    7002.901081950941,
    7010.1781571130605,
    7043.945885878106,
    7051.5189657223,
    7102.6624881290945,
    7114.0670769392755,
    5510.812249414102,
    5691.819143264699,
    5832.0563018084595,
    5969.021262266422,
    6103.835463134291,
    6240.268058602683,
    6358.757843771848,
    6478.024822422751,
    6591.652220688042,
    6686.913430450823,
    6807.271571971241,
    6910.057533862716,
    6986.9374299785695,
    7076.405468776348,
    7157.553554075263,
    7213.557913235124,
    7294.8547544393605,
    7365.348352976423,
    7432.407775871268,
    7469.990855672828,
    7525.824761137723,
    7567.94043258628,
    7625.635029014728,
    7634.842582310917,
    7678.434207672925,
    7711.342663452556,
    7729.744452606558
  ],
  "speed": [
    9.318512515631692,
    9.221620905815621,
    9.18914930533444,
    9.151873543284713,
    9.120409280081264,
    9.120488260818671,
    9.11356218691359,
    9.108142716271772,
    9.101807499604266,
    9.098226773020773,
    9.096440730696575,
    9.10070231434036,
    9.097991825256768,
    9.096409479729829,
    9.100214837022206,
    9.100144995081063,
    9.09796178882509,
    9.092583605026647,
    9.091634144617379,
    9.090327091517088,
    9.088275633164741,
    9.081890021158978,
    9.08228132816776,
    9.080212289463406,
    9.074809501330973,
    9.071624865858595,
    9.069683963321195,
    9.069003133326255,
    9.063056690595452,
    9.062610369617245,
    9.061688231843506,
    9.060633321555033,
    9.04471110001107,
    9.071338387973158,
    9.059835930573088,
    9.049401406591688,
    9.040064407008352,
    9.034366305973133,
    9.027805330514825,
    9.023986846653324,
    9.019174271571954,
    9.014845822224546,
    9.011008274630473,
    9.005204721251584,
    8.99926105843258,
    8.98984431937937,
    8.981561399091616,
    8.972986954996914,
    8.964039888727447,
    8.955498413512863,
    8.946010745502576,
    8.937721029174753,
    8.927136257898967,
    8.91759190492416,
    8.908310710196902,
    8.898529302343821,
    8.890189506766852,
    8.883519703402095,
    8.875661120397627
  ],
  "throuput": [
    30,
    117,
    220,
    381,
    570,
    822,
    1104,
    1437,
    1756,
    2123,
    2542,
    2985,
    3412,
    3886,
    4369,
    4856,
    5323,
    5795,
    6258,
    6810,
    7289,
    7804,
    8341,
    8880,
    9400,
    9925,
    10420,
    10929,
    11441,
    11962,
    12455,
    12918,
    13391,
    13884,
    14342,
    14833,
    15282,
    15730,
    16168,
    16626,
    17036,
    17510,
    17958,
    18414,
    18906,
    19368,
    19864,
    20350,
    20895,
    21364,
    21896,
    22428,
    22963,
    23543,
    24116,
    24690,
    25220,
    25767,
    26301
  ],
  "runningtime": [
    34.7893394390742
  ]
}