{"total_trips": 13099.517439359759, "trip_mean": 6644.251282584545, "trip_var": 22698124.25627321}