{
  "distance": [
    959.7742229534401,
    1275.5336305265148,
    1595.5516776757,
    1834.1672334015948,
    2072.7931416147662,
    2016.3728754882031,
    2279.7153861850434,
    2440.0333643869126,
    2596.425839393953,
    2726.9773287869884,
    2814.068673872031,
    2929.1632151376166,
    2827.8875250918,
    2939.9195831754105,
    3028.1976294432875,
    3109.237371652867,
    3175.671000386116,
    3216.622408004663,
    3274.7329327451084,
    3180.3894985808206,
    3255.4171017952467,
    3297.9031221828545,
    3340.3963505503675,
    3376.7026370617286,
    3405.52793987002,
    3438.4838480905055,
    3375.5350903100602,
    3407.751930915813,
    3440.19453539532,
    3471.6724450360875,
    3510.262540305947,
    3526.836827518159,
    3549.175017948357,
    3480.7456171668846,
    3513.379359925886,
    3535.2454221841194,
    3558.5858649033903,
    3579.301095360852,
    3599.50664247859,
    3606.897971824703,
    3559.84978080627,
    3583.2202117736474,
    3603.4219049015746,
    3616.827455971527,
    3632.518698636831,
    3645.3286366326656,
    3661.675834466931,
    3615.4769866862443,
    3633.5742939912293,
    3648.9864264456246,
    3666.08031603749,
    3682.327016897123,
    3693.361953477554,
    3704.4658819830915,
    3663.441233443923,
    3679.206804155913,
    3688.9505980793338,
    3699.2997640358135,
    3720.885786598642
  ],
  "speed": [
    10.546196867849682,
    10.370632784065206,
    10.345600033464581,
    10.26456265509701,
    10.294818110038593,
    10.25673254836509,
    10.280988065356725,
    10.178112699584034,
    10.11124396319271,
    10.068160996509633,
    10.061227020448111,
    10.059594309142334,
    10.044164306300926,
    10.03307975655078,
    10.004532684593439,
    9.986689030968282,
    9.981045360480922,
    9.966057768230941,
    9.943436299630473,
    9.920294750612799,
    9.91165836334051,
    9.882642587506878,
    9.867079162764039,
    9.84780954527736,
    9.82667382816456,
    9.810983960561881,
    9.803067728240007,
    9.779739008186521,
    9.771002207939267,
    9.757820820867032,
    9.744800301235744,
    9.735317067588792,
    9.719708943613004,
    9.707473469943722,
    9.693564861190671,
    9.684060712210407,
    9.681710525957502,
    9.665541096937487,
    9.642810301350405,
    9.63220964170481,
    9.62166375215151,
    9.607693130715687,
    9.593305570107036,
    9.575843754462655,
    9.562273324610164,
    9.544391838616267,
    9.540480125621226,
    9.532280368607664,
    9.516979878515821,
    9.50082663706625,
    9.493733066428344,
    9.483545379199963,
    9.473633190325145,
    9.469323686744977,
    9.46466909565127,
    9.460705696785643,
    9.450534601589455,
    9.445355373278284,
    9.440032639166914
  ],
  "throuput": [
    9,
    25,
    61,
    114,
    201,
    293,
    405,
    523,
    639,
    770,
    902,
    1034,
    1179,
    1300,
    1423,
    1551,
    1692,
    1835,
    1976,
    2092,
    2226,
    2369,
    2496,
    2625,
    2766,
    2901,
    3040,
    3180,
    3315,
    3446,
    3585,
    3722,
    3868,
    4013,
    4152,
    4275,
    4402,
    4538,
    4663,
    4802,
    4944,
    5090,
    5213,
    5336,
    5458,
    5606,
    5758,
    5897,
    6017,
    6144,
    6296,
    6439,
    6576,
    6718,
    6868,
    6990,
    7120,
    7258,
    7402
  ],
  "runningtime": [
    2.1029797633488974
  ]
}