{
  "distance": [
    958.8078083173224,
    1287.1797814002991,
    1611.0934575119345,
    1855.0758071795583,
    2084.7220887236526,
    2029.0004169591532,
    2291.478185266858,
    2465.8981401153874,
    2629.9375483372164,
    2750.610706724938,
    2829.5500481333097,
    2941.9454809475237,
    2839.4937993864805,
    2953.621056976357,
    3046.7028082536867,
    3127.6279296812795,
    3190.8805168815707,
    3230.46134826875,
    3286.601458194139,
    3195.014868001056,
    3267.9814275386143,
    3312.3952787572234,
    3355.4501218156383,
    3393.709484759089,
    3424.518411101574,
    3455.4027708086505,
    3391.1161801654503,
    3425.095459292884,
    3455.3828693025434,
    3484.9858516895397,
    3519.843590742068,
    3534.926862027129,
    3559.9508438001612,
    3490.9838582878556,
    3523.5732263216264,
    3544.7779791338207,
    3567.0082265942433,
    3591.4084349164705,
    3614.1381233776733,
    3622.4924550922983,
    3576.5188021144268,
    3605.009702847556,
    3627.6810164626895,
    3641.741154496722,
    3654.0808136830865,
    3665.8229182526225,
    3679.1895023512493,
    3632.105099904279,
    3652.9990382156498,
    3668.4951336611957,
    3682.931109882319,
    3700.3139302343725,
    3709.516627748731,
    3717.859556368985,
    3675.5998331390233,
    3691.9380115934155,
    3701.636281771382,
    3709.307590326268,
    3729.8373414153034
  ],
  "speed": [
    10.521960536087283,
    10.459691019207662,
    10.45330985522826,
    10.395346205718582,
    10.386944085205894,
    10.354324262412272,
    10.388116104921572,
    10.346681612852292,
    10.316710842269849,
    10.243663979702518,
    10.213511390841969,
    10.205746264686743,
    10.189360319349701,
    10.175022441481682,
    10.159335503928506,
    10.152754022274502,
    10.147943191734424,
    10.130800590369336,
    10.107011230316775,
    10.095853055602072,
    10.082373136528041,
    10.056422390397818,
    10.040799105169727,
    10.034475271637008,
    10.028860256271074,
    10.01337901946728,
    10.007585853627488,
    9.992467949520037,
    9.981197352148948,
    9.96799980088793,
    9.95232262633232,
    9.944045476842732,
    9.93750605880697,
    9.921349054821594,
    9.90331058872825,
    9.88783876045593,
    9.879262964120697,
    9.87173556121026,
    9.855140988984285,
    9.85145267093221,
    9.848275022119465,
    9.848088686945516,
    9.845461650109334,
    9.837711692305968,
    9.824085025603498,
    9.811677269142264,
    9.808206915873791,
    9.804971429756982,
    9.801495082910982,
    9.791592298931151,
    9.783310649567444,
    9.778413359998801,
    9.769587789578638,
    9.764439967523245,
    9.75859785242252,
    9.757127389077073,
    9.749503173174203,
    9.742501647013379,
    9.738721268884124
  ],
  "throuput": [
    8,
    26,
    64,
    116,
    205,
    295,
    413,
    534,
    659,
    786,
    911,
    1044,
    1186,
    1304,
    1435,
    1578,
    1714,
    1852,
    1984,
    2112,
    2240,
    2380,
    2520,
    2656,
    2806,
    2926,
    3067,
    3203,
    3342,
    3478,
    3614,
    3751,
    3883,
    4013,
    4160,
    4279,
    4411,
    4550,
    4692,
    4833,
    4972,
    5113,
    5269,
    5389,
    5520,
    5668,
    5805,
    5947,
    6071,
    6204,
    6345,
    6480,
    6641,
    6768,
    6903,
    7025,
    7175,
    7311,
    7447
  ],
  "runningtime": [
    2.153119385242462
  ]
}