{
  "distance": [
    965.2820667974017,
    1302.5387092812748,
    1624.7798512933125,
    1867.5637167470281,
    2100.3182996853166,
    2046.5034442122865,
    2304.383489277497,
    2482.289351225338,
    2648.4134572348016,
    2773.3023957397636,
    2855.8996281276577,
    2965.852216137723,
    2860.473776217496,
    2975.5441344074434,
    3067.0612744541036,
    3144.704740720599,
    3203.659099016097,
    3243.4084382204674,
    3304.932720260298,
    3213.58916306722,
    3285.383448217305,
    3331.3633685704253,
    3372.9828220672334,
    3405.905303914973,
    3435.9587967721486,
    3468.3200975437653,
    3402.126470166679,
    3435.6093997748094,
    3469.015891101104,
    3499.7524466809973,
    3533.9194867433634,
    3547.082107575585,
    3571.083447024486,
    3502.8989006455713,
    3538.8031638547077,
    3560.0790771274274,
    3581.832903755887,
    3601.276916442503,
    3626.0312114033763,
    3631.490225267188,
    3583.530832356102,
    3609.8635903277814,
    3629.849919063935,
    3644.6509537289803,
    3659.326763902156,
    3672.5874650816218,
    3685.022522171709,
    3637.661724370669,
    3657.675771064072,
    3673.1318486374244,
    3687.148649726714,
    3701.61181044454,
    3710.714920489614,
    3717.7486716922244,
    3676.097655965803,
    3690.0751263398847,
    3700.484276246038,
    3708.898059825934,
    3729.363284731721
  ],
  "speed": [
    10.588619312552245,
    10.578807486769746,
    10.541311779457315,
    10.470823678572543,
    10.48241497746459,
    10.456838995793376,
    10.476945740331814,
    10.45828447069597,
    10.453354487428612,
    10.409334063762657,
    10.404857723698202,
    10.394393305066046,
    10.381999669456228,
    10.378894089006957,
    10.370537432498612,
    10.357424245260727,
    10.33467808322174,
    10.316764025013056,
    10.302114280400673,
    10.292032559183815,
    10.278796101378108,
    10.267843771081905,
    10.256461686660911,
    10.236342276171946,
    10.226832678983856,
    10.216315767710158,
    10.21072085773881,
    10.196599443273865,
    10.194039172764459,
    10.186918404906399,
    10.1741132318159,
    10.163452855322884,
    10.157791188458765,
    10.148160280690657,
    10.143000354124677,
    10.1331437720426,
    10.129243510117405,
    10.114655646088636,
    10.10807546428767,
    10.097448673558807,
    10.08667591174658,
    10.08066393895538,
    10.06892956658121,
    10.060165805012527,
    10.051523173572882,
    10.041916825102843,
    10.033022265548883,
    10.02605074960633,
    10.018837641886627,
    10.009000460085165,
    9.999938825822836,
    9.988410520002507,
    9.977678193805465,
    9.9638373067794,
    9.956015943109605,
    9.944230507977734,
    9.934764774951484,
    9.92420210895195,
    9.91399177124286
  ],
  "throuput": [
    7,
    27,
    62,
    120,
    206,
    307,
    422,
    546,
    678,
    797,
    932,
    1061,
    1201,
    1325,
    1464,
    1589,
    1723,
    1859,
    1990,
    2128,
    2277,
    2407,
    2547,
    2671,
    2817,
    2956,
    3094,
    3225,
    3365,
    3508,
    3641,
    3773,
    3909,
    4045,
    4187,
    4325,
    4453,
    4598,
    4718,
    4862,
    4982,
    5137,
    5280,
    5398,
    5539,
    5672,
    5822,
    5954,
    6088,
    6226,
    6361,
    6509,
    6647,
    6768,
    6909,
    7034,
    7171,
    7293,
    7430
  ],
  "runningtime": [
    2.2573269804318747
  ]
}