{
  "distance": [
    968.0923643414903,
    1307.3711621433886,
    1631.7668321609215,
    1878.4333934109131,
    2106.847954698662,
    2048.500211788908,
    2313.944488603774,
    2497.56307255116,
    2667.135692506772,
    2796.5356666257308,
    2873.8386345150325,
    2984.3132628869657,
    2878.9447280378718,
    2995.1012374435204,
    3084.835595987896,
    3164.7102194510408,
    3222.7578491422137,
    3261.6343616314452,
    3317.9213263295237,
    3225.079157083052,
    3298.590807343988,
    3343.1390168490925,
    3384.920233729042,
    3422.0201113010444,
    3448.6283080550625,
    3479.237541322215,
    3412.1558955126366,
    3446.336530853863,
    3475.3702226689206,
    3505.0845345475477,
    3539.411702034616,
    3554.4770651696276,
    3576.6176842757345,
    3508.6984620566354,
    3544.4255776912414,
    3566.079422611004,
    3586.5662080812226,
    3608.999488963275,
    3632.533854477705,
    3639.215869378542,
    3590.462978932867,
    3614.6219883312897,
    3634.7812922339544,
    3650.0180168692964,
    3661.9450109924405,
    3674.398531352133,
    3687.1761671266117,
    3639.838727524635,
    3660.037165220999,
    3676.189334752058,
    3691.0412126611513,
    3706.1040151251277,
    3716.171559917385,
    3723.946107147645,
    3682.7972568639448,
    3697.260569354359,
    3706.1114265653464,
    3714.685314723388,
    3734.2686188257753
  ],
  "speed": [
    10.623590215174742,
    10.621812414300141,
    10.588550438748781,
    10.540510776773177,
    10.541591741982888,
    10.50307697370279,
    10.54567147447006,
    10.545226531781031,
    10.548942068201484,
    10.526941010110665,
    10.506471293853892,
    10.50616734148776,
    10.502780796488661,
    10.508439488118643,
    10.498275459833081,
    10.499708934405104,
    10.480937915214415,
    10.471147152726193,
    10.45150883611748,
    10.444448516425446,
    10.441227212167805,
    10.431098936063584,
    10.426548480563625,
    10.42331954420769,
    10.406566934707723,
    10.392423764417961,
    10.390337033180385,
    10.381205613655023,
    10.36821783661362,
    10.35666454299145,
    10.341585700682801,
    10.335450247313254,
    10.322375289489361,
    10.311304590136553,
    10.307232245766773,
    10.296751091414587,
    10.289738781666879,
    10.281682538180297,
    10.27149596643676,
    10.264715603578308,
    10.255700666796852,
    10.246343086629254,
    10.234059898574149,
    10.226137410742188,
    10.209767876058315,
    10.197396918919448,
    10.188869461875585,
    10.18188796030664,
    10.174717025330843,
    10.165915257871385,
    10.15701432349811,
    10.144969100518669,
    10.135850019439118,
    10.126174127535855,
    10.120670472965708,
    10.11090432537581,
    10.097751918131383,
    10.08812641925797,
    10.078686211997375
  ],
  "throuput": [
    8,
    26,
    63,
    126,
    211,
    310,
    423,
    546,
    683,
    806,
    940,
    1073,
    1211,
    1341,
    1477,
    1611,
    1750,
    1886,
    2009,
    2147,
    2293,
    2436,
    2567,
    2697,
    2833,
    2972,
    3114,
    3242,
    3381,
    3515,
    3648,
    3785,
    3913,
    4054,
    4206,
    4334,
    4461,
    4604,
    4732,
    4884,
    5010,
    5150,
    5287,
    5418,
    5555,
    5700,
    5837,
    5966,
    6110,
    6238,
    6373,
    6511,
    6654,
    6787,
    6918,
    7051,
    7181,
    7321,
    7466
  ],
  "runningtime": [
    2.24151744445165
  ]
}