{"total_trips": 38668.97330401553, "trip_mean": 7871.673614099072, "trip_var": 62252697.651880234}