{
  "distance": [
    925.3775579500025,
    1328.0812628753815,
    1706.0424471522726,
    2024.210327181387,
    2306.6123252587204,
    2602.268356515212,
    2832.205783468999,
    3007.9867362739706,
    3172.9289387481003,
    3354.294673580609,
    3566.722231985047,
    3714.2983568942936,
    3801.2611409784076,
    3852.1102147273123,
    4002.360101656317,
    4096.993452760053,
    4166.915784606098,
    4231.599373150434,
    4260.666544211352,
    4365.72129961349,
    4420.137622687131,
    4472.409589387422,
    4533.9384880537345,
    4578.937806395181,
    4603.701976999162,
    4638.094341959015,
    4645.404428293756,
    4620.495874370573,
    4616.901937959141,
    4656.890273120881,
    4674.402197073505,
    4703.709562633496,
    4739.366474330468,
    4738.0193837479965,
    4763.2371552118675,
    4758.834486740589,
    4744.412925513118,
    4710.4885326274225,
    4717.812113093374,
    4688.040405991405,
    4702.793300941843,
    4666.724495833849,
    4660.258738248402,
    4127.7180110113095,
    4208.68852518825,
    4274.243943352161,
    4351.317269235709,
    4404.43562485636,
    4433.242552011874,
    4487.218055301642,
    4534.050226939109,
    4569.17506505079,
    4620.922750244265,
    4654.537910152795,
    4702.528869593078,
    4719.772793946858,
    4740.000800210621,
    4737.567781158244,
    4758.136720283945
  ],
  "speed": [
    7.813735837390062,
    7.538096929659009,
    7.413875679284545,
    7.348967531867396,
    7.311189455201619,
    7.26131491979563,
    7.226159980512454,
    7.20351296292143,
    7.2002477786338535,
    7.190199176549275,
    7.208107663681758,
    7.200365601807542,
    7.189145534631899,
    7.191434524790846,
    7.183854415439891,
    7.181879618784529,
    7.183604103584782,
    7.170234379763609,
    7.155379627531883,
    7.140881840609218,
    7.138335919335511,
    7.128386332911002,
    7.129466420987739,
    7.129218511766531,
    7.12607744377401,
    7.122647232924513,
    7.118480595320832,
    7.112858473218102,
    7.103771242365646,
    7.099079170367966,
    7.0970948946373795,
    7.0906198802460505,
    7.090624926232558,
    7.091524775089296,
    7.090071250718134,
    7.089100145891277,
    7.0865533467064195,
    7.085180388496031,
    7.081024950784516,
    7.074553854510251,
    7.071463057980538,
    7.064426803087182,
    7.061941534081221,
    7.052638584973756,
    7.066761996276619,
    7.065555655721976,
    7.067332297393897,
    7.069989853593508,
    7.065156652134007,
    7.064156131814543,
    7.062565147073913,
    7.060584356481434,
    7.0600032450490415,
    7.05266951586019,
    7.0492427674828795,
    7.04539818127666,
    7.04053080591976,
    7.034538811742591,
    7.030266873007486
  ],
  "throuput": [
    31,
    81,
    165,
    255,
    362,
    469,
    617,
    765,
    924,
    1066,
    1223,
    1405,
    1589,
    1778,
    1946,
    2102,
    2309,
    2512,
    2704,
    2887,
    3075,
    3274,
    3491,
    3663,
    3862,
    4058,
    4253,
    4439,
    4619,
    4807,
    4995,
    5178,
    5394,
    5563,
    5763,
    5951,
    6100,
    6279,
    6464,
    6640,
    6812,
    6973,
    7150,
    7312,
    7471,
    7641,
    7814,
    8002,
    8177,
    8359,
    8519,
    8682,
    8873,
    9042,
    9204,
    9351,
    9511,
    9690,
    9867
  ],
  "runningtime": [
    6.814059193929037
  ]
}