{
  "distance": [
    941.2330251264956,
    1360.819990146159,
    1760.876221147322,
    2089.393018221463,
    2377.3845397814653,
    2688.61307408727,
    2923.7759236278644,
    3104.4380094058542,
    3274.3178942003483,
    3465.0312476444924,
    3679.767125145619,
    3828.4838791421917,
    3917.1293345314307,
    3967.229353035521,
    4121.385305087826,
    4215.662241253904,
    4280.260074365304,
    4348.126705777672,
    4378.2068903601985,
    4480.3399281433385,
    4529.459476401543,
    4576.602051341835,
    4631.543322547108,
    4669.393981316111,
    4687.241960071437,
    4720.8077789111685,
    4723.904063283432,
    4693.975764747661,
    4690.095966151012,
    4727.193314336435,
    4740.982537715655,
    4770.372379222157,
    4802.06273074844,
    4798.192238982924,
    4824.31521476557,
    4818.869003678556,
    4801.602346345064,
    4765.208940237026,
    4769.698210866456,
    4736.520329578484,
    4748.257036688096,
    4710.638775557349,
    4700.625059144781,
    4163.536720689827,
    4246.153342032658,
    4312.351508721627,
    4389.41802248409,
    4441.786424915573,
    4471.909187968821,
    4530.106952700466,
    4579.2445546293075,
    4615.639326959752,
    4667.128191725722,
    4705.345978795621,
    4755.250572464335,
    4775.3600214633425,
    4794.261793364104,
    4791.050264691446,
    4812.3770034117515
  ],
  "speed": [
    7.949310023263565,
    7.728416217286891,
    7.655052924234858,
    7.593866068562902,
    7.550468454260821,
    7.529108923182618,
    7.498249806361832,
    7.483705710360944,
    7.489873092130024,
    7.496505138028776,
    7.513118932937338,
    7.50851350007938,
    7.5046558013558675,
    7.507724510984425,
    7.503709500733184,
    7.503714071360126,
    7.500176063920574,
    7.49483763110804,
    7.485803376991127,
    7.469371128812134,
    7.465221608012764,
    7.454010228414776,
    7.4501445863250435,
    7.445161121606539,
    7.440184977669133,
    7.442747497580819,
    7.438305360261096,
    7.431620411790523,
    7.4265708419502925,
    7.421261915922624,
    7.417346514442481,
    7.416167878533748,
    7.413133560985345,
    7.414723555179825,
    7.4170031501810385,
    7.416956356295811,
    7.414750367782948,
    7.4155742870898225,
    7.4114733101980566,
    7.404453304804435,
    7.399974463458489,
    7.394152408962962,
    7.389776699081112,
    7.382974980354757,
    7.3987924457125684,
    7.397053158825056,
    7.3964806669720335,
    7.396242573793231,
    7.392539911583898,
    7.396506602393106,
    7.397751180285639,
    7.397266177115163,
    7.395866261640132,
    7.394627734598182,
    7.392362448518586,
    7.392651608361663,
    7.385559500572386,
    7.378212398855128,
    7.37512636559125
  ],
  "throuput": [
    32,
    79,
    167,
    275,
    385,
    520,
    657,
    817,
    978,
    1120,
    1297,
    1482,
    1664,
    1828,
    2009,
    2192,
    2386,
    2595,
    2780,
    3005,
    3190,
    3391,
    3581,
    3792,
    3991,
    4175,
    4359,
    4552,
    4724,
    4920,
    5106,
    5292,
    5491,
    5661,
    5853,
    6035,
    6230,
    6392,
    6573,
    6745,
    6915,
    7084,
    7262,
    7419,
    7567,
    7739,
    7907,
    8094,
    8276,
    8446,
    8617,
    8798,
    8971,
    9127,
    9288,
    9454,
    9627,
    9794,
    9972
  ],
  "runningtime": [
    8.570592256387075
  ]
}