{
  "distance": [
    1222.302091951254,
    1642.6882473506562,
    1920.418580640411,
    2277.6510446909574,
    2575.922550474572,
    2808.186955043207,
    3032.1729822477914,
    3198.463533989173,
    3390.528158268329,
    3496.6989881066756,
    3670.0315477663053,
    3804.6702446717327,
    3884.884453698538,
    4002.8936860512504,
    3779.6100437362506,
    3919.8832877817476,
    4042.500132789151,
    4144.777314554929,
    4258.604244751006,
    4342.343151334851,
    4441.637405447077,
    4504.214393211576,
    4576.694770864864,
    4635.875146572419,
    4675.957868771235,
    4691.027608466293,
    4754.953997912638,
    4798.570243941114,
    4843.319649039802,
    4652.925474336702,
    4719.400573809257,
    4787.695905183337,
    4826.126836383812,
    4886.729127697424,
    4945.333401136099,
    4986.898029546057,
    4979.317149832828,
    5054.024292618796,
    5092.725325437496,
    5130.707936010835,
    5152.1479652744665,
    5176.285345868786,
    5211.598006779571,
    5231.964791398818,
    5067.108478571016,
    5110.699428258677,
    5152.616231395442,
    5167.807772541016,
    5212.852910668977,
    5241.773296176802,
    5264.494317737626,
    5296.059866175787,
    5315.741916593772,
    5325.501239591831,
    5352.217222325973,
    5365.990301616147,
    5362.856807863233,
    5366.004846711384,
    5395.691358645315
  ],
  "speed": [
    10.887073592878087,
    10.823137195695974,
    10.806688676414081,
    10.67596798448962,
    10.691916147285875,
    10.698006008714986,
    10.61049490345868,
    10.557156788390863,
    10.51404183751254,
    10.519262485920203,
    10.475046915603711,
    10.464851653582478,
    10.432550620859493,
    10.4151386153926,
    10.387383568626454,
    10.355086252498818,
    10.330619550729562,
    10.316794995113353,
    10.276432935015308,
    10.244477363812988,
    10.191159669244781,
    10.144990890529044,
    10.081593661033315,
    10.038150706832877,
    9.992763102404894,
    9.95102353891326,
    9.914650896644655,
    9.880981969019404,
    9.850978220584482,
    9.821031943003888,
    9.785127110145218,
    9.751994453128015,
    9.72744698467784,
    9.712669967968205,
    9.693195472085026,
    9.667052776283828,
    9.639468821248226,
    9.617488769820714,
    9.584323403325358,
    9.563974751963437,
    9.5405402633967,
    9.523840444531459,
    9.494502528345159,
    9.471344036807697,
    9.455048426422412,
    9.438473912884714,
    9.412935502573163,
    9.394626460524018,
    9.370440218141498,
    9.343007111935888,
    9.322359433380607,
    9.30548424484533,
    9.28325880018659,
    9.259602458390566,
    9.22794169675552,
    9.201634334940362,
    9.180781186856969,
    9.151132316855184,
    9.126949968252442
  ],
  "throuput": [
    5,
    21,
    38,
    59,
    96,
    140,
    186,
    233,
    285,
    339,
    399,
    459,
    526,
    585,
    651,
    712,
    765,
    833,
    900,
    949,
    1017,
    1084,
    1141,
    1208,
    1277,
    1348,
    1417,
    1479,
    1557,
    1629,
    1688,
    1750,
    1815,
    1889,
    1955,
    2023,
    2087,
    2149,
    2224,
    2296,
    2364,
    2433,
    2517,
    2592,
    2660,
    2725,
    2792,
    2858,
    2915,
    2991,
    3049,
    3113,
    3194,
    3268,
    3336,
    3407,
    3472,
    3540,
    3611
  ],
  "runningtime": [
    2.9412190834681193
  ]
}