{
  "distance": [
    1234.0563794224734,
    1652.4617208927177,
    1944.4082254171542,
    2325.267899973036,
    2622.129233004249,
    2857.290733407841,
    3093.433219272793,
    3262.244066092879,
    3449.715045296067,
    3538.371915203509,
    3718.100269009224,
    3844.974613775727,
    3931.860584861549,
    4057.7512447889994,
    3838.9850988445905,
    3984.9533532957657,
    4109.566154528725,
    4221.983527416617,
    4342.15763260134,
    4421.794644876762,
    4536.058721206847,
    4600.54832502533,
    4679.099229606894,
    4740.0904323616405,
    4774.099159137571,
    4788.684383057106,
    4855.3993579334565,
    4894.437477769716,
    4932.792593752345,
    4735.503777170426,
    4808.477012982742,
    4880.500914013758,
    4918.110935263611,
    4969.992627527989,
    5025.296461025948,
    5066.742321874609,
    5055.80037657169,
    5124.306838174226,
    5160.4479272198105,
    5192.727799381984,
    5213.788424929225,
    5230.302108891702,
    5264.214292304671,
    5280.069512935565,
    5107.489500088844,
    5149.080170460166,
    5192.4849522067825,
    5206.2499610024925,
    5251.562795115917,
    5282.408954670805,
    5303.650848560087,
    5331.170684553787,
    5348.3802982508005,
    5350.729869506234,
    5381.879671066123,
    5396.864295765931,
    5392.154909041857,
    5398.36365510783,
    5428.742746482655
  ],
  "speed": [
    10.995051985596312,
    10.914366581812553,
    10.96203852090836,
    10.914866751676833,
    10.912932772928512,
    10.899341887678043,
    10.848343460388483,
    10.81837097683418,
    10.769024524128616,
    10.731289653904176,
    10.703372866417487,
    10.678300305751353,
    10.663420645374067,
    10.670088253637882,
    10.65809858300939,
    10.62756852162645,
    10.607201282721789,
    10.6150612820065,
    10.584309145280887,
    10.544361221472858,
    10.530362525192555,
    10.497322916374662,
    10.458457087903765,
    10.431178061308591,
    10.382972828190711,
    10.349323414408232,
    10.323625251998582,
    10.292646979919144,
    10.259075314565555,
    10.22799564854372,
    10.208994728595894,
    10.186041886158476,
    10.165243036346961,
    10.134596391962205,
    10.108619973163622,
    10.082715789404402,
    10.0527873139451,
    10.023079232653563,
    9.98891106978796,
    9.959105519452523,
    9.937891560618423,
    9.911251708897657,
    9.881126141700866,
    9.851704430665613,
    9.824456174406105,
    9.80156061737572,
    9.776686057835885,
    9.753343820422433,
    9.729131647169304,
    9.702114350993186,
    9.67675532051503,
    9.653009873241928,
    9.62744883153589,
    9.590817086218182,
    9.564092643885484,
    9.536370301243123,
    9.509275069151673,
    9.480862195100856,
    9.454666622746888
  ],
  "throuput": [
    6,
    20,
    37,
    63,
    97,
    136,
    192,
    243,
    294,
    351,
    408,
    470,
    532,
    591,
    647,
    723,
    776,
    845,
    906,
    967,
    1047,
    1114,
    1173,
    1244,
    1311,
    1378,
    1447,
    1519,
    1589,
    1656,
    1716,
    1783,
    1855,
    1918,
    1984,
    2051,
    2129,
    2189,
    2259,
    2325,
    2408,
    2472,
    2552,
    2620,
    2691,
    2740,
    2813,
    2874,
    2941,
    3007,
    3078,
    3146,
    3224,
    3287,
    3358,
    3423,
    3487,
    3559,
    3623
  ],
  "runningtime": [
    2.2806572556495666
  ]
}