{
  "distance": [
    1230.868023626977,
    1646.4142569732946,
    1931.865412993051,
    2314.5262771788966,
    2604.0354639351417,
    2838.9528646248996,
    3070.3615596224013,
    3238.224898370652,
    3431.4881285750366,
    3530.308574763464,
    3705.997288286608,
    3835.4410372766715,
    3921.363897744119,
    4042.5681910325393,
    3821.1125535928154,
    3972.8929655967813,
    4097.390447476613,
    4212.203515683456,
    4329.096115245605,
    4409.667885056085,
    4525.084366577435,
    4592.666293715739,
    4680.510649370054,
    4733.144621971007,
    4773.063350668245,
    4784.710305129719,
    4851.002712648671,
    4885.226963836249,
    4923.241440171523,
    4727.330022428531,
    4796.481277751162,
    4867.96779367721,
    4901.8083714760605,
    4955.699666418494,
    5008.180642308907,
    5044.574249218992,
    5031.401023987732,
    5100.898891333328,
    5138.489843628051,
    5169.925196777278,
    5186.946836954506,
    5202.930944657448,
    5239.611763967099,
    5259.298028306108,
    5092.674133076446,
    5130.89883475351,
    5173.773453228355,
    5186.260046334929,
    5232.975128266852,
    5262.168391994713,
    5286.489267984,
    5315.7399329087875,
    5335.064571468568,
    5343.201321101894,
    5373.146266826213,
    5388.18426140383,
    5383.216657994248,
    5390.449713901158,
    5421.746690119848
  ],
  "speed": [
    10.961188837552742,
    10.869695748269795,
    10.889709985720268,
    10.86913463843269,
    10.841575288686034,
    10.834227662753188,
    10.777371537154512,
    10.742089320233463,
    10.705953490077171,
    10.702592088933484,
    10.664463086780737,
    10.64015984469894,
    10.627537197888897,
    10.624557206327367,
    10.598720981657339,
    10.582433016384432,
    10.56716143850421,
    10.581175173833186,
    10.544460335666447,
    10.51198884282905,
    10.499869004909051,
    10.472212850099309,
    10.4472085041432,
    10.401680714716335,
    10.367133644760829,
    10.3316941931073,
    10.309054762607438,
    10.26993880874026,
    10.23546662060363,
    10.20349719247031,
    10.17646430702155,
    10.151583470053417,
    10.121678663425433,
    10.095514132956673,
    10.064363908872682,
    10.032973744106114,
    9.99803498895178,
    9.967018382922637,
    9.930132023747653,
    9.898313974579947,
    9.86892880611216,
    9.839999522701351,
    9.81243191199537,
    9.78627860419046,
    9.7665254909254,
    9.736076529107462,
    9.707379162904758,
    9.678811577170867,
    9.653452991766228,
    9.62200792565495,
    9.599392274414168,
    9.575932099836953,
    9.550577217083356,
    9.523053007714587,
    9.496298007503075,
    9.469830863903692,
    9.444676700980493,
    9.419983122639426,
    9.396800618605205
  ],
  "throuput": [
    6,
    22,
    39,
    65,
    95,
    139,
    195,
    242,
    293,
    351,
    405,
    463,
    537,
    588,
    644,
    720,
    777,
    837,
    908,
    975,
    1035,
    1108,
    1168,
    1246,
    1313,
    1388,
    1456,
    1525,
    1585,
    1653,
    1716,
    1779,
    1854,
    1917,
    1988,
    2054,
    2119,
    2177,
    2247,
    2326,
    2399,
    2469,
    2532,
    2608,
    2683,
    2730,
    2797,
    2859,
    2931,
    2991,
    3060,
    3129,
    3211,
    3285,
    3354,
    3421,
    3496,
    3555,
    3633
  ],
  "runningtime": [
    2.226113561789195
  ]
}