{
  "distance": [
    1223.3560991579398,
    1752.5196370370531,
    2219.4642688353806,
    2560.9173319296256,
    2824.1650657578152,
    3118.1923415927185,
    3390.146196621626,
    3663.1348996803185,
    3862.905440262709,
    3921.3181103134393,
    4079.0837941242503,
    4152.341650035852,
    4250.716762044403,
    4352.085177797796,
    4358.0615405862045,
    4472.002813725679,
    4501.589245929695,
    4505.230390256896,
    4480.475002329317,
    4456.334314846289,
    4465.486031643634,
    4462.859859234738,
    4504.663303607448,
    4501.986482066055,
    4505.318961008134,
    4531.265347358488,
    4520.917813730644,
    4515.269150235573,
    4508.950745053573,
    4491.430604170853,
    4452.562281131577,
    4106.376031940723,
    4186.199727063124,
    4225.241543088137,
    4301.314273291705,
    4322.171075116594,
    4368.664708501934,
    4414.655811157468,
    4434.900844439209,
    4478.583402396073,
    4520.889711890974,
    4584.651259604233,
    4616.131826124944,
    4641.900654566151,
    4671.000215955854,
    4694.562845399868,
    4708.952446860016,
    4739.363540634181,
    4734.298537127651,
    4742.368761615061,
    4731.416359381795,
    4741.8656099018535,
    4758.935059197774,
    4753.977713744223,
    4763.421994741128,
    4761.572058796544,
    4740.83764446709,
    4743.167093973226,
    4742.4988912822155
  ],
  "speed": [
    10.389147481658112,
    10.355333906567223,
    10.423171792321021,
    10.505145150759985,
    10.593399948247207,
    10.643236965012798,
    10.697224726038232,
    10.691519437340624,
    10.739619610270571,
    10.777172246407286,
    10.791115670629244,
    10.782386212572575,
    10.79228629530843,
    10.827060672401304,
    10.827890339393123,
    10.822368161120407,
    10.827591290030583,
    10.826792606663911,
    10.828144280244851,
    10.821290481386063,
    10.831824706281953,
    10.844908564595336,
    10.839945505448343,
    10.844403853041397,
    10.846959425454605,
    10.848472955825557,
    10.85402119421248,
    10.85062460389069,
    10.8549746893022,
    10.8478351931512,
    10.849436262029203,
    10.851933216342148,
    10.83669028113938,
    10.834771729757101,
    10.834094935287798,
    10.838182255394175,
    10.837500790193268,
    10.84922307540835,
    10.853426328719463,
    10.856101454260621,
    10.857781696804487,
    10.856060092284403,
    10.854833453984455,
    10.859806836464957,
    10.864720457657798,
    10.86832056625358,
    10.869926574073933,
    10.878251656667985,
    10.880541848900508,
    10.886236329837109,
    10.879642303787607,
    10.88470692519941,
    10.88336891468714,
    10.887279589609978,
    10.888229246716342,
    10.891345601340747,
    10.889026596396354,
    10.888149315862798,
    10.887388874562081
  ],
  "throuput": [
    11,
    39,
    70,
    98,
    144,
    207,
    261,
    325,
    375,
    447,
    520,
    587,
    650,
    721,
    778,
    846,
    929,
    993,
    1050,
    1113,
    1182,
    1230,
    1300,
    1364,
    1427,
    1490,
    1553,
    1611,
    1667,
    1741,
    1786,
    1844,
    1897,
    1954,
    2013,
    2076,
    2125,
    2184,
    2243,
    2296,
    2341,
    2399,
    2465,
    2543,
    2603,
    2684,
    2740,
    2826,
    2900,
    2970,
    3026,
    3102,
    3158,
    3227,
    3291,
    3352,
    3421,
    3475,
    3538
  ],
  "runningtime": [
    2.1142841974894204
  ]
}