{
  "distance": [
    1221.1873801947122,
    1751.4624681029425,
    2212.225902947546,
    2568.8105636975583,
    2827.128999902525,
    3113.6748522398534,
    3382.6514524417107,
    3653.3607971860833,
    3841.863981790758,
    3899.556423874762,
    4065.4959066884635,
    4143.943084495544,
    4249.264777447427,
    4342.117987859684,
    4341.357347394379,
    4458.140550196632,
    4482.289469457395,
    4494.072351372919,
    4466.999311787578,
    4441.684933177834,
    4454.775452237158,
    4445.776996597508,
    4493.357584584565,
    4489.82028546208,
    4493.426503239316,
    4522.608336186142,
    4513.034245647637,
    4505.490490825072,
    4501.490193157576,
    4486.867653663612,
    4451.574326956343,
    4105.298034997906,
    4187.54835024936,
    4221.69176689571,
    4297.883934740589,
    4316.295218920678,
    4368.670211621863,
    4414.798658059949,
    4432.746325372334,
    4479.788552303543,
    4522.714709533849,
    4585.484447473914,
    4617.4840778080925,
    4639.692201280386,
    4666.349187171725,
    4686.160799319758,
    4697.685871882244,
    4726.7991168458375,
    4723.8260523268045,
    4734.461155988838,
    4727.9514523728385,
    4736.869003288604,
    4754.2304905835,
    4748.110749553001,
    4758.281742690935,
    4756.18377630137,
    4736.571099286424,
    4741.2399981799435,
    4743.162755755227
  ],
  "speed": [
    10.367438642993607,
    10.34897769072644,
    10.382732342208671,
    10.517319411950616,
    10.592912461267035,
    10.623772778907403,
    10.669141941150325,
    10.655198969977034,
    10.676677701396184,
    10.71480924628154,
    10.744060397396316,
    10.735091198523662,
    10.755738731994228,
    10.764492294990244,
    10.752247525647833,
    10.76027009219602,
    10.753433922120447,
    10.766558530115597,
    10.763730002681251,
    10.747937461362957,
    10.762987318229003,
    10.758446345960273,
    10.766482442599306,
    10.763142148265088,
    10.75863051515055,
    10.756143610456915,
    10.757290882998843,
    10.747403721536408,
    10.755437123088466,
    10.753353370672318,
    10.75937888809471,
    10.76351401426787,
    10.758734575553856,
    10.748559955397013,
    10.749572035348622,
    10.748119026267792,
    10.755334143028959,
    10.767628382177623,
    10.766826469937696,
    10.772844817669219,
    10.776735962707049,
    10.779371073895039,
    10.7817004091102,
    10.78149855529693,
    10.779303763759827,
    10.773540816121983,
    10.7674386968395,
    10.7683485476428,
    10.770081515452233,
    10.774826170330947,
    10.776922084985209,
    10.7767500768795,
    10.771602414120428,
    10.771145333712138,
    10.769173559291417,
    10.769137814325191,
    10.767016086212847,
    10.769005155002622,
    10.770338635357199
  ],
  "throuput": [
    9,
    38,
    66,
    99,
    151,
    204,
    260,
    324,
    377,
    448,
    511,
    579,
    646,
    717,
    781,
    847,
    924,
    989,
    1047,
    1101,
    1181,
    1230,
    1289,
    1354,
    1420,
    1476,
    1547,
    1612,
    1668,
    1727,
    1790,
    1847,
    1904,
    1951,
    2011,
    2066,
    2113,
    2183,
    2233,
    2287,
    2337,
    2404,
    2463,
    2534,
    2604,
    2676,
    2736,
    2812,
    2880,
    2951,
    3033,
    3092,
    3152,
    3221,
    3280,
    3349,
    3407,
    3464,
    3529
  ],
  "runningtime": [
    1.9099378824234008
  ]
}