{
  "distance": [
    1218.4348019622007,
    1751.816190931889,
    2209.887897808564,
    2551.0979838682315,
    2819.111107041214,
    3110.8751048245094,
    3382.1464789063175,
    3650.8736226254246,
    3852.9059750659167,
    3908.870184051028,
    4071.9486018350244,
    4150.8154894223835,
    4254.984751392444,
    4346.846685691875,
    4355.503037718992,
    4474.349956360093,
    4500.82894740909,
    4512.381881631707,
    4489.2447415710085,
    4467.3757554940175,
    4472.064566706817,
    4464.243523264949,
    4503.728838870485,
    4497.973953889054,
    4501.065800339191,
    4528.313661183549,
    4524.306753408226,
    4518.984395946599,
    4511.549897717115,
    4496.20132952392,
    4458.347092173655,
    4109.499945911544,
    4188.929446765525,
    4224.684099902541,
    4298.121254344979,
    4315.924202908197,
    4366.036812451353,
    4410.92329740255,
    4433.186918661785,
    4479.101967816568,
    4518.690824530134,
    4582.317721985257,
    4615.987317971239,
    4644.698591505831,
    4671.206727723696,
    4691.892272845112,
    4703.167323132341,
    4730.6250825118805,
    4724.403183719856,
    4732.6747901910185,
    4726.9070676692145,
    4732.16986617337,
    4751.164482013186,
    4743.933173830173,
    4755.250181245008,
    4753.250765066714,
    4734.413549383536,
    4740.307863138434,
    4742.557942834343
  ],
  "speed": [
    10.346861463306572,
    10.3544667606588,
    10.373657257369917,
    10.45286973536459,
    10.575215011100559,
    10.627765322821578,
    10.679502917721823,
    10.659120608954078,
    10.712776740193574,
    10.740159756553698,
    10.760281730380528,
    10.759548095838666,
    10.776027745820079,
    10.79010959759147,
    10.805879433546181,
    10.815836202472335,
    10.819222777176332,
    10.835398323071068,
    10.842300976086447,
    10.842939295739805,
    10.848839360953855,
    10.851788009380046,
    10.850713936561034,
    10.849944504460124,
    10.849153690980412,
    10.84937054057844,
    10.86154537839483,
    10.854021087253075,
    10.857039118996818,
    10.857331728186574,
    10.857412552540358,
    10.856034205691172,
    10.839124094416213,
    10.833486162071178,
    10.82483251762459,
    10.819782834289496,
    10.819399865217175,
    10.825222871865774,
    10.829340882071843,
    10.832830586240895,
    10.826962763637809,
    10.823947299862784,
    10.826913945755754,
    10.8347214442907,
    10.831334494551479,
    10.82717851473569,
    10.821603436664997,
    10.821399002279804,
    10.815862840502493,
    10.817105800535474,
    10.81860773569555,
    10.810393618533372,
    10.80697160401277,
    10.805035732594671,
    10.804853382730647,
    10.803754256756676,
    10.801807208265354,
    10.805020213274533,
    10.807591879881693
  ],
  "throuput": [
    10,
    36,
    68,
    101,
    150,
    205,
    261,
    322,
    376,
    444,
    519,
    580,
    644,
    723,
    784,
    847,
    931,
    989,
    1050,
    1120,
    1188,
    1238,
    1304,
    1367,
    1429,
    1479,
    1548,
    1611,
    1675,
    1730,
    1797,
    1845,
    1907,
    1951,
    2011,
    2066,
    2114,
    2172,
    2232,
    2290,
    2335,
    2396,
    2461,
    2528,
    2607,
    2675,
    2746,
    2814,
    2884,
    2955,
    3029,
    3090,
    3152,
    3223,
    3274,
    3337,
    3402,
    3468,
    3529
  ],
  "runningtime": [
    1.9660080353418985
  ]
}