{
  "distance": [
    1226.9217318306726,
    1761.0094076879968,
    2227.670186814027,
    2577.1152745549007,
    2837.949742192658,
    3126.057189031953,
    3393.3471281057814,
    3661.6238958304125,
    3856.372872897514,
    3914.412375020342,
    4077.5473317832407,
    4159.98884737918,
    4259.290994235598,
    4358.684754490464,
    4361.422519871556,
    4472.375405418539,
    4501.094691393824,
    4507.854122711156,
    4484.323658436468,
    4461.27228694334,
    4470.369135147969,
    4462.537852371933,
    4507.659701780243,
    4500.556702935962,
    4503.141200148245,
    4533.096188023236,
    4521.437084025871,
    4518.074379732291,
    4508.885256497767,
    4495.266069732393,
    4455.023428924744,
    4108.589155898436,
    4191.503322272928,
    4228.281138985516,
    4304.465847156087,
    4324.092520020293,
    4372.171660475488,
    4417.037568971513,
    4434.513887324189,
    4483.640971418431,
    4525.58916980979,
    4588.887904127962,
    4622.181199554331,
    4651.66310685645,
    4678.331754626561,
    4702.624358839726,
    4714.790443171176,
    4742.678410569136,
    4736.257046898831,
    4742.955997656195,
    4735.5558088034,
    4744.042591616396,
    4759.450313088878,
    4754.174327397488,
    4765.720045982296,
    4761.818911187692,
    4742.249882630652,
    4746.763861395701,
    4747.520092899261
  ],
  "speed": [
    10.41942802199133,
    10.403295214545574,
    10.45696449347418,
    10.566231417689163,
    10.655445592549864,
    10.689436887373425,
    10.72825522638565,
    10.709656098797776,
    10.744076018450857,
    10.772754819696809,
    10.792393876817679,
    10.802191985942969,
    10.813354838637645,
    10.844481602158332,
    10.840651083924328,
    10.83383050319797,
    10.835166695075534,
    10.832186104189303,
    10.836213721186157,
    10.830043269955128,
    10.839790660133607,
    10.843839826280197,
    10.846864433777007,
    10.84274057047018,
    10.842118967562081,
    10.85186396454991,
    10.852033211274716,
    10.848199933550188,
    10.840673023122582,
    10.847506590648337,
    10.848066848765269,
    10.855163118202551,
    10.84846852703109,
    10.84484852021586,
    10.847619892998962,
    10.849856683470891,
    10.853173403384687,
    10.86341132720496,
    10.860011830641838,
    10.872029487671725,
    10.873110736781909,
    10.874106965773427,
    10.878841256387458,
    10.892141809740679,
    10.891998499545858,
    10.896511157306984,
    10.894985035796505,
    10.899269360090317,
    10.897891844864326,
    10.899291584410252,
    10.902027966043725,
    10.901561279009954,
    10.895198796332068,
    10.898302288660306,
    10.900717813662938,
    10.900033127389598,
    10.900499074342619,
    10.900571958166006,
    10.900960685414395
  ],
  "throuput": [
    11,
    37,
    69,
    103,
    152,
    207,
    260,
    325,
    377,
    438,
    521,
    584,
    653,
    724,
    784,
    847,
    924,
    984,
    1050,
    1108,
    1184,
    1235,
    1299,
    1366,
    1423,
    1492,
    1544,
    1605,
    1669,
    1746,
    1794,
    1846,
    1902,
    1957,
    2016,
    2076,
    2130,
    2187,
    2237,
    2295,
    2341,
    2409,
    2467,
    2535,
    2611,
    2677,
    2753,
    2825,
    2891,
    2972,
    3031,
    3098,
    3166,
    3223,
    3286,
    3359,
    3410,
    3471,
    3539
  ],
  "runningtime": [
    2.11540873448054
  ]
}