{"total_trips": 42105.801940546255, "trip_mean": 7727.182248717391, "trip_var": 56385986.670065835}