{
  "distance": [
    1008.1183625604536,
    1340.1107903435784,
    1520.434691426803,
    1735.0951286667616,
    2006.246904439444,
    2176.062576761755,
    2355.5138043778793,
    2529.9784564163,
    2611.5420534776913,
    2791.943477103886,
    2870.904949439294,
    3001.0162683837652,
    3074.4369699546883,
    3142.0578274821064,
    3212.382794088451,
    3294.2575168448275,
    3373.8836019177365,
    3289.3191110897988,
    3341.7823403867287,
    3421.10977658385,
    3500.6022021960375,
    3563.164452587008,
    3598.049458055196,
    3634.185701177592,
    3706.026573497652,
    3724.394678670091,
    3765.492853388756,
    3804.1152461521306,
    3851.9517035962335,
    3857.7292927569724,
    3890.8220031655005,
    3946.3985530229784,
    3924.5399075257264,
    3949.9014206044944,
    3977.9700478415875,
    3909.16823588079,
    3938.1764461560856,
    3958.2383626915725,
    3981.2596112303545,
    4012.6952444304748,
    4034.131792380982,
    4046.597705783158,
    4073.222616538111,
    4086.9237689063875,
    4095.4977705735037,
    4123.321256065545,
    4140.9819472065965,
    4146.001966363789,
    4155.209683985844,
    4163.324075509559,
    4172.082305328806,
    4190.526968171369,
    4181.085935479427,
    4120.949827372475,
    4148.016462851421,
    4165.933705831378,
    4166.135899246922,
    4194.453454546681,
    4210.988889414528
  ],
  "speed": [
    8.9852467396499,
    8.939408896158877,
    8.890809132179971,
    8.794884449996808,
    8.741528643875164,
    8.649016817409969,
    8.600795227713975,
    8.56232287595697,
    8.542495397530754,
    8.514883304304638,
    8.488957815893986,
    8.472546960690131,
    8.465303952148796,
    8.452986189822745,
    8.437263794148889,
    8.42880045457889,
    8.44327659800285,
    8.44103547638792,
    8.45507993662262,
    8.448530816020462,
    8.440104499430669,
    8.450544712724177,
    8.441736736899067,
    8.43106214781731,
    8.421580570057104,
    8.418376609170783,
    8.411749658426551,
    8.402186565140443,
    8.394419911822837,
    8.387431323092317,
    8.383743335460219,
    8.384723950025906,
    8.38369407824384,
    8.380642365773666,
    8.378362625565133,
    8.377971929638635,
    8.378926549980925,
    8.383779758936537,
    8.378254936902609,
    8.372332534477874,
    8.369851333007697,
    8.361095852208125,
    8.354181961486598,
    8.349032512398475,
    8.33916906294806,
    8.330326720969204,
    8.322779636545214,
    8.314537393790141,
    8.305891987697285,
    8.298923028554093,
    8.289827694664268,
    8.283480754209316,
    8.274007799327473,
    8.26739943077615,
    8.26509651225007,
    8.25897388421609,
    8.25090915920049,
    8.244496123993308,
    8.238389681420763
  ],
  "throuput": [
    17,
    47,
    86,
    128,
    218,
    315,
    407,
    517,
    656,
    776,
    912,
    1064,
    1231,
    1366,
    1522,
    1694,
    1852,
    2012,
    2189,
    2358,
    2512,
    2674,
    2838,
    3003,
    3154,
    3339,
    3498,
    3668,
    3842,
    4016,
    4156,
    4332,
    4504,
    4680,
    4865,
    5022,
    5186,
    5361,
    5525,
    5679,
    5858,
    6012,
    6178,
    6343,
    6507,
    6661,
    6837,
    7002,
    7169,
    7326,
    7511,
    7669,
    7818,
    7995,
    8155,
    8317,
    8495,
    8655,
    8822
  ],
  "runningtime": [
    6.5019234339396155
  ]
}