{
  "distance": [
    1010.9792121317129,
    1339.763575417294,
    1517.9589470774115,
    1731.7880550244436,
    2002.6139486671682,
    2172.3898559376134,
    2353.7031582504046,
    2527.82826290551,
    2605.667417376661,
    2789.5648341504734,
    2866.3276980181604,
    2999.555466607791,
    3071.0304310310385,
    3141.03261226074,
    3214.0684665061303,
    3300.1937156448216,
    3371.2645112217847,
    3286.456800280618,
    3338.1888028423755,
    3417.8261674851583,
    3501.4284420938548,
    3560.7062268330897,
    3597.074351290623,
    3633.6941733256663,
    3705.665697055517,
    3722.004906695899,
    3765.3998129543447,
    3807.4554585863143,
    3854.1000509699443,
    3860.195751379763,
    3893.753464137572,
    3948.3584896426137,
    3926.2986837977037,
    3951.200273495681,
    3977.424472957049,
    3909.7169457449854,
    3938.3943983416184,
    3956.080042518247,
    3980.380082461398,
    4011.0220584670756,
    4030.716458724126,
    4043.034116469148,
    4068.770448144843,
    4079.7909041976436,
    4090.76702249534,
    4120.239823762658,
    4138.676858233215,
    4144.6863349113755,
    4153.803955317373,
    4160.992206860502,
    4170.627590997928,
    4188.627571125233,
    4178.7102952961195,
    4118.096790028952,
    4145.000913580486,
    4162.864017408273,
    4164.53650933547,
    4192.631551087262,
    4208.857588140407
  ],
  "speed": [
    9.015560034565295,
    8.93921506797453,
    8.876857393643963,
    8.778543594370419,
    8.718069279609786,
    8.62693917031343,
    8.587438595987935,
    8.550136845400601,
    8.520398313592258,
    8.50642086854715,
    8.478192264753169,
    8.47501204272049,
    8.461057627170081,
    8.455425652048186,
    8.44871345650477,
    8.451320645799735,
    8.445422604005119,
    8.444243827335024,
    8.456700089190262,
    8.452160527840089,
    8.453677612530969,
    8.45997669947255,
    8.456798379305635,
    8.450740891752414,
    8.444223221516415,
    8.439264287319634,
    8.43883113215955,
    8.436527131360393,
    8.42692048390049,
    8.42002330218217,
    8.41746474051985,
    8.415904428365216,
    8.41649711126276,
    8.412962280104981,
    8.40590028907932,
    8.406228476720532,
    8.407069309251526,
    8.404791151929881,
    8.400705078154166,
    8.391768197480578,
    8.384511302413182,
    8.374555807153667,
    8.365289249741732,
    8.353442096877147,
    8.34563337003828,
    8.33820592260173,
    8.330990843252616,
    8.322910413834915,
    8.31315191184118,
    8.303899661961971,
    8.295460147264855,
    8.28596385650519,
    8.276232264520925,
    8.26861619746121,
    8.264819380735412,
    8.258273267614198,
    8.252740411491834,
    8.244415695424221,
    8.236157695296047
  ],
  "throuput": [
    18,
    45,
    87,
    130,
    209,
    316,
    406,
    519,
    651,
    780,
    919,
    1068,
    1221,
    1374,
    1529,
    1701,
    1866,
    2019,
    2191,
    2350,
    2531,
    2690,
    2856,
    3021,
    3191,
    3345,
    3502,
    3675,
    3846,
    4013,
    4170,
    4334,
    4518,
    4683,
    4853,
    5018,
    5195,
    5352,
    5516,
    5669,
    5846,
    6013,
    6170,
    6336,
    6492,
    6671,
    6817,
    6995,
    7166,
    7332,
    7497,
    7656,
    7836,
    7994,
    8143,
    8323,
    8493,
    8619,
    8819
  ],
  "runningtime": [
    4.705259772141774
  ]
}