{
  "distance": [
    1143.6932271806998,
    1582.6698012169218,
    1728.5584835005568,
    1833.6378089131165,
    2112.5979806988003,
    2194.249594537877,
    2244.6899251778536,
    2420.1840161749533,
    2474.5407298669193,
    2619.652782686546,
    2780.8453491594246,
    2811.441483275732,
    2851.5999494606194,
    2799.1557062657607,
    2929.446186988387,
    2983.997231190666,
    3050.463714724291,
    3023.246023107116,
    3093.294175232815,
    3149.855193038824,
    3211.4752894470794,
    3141.6256046735,
    3151.717315996443,
    3208.0211340735964,
    3222.278832984479,
    3253.9332290882153,
    3312.504397227533,
    3281.35332908217,
    3232.0670525025294,
    3302.4801809614064,
    3314.8828837910573,
    3287.4383398100445,
    3337.767519328751,
    3380.200607112633,
    3390.2963736666866,
    3412.494817329328,
    3345.7286702053284,
    3372.264250301231,
    3405.1941497587077,
    3410.8816241595173,
    3419.514925466517,
    3412.727989438475,
    3460.746004200633,
    3423.0949563565628,
    3428.4499075380545,
    3409.295133227944,
    3448.302760408886,
    3464.220790770949,
    3484.268199593965,
    3477.5890411686687,
    3475.7261017502965,
    3455.4000839289424,
    3477.723224687634,
    3491.267474351916,
    3497.788355675256,
    3507.823856884173,
    3508.9068939457247,
    3507.9466042031513,
    3492.5270951285315
  ],
  "speed": [
    9.759854342230774,
    9.744721035467595,
    9.694263266615568,
    9.818223127488992,
    9.719344546477418,
    9.65014809027493,
    9.64124071318667,
    9.606560465242346,
    9.6323261902336,
    9.606614870855756,
    9.627864724982834,
    9.614082002388784,
    9.612811834280224,
    9.641947553528398,
    9.647480440524639,
    9.644699947422888,
    9.651337693332373,
    9.679573808707016,
    9.670769126279474,
    9.675258370785315,
    9.677811991591678,
    9.691798315708509,
    9.701280762659326,
    9.695726304909694,
    9.694927809213349,
    9.677050671333738,
    9.684277891370675,
    9.688820605762706,
    9.685176777524005,
    9.687150797657136,
    9.680845608540444,
    9.682405728979662,
    9.692043360401698,
    9.686573233264111,
    9.697973675961961,
    9.695193285022256,
    9.699841760235385,
    9.702127673918064,
    9.70250501719672,
    9.697310649709582,
    9.699730393759847,
    9.69850038200853,
    9.696827895427962,
    9.691221187522954,
    9.698960674776087,
    9.695134821046022,
    9.69216457765935,
    9.68060091954107,
    9.684778792480385,
    9.683521741485489,
    9.681489004567883,
    9.683171274261777,
    9.680653354278704,
    9.674789106227662,
    9.677476479739674,
    9.676360260301154,
    9.676529901249474,
    9.678206518091232,
    9.676305072129594
  ],
  "throuput": [
    7,
    12,
    35,
    59,
    94,
    122,
    150,
    189,
    230,
    266,
    298,
    342,
    388,
    425,
    461,
    508,
    548,
    587,
    630,
    668,
    709,
    752,
    793,
    830,
    871,
    917,
    948,
    989,
    1029,
    1071,
    1122,
    1148,
    1195,
    1232,
    1278,
    1309,
    1354,
    1389,
    1434,
    1476,
    1510,
    1547,
    1591,
    1633,
    1677,
    1718,
    1760,
    1796,
    1829,
    1867,
    1906,
    1951,
    1993,
    2033,
    2077,
    2108,
    2150,
    2198,
    2236
  ],
  "runningtime": [
    1.072842041651408
  ]
}