{
  "distance": [
    1132.0518835790738,
    1558.8282230802563,
    1684.6293301436276,
    1796.2069050119067,
    2076.3577803379876,
    2169.1388429906956,
    2214.740075627509,
    2407.046458267449,
    2463.96762971455,
    2614.963996737167,
    2778.6137156628365,
    2807.7378872051872,
    2849.5711317139335,
    2791.891015551072,
    2924.574428701974,
    2974.6061503260225,
    3035.4270096799864,
    3010.390642671792,
    3080.012368080992,
    3138.050627384413,
    3202.3425030482103,
    3129.3072440716223,
    3142.7578572575726,
    3207.161459183836,
    3215.9807124414256,
    3248.638057183648,
    3300.8535508490154,
    3266.815743436895,
    3221.723256979233,
    3287.7019740194196,
    3306.8915400802034,
    3279.1213752187214,
    3329.885791708911,
    3370.7754904000667,
    3377.6989151313937,
    3406.051192376264,
    3339.6667258526536,
    3365.222656145853,
    3401.1536973618427,
    3408.1392277394852,
    3418.235555528782,
    3411.3324061974386,
    3459.0957438229498,
    3424.323387565181,
    3430.520881570641,
    3412.798763272879,
    3453.6930699438326,
    3473.068622369216,
    3489.9198940900988,
    3483.2489355328385,
    3477.5898176942906,
    3453.5829515211267,
    3478.471188409466,
    3492.2742078088622,
    3495.5063601250145,
    3510.1058554591737,
    3509.7873573021648,
    3506.136937227588,
    3493.7984099500345
  ],
  "speed": [
    9.682022688505235,
    9.599852501732618,
    9.461678505754527,
    9.602728407290126,
    9.514472811037486,
    9.497244646805138,
    9.46275230500789,
    9.47371111873819,
    9.514937691223285,
    9.505352643678348,
    9.541359939986807,
    9.536087922261494,
    9.559805136524917,
    9.577577645293545,
    9.596062394334847,
    9.57870461989974,
    9.575403820738707,
    9.603326226496948,
    9.591011913370476,
    9.591277067474476,
    9.59220227279293,
    9.59099906584095,
    9.598280857719592,
    9.60439226349581,
    9.584979322621965,
    9.56872021600457,
    9.563394503910875,
    9.559671183848303,
    9.56397719330041,
    9.545726671178379,
    9.548835430040544,
    9.542491105760678,
    9.554078261652311,
    9.542364162954769,
    9.541042024742021,
    9.544771780191239,
    9.550827325993687,
    9.552783130392624,
    9.558128847704493,
    9.548807742909343,
    9.554615872096408,
    9.560144085764357,
    9.5645702441509,
    9.567732734466137,
    9.578703374573431,
    9.583297109403254,
    9.584827185318069,
    9.585074701270528,
    9.589683451309991,
    9.59429471301398,
    9.590229069721527,
    9.586204224300243,
    9.593929029426638,
    9.591592778271776,
    9.589776146962437,
    9.600917111802165,
    9.597815281061663,
    9.594944443077903,
    9.60100495684601
  ],
  "throuput": [
    6,
    13,
    34,
    56,
    90,
    121,
    146,
    185,
    229,
    262,
    297,
    348,
    392,
    423,
    464,
    509,
    555,
    582,
    626,
    658,
    703,
    757,
    779,
    822,
    865,
    917,
    943,
    989,
    1024,
    1060,
    1107,
    1149,
    1186,
    1229,
    1262,
    1306,
    1352,
    1388,
    1423,
    1462,
    1514,
    1551,
    1589,
    1628,
    1677,
    1714,
    1756,
    1799,
    1832,
    1874,
    1919,
    1952,
    1997,
    2038,
    2075,
    2111,
    2154,
    2195,
    2239
  ],
  "runningtime": [
    1.132404104868571
  ]
}