{
  "distance": [
    1141.4964825304928,
    1575.9389876777536,
    1697.733269381194,
    1801.881492460094,
    2080.9600959548557,
    2173.9494901356525,
    2229.2656018209477,
    2423.0530633475896,
    2469.5411416534016,
    2627.3382754320305,
    2781.9620677192456,
    2804.9015770166607,
    2850.345755852643,
    2794.5784866920853,
    2927.5616662649377,
    2974.9057161602527,
    3040.2752091558073,
    3019.720722441692,
    3087.96756262893,
    3141.826234683089,
    3203.821724473342,
    3142.019217870427,
    3148.131076606316,
    3208.1551386811902,
    3219.7906558953887,
    3261.8557883201624,
    3312.1323082428066,
    3278.6808129010083,
    3230.8649457222577,
    3300.594564515023,
    3315.317035153975,
    3288.951576333275,
    3338.098390702688,
    3379.967408205112,
    3386.2316134621265,
    3412.866377882437,
    3345.1050060827124,
    3367.578686013651,
    3400.520098998454,
    3409.0701671451175,
    3417.4972715022027,
    3410.0178871774706,
    3458.9090210617296,
    3420.707030879923,
    3428.2013220728,
    3410.231354435095,
    3450.30301345986,
    3471.4285217332595,
    3493.31228618742,
    3483.6870881073246,
    3479.3060860196456,
    3459.0364705220195,
    3482.419529120491,
    3497.5418676458194,
    3503.318409350627,
    3513.40558216311,
    3512.427518678304,
    3511.4430968336574,
    3496.974952103933
  ],
  "speed": [
    9.762798863747637,
    9.708151385473457,
    9.539915474155436,
    9.63537455401658,
    9.528963143866191,
    9.504939088049287,
    9.504949243891518,
    9.524579651523545,
    9.533281824930963,
    9.544539603170099,
    9.548454226886998,
    9.518535426594449,
    9.533428704464363,
    9.555872907557198,
    9.576639659629802,
    9.554278051649417,
    9.556772537111446,
    9.59875322368969,
    9.591271042814885,
    9.583289806450257,
    9.57970196668726,
    9.606765367407883,
    9.602794035201493,
    9.606047209823084,
    9.592975358206004,
    9.597986105582569,
    9.589962557040227,
    9.595159924272672,
    9.597514192364192,
    9.594499803670406,
    9.593414172800482,
    9.600762029795085,
    9.609371352412897,
    9.601939881459963,
    9.600443319444802,
    9.60549977372296,
    9.609361150548308,
    9.601941833172317,
    9.600044699993294,
    9.596127588378009,
    9.598642103406037,
    9.599810739488754,
    9.60126748756809,
    9.59604031638413,
    9.60839053989471,
    9.61024016901959,
    9.608493123122983,
    9.609793155232698,
    9.622390526702073,
    9.61947530383151,
    9.616017479096204,
    9.623902827973001,
    9.626355740393453,
    9.625498156916715,
    9.630706476700912,
    9.633192950821558,
    9.629506386417994,
    9.634063808261336,
    9.639220166479967
  ],
  "throuput": [
    6,
    13,
    35,
    54,
    90,
    118,
    146,
    183,
    230,
    263,
    299,
    344,
    388,
    425,
    462,
    506,
    546,
    586,
    628,
    661,
    704,
    750,
    787,
    824,
    864,
    909,
    951,
    987,
    1024,
    1070,
    1116,
    1154,
    1191,
    1228,
    1266,
    1311,
    1355,
    1389,
    1427,
    1467,
    1513,
    1547,
    1590,
    1631,
    1674,
    1717,
    1755,
    1788,
    1833,
    1875,
    1920,
    1954,
    1991,
    2040,
    2079,
    2115,
    2158,
    2203,
    2242
  ],
  "runningtime": [
    1.0841053128242493
  ]
}