{
  "distance": [
    1085.298988187478,
    1597.7518410441776,
    2094.9743023384244,
    2560.737542819731,
    2972.7557194205506,
    3351.433061701828,
    3711.1610886527333,
    3995.48431636915,
    4267.200494911528,
    4514.544892230086,
    4739.580777525688,
    4966.8036702641775,
    5172.4156455188595,
    5347.932000393367,
    5550.810684254199,
    5669.421007166604,
    5805.997529050783,
    5909.894188412194,
    6036.638151781425,
    6130.15437352275,
    6197.099907613967,
    6253.226210626796,
    6347.818022402115,
    6349.220902156871,
    6384.219496910203,
    6418.612529825762,
    6409.815690177683,
    6419.014031149125,
    6472.597950769776,
    6485.439175605483,
    6514.59291300303,
    6509.970432834013,
    6502.505497833072,
    6502.190268579363,
    6514.939830417191,
    6491.732268001046,
    6486.6707062733185,
    6497.016404028699,
    6476.758107061882,
    6462.459999271961,
    6424.734686730857,
    6398.735331369304,
    5301.339184849356,
    5387.7020469921135,
    5472.186666690158,
    5577.249319202146,
    5680.485317618524,
    5725.195562090933,
    5817.75295963919,
    5898.986576880583,
    5969.61314348783,
    6030.642474970094,
    6115.74161678269,
    6163.112890709251,
    6247.62416022468,
    6295.831858519029,
    6345.744775851627,
    6399.4328912700785,
    6477.55203417097
  ],
  "speed": [
    9.13272978805332,
    8.990145847470457,
    8.930577225040684,
    8.895510401721594,
    8.894928770723032,
    8.902526321470518,
    8.906662385345992,
    8.915129834263691,
    8.930150937396768,
    8.930763632470873,
    8.927760551263047,
    8.93990496837239,
    8.945954939708201,
    8.956026009957052,
    8.957115187623948,
    8.964676465359796,
    8.973003896194205,
    8.975655371762235,
    8.980459982777788,
    8.985347057830667,
    8.990233340839154,
    8.998603712402812,
    9.003019357060117,
    9.002421818349845,
    9.00527319553406,
    9.008662098801526,
    9.012461117124532,
    9.020073050503273,
    9.024457498702592,
    9.026006641163143,
    9.029619936244687,
    9.036868588877986,
    9.045445227106342,
    9.047666096185377,
    9.050621315226792,
    9.054918619027516,
    9.061467510348951,
    9.068569671375396,
    9.072702251266975,
    9.076779538531557,
    9.081280429915052,
    9.084793463261693,
    9.10143061753723,
    9.103946988511623,
    9.106400485811038,
    9.107629978102135,
    9.110745483675059,
    9.10994598665986,
    9.109042163271411,
    9.107988976793134,
    9.105823947209387,
    9.106378005648098,
    9.10501681144622,
    9.107546080608,
    9.108242677142071,
    9.110423023491617,
    9.11053643652606,
    9.109750282613215,
    9.112453169943224
  ],
  "throuput": [
    29,
    90,
    182,
    288,
    418,
    582,
    736,
    884,
    1051,
    1215,
    1395,
    1599,
    1796,
    2004,
    2229,
    2449,
    2666,
    2892,
    3134,
    3371,
    3611,
    3849,
    4083,
    4280,
    4488,
    4679,
    4891,
    5098,
    5328,
    5575,
    5795,
    6014,
    6195,
    6386,
    6609,
    6815,
    7020,
    7209,
    7395,
    7554,
    7716,
    7891,
    8061,
    8228,
    8388,
    8564,
    8716,
    8871,
    9018,
    9186,
    9358,
    9509,
    9669,
    9839,
    10022,
    10221,
    10422,
    10655,
    10888
  ],
  "runningtime": [
    13.191799120108287
  ]
}