{"total_trips": 5411.576095370081, "trip_mean": 4832.335056634511, "trip_var": 9653308.763764827}