{
  "distance": [
    930.531550959419,
    1261.7169213813315,
    1511.7682705701168,
    1747.321806692699,
    1969.2705682015303,
    2025.923160175903,
    2237.7387675515492,
    2399.5876278089545,
    2530.3395978135622,
    2632.815466165595,
    2767.6367598155334,
    2752.1736343253065,
    2864.7035473896262,
    2982.0446048148515,
    3041.0484572633873,
    3098.4375295166788,
    3187.9581452364546,
    3140.1229089410867,
    3225.3892964285383,
    3288.6352227878647,
    3323.3868436905414,
    3377.100240988543,
    3413.878455017853,
    3377.495086903473,
    3410.6519121275833,
    3449.1371172521663,
    3475.008216045127,
    3509.551455296806,
    3551.2533159671066,
    3488.337226341776,
    3528.2820060489653,
    3553.6786479261377,
    3567.9600274394847,
    3597.9442915791296,
    3614.488243929225,
    3564.7498700117353,
    3597.081862488293,
    3624.2219443494514,
    3652.717103157394,
    3665.063276930051,
    3685.927847477913,
    3651.8129404974507,
    3670.594945431119,
    3698.8089582619623,
    3708.083476090056,
    3720.9229458016594,
    3744.6341459713685,
    3711.1399913337923,
    3728.6027104010113,
    3742.298203724231,
    3751.6401945911743,
    3773.30246510998,
    3783.38992384745,
    3752.3189828470186,
    3764.608673314485,
    3781.0855689387345,
    3800.2437005553784,
    3803.166645683846,
    3825.9144730250746
  ],
  "speed": [
    10.761314156692599,
    10.450251843758924,
    10.316205464932414,
    10.215471116684173,
    10.114541439789962,
    10.124246261364378,
    10.059525064966447,
    9.953008031701453,
    9.883572335362016,
    9.809650136191866,
    9.773839865052514,
    9.755124743373482,
    9.737057779866165,
    9.684310436052153,
    9.620377035240681,
    9.556315031703592,
    9.523324484005176,
    9.48378517913329,
    9.458636979251079,
    9.429045396709114,
    9.38665527888557,
    9.353845955903486,
    9.310753381233638,
    9.280767895399983,
    9.232196734474044,
    9.183661393999145,
    9.134518655765415,
    9.081704793728356,
    9.040247682049774,
    8.9983799355296,
    8.956394390132926,
    8.905017333047779,
    8.846714890180461,
    8.78775868233364,
    8.733759720382652,
    8.690792524682292,
    8.642089451046482,
    8.598581575328407,
    8.553238534068209,
    8.51056792006629,
    8.4743389786189,
    8.439950198551484,
    8.401581496851525,
    8.366984879838721,
    8.330382629094526,
    8.294536982796073,
    8.255869521094004,
    8.220584878459865,
    8.183102783964623,
    8.14597056364061,
    8.110177127413337,
    8.075410181850758,
    8.044645649451333,
    8.011402226042915,
    7.979678352639378,
    7.950600438745137,
    7.923179283487557,
    7.886293703534104,
    7.855043625100464
  ],
  "throuput": [
    8,
    27,
    67,
    131,
    211,
    315,
    425,
    552,
    653,
    774,
    887,
    1026,
    1161,
    1292,
    1437,
    1574,
    1708,
    1868,
    1997,
    2139,
    2313,
    2450,
    2587,
    2721,
    2883,
    3031,
    3158,
    3294,
    3430,
    3560,
    3701,
    3837,
    3981,
    4108,
    4244,
    4379,
    4516,
    4676,
    4811,
    4963,
    5113,
    5251,
    5386,
    5536,
    5683,
    5830,
    5975,
    6115,
    6251,
    6396,
    6544,
    6678,
    6828,
    6974,
    7115,
    7276,
    7427,
    7576,
    7726
  ],
  "runningtime": [
    2.5427452007929485
  ]
}