{
  "distance": [
    948.6322771653604,
    1300.4569454091702,
    1559.6266235055648,
    1791.3391996752434,
    2028.8545379725774,
    2074.039895616925,
    2303.430501514902,
    2481.4725845377325,
    2615.1645506413715,
    2721.527396542403,
    2851.9295410042923,
    2823.267479746959,
    2930.57930096488,
    3041.108683774948,
    3096.498895617597,
    3153.3402451168,
    3234.110990246319,
    3180.941892769941,
    3261.001251858048,
    3319.500741029615,
    3351.119868753365,
    3401.133887626398,
    3436.977832907202,
    3400.550307674597,
    3438.7231620824996,
    3483.1575443471042,
    3510.5892600460047,
    3550.2955000551215,
    3595.878113931497,
    3532.5830156197953,
    3572.070779910572,
    3599.526347927092,
    3617.9436666732627,
    3652.5762472731044,
    3671.4192377713266,
    3618.3702115143064,
    3653.8080556565897,
    3680.12517339029,
    3707.8751600386736,
    3718.0991697848162,
    3734.796656730237,
    3697.7641615244124,
    3715.86233432544,
    3741.269281578456,
    3748.8699328110583,
    3759.748540195885,
    3784.23361384101,
    3750.4252715654993,
    3769.7005525021063,
    3784.9548104229984,
    3795.8705061477744,
    3817.2296501580204,
    3823.4544000603682,
    3792.374785812533,
    3805.010741860437,
    3821.7770056252493,
    3838.368610445495,
    3843.0323567249234,
    3864.8530588774333
  ],
  "speed": [
    10.98021653325063,
    10.777841064612916,
    10.676178862380151,
    10.538734457771248,
    10.512694859719417,
    10.49443317281053,
    10.507879543229741,
    10.4602745374807,
    10.398989333709434,
    10.34600517682637,
    10.309631574179212,
    10.272415680678083,
    10.24044098651101,
    10.177496913736077,
    10.11343817981002,
    10.06046874119489,
    10.0136599987467,
    9.966676842774753,
    9.929245179734307,
    9.89065729198799,
    9.835849555925675,
    9.78627228525173,
    9.738949146757264,
    9.707347071338821,
    9.669094870758142,
    9.630457388979785,
    9.582579697125839,
    9.545218992998034,
    9.518289709195924,
    9.484910662085486,
    9.448041899851457,
    9.4111761300213,
    9.375683205891024,
    9.33948124458628,
    9.304621304514018,
    9.268995878949587,
    9.238901964217975,
    9.203004420779742,
    9.164033283800613,
    9.126464092525323,
    9.09030704363106,
    9.056770918418591,
    9.021511032357285,
    8.985835744504604,
    8.95149390670272,
    8.916447839499476,
    8.883146650449595,
    8.851034589535587,
    8.81942847854731,
    8.789512494173136,
    8.761988322126127,
    8.73155672085366,
    8.699732447266678,
    8.672682844204749,
    8.64562035318888,
    8.619615036920651,
    8.589642264829152,
    8.55871324716329,
    8.526892256190681
  ],
  "throuput": [
    9,
    28,
    76,
    140,
    227,
    335,
    450,
    573,
    688,
    811,
    950,
    1076,
    1211,
    1356,
    1501,
    1643,
    1780,
    1922,
    2054,
    2199,
    2343,
    2491,
    2629,
    2769,
    2921,
    3067,
    3211,
    3369,
    3504,
    3650,
    3794,
    3946,
    4092,
    4234,
    4378,
    4508,
    4654,
    4805,
    4947,
    5103,
    5256,
    5385,
    5520,
    5675,
    5826,
    5958,
    6102,
    6238,
    6377,
    6541,
    6699,
    6842,
    6992,
    7133,
    7268,
    7427,
    7574,
    7725,
    7878
  ],
  "runningtime": [
    2.410706384976705
  ]
}