{
  "distance": [
    951.0036117158309,
    1310.297027897413,
    1571.7007430818594,
    1813.8718309719447,
    2049.9775000607183,
    2097.1772049986066,
    2326.1827895896413,
    2497.2175620013663,
    2630.8130369705486,
    2738.176483960888,
    2867.9599348320116,
    2844.9772821151673,
    2955.9051861464613,
    3072.795465482199,
    3129.7574505474213,
    3187.6048750027317,
    3268.141495416642,
    3216.024247500346,
    3290.4319217032134,
    3346.4424630778612,
    3380.803147647077,
    3431.3255759038475,
    3461.475284206548,
    3422.020908902867,
    3457.030788495565,
    3500.538289903706,
    3528.163915149739,
    3563.209055389608,
    3604.2122862815413,
    3539.479984032885,
    3581.9959644520814,
    3609.66835938149,
    3626.3404188215295,
    3661.5450924336365,
    3678.5712701370094,
    3625.7445145165507,
    3659.5006906750327,
    3684.2528162730155,
    3711.5991788593697,
    3721.8065683782556,
    3739.1332580559465,
    3703.0132127486786,
    3719.7194754898906,
    3748.03225956889,
    3754.6746225624465,
    3766.3926290942104,
    3790.861400706466,
    3758.1195940442085,
    3777.763010570461,
    3789.925667087002,
    3797.502898513298,
    3820.2171662926135,
    3828.591756790649,
    3796.588917043663,
    3807.3548569787336,
    3823.1594122981037,
    3839.5274972716043,
    3845.3988960868696,
    3868.8702828518526
  ],
  "speed": [
    11.003710526036217,
    10.844439977525262,
    10.760057954520237,
    10.66617799310485,
    10.630491302544698,
    10.622777936621643,
    10.623013637191356,
    10.548819075278482,
    10.49252541291154,
    10.455486844150235,
    10.420579742866757,
    10.403560147346328,
    10.387587707925737,
    10.347716713425939,
    10.291161839838603,
    10.235799545968897,
    10.191821912358094,
    10.153082093088276,
    10.100448708503533,
    10.05800913177913,
    10.01569412853985,
    9.970586979265512,
    9.90613819468779,
    9.86618325474758,
    9.816736195710785,
    9.77220844146007,
    9.723473838527125,
    9.670232865364195,
    9.62513918989368,
    9.581495583895201,
    9.544741535131612,
    9.502216841225904,
    9.458380021923562,
    9.420296134122044,
    9.379755180082507,
    9.34382597369794,
    9.313188687825383,
    9.27782492687167,
    9.241180989179073,
    9.202277303860804,
    9.165786725125528,
    9.135264205968591,
    9.097598985988629,
    9.06664247245463,
    9.02769510942384,
    8.992809159477384,
    8.958292933766705,
    8.928882366742524,
    8.89890531414852,
    8.862341574359274,
    8.826012881400656,
    8.796775194760375,
    8.766951244256722,
    8.737309349062345,
    8.70542402080145,
    8.676263479747,
    8.643029066792934,
    8.611990126937775,
    8.58243867925681
  ],
  "throuput": [
    7,
    28,
    74,
    141,
    231,
    339,
    456,
    579,
    703,
    831,
    954,
    1086,
    1225,
    1366,
    1501,
    1650,
    1791,
    1931,
    2072,
    2219,
    2365,
    2504,
    2653,
    2780,
    2932,
    3082,
    3234,
    3367,
    3499,
    3634,
    3782,
    3932,
    4086,
    4234,
    4380,
    4528,
    4688,
    4839,
    4964,
    5103,
    5264,
    5403,
    5528,
    5674,
    5819,
    5969,
    6105,
    6243,
    6401,
    6544,
    6705,
    6830,
    6985,
    7140,
    7279,
    7424,
    7564,
    7711,
    7864
  ],
  "runningtime": [
    2.429694616794586
  ]
}