{"total_trips": 5123.752430858831, "trip_mean": 5899.694615742884, "trip_var": 21873425.740277506}