{
  "distance": [
    1088.2457835394077,
    1366.4134698139424,
    1673.9938407642808,
    1887.2979168318946,
    2141.5034260271987,
    2418.4228860861126,
    2452.0242372006205,
    2585.3360513950956,
    2845.7783003981967,
    2933.542966401731,
    2975.489288935024,
    3109.676746964253,
    3258.857290942795,
    3251.699492823105,
    3422.319773885859,
    3516.9176840074524,
    3541.66949990479,
    3690.049174235243,
    3780.7098429429925,
    3817.574005771096,
    3845.615203602095,
    3766.472849544494,
    3852.1144437387857,
    3876.640565234016,
    3953.842199997437,
    3989.648616096369,
    4048.2973909791294,
    4090.7547184645728,
    4077.5090125717725,
    4093.4742483241157,
    4151.353531810246,
    4171.302583102861,
    4127.315291187239,
    4179.243718852277,
    4197.9331017607865,
    4245.211248479022,
    4253.285014002048,
    4253.76272180663,
    4303.691635689797,
    4327.747155948197,
    4368.160445152006,
    4360.590070099463,
    4393.2018177424525,
    4311.566856495791,
    4362.624314928627,
    4353.002659343526,
    4390.697333882986,
    4421.033995231103,
    4424.735495855953,
    4441.830034444452,
    4464.805808487014,
    4447.746596471035,
    4465.604472402132,
    4465.8369628111395,
    4434.719511077152,
    4457.9365191824945,
    4481.671768187655,
    4489.971810788727,
    4478.990622964464
  ],
  "speed": [
    9.915951260705988,
    9.86068328341973,
    9.853040200053501,
    9.719484816490786,
    9.704060970373462,
    9.695927538165309,
    9.665894672271289,
    9.65093341889208,
    9.607067967165019,
    9.5797410555551,
    9.522083933241504,
    9.541086962893251,
    9.54600143456402,
    9.514268024067261,
    9.518951526012682,
    9.523958300644624,
    9.521221058286882,
    9.522961774536544,
    9.477279535580555,
    9.460468188706106,
    9.455606977405147,
    9.471650476966973,
    9.468898772540438,
    9.440630204191436,
    9.44629117436475,
    9.422856092280652,
    9.415111952639153,
    9.423512836635874,
    9.42347583429498,
    9.389645506174972,
    9.374133883149415,
    9.362336833453039,
    9.36059651601739,
    9.360931942545918,
    9.370759903480051,
    9.368093885688221,
    9.3665743231853,
    9.36712579830187,
    9.36570061851104,
    9.369278070203304,
    9.367443901083568,
    9.362481943054824,
    9.363193320530737,
    9.366306540019822,
    9.377574828878272,
    9.378743814935422,
    9.380674055181355,
    9.37958402804713,
    9.376719505159722,
    9.374790237772725,
    9.37425135029275,
    9.381381249726466,
    9.38182917989957,
    9.365405175508593,
    9.360315829208451,
    9.359290061570974,
    9.350839150190382,
    9.347247462634494,
    9.350035614595058
  ],
  "throuput": [
    6,
    15,
    32,
    58,
    81,
    120,
    162,
    213,
    249,
    303,
    343,
    406,
    463,
    517,
    587,
    637,
    708,
    769,
    832,
    886,
    948,
    1009,
    1076,
    1139,
    1202,
    1260,
    1338,
    1398,
    1458,
    1516,
    1572,
    1621,
    1698,
    1755,
    1826,
    1893,
    1961,
    2020,
    2094,
    2152,
    2221,
    2285,
    2353,
    2421,
    2474,
    2539,
    2602,
    2656,
    2723,
    2795,
    2868,
    2930,
    3000,
    3050,
    3108,
    3168,
    3221,
    3296,
    3357
  ],
  "runningtime": [
    2.2148287574450176
  ]
}