{
  "distance": [
    1114.2257079064186,
    1397.2419783876564,
    1711.9083715947313,
    1952.537188314387,
    2217.141465226764,
    2517.9809644226234,
    2556.4072199418224,
    2690.65812789658,
    2972.920664646629,
    3064.120194304058,
    3111.6828779630487,
    3232.533671804577,
    3374.047825389554,
    3355.76318579814,
    3519.2563724050424,
    3601.3275175221656,
    3614.080336793144,
    3762.385622920196,
    3862.928326298022,
    3902.891844694565,
    3926.5594900702276,
    3837.156299736108,
    3920.599010468394,
    3954.0754622638474,
    4028.752347219832,
    4068.201219976792,
    4130.166782407638,
    4167.7249653356175,
    4150.170132332503,
    4178.254827560027,
    4236.4140916787055,
    4252.343070019639,
    4204.539547805222,
    4252.046548065223,
    4259.853201414165,
    4300.870354577509,
    4305.127786748778,
    4300.899151920742,
    4341.5144208195325,
    4365.842587415087,
    4409.762538263086,
    4407.957786759503,
    4438.938628999167,
    4358.378018486373,
    4406.426724796724,
    4393.512304445037,
    4429.385242980158,
    4458.977222369888,
    4460.501246926336,
    4478.8236732372525,
    4502.969891609415,
    4486.895489850685,
    4506.687389191639,
    4513.370489899294,
    4487.360934523815,
    4511.601677677835,
    4535.375059344505,
    4541.552287614832,
    4527.923829782458
  ],
  "speed": [
    10.147478192776353,
    10.096657953026353,
    10.106759751002865,
    10.10386770693158,
    10.103111728897844,
    10.189226110282007,
    10.189334503083199,
    10.16316697988396,
    10.153580646033667,
    10.138206886993586,
    10.131359724035443,
    10.141652855981842,
    10.15002547385588,
    10.122196209242539,
    10.118410039377947,
    10.111267278493818,
    10.104745633549689,
    10.112460868432407,
    10.100560714663978,
    10.105251610462702,
    10.100751638603555,
    10.110317860599778,
    10.102064559121702,
    10.1073050730557,
    10.117803211999913,
    10.114381243779519,
    10.115992719743486,
    10.119024856926854,
    10.121080470060214,
    10.12435446807661,
    10.122756330445023,
    10.120566126578918,
    10.133362917504988,
    10.135480638408396,
    10.13412063956454,
    10.126117149257682,
    10.123639481627539,
    10.123233507153413,
    10.11096807702499,
    10.11592882263454,
    10.12037646508107,
    10.130660563306243,
    10.126912576449438,
    10.129050532896125,
    10.131624960776175,
    10.127615816048074,
    10.125149236596933,
    10.124771877812769,
    10.12421541408088,
    10.126538334165854,
    10.125595999546109,
    10.13202586248245,
    10.133130168528046,
    10.130328652464472,
    10.136561635073702,
    10.138089429636523,
    10.134411013276539,
    10.133033188353497,
    10.136704034145188
  ],
  "throuput": [
    6,
    17,
    36,
    60,
    90,
    130,
    168,
    220,
    257,
    315,
    385,
    441,
    498,
    554,
    613,
    679,
    743,
    800,
    867,
    919,
    994,
    1040,
    1111,
    1182,
    1243,
    1303,
    1369,
    1437,
    1510,
    1558,
    1633,
    1695,
    1754,
    1822,
    1880,
    1948,
    2015,
    2082,
    2135,
    2193,
    2260,
    2321,
    2385,
    2439,
    2507,
    2580,
    2641,
    2703,
    2776,
    2830,
    2893,
    2956,
    3026,
    3089,
    3145,
    3218,
    3285,
    3355,
    3418
  ],
  "runningtime": [
    1.7576077739397684
  ]
}