{
  "distance": [
    1111.5122382563193,
    1395.8817427376657,
    1707.741269426044,
    1944.8140390926828,
    2211.139125820222,
    2500.101563775122,
    2535.012109827619,
    2666.242007841861,
    2938.702197242183,
    3035.5269631181677,
    3087.7237287675516,
    3217.0325574664275,
    3368.271581266371,
    3357.2149944117386,
    3523.29448096581,
    3605.95202532388,
    3618.337244297435,
    3764.6375490267737,
    3864.7340774505606,
    3905.0167829571337,
    3924.0924243750715,
    3831.2538069867787,
    3919.2333744764146,
    3946.9326678730968,
    4022.8885717192466,
    4063.8805909693974,
    4119.823069960848,
    4158.955149538104,
    4138.962570376353,
    4167.258966293084,
    4225.259354578062,
    4244.521165969082,
    4195.246167843013,
    4244.988200679779,
    4252.71495381291,
    4294.536280850725,
    4299.806415579234,
    4295.850016261757,
    4341.588966837961,
    4365.150498329371,
    4407.538097752757,
    4398.915528900262,
    4432.987108457933,
    4350.828138237699,
    4396.227863240544,
    4385.2588212289165,
    4421.637837741776,
    4449.900368069597,
    4453.27113268125,
    4474.442373578835,
    4497.400631436784,
    4477.53549767551,
    4494.027259953761,
    4500.216284185052,
    4473.974407623,
    4499.263233297796,
    4523.866101959609,
    4534.830643143387,
    4521.58575113714
  ],
  "speed": [
    10.12350661420767,
    10.070554004307695,
    10.064300280335118,
    10.03070656235206,
    10.051767541705887,
    10.096797010561314,
    10.079409671944319,
    10.066333491876513,
    10.035669461044424,
    10.047568497871216,
    10.03786196149416,
    10.049899841976,
    10.072715547866453,
    10.061371502159684,
    10.061218143645739,
    10.062665699273554,
    10.057597013281459,
    10.066638939333897,
    10.054886452850488,
    10.06443945143426,
    10.052996985084947,
    10.048547865265737,
    10.055645072479313,
    10.042043933754425,
    10.055713356836565,
    10.056017715130785,
    10.048897671419148,
    10.059278565094502,
    10.056474513821653,
    10.061924773400124,
    10.057962219473866,
    10.061589536936832,
    10.064350403439963,
    10.06758098183568,
    10.063164275265654,
    10.056052439621896,
    10.056089732595062,
    10.05351424487502,
    10.049807413629575,
    10.052408310699967,
    10.055236690436146,
    10.04975802122437,
    10.048263875695977,
    10.046383283367645,
    10.043705064191862,
    10.041575064610564,
    10.040173362361537,
    10.03826051120767,
    10.034816048341849,
    10.039838469543929,
    10.03760512928324,
    10.039271916326731,
    10.034503372296056,
    10.025546826429693,
    10.02782440816062,
    10.02687982828946,
    10.020395921930819,
    10.024813194063471,
    10.027001498686353
  ],
  "throuput": [
    6,
    15,
    35,
    61,
    93,
    124,
    175,
    221,
    260,
    314,
    368,
    426,
    492,
    544,
    613,
    682,
    740,
    810,
    860,
    931,
    991,
    1039,
    1109,
    1177,
    1248,
    1302,
    1371,
    1440,
    1505,
    1564,
    1624,
    1684,
    1741,
    1811,
    1875,
    1942,
    2012,
    2066,
    2136,
    2188,
    2261,
    2318,
    2373,
    2443,
    2503,
    2570,
    2643,
    2700,
    2753,
    2819,
    2900,
    2965,
    3015,
    3071,
    3126,
    3201,
    3261,
    3332,
    3409
  ],
  "runningtime": [
    1.6467870275179546
  ]
}