{
  "distance": [
    1113.3152082755896,
    1394.071614508201,
    1706.444466618409,
    1953.1032987012513,
    2225.854572138573,
    2507.466165530086,
    2536.585942185609,
    2676.2035331806096,
    2956.391288996258,
    3042.0143468594733,
    3092.7823440980974,
    3221.2355094079703,
    3375.231152011016,
    3357.2925306418865,
    3518.2046510461028,
    3603.1777267337775,
    3621.024736188694,
    3763.9326103199373,
    3860.9986550325907,
    3899.398807177797,
    3925.250091014622,
    3830.975982943725,
    3914.568504178387,
    3940.5934522203156,
    4019.9946537485635,
    4057.2962350264106,
    4121.387361298957,
    4158.509103967583,
    4141.068608934055,
    4172.4358796617125,
    4232.6958407718375,
    4249.436611211001,
    4197.849576071951,
    4245.8193744572945,
    4256.6636085323635,
    4299.395182276302,
    4302.4100300714545,
    4301.770934832773,
    4351.351692950533,
    4372.969575325921,
    4413.278625888677,
    4407.8960022968595,
    4440.01325858265,
    4358.148881150397,
    4405.053699966179,
    4392.202705767759,
    4429.004127447886,
    4461.583717716768,
    4464.296419039451,
    4482.424883272235,
    4503.03489845298,
    4482.609522076716,
    4501.0627835929345,
    4509.079188578503,
    4480.320006137582,
    4507.450028554284,
    4530.6432322114515,
    4539.128030184496,
    4526.546602481342
  ],
  "speed": [
    10.141782646543566,
    10.0684022184011,
    10.056981655700907,
    10.090404037456453,
    10.132300629969661,
    10.147850335352711,
    10.123521016049247,
    10.13342357074491,
    10.134564679289621,
    10.108933642683287,
    10.091763789134866,
    10.097816360156353,
    10.130850425074728,
    10.100614813172301,
    10.099288726394217,
    10.103279951020147,
    10.105444172970227,
    10.097776395437679,
    10.078474940902122,
    10.076464498070521,
    10.075045720462386,
    10.063540407610683,
    10.054714560639018,
    10.034003736372723,
    10.048948754831082,
    10.040200760386362,
    10.047318028509372,
    10.047694646022933,
    10.046250903266749,
    10.057327840407659,
    10.058663040537027,
    10.052685088798388,
    10.051730546089976,
    10.04987688887746,
    10.051646569359905,
    10.050985953092924,
    10.045279775171686,
    10.051038216094229,
    10.056078211084976,
    10.055487957304534,
    10.057661918519976,
    10.060750091612618,
    10.059960235308603,
    10.063434735394711,
    10.06637360085634,
    10.064123188572722,
    10.063434956188285,
    10.069839949790682,
    10.070201110311624,
    10.075371571471873,
    10.074601457738915,
    10.07836992717142,
    10.080425449753175,
    10.078780866801884,
    10.080103171675173,
    10.08902191876729,
    10.082763307586935,
    10.085786571326384,
    10.09061370024225
  ],
  "throuput": [
    6,
    15,
    36,
    61,
    93,
    130,
    175,
    224,
    261,
    314,
    369,
    430,
    489,
    557,
    617,
    683,
    738,
    809,
    861,
    921,
    986,
    1037,
    1104,
    1175,
    1243,
    1301,
    1362,
    1431,
    1501,
    1558,
    1620,
    1679,
    1741,
    1812,
    1877,
    1946,
    2006,
    2072,
    2130,
    2191,
    2266,
    2319,
    2386,
    2456,
    2509,
    2581,
    2629,
    2705,
    2765,
    2844,
    2912,
    2968,
    3026,
    3082,
    3143,
    3212,
    3277,
    3345,
    3416
  ],
  "runningtime": [
    1.6869654456774394
  ]
}