{
  "distance": [
    1110.4207324408558,
    1395.0769822008315,
    1712.0041209499852,
    1949.7049692528612,
    2222.3911997693076,
    2503.2395850765893,
    2539.4043465260984,
    2677.0919031768017,
    2944.67987904719,
    3040.2969980053113,
    3091.291559747087,
    3217.527706904021,
    3363.2375952227308,
    3349.951893941115,
    3520.554494868772,
    3601.658379579607,
    3612.4712502122698,
    3759.5003827511223,
    3864.7775206850997,
    3902.959252725325,
    3926.569648439554,
    3831.1992736834486,
    3920.210045718432,
    3949.421495516178,
    4023.460640157265,
    4068.1618479577614,
    4124.309483964469,
    4161.686046817501,
    4146.129006167151,
    4177.544258588215,
    4237.105037231719,
    4253.779360513497,
    4208.449429882565,
    4257.607398205178,
    4268.460865827253,
    4311.279192705456,
    4316.242517810441,
    4312.363689421457,
    4356.892603918309,
    4379.936774218473,
    4421.31033135373,
    4417.877535558786,
    4448.904001632743,
    4365.892864014742,
    4411.985496921044,
    4400.573373110229,
    4436.173927092295,
    4462.516075323169,
    4464.351529853674,
    4479.5991921113955,
    4503.473195108438,
    4484.717436475213,
    4502.215613373042,
    4507.018255818907,
    4478.111824700529,
    4502.06024847238,
    4526.372209050843,
    4534.914256562061,
    4519.129087566354
  ],
  "speed": [
    10.117265995015297,
    10.087534258065013,
    10.117770196474966,
    10.089940266924183,
    10.130665736936452,
    10.137934940178424,
    10.123578686751836,
    10.107957834497597,
    10.058031069537389,
    10.0610980818508,
    10.052535904231256,
    10.059202957199098,
    10.071783797041531,
    10.053855107228054,
    10.063684608299102,
    10.052758478284717,
    10.043004947777119,
    10.050533853442428,
    10.050262982811816,
    10.056232268004363,
    10.05677909888538,
    10.049310863716947,
    10.054414309573897,
    10.041843811993777,
    10.047634457347826,
    10.055838512268314,
    10.05421960932566,
    10.06364352014935,
    10.075465467572858,
    10.087532399616427,
    10.088537851767983,
    10.083448426972407,
    10.098301341944907,
    10.1039457413242,
    10.11199018252726,
    10.107785525478374,
    10.10928041523451,
    10.11448483356798,
    10.1137836004715,
    10.120089993332158,
    10.125703534031828,
    10.135927623324687,
    10.13634333851244,
    10.141207104615642,
    10.142986445386645,
    10.144597031720577,
    10.142453204710595,
    10.137285121587727,
    10.135524714788774,
    10.131931566875396,
    10.132062478221679,
    10.133672864206332,
    10.1304853389503,
    10.121001683195821,
    10.119657462703382,
    10.11689201009829,
    10.111155744567776,
    10.110298829796806,
    10.104691360026543
  ],
  "throuput": [
    6,
    17,
    36,
    59,
    91,
    128,
    167,
    217,
    258,
    313,
    372,
    429,
    494,
    553,
    610,
    676,
    742,
    802,
    859,
    928,
    987,
    1035,
    1106,
    1175,
    1238,
    1307,
    1376,
    1440,
    1508,
    1558,
    1622,
    1681,
    1749,
    1822,
    1883,
    1943,
    2018,
    2081,
    2142,
    2203,
    2266,
    2326,
    2401,
    2453,
    2521,
    2582,
    2643,
    2707,
    2771,
    2839,
    2896,
    2964,
    3024,
    3084,
    3135,
    3209,
    3270,
    3332,
    3405
  ],
  "runningtime": [
    1.7345199465751648
  ]
}