{
  "distance": [
    1018.7938768454874,
    1295.1463417940265,
    1598.676673955052,
    1853.5017881494616,
    1875.552177377863,
    2119.22099702753,
    2348.6653913420405,
    2554.2241615534945,
    2779.054388932979,
    2740.4689076083955,
    2831.2332723122818,
    2973.8062090612957,
    3083.4920751113546,
    3239.0683078091897,
    3176.45618019773,
    3281.199313699831,
    3340.412387124928,
    3435.950692033793,
    3512.8339474709355,
    3435.1508534194377,
    3539.7811382825503,
    3589.1406432359818,
    3645.605729118852,
    3696.5531933190455,
    3642.8990497482055,
    3701.7041101528202,
    3769.3531832213525,
    3808.2420924470257,
    3839.6798151503444,
    3884.9719556995356,
    3837.282586000093,
    3879.4083036133047,
    3926.171372194649,
    3937.686905171831,
    3965.972097758917,
    3910.87607858835,
    3969.7819962891404,
    3999.7123205990038,
    4018.171700533642,
    4044.789806460545,
    3993.56004180903,
    4036.9214238314285,
    4062.774506447754,
    4092.796452804249,
    4111.0338820252755,
    4047.8206513302257,
    4083.222531287631,
    4104.583506042168,
    4144.322068440768,
    4155.781612695455,
    4096.631478054029,
    4125.026448947402,
    4150.5181758757335,
    4172.615210539782,
    4184.464636712879,
    4151.896862242118,
    4167.359632993426,
    4171.704098308331,
    4198.137691542661
  ],
  "speed": [
    10.041500223528418,
    9.87233836246601,
    9.94812541575392,
    9.91479649109865,
    9.951352315279479,
    9.920432863578917,
    9.862523136143087,
    9.87186100155119,
    9.846880816717007,
    9.851131814576098,
    9.825082362496904,
    9.755094954143773,
    9.720612589604752,
    9.698674321573016,
    9.69634783078083,
    9.690601124994695,
    9.66299472659862,
    9.62621096128368,
    9.612738572372336,
    9.580011687980443,
    9.565658078224747,
    9.542265716302857,
    9.52101148247059,
    9.50923754417816,
    9.48632713424268,
    9.487245217023286,
    9.484399417636865,
    9.470893291223158,
    9.459187669984168,
    9.451680340054207,
    9.450603786889364,
    9.442694712051972,
    9.427159831413912,
    9.40958194113301,
    9.399564171713887,
    9.390285598055495,
    9.392821632778332,
    9.380840223781542,
    9.372279860884259,
    9.364535761816176,
    9.365611594301686,
    9.363327874379916,
    9.357312097220484,
    9.356244437308874,
    9.356556381943422,
    9.351036389341655,
    9.34606489608349,
    9.343011020931538,
    9.339276875286366,
    9.335337236503227,
    9.329911113877227,
    9.333141913447745,
    9.324672768818342,
    9.324651604461787,
    9.320571747302262,
    9.317472327684799,
    9.316591576913545,
    9.317469730698214,
    9.310684592007416
  ],
  "throuput": [
    6,
    33,
    70,
    125,
    186,
    265,
    368,
    463,
    570,
    697,
    806,
    924,
    1043,
    1166,
    1308,
    1441,
    1562,
    1688,
    1831,
    1956,
    2086,
    2197,
    2347,
    2474,
    2597,
    2750,
    2899,
    3031,
    3171,
    3310,
    3455,
    3581,
    3711,
    3857,
    3986,
    4121,
    4261,
    4417,
    4559,
    4679,
    4826,
    4957,
    5092,
    5229,
    5366,
    5508,
    5645,
    5768,
    5919,
    6068,
    6189,
    6330,
    6464,
    6607,
    6752,
    6901,
    7030,
    7161,
    7288
  ],
  "runningtime": [
    3.9990692257881166
  ]
}