{
  "distance": [
    1017.1167901430862,
    1303.7882928378965,
    1605.5675112122353,
    1869.9891980717848,
    1891.4260648990742,
    2140.89759524941,
    2381.259273071175,
    2584.7827656800987,
    2807.9700910725537,
    2766.7631126718443,
    2858.9455094930286,
    3010.595864213196,
    3124.486192572801,
    3273.328840700394,
    3214.968186246994,
    3324.956958974372,
    3386.5122280233945,
    3483.5454252528743,
    3561.565183567451,
    3478.7509239046212,
    3585.3303542460717,
    3639.4213835373644,
    3692.4342144161274,
    3736.7480010873996,
    3678.4265526264435,
    3733.9016760315644,
    3797.2129940880177,
    3832.9085510314485,
    3860.5051024718373,
    3904.6139308035777,
    3854.119000763424,
    3894.5899128781552,
    3939.864190746352,
    3951.573148146861,
    3980.4554211598256,
    3923.4610447153054,
    3977.0316091626287,
    4008.143566643782,
    4027.421957329328,
    4053.251783071942,
    3999.0827461199756,
    4040.2177791530366,
    4063.975798814222,
    4092.8528483628293,
    4107.637962331371,
    4044.431451023644,
    4079.6084425195554,
    4100.821026762723,
    4140.054696393643,
    4149.298902222915,
    4089.4487446336025,
    4116.016722421099,
    4141.183174961755,
    4162.126444170799,
    4175.820695414673,
    4144.448016726327,
    4160.567629263016,
    4164.857404122719,
    4191.72632064223
  ],
  "speed": [
    10.023670469738008,
    9.937048872395591,
    9.988673201577125,
    10.00199686398236,
    10.03537489194465,
    10.021110947544177,
    10.012340582415352,
    10.013270627167708,
    9.97625933759974,
    9.987095860966543,
    9.96991695827731,
    9.939903170478217,
    9.928810685176828,
    9.892046134063113,
    9.912391551603738,
    9.921973256190407,
    9.908613547501474,
    9.887453746481198,
    9.889700511264651,
    9.859354457262508,
    9.858505455004348,
    9.857511131710497,
    9.837708785617092,
    9.817089605611883,
    9.794744077105996,
    9.794437987171277,
    9.785312945799452,
    9.768263052878376,
    9.754238704801976,
    9.745722708046594,
    9.739606772449248,
    9.724724415753423,
    9.70336771470038,
    9.685686299661684,
    9.675438878419817,
    9.660158474694832,
    9.649797026532127,
    9.638179418276174,
    9.62739698569664,
    9.61362552621597,
    9.60452223560017,
    9.591936340579647,
    9.574277976506238,
    9.565093314703004,
    9.554710544516949,
    9.543248250722822,
    9.531099522568867,
    9.52153100967088,
    9.51158774270215,
    9.495561933160694,
    9.481351560175609,
    9.473294695924693,
    9.45654939642009,
    9.445804809254211,
    9.437531608256402,
    9.429409075287461,
    9.422409244029437,
    9.415751341600732,
    9.403424997948244
  ],
  "throuput": [
    6,
    32,
    70,
    126,
    188,
    266,
    384,
    471,
    580,
    709,
    823,
    941,
    1068,
    1191,
    1319,
    1462,
    1603,
    1723,
    1877,
    1999,
    2128,
    2249,
    2393,
    2526,
    2655,
    2787,
    2942,
    3083,
    3217,
    3347,
    3487,
    3606,
    3728,
    3888,
    4008,
    4145,
    4289,
    4423,
    4565,
    4692,
    4835,
    4956,
    5092,
    5239,
    5371,
    5506,
    5638,
    5771,
    5910,
    6042,
    6174,
    6308,
    6432,
    6572,
    6722,
    6863,
    7004,
    7124,
    7270
  ],
  "runningtime": [
    2.288221704959869
  ]
}