{
  "distance": [
    1037.8698318417973,
    1327.6996666954012,
    1649.550115388173,
    1919.571334282584,
    1938.1825181735362,
    2192.3159069531625,
    2433.894904555541,
    2637.826263631249,
    2860.9716116936406,
    2816.4902096404985,
    2910.2587698097295,
    3059.5445229129255,
    3166.1840494592907,
    3319.2732978549056,
    3255.2406222807685,
    3356.3267654064234,
    3415.758822354545,
    3513.5982943745207,
    3588.2349817313784,
    3513.3323023998682,
    3617.033951988654,
    3666.865474016949,
    3719.7975378368087,
    3763.808657806231,
    3704.6717581861944,
    3756.2157464558213,
    3819.3433712465676,
    3856.612134659509,
    3884.5001558685003,
    3926.0391363364656,
    3875.0186628858237,
    3918.9381628152837,
    3966.458134671347,
    3978.34263883224,
    4003.47984361388,
    3946.456419480756,
    3999.468192835889,
    4031.275405371201,
    4052.8927312654446,
    4079.378354147074,
    4025.8748288749334,
    4066.5094374582422,
    4093.041243992004,
    4120.8139975910535,
    4134.722299942111,
    4070.0550310491494,
    4106.239710476576,
    4127.011857842166,
    4167.425619429748,
    4178.319113621628,
    4116.924006524891,
    4141.805467926183,
    4168.018885840972,
    4186.849791841468,
    4197.541863354957,
    4164.102983066334,
    4178.58582381273,
    4179.966151413554,
    4206.903879221344
  ],
  "speed": [
    10.233056786522079,
    10.129174267793742,
    10.256040103750259,
    10.26603974131711,
    10.296061925917467,
    10.314973795846006,
    10.30258125863124,
    10.301307048608201,
    10.273921910604859,
    10.289293431085891,
    10.289497988112991,
    10.266840928009884,
    10.242087765274952,
    10.225275036628652,
    10.234689032276597,
    10.220448553299711,
    10.204243170909976,
    10.182854883326682,
    10.173887246637499,
    10.171046111442863,
    10.163216090259697,
    10.155656147085102,
    10.141449051414588,
    10.124565562070227,
    10.109943175874442,
    10.107458521501384,
    10.100626975651581,
    10.0918595453282,
    10.080746438098497,
    10.068247926131596,
    10.061788127550582,
    10.055440713874914,
    10.045330740589547,
    10.03614865595428,
    10.021851567756816,
    10.012926571100628,
    10.003804304568044,
    9.993760645714612,
    9.990944935945432,
    9.981350220885693,
    9.97621476003947,
    9.965048121111604,
    9.959780770885445,
    9.953269902736977,
    9.944154815685083,
    9.9334326783093,
    9.927262555016224,
    9.92202167204547,
    9.918359242216855,
    9.910234121170014,
    9.89977671332496,
    9.891551297978747,
    9.880603966116428,
    9.869291568594866,
    9.858140700328208,
    9.84713329792193,
    9.836631246226277,
    9.824832358068825,
    9.812763306688657
  ],
  "throuput": [
    8,
    30,
    67,
    130,
    200,
    284,
    386,
    492,
    609,
    729,
    854,
    985,
    1102,
    1223,
    1354,
    1500,
    1609,
    1752,
    1897,
    2032,
    2154,
    2292,
    2431,
    2568,
    2703,
    2840,
    2979,
    3120,
    3257,
    3392,
    3508,
    3650,
    3792,
    3934,
    4068,
    4201,
    4328,
    4459,
    4609,
    4727,
    4875,
    5018,
    5156,
    5291,
    5430,
    5558,
    5700,
    5853,
    5964,
    6119,
    6249,
    6379,
    6511,
    6640,
    6773,
    6916,
    7043,
    7184,
    7315
  ],
  "runningtime": [
    2.7046353618303933
  ]
}