{
  "distance": [
    1016.2259095724326,
    1307.4724132386664,
    1627.0247633505537,
    1897.7532362772115,
    1915.882223648767,
    2162.915019840119,
    2397.9913416488093,
    2601.909513222837,
    2826.089461913437,
    2782.190580351553,
    2878.582450065356,
    3031.391016667347,
    3144.6805642758513,
    3290.65042112956,
    3226.5724488058413,
    3330.92072272765,
    3393.0566552080313,
    3490.1230758642937,
    3563.5339367301494,
    3489.2074739275063,
    3597.4440807447863,
    3648.6385978597395,
    3701.265510361791,
    3751.3810289985718,
    3694.5965501949904,
    3746.9576933587177,
    3811.1836813595805,
    3845.494329974465,
    3872.930408980232,
    3918.9603824884693,
    3868.107637366964,
    3909.286497302038,
    3957.7012141248765,
    3968.9254080309506,
    3995.4413972747666,
    3938.9330163688683,
    3992.302958732694,
    4025.597418625641,
    4044.8695096559995,
    4069.784853950871,
    4014.9819826904386,
    4056.7788812629487,
    4080.0892787329303,
    4108.709215768249,
    4122.622159440978,
    4057.578756440965,
    4092.165253462644,
    4111.001881029097,
    4150.22111373592,
    4160.757882217936,
    4098.7459253586685,
    4124.606812585318,
    4151.101874107573,
    4173.255024228224,
    4185.473288319968,
    4153.4516622160545,
    4171.278989660158,
    4174.246319867803,
    4201.179057656345
  ],
  "speed": [
    10.013592384230378,
    9.96409127055243,
    10.122164616865966,
    10.154536339665754,
    10.175552146304282,
    10.15142590205414,
    10.118338776196996,
    10.120561108088207,
    10.09135150412605,
    10.09156577554316,
    10.091880814955948,
    10.068363493476946,
    10.056960853271177,
    10.02017826338201,
    10.027030802939182,
    10.023199481638436,
    10.016505658222654,
    9.995928001051094,
    9.985652734789108,
    9.979218173264844,
    9.984029324751155,
    9.982313824299533,
    9.96357098385668,
    9.958831937654132,
    9.944449221163467,
    9.94579371229435,
    9.944077966470612,
    9.928317600568908,
    9.913930568172631,
    9.913785822907238,
    9.910207198008004,
    9.90013488547888,
    9.891497444490101,
    9.87985852111681,
    9.867344024026325,
    9.854637577498515,
    9.84224083604303,
    9.834230563564331,
    9.82522294005818,
    9.81177417834286,
    9.805151490312175,
    9.796875899976687,
    9.783414694682177,
    9.77726123630695,
    9.769196645804573,
    9.756260835976889,
    9.744316013621187,
    9.731181209776539,
    9.72144892807787,
    9.709925027420963,
    9.693958166838542,
    9.686665259539089,
    9.672527068718184,
    9.665453249901278,
    9.655606745597453,
    9.644947556722128,
    9.641076324044688,
    9.631803089826855,
    9.620427107881966
  ],
  "throuput": [
    6,
    32,
    71,
    128,
    195,
    274,
    386,
    477,
    590,
    715,
    830,
    953,
    1083,
    1201,
    1342,
    1484,
    1600,
    1747,
    1884,
    2007,
    2152,
    2270,
    2407,
    2539,
    2688,
    2823,
    2970,
    3102,
    3234,
    3380,
    3511,
    3636,
    3778,
    3914,
    4043,
    4165,
    4305,
    4440,
    4593,
    4719,
    4860,
    4998,
    5125,
    5280,
    5416,
    5537,
    5678,
    5806,
    5939,
    6083,
    6217,
    6339,
    6465,
    6611,
    6748,
    6875,
    7018,
    7150,
    7296
  ],
  "runningtime": [
    2.3481677095095317
  ]
}