{
  "distance": [
    1023.7303217132198,
    1313.878941213188,
    1636.4655966030691,
    1911.3967715859756,
    1931.3115946288167,
    2181.8223124052315,
    2416.3321910506615,
    2617.3891834399096,
    2842.0808069611435,
    2798.4546545917574,
    2895.0455071431425,
    3043.1647604605932,
    3151.401027389226,
    3305.3763950916905,
    3238.7053317099444,
    3343.2201684142387,
    3402.628573959701,
    3498.661660889949,
    3574.1396370255848,
    3497.716403707277,
    3603.2961552071242,
    3655.7029829375547,
    3706.815940264748,
    3751.6700905295625,
    3692.0234284855023,
    3745.949515276613,
    3810.627985566452,
    3851.1858466073622,
    3880.197229089429,
    3921.728482239515,
    3867.8114628341564,
    3908.3597303948222,
    3955.321224659185,
    3968.625965826282,
    3997.084578559381,
    3942.905767729376,
    3997.67864616347,
    4026.3540606068887,
    4045.562874259622,
    4073.8924421327483,
    4018.455760409153,
    4059.103898792215,
    4082.9949948059793,
    4112.540452772192,
    4127.345216014391,
    4062.9246443519337,
    4098.443174786167,
    4120.618776743502,
    4160.048458758352,
    4171.482394976069,
    4109.426758222242,
    4135.161356797018,
    4161.229786207991,
    4180.045513947148,
    4191.616880347299,
    4159.576584705334,
    4175.348920891811,
    4177.307032547776,
    4204.297868873846
  ],
  "speed": [
    10.097575797651537,
    10.017735008534398,
    10.175417744373604,
    10.213319349192748,
    10.248230907014028,
    10.248018967864033,
    10.208828080081231,
    10.19572859436804,
    10.172562848886473,
    10.182931260505898,
    10.186682940102497,
    10.147623830523331,
    10.122917626844535,
    10.106754053782598,
    10.111179603147606,
    10.11067754388132,
    10.098388984497662,
    10.07641844856555,
    10.076121159123286,
    10.066028444696256,
    10.057929283804064,
    10.053388956631766,
    10.029825740042448,
    10.015024679718485,
    9.995200483807565,
    9.997724134933023,
    9.992641520669975,
    9.987146404225944,
    9.979085579733132,
    9.965180727182286,
    9.951956614324633,
    9.940219932512738,
    9.928972436549584,
    9.919760778009415,
    9.9100402332629,
    9.9049034382043,
    9.898063815606054,
    9.882492164582251,
    9.873147833472459,
    9.865624067293181,
    9.856498951025628,
    9.846143056231407,
    9.833245410114891,
    9.830149593184132,
    9.824231135854959,
    9.81324873436815,
    9.804863888126762,
    9.801148715016284,
    9.79224081458517,
    9.783637986040656,
    9.770205285584858,
    9.764590946693657,
    9.753904209193255,
    9.743628292658794,
    9.735289268236107,
    9.727491275105569,
    9.720862417975486,
    9.711583426491783,
    9.701006160736158
  ],
  "throuput": [
    9,
    29,
    72,
    127,
    198,
    281,
    384,
    477,
    599,
    720,
    842,
    965,
    1090,
    1203,
    1353,
    1493,
    1616,
    1752,
    1901,
    2010,
    2134,
    2275,
    2422,
    2548,
    2689,
    2819,
    2965,
    3105,
    3246,
    3382,
    3521,
    3638,
    3782,
    3916,
    4046,
    4180,
    4323,
    4460,
    4587,
    4717,
    4863,
    4996,
    5130,
    5288,
    5412,
    5548,
    5690,
    5814,
    5948,
    6088,
    6240,
    6366,
    6504,
    6641,
    6768,
    6907,
    7045,
    7171,
    7303
  ],
  "runningtime": [
    2.508106021086375
  ]
}