{
  "distance": [
    1040.035852770751,
    1337.812676653218,
    1656.7961740086773,
    1923.48012663134,
    1941.6490910522862,
    2190.4990245912936,
    2432.7861259339006,
    2636.625428044679,
    2857.3148651557176,
    2810.238595958122,
    2906.3875471955325,
    3058.840723798135,
    3162.7756652250678,
    3323.957490577379,
    3256.505844662804,
    3360.4954276082085,
    3419.1576391251224,
    3512.9614667992746,
    3584.9358632897006,
    3512.3491306035585,
    3614.7636259398637,
    3665.6215285970197,
    3713.9209060721364,
    3760.0588501696875,
    3699.5535127899134,
    3750.4527931283505,
    3810.347551475492,
    3846.896788697306,
    3876.195521636153,
    3919.508660915117,
    3868.6836029828714,
    3909.8047388740624,
    3958.470976533824,
    3970.25017554507,
    3995.419516635884,
    3937.505461910908,
    3991.61234448426,
    4024.684027758594,
    4043.543975904753,
    4071.880684830753,
    4015.6940657698365,
    4056.254542456405,
    4082.4795949705426,
    4111.953788997345,
    4127.239814121746,
    4063.057221670948,
    4100.050687700252,
    4120.500357642589,
    4160.464161056226,
    4172.254940307075,
    4110.676961274967,
    4136.194527562753,
    4162.630933178648,
    4183.658415394441,
    4194.565777028155,
    4160.833097210111,
    4176.491743766444,
    4179.0216504860655,
    4207.706486375644
  ],
  "speed": [
    10.257296238071254,
    10.193985079043816,
    10.292873522739006,
    10.288307951559181,
    10.31727715647049,
    10.304005313107034,
    10.289845600630011,
    10.293430373984052,
    10.255095979797543,
    10.258636166823315,
    10.269940026217903,
    10.253340409490503,
    10.22368315976916,
    10.235586590402741,
    10.242515901702127,
    10.240646532422621,
    10.228092482744561,
    10.202325231464014,
    10.187591406333167,
    10.189531592631173,
    10.17779851705042,
    10.174488101862536,
    10.147804572746717,
    10.136284175639462,
    10.114621276061056,
    10.1061912688439,
    10.086863169706072,
    10.06932639319533,
    10.05546268476114,
    10.042150355444704,
    10.03267132128504,
    10.019596335678976,
    10.008846804264516,
    9.995251727650796,
    9.979483212758332,
    9.966773490956209,
    9.95675578786009,
    9.946578646195915,
    9.93423431588384,
    9.927405248589722,
    9.915668710600057,
    9.902949363640541,
    9.892566347577512,
    9.884740601646866,
    9.875023044602845,
    9.862309834075353,
    9.854841452396473,
    9.844760095818007,
    9.836632664041126,
    9.82777050944205,
    9.813995215569951,
    9.806293812815724,
    9.793279772986565,
    9.784503627761982,
    9.772643355639588,
    9.760744919599153,
    9.752714724594169,
    9.74230024014038,
    9.733956196495079
  ],
  "throuput": [
    9,
    28,
    67,
    130,
    197,
    282,
    384,
    493,
    607,
    726,
    851,
    984,
    1107,
    1232,
    1362,
    1506,
    1624,
    1763,
    1902,
    2026,
    2161,
    2294,
    2429,
    2569,
    2697,
    2828,
    2965,
    3107,
    3233,
    3373,
    3508,
    3638,
    3770,
    3928,
    4067,
    4181,
    4311,
    4451,
    4590,
    4737,
    4867,
    4998,
    5122,
    5267,
    5404,
    5539,
    5683,
    5821,
    5941,
    6095,
    6233,
    6353,
    6486,
    6627,
    6772,
    6915,
    7036,
    7169,
    7309
  ],
  "runningtime": [
    2.7069969892501833
  ]
}