{
  "distance": [
    894.2705393006333,
    1211.9924807635975,
    1498.7118567729165,
    1719.9277917660938,
    1966.8258072640174,
    2098.14578094701,
    2289.4241474244823,
    2429.246953608572,
    2597.939676899588,
    2738.345004522446,
    2876.774004159872,
    2963.1171004039984,
    3034.591220611975,
    3143.7273383204147,
    3258.166236084364,
    3345.223655104438,
    3380.9942270468564,
    3441.6455504583782,
    3479.179921697795,
    3143.785326179754,
    3278.2133129643353,
    3381.6084596401697,
    3468.325208455654,
    3547.8836788104295,
    3614.121326734211,
    3652.188499358783,
    3701.952971560247,
    3775.551928296669,
    3832.908641728221,
    3908.011272185923,
    3944.4591834251128,
    3983.7970822783154,
    4020.5685222141656,
    4047.0412133145987,
    4080.047455657888,
    4117.464551372845,
    4145.388017835274,
    4175.081650835276,
    4189.36533171428,
    4217.745413652518,
    3992.9754932523483,
    4044.423741359571,
    4100.338941750678,
    4123.432974512436,
    4156.487621278359,
    4196.563076774389,
    4227.373706599776,
    4264.757869585315,
    4305.75748638888,
    4335.981747006491,
    4354.832394013732,
    4382.646012535287,
    4392.355635568863,
    4409.952992678865,
    4437.698175054081,
    4454.158340563763,
    4472.540021131267,
    4488.052261539662,
    4507.976492378512
  ],
  "speed": [
    7.713702471922291,
    7.4838632355999914,
    7.3475079035193955,
    7.267356722460628,
    7.189302121010574,
    7.099519967382369,
    7.037334992493192,
    6.998127231599556,
    6.957932849464676,
    6.9245643526223875,
    6.9135413101903955,
    6.885456446554631,
    6.869025436358622,
    6.847110762155726,
    6.838621382606283,
    6.825906570308703,
    6.814317714612478,
    6.801039697647859,
    6.789239385359476,
    6.776658716467036,
    6.787098988749369,
    6.775341344189627,
    6.763380972218047,
    6.747288523959831,
    6.723031462852915,
    6.7086140367815865,
    6.694705272832079,
    6.682305205445787,
    6.670282684104012,
    6.668005777478976,
    6.6586058277400175,
    6.647758728454782,
    6.637124254167523,
    6.63141651731984,
    6.624714035748917,
    6.615255103836385,
    6.602243733319902,
    6.594979272856544,
    6.593455669933575,
    6.584065988103056,
    6.583893927540017,
    6.575828635015352,
    6.568987119022988,
    6.562251979495706,
    6.550486206490094,
    6.543163022994291,
    6.536115176436966,
    6.532146592619401,
    6.523267330940431,
    6.517396919304568,
    6.5129881078122995,
    6.507500807905629,
    6.50459536981742,
    6.494934073891524,
    6.485955962763095,
    6.4796696957615625,
    6.474378342746328,
    6.466510095873069,
    6.461625208892939
  ],
  "throuput": [
    21,
    77,
    169,
    278,
    414,
    590,
    769,
    1006,
    1253,
    1557,
    1804,
    2117,
    2449,
    2785,
    3096,
    3442,
    3786,
    4162,
    4503,
    4865,
    5223,
    5582,
    5969,
    6334,
    6734,
    7101,
    7458,
    7792,
    8217,
    8579,
    8927,
    9308,
    9661,
    10059,
    10464,
    10855,
    11228,
    11618,
    12007,
    12376,
    12769,
    13128,
    13518,
    13913,
    14305,
    14718,
    15096,
    15493,
    15913,
    16296,
    16692,
    17057,
    17436,
    17827,
    18203,
    18599,
    18949,
    19329,
    19753
  ],
  "runningtime": [
    28.559372599919637
  ]
}