{
  "distance": [
    926.2064040642148,
    1262.0007460285183,
    1562.401102031138,
    1797.9715121727543,
    2064.5036199229585,
    2211.2258070850353,
    2415.8386500834404,
    2565.9749756530246,
    2740.371788650412,
    2883.128547389296,
    3026.9662526614616,
    3123.612643963778,
    3193.1646719658606,
    3301.222955923755,
    3409.7644890271567,
    3495.7665212934257,
    3525.8193397365862,
    3585.5206214027608,
    3619.9322410049504,
    3263.8149500553723,
    3400.759404915255,
    3502.5998731490154,
    3589.00567531391,
    3670.223232701445,
    3741.149449605409,
    3780.925398647721,
    3830.0327854650377,
    3903.871393587656,
    3962.789554874534,
    4036.8611099778836,
    4074.153391214539,
    4116.035065423467,
    4153.248761994834,
    4177.679213855904,
    4209.211123299469,
    4245.510887080885,
    4273.307414712465,
    4299.956260219486,
    4308.200109738929,
    4335.608777843575,
    4100.448351039,
    4152.260057825146,
    4206.820559540696,
    4227.577646830018,
    4259.635156031084,
    4298.692716107072,
    4328.684671066776,
    4362.983663730388,
    4403.901767863158,
    4432.337021152799,
    4448.942189311081,
    4476.6036201089355,
    4484.452535338327,
    4503.610770772447,
    4532.040420195922,
    4547.346654240992,
    4564.160488064546,
    4579.398539683729,
    4597.379851344467
  ],
  "speed": [
    7.987886604154259,
    7.792544369617839,
    7.661895619374279,
    7.608054790506259,
    7.571586085978619,
    7.518311295926607,
    7.477603863850599,
    7.459375833886115,
    7.423757891273007,
    7.392352946277533,
    7.394929095920817,
    7.4003617656028045,
    7.390129099789392,
    7.370082390802822,
    7.353936268690048,
    7.350136028454242,
    7.344049423681648,
    7.340823673303569,
    7.335599260184396,
    7.321350744098027,
    7.338981666724666,
    7.328354629987221,
    7.319654850920242,
    7.30979189224564,
    7.296352102454604,
    7.288518159294548,
    7.276177060159635,
    7.265244567959368,
    7.2583978192754435,
    7.255449871167758,
    7.250887108591088,
    7.247584465705829,
    7.24103683667637,
    7.236151146117631,
    7.231064737819207,
    7.223338031792492,
    7.214310603054749,
    7.206857884005259,
    7.200825400426527,
    7.194712308737223,
    7.193387184770486,
    7.187966012226353,
    7.18151688647156,
    7.174323124959867,
    7.162757747896877,
    7.155202109761407,
    7.148026541645529,
    7.1396707127432535,
    7.131137358965698,
    7.1234285266925905,
    7.116814989701767,
    7.111725907256589,
    7.107441375022622,
    7.101133830744876,
    7.093242965081032,
    7.086365648427018,
    7.080794344279106,
    7.075231134020741,
    7.070169181436131
  ],
  "throuput": [
    21,
    82,
    174,
    310,
    453,
    650,
    849,
    1108,
    1379,
    1693,
    1982,
    2325,
    2671,
    3012,
    3357,
    3757,
    4093,
    4471,
    4824,
    5201,
    5616,
    5956,
    6331,
    6693,
    7070,
    7464,
    7818,
    8188,
    8579,
    8939,
    9314,
    9676,
    10065,
    10463,
    10866,
    11280,
    11672,
    12041,
    12447,
    12852,
    13236,
    13635,
    14019,
    14419,
    14793,
    15176,
    15541,
    15939,
    16355,
    16728,
    17109,
    17487,
    17873,
    18243,
    18638,
    19030,
    19447,
    19820,
    20252
  ],
  "runningtime": [
    13.195170577367147
  ]
}