{
  "distance": [
    934.2306545643518,
    1274.9313941848584,
    1578.3327639419877,
    1818.9279324585314,
    2090.115712872464,
    2246.9866861608093,
    2455.576484079149,
    2606.469655540217,
    2783.472290230493,
    2930.4131187676985,
    3072.6719397835413,
    3164.1056321576802,
    3231.096914358604,
    3341.6809216132583,
    3451.337607469902,
    3536.2475410089473,
    3565.781422031918,
    3624.480765661953,
    3660.2788261762717,
    3301.1055614353436,
    3435.0538493991276,
    3535.6710758148324,
    3619.1621304187524,
    3701.4876358929164,
    3772.712394087826,
    3812.9556073223525,
    3864.7030266876354,
    3937.565026856191,
    3995.901480251462,
    4069.542687827226,
    4105.599813532289,
    4147.0865484403785,
    4184.52032360095,
    4209.600492507795,
    4240.624075327131,
    4275.278422442121,
    4302.534819013607,
    4328.878127993864,
    4336.204238436554,
    4363.732057145023,
    4127.596092805849,
    4180.0464804569865,
    4234.938696497578,
    4255.16334815745,
    4288.427021149253,
    4326.24945014155,
    4357.362255538833,
    4392.514413468506,
    4433.354829298412,
    4461.834835568439,
    4477.7268611615855,
    4505.146140064922,
    4513.827560510711,
    4532.684307994578,
    4560.159412146186,
    4575.1364686234865,
    4591.96940120241,
    4605.734867782659,
    4621.6783936540305
  ],
  "speed": [
    8.061564217287536,
    7.878570120651683,
    7.748366431350332,
    7.706004172540171,
    7.673738914033155,
    7.653201621224319,
    7.617693877261149,
    7.600694130442564,
    7.572955169727438,
    7.553411685119601,
    7.552171222834575,
    7.547777588049313,
    7.5353408620518625,
    7.521210499960459,
    7.508555967046761,
    7.502977049917362,
    7.495894713911184,
    7.491592579268255,
    7.4918538159251815,
    7.482595320891295,
    7.4952276583225155,
    7.482912562323306,
    7.469888835252686,
    7.461310668871823,
    7.44881147847544,
    7.442828541713957,
    7.435065478235558,
    7.422158518637617,
    7.414459038582806,
    7.411140987037084,
    7.406033745410707,
    7.4035456492758005,
    7.398383188850822,
    7.3960424416635195,
    7.3920120108652325,
    7.383960928770315,
    7.375677068460668,
    7.369172336696714,
    7.364086289633636,
    7.359576898493674,
    7.360637656843173,
    7.35765179762746,
    7.3526342439917975,
    7.346800882589434,
    7.339281425082494,
    7.3311872632727795,
    7.327391852883253,
    7.322728012029308,
    7.315294615674029,
    7.308601930949727,
    7.302084753791378,
    7.297250802731253,
    7.2948350522092715,
    7.2892546989183,
    7.281611078209345,
    7.275687381467968,
    7.271242021908885,
    7.264361022979045,
    7.2578520083881735
  ],
  "throuput": [
    25,
    87,
    182,
    313,
    459,
    674,
    870,
    1144,
    1443,
    1733,
    2039,
    2391,
    2726,
    3069,
    3440,
    3789,
    4157,
    4537,
    4904,
    5287,
    5694,
    6060,
    6419,
    6760,
    7157,
    7535,
    7901,
    8272,
    8663,
    9034,
    9418,
    9786,
    10149,
    10589,
    10993,
    11403,
    11781,
    12168,
    12571,
    12959,
    13359,
    13776,
    14164,
    14585,
    14937,
    15312,
    15716,
    16100,
    16478,
    16874,
    17241,
    17612,
    17987,
    18418,
    18808,
    19200,
    19587,
    19997,
    20416
  ],
  "runningtime": [
    15.137123290697733
  ]
}