{
  "distance": [
    957.2759289820357,
    1305.636276165139,
    1626.656569285717,
    1872.189353174434,
    2151.0180153390215,
    2313.579355158269,
    2532.3343416113507,
    2686.801235911417,
    2870.768313373248,
    3025.8406318742736,
    3168.2502316568707,
    3256.849318601669,
    3326.215181284568,
    3438.409793972589,
    3550.157630667789,
    3635.7006925463234,
    3666.233545256975,
    3723.2600108052725,
    3757.4612126334246,
    3385.0404398120977,
    3519.404260728428,
    3624.129255629346,
    3712.2602676059355,
    3796.39583244345,
    3868.6316460861,
    3909.265247393517,
    3962.3580506100784,
    4037.5413519403332,
    4095.283903563063,
    4168.373592004269,
    4202.127417913305,
    4239.705188125998,
    4275.9299071074865,
    4297.607368384382,
    4325.812910725133,
    4359.902413585887,
    4386.141475853745,
    4412.253449895011,
    4418.129888016044,
    4444.764631338244,
    4200.672139830813,
    4254.647408363248,
    4310.860562073994,
    4330.153801121786,
    4364.379607207123,
    4403.76199958696,
    4434.015560114583,
    4468.994104292265,
    4509.717430223437,
    4538.533129796169,
    4554.129309432068,
    4582.357824153676,
    4588.805397932722,
    4605.475896139207,
    4631.831576865803,
    4644.974954260261,
    4659.116981699696,
    4672.452877052994,
    4687.482020156778
  ],
  "speed": [
    8.262353107880559,
    8.076050822067085,
    7.9965828521066395,
    7.945232039624269,
    7.91939632044271,
    7.915297456837507,
    7.904421960129615,
    7.8973986424788185,
    7.882257349577062,
    7.881111815039043,
    7.881258809961028,
    7.875647803865834,
    7.875530927161652,
    7.875495907772925,
    7.874606392180047,
    7.879470914741254,
    7.883982754041959,
    7.883125922771218,
    7.889110193897908,
    7.883811986083051,
    7.900714618633162,
    7.900034755747987,
    7.8975548406323295,
    7.895445202226814,
    7.889475000495628,
    7.888999713781459,
    7.888045252705821,
    7.882205179251596,
    7.875735444030854,
    7.8731195465299715,
    7.868023584673732,
    7.863775539380904,
    7.862216651958773,
    7.859311432565192,
    7.853923998543968,
    7.847676039575076,
    7.841489128777361,
    7.838052610232618,
    7.834655120412902,
    7.833399723715099,
    7.834362840995221,
    7.835805314805074,
    7.834614140168847,
    7.8304565924302585,
    7.826947336473756,
    7.822523572710236,
    7.818682008846383,
    7.814851027160011,
    7.808916561701378,
    7.805030874521173,
    7.80047158991737,
    7.799731415564162,
    7.798045633022617,
    7.793118873160764,
    7.787137168024796,
    7.78199699669596,
    7.777009027365993,
    7.772705863528552,
    7.7671535842461275
  ],
  "throuput": [
    27,
    97,
    189,
    327,
    489,
    726,
    940,
    1217,
    1495,
    1833,
    2157,
    2520,
    2882,
    3253,
    3612,
    3976,
    4322,
    4728,
    5128,
    5536,
    5919,
    6287,
    6630,
    7024,
    7420,
    7784,
    8165,
    8539,
    8885,
    9306,
    9706,
    10076,
    10463,
    10862,
    11256,
    11659,
    12054,
    12444,
    12836,
    13301,
    13693,
    14087,
    14494,
    14899,
    15252,
    15625,
    16019,
    16431,
    16812,
    17177,
    17579,
    17960,
    18393,
    18807,
    19175,
    19565,
    19958,
    20357,
    20746
  ],
  "runningtime": [
    23.630379581451415
  ]
}