{
  "distance": [
    1267.6991794090216,
    1769.0902781019593,
    2229.4908582543717,
    2362.5801470907095,
    2681.509946826165,
    3004.9407402867973,
    3164.69220912801,
    3171.416590192843,
    3333.3061575689144,
    3556.682373319494,
    3712.750013254556,
    3741.8911449478496,
    3766.978050218464,
    3812.056794696853,
    3826.6190732441896,
    3897.5389598072984,
    3867.1043362448913,
    3931.470088034188,
    3937.514092719863,
    3990.837755792441,
    4041.1741844275743,
    4038.1525512548583,
    4004.8618634303843,
    3955.57580485538,
    3960.284639591543,
    3974.8010287171937,
    3772.3509692461034,
    3836.718733202297,
    3872.2269297470134,
    3926.307742795436,
    3925.286488159085,
    3992.0367435913518,
    4047.156778870687,
    4063.8679773469203,
    4094.155650029839,
    4139.651874775936,
    4177.47117782068,
    4175.709760901945,
    4187.947273562335,
    4205.647063126931,
    4207.985942839299,
    4246.6944321157625,
    4260.434573389711,
    4256.091036743221,
    4254.9556962852575,
    4247.222240198272,
    4261.184291399439,
    4258.914064895304,
    4227.642537071804,
    4244.241073617369,
    4243.128264743914,
    4234.44611341878,
    4238.436294623389,
    4100.499207420501,
    4127.53574990625,
    4169.259201201704,
    4181.639361019517,
    4195.846029719476,
    4226.044764712169
  ],
  "speed": [
    10.84424081990433,
    10.68345164934677,
    10.618627230857072,
    10.65333643812147,
    10.6103815992559,
    10.613941613397861,
    10.600809946833392,
    10.574094983697748,
    10.558850500755286,
    10.505175200859282,
    10.519881392573536,
    10.526723953581419,
    10.534990457270393,
    10.506677766410645,
    10.51910765449579,
    10.544477216649753,
    10.551722075309403,
    10.562179188157812,
    10.553576958060843,
    10.561360478328059,
    10.559965964181073,
    10.563881961391388,
    10.56975526758209,
    10.59720614050003,
    10.614606425040053,
    10.611977208757697,
    10.622002750091086,
    10.627174592958404,
    10.613126591260773,
    10.598968087775114,
    10.591725649893542,
    10.585659970707763,
    10.567377585312547,
    10.576809721426612,
    10.57425918363067,
    10.572239195756788,
    10.57352966405252,
    10.579019153271268,
    10.578861624826436,
    10.575491219332571,
    10.564881080338044,
    10.566803353460195,
    10.57213618491442,
    10.571979119189018,
    10.56877323151595,
    10.56596804002704,
    10.575084835521704,
    10.574723243960033,
    10.568466341861278,
    10.575525681332916,
    10.573384517028726,
    10.566602046318557,
    10.569915238914932,
    10.568208348616675,
    10.572312470792758,
    10.570211357815083,
    10.55815576289634,
    10.564472078699833,
    10.569746184965688
  ],
  "throuput": [
    4,
    19,
    35,
    70,
    96,
    131,
    165,
    210,
    250,
    282,
    337,
    391,
    432,
    476,
    520,
    555,
    605,
    638,
    690,
    727,
    772,
    818,
    853,
    889,
    931,
    971,
    1017,
    1050,
    1083,
    1126,
    1158,
    1201,
    1233,
    1274,
    1321,
    1371,
    1407,
    1452,
    1495,
    1542,
    1585,
    1626,
    1671,
    1712,
    1757,
    1804,
    1851,
    1888,
    1928,
    1965,
    2009,
    2043,
    2081,
    2115,
    2155,
    2203,
    2228,
    2274,
    2319
  ],
  "runningtime": [
    1.3765666882197063
  ]
}