{
  "distance": [
    1294.480887200851,
    1831.955574577106,
    2297.0811675326863,
    2419.085136885022,
    2740.6568421578318,
    3090.688644332891,
    3258.1687920497875,
    3274.413568201661,
    3430.1348889265723,
    3662.26588198773,
    3804.6465250715546,
    3817.7188182094683,
    3831.9930410629117,
    3876.4168441058014,
    3877.066215821792,
    3941.7974503435125,
    3906.6226017354275,
    3971.8981959123626,
    3974.2171142175007,
    4024.429944035899,
    4064.7451313468955,
    4057.3226793006497,
    4023.884384274365,
    3967.7269334056914,
    3967.833171622714,
    3982.1689224510988,
    3781.5191402627233,
    3847.7306914525525,
    3888.6881519233766,
    3943.6132234062916,
    3945.6109462199047,
    4018.0962529306566,
    4080.018801915103,
    4091.930061236871,
    4125.16159172057,
    4173.572937963843,
    4212.6307916304695,
    4204.2661734043695,
    4213.224325084147,
    4229.418790153371,
    4233.519591255147,
    4271.944818924958,
    4284.862923328418,
    4275.9979595798095,
    4273.687545235126,
    4265.124411091168,
    4274.907215780049,
    4271.204588400461,
    4244.115914179284,
    4259.488765276378,
    4259.4587754927525,
    4252.533427748226,
    4257.711034113911,
    4120.240596786652,
    4145.563713626371,
    4184.584633211454,
    4200.393180252253,
    4214.37605823299,
    4239.14728685554
  ],
  "speed": [
    11.078531582480393,
    11.091953347483305,
    11.00189277558987,
    10.992544275283127,
    10.952142379244561,
    11.031784665282363,
    11.034284222344187,
    11.057495766826408,
    11.047986273470467,
    11.025294604865895,
    11.02476535807463,
    11.03098400305739,
    11.04240983241227,
    11.01956462079775,
    11.003097132840873,
    11.020113198622623,
    11.02328620518894,
    11.043780825887954,
    11.0433224473024,
    11.061795217999437,
    11.054452212042703,
    11.056067026003685,
    11.058219532345072,
    11.075349145231762,
    11.07650942013174,
    11.074146319535023,
    11.07710906409855,
    11.081974307063886,
    11.079551444735152,
    11.06107712962915,
    11.050794592092595,
    11.050310723633224,
    11.05082620122038,
    11.0485991366579,
    11.055801547832393,
    11.054139350360682,
    11.061117472940731,
    11.058279882229463,
    11.057234580417104,
    11.058437789229803,
    11.05794442968954,
    11.060995590865755,
    11.065715183464727,
    11.06339855502333,
    11.066554076438356,
    11.066143543934981,
    11.069883764411767,
    11.066693441837783,
    11.068720999800075,
    11.07068255013743,
    11.071304795796589,
    11.070338046338838,
    11.078090280131077,
    11.081776650050035,
    11.083967852138393,
    11.076206403765573,
    11.080139645091744,
    11.089287958106517,
    11.083473390786105
  ],
  "throuput": [
    6,
    22,
    38,
    74,
    102,
    134,
    170,
    216,
    262,
    300,
    358,
    415,
    453,
    487,
    533,
    570,
    617,
    655,
    705,
    752,
    794,
    832,
    863,
    898,
    938,
    980,
    1026,
    1062,
    1092,
    1127,
    1166,
    1206,
    1251,
    1290,
    1333,
    1379,
    1423,
    1470,
    1518,
    1561,
    1597,
    1635,
    1687,
    1735,
    1779,
    1819,
    1861,
    1899,
    1934,
    1971,
    2022,
    2048,
    2092,
    2136,
    2175,
    2219,
    2255,
    2289,
    2338
  ],
  "runningtime": [
    1.4504173477490743
  ]
}