{
  "distance": [
    1302.9322031135396,
    1846.7435502834805,
    2319.2557073583494,
    2440.085553989438,
    2754.061602483186,
    3098.844817262945,
    3261.166432329526,
    3279.802612790169,
    3438.550806705131,
    3666.602605384311,
    3807.986241395519,
    3828.6791046411836,
    3840.6226607131985,
    3884.491153537629,
    3891.513747837946,
    3956.889765754087,
    3915.2197194746955,
    3981.1308048423625,
    3980.215768159838,
    4025.415895599525,
    4066.9928840372213,
    4060.8562952822745,
    4028.5786025975494,
    3970.04449616474,
    3968.181623906481,
    3984.3413462609365,
    3788.3032975993083,
    3853.2281607330574,
    3898.8010074302233,
    3952.2402965643487,
    3954.4664387577704,
    4026.836250544851,
    4084.2668589822247,
    4098.7821893080345,
    4133.090457742921,
    4185.595709364565,
    4220.454872436195,
    4213.364026891678,
    4224.5744860288,
    4237.635298711022,
    4244.017544250797,
    4280.807284051907,
    4291.200194132259,
    4281.513569111024,
    4278.539776877884,
    4268.889785384304,
    4278.369926461404,
    4274.526449121531,
    4247.753171084543,
    4263.994411704556,
    4264.272287967718,
    4255.227465618082,
    4259.257366817928,
    4121.031594096839,
    4147.108006863881,
    4187.6873632214,
    4201.057037076424,
    4212.7023636975455,
    4240.83405953056
  ],
  "speed": [
    11.146939829162742,
    11.17409373992028,
    11.102585811018267,
    11.08490381957614,
    11.015619929178479,
    11.067659021081338,
    11.04930699293313,
    11.07125155323934,
    11.057224898909189,
    11.034818619413864,
    11.04129885252615,
    11.056443625975414,
    11.053879367898135,
    11.043850010623297,
    11.046459251730383,
    11.07728700991182,
    11.067394928054593,
    11.096177371837237,
    11.09230156291145,
    11.099461161298043,
    11.095024014091345,
    11.101563441316138,
    11.106903070469544,
    11.116202121621319,
    11.111451025186852,
    11.104787056854226,
    11.121081220594132,
    11.12132497993976,
    11.132702030882113,
    11.112727246912826,
    11.109503257976227,
    11.106764973165268,
    11.098512631355028,
    11.10403291772945,
    11.10792310684077,
    11.118535962432707,
    11.120485226589764,
    11.123917334251784,
    11.129478877982711,
    11.124215270235768,
    11.131682073733222,
    11.137023439919147,
    11.137321460353034,
    11.137336494541614,
    11.142776919055587,
    11.142909828478135,
    11.146682407053929,
    11.145527517695678,
    11.150175623077297,
    11.1556955707272,
    11.161242145994823,
    11.15982448245511,
    11.168305321743746,
    11.168833237093457,
    11.170763684496196,
    11.170554806856558,
    11.168214584984048,
    11.170685255284774,
    11.169921209717762
  ],
  "throuput": [
    5,
    23,
    38,
    76,
    102,
    136,
    168,
    211,
    261,
    308,
    359,
    403,
    453,
    494,
    532,
    579,
    614,
    664,
    712,
    748,
    797,
    832,
    863,
    902,
    935,
    979,
    1023,
    1064,
    1093,
    1132,
    1166,
    1208,
    1253,
    1288,
    1332,
    1381,
    1433,
    1467,
    1518,
    1565,
    1604,
    1643,
    1692,
    1743,
    1785,
    1828,
    1865,
    1902,
    1937,
    1980,
    2028,
    2061,
    2096,
    2130,
    2181,
    2222,
    2258,
    2287,
    2333
  ],
  "runningtime": [
    1.4742184122403463
  ]
}