{
  "distance": [
    1090.4586384671152,
    1464.4181466705134,
    1896.1108071053643,
    2155.3085182820582,
    2445.835577401329,
    2712.514985756666,
    2921.415704548473,
    3011.639120954783,
    3203.4474209882105,
    3274.4841248870002,
    3401.36217207765,
    3447.7779895617127,
    3512.3497497889794,
    3587.7263755564913,
    3633.2499368281797,
    3655.707132798396,
    3638.0626433848915,
    3679.521557589588,
    3706.177443976125,
    3749.101629204484,
    3499.815296075556,
    3587.1866706500573,
    3636.287844717221,
    3678.227944966929,
    3724.726602429426,
    3768.3838105104414,
    3827.608835710923,
    3865.1386172564044,
    3905.0378663487977,
    3907.4445718165407,
    3955.365818596921,
    3974.385101627985,
    4006.380483089282,
    4002.3468615386564,
    4007.8639964619974,
    4033.5922121658596,
    4042.593956743217,
    4025.350614216755,
    4026.014305441858,
    4040.754590739342,
    4060.2697167138576,
    3894.7415092864135,
    3936.218141544013,
    3947.6885944589785,
    3996.8402222203777,
    3998.5549176273094,
    4024.6386670235834,
    4041.047336899884,
    4069.231946888613,
    4102.234966329106,
    4097.416996004564,
    4111.029019146212,
    4124.657129528351,
    4137.223693028683,
    4134.780811039549,
    4140.398168501632,
    4141.541017708792,
    4148.027932221048,
    4138.706560044969
  ],
  "speed": [
    9.853318765957356,
    10.11693248437729,
    10.330426977636588,
    10.447910595864878,
    10.498806425400348,
    10.516136036900667,
    10.537203593723838,
    10.569093871277422,
    10.595710706221995,
    10.613698698617192,
    10.631528101135578,
    10.653373779091138,
    10.663780793006135,
    10.695727618824161,
    10.6921505578354,
    10.709050655370582,
    10.715581578456264,
    10.714411972515048,
    10.724857556189374,
    10.734611119877812,
    10.715597318698068,
    10.70836913250104,
    10.693814091286384,
    10.693703323240682,
    10.701101366660712,
    10.690691226287107,
    10.691570961281304,
    10.68520446958987,
    10.6920949531867,
    10.696748971427663,
    10.700855760099527,
    10.700718976399411,
    10.697103337899955,
    10.7105164554804,
    10.715060493963396,
    10.730321692778622,
    10.733021165519213,
    10.742946256533267,
    10.749949656560009,
    10.753004813896013,
    10.757232636627819,
    10.751058990454625,
    10.759850347332883,
    10.751642910377184,
    10.751208975704444,
    10.767200579493,
    10.764249597276127,
    10.76760761292246,
    10.767602586279432,
    10.76563569972436,
    10.769819698881557,
    10.772907291836699,
    10.773638262648573,
    10.77934965978057,
    10.784606153720999,
    10.783843560448668,
    10.780073527084976,
    10.786054225111611,
    10.783455110947099
  ],
  "throuput": [
    4,
    15,
    35,
    61,
    95,
    131,
    180,
    242,
    297,
    346,
    401,
    456,
    516,
    569,
    619,
    673,
    730,
    778,
    826,
    879,
    932,
    980,
    1028,
    1075,
    1127,
    1168,
    1228,
    1268,
    1342,
    1397,
    1453,
    1513,
    1560,
    1618,
    1689,
    1742,
    1790,
    1845,
    1897,
    1955,
    2004,
    2045,
    2099,
    2137,
    2187,
    2249,
    2294,
    2340,
    2394,
    2457,
    2509,
    2580,
    2627,
    2680,
    2742,
    2790,
    2852,
    2910,
    2959
  ],
  "runningtime": [
    1.5027256568272909
  ]
}