{
  "distance": [
    1103.5160318319693,
    1478.9649453137765,
    1907.1179042528142,
    2166.294474256853,
    2454.7391014197974,
    2712.1992251535157,
    2929.9959625807255,
    3022.260581976031,
    3211.1079443089643,
    3284.053789854767,
    3412.1601471304134,
    3456.4701886966186,
    3520.969613074725,
    3597.7043731030763,
    3645.489823066092,
    3662.087794478866,
    3642.4744460114553,
    3682.781212580275,
    3710.3433434894614,
    3751.7445766021056,
    3502.323734638652,
    3586.0341850541918,
    3637.15754225927,
    3678.038677201708,
    3723.9464714441133,
    3773.3168111541736,
    3830.8389277538395,
    3867.531247022439,
    3910.22882291255,
    3913.1778234400663,
    3960.8204438029993,
    3984.498604682681,
    4016.646906576234,
    4007.346237698466,
    4011.7331707724093,
    4036.431904212879,
    4043.7517039192926,
    4023.512586502788,
    4025.181540930254,
    4039.218429124131,
    4059.831736235192,
    3895.036034147836,
    3935.128381993931,
    3949.7412291293317,
    3998.6616755908494,
    3999.223086513809,
    4024.255091542935,
    4038.9307431765774,
    4070.0006057935457,
    4103.950411306686,
    4096.749230901996,
    4109.900746351327,
    4123.680653193037,
    4135.739241510278,
    4131.055474210901,
    4139.703772048093,
    4139.152535362973,
    4144.804988750115,
    4138.767798569356
  ],
  "speed": [
    9.968257019978395,
    10.21677347426802,
    10.398171752191681,
    10.49676192201613,
    10.53594820564796,
    10.512157086789019,
    10.563224214977792,
    10.591610173275827,
    10.617152719520487,
    10.631714899033428,
    10.654565000729518,
    10.667829769093021,
    10.682828954572553,
    10.731003372516783,
    10.737024924924386,
    10.749043121446064,
    10.75547934852559,
    10.74762681273126,
    10.762999697527555,
    10.772919435974336,
    10.760768858023907,
    10.743892134102467,
    10.740597425956839,
    10.73685438910487,
    10.739906553896095,
    10.745855653700625,
    10.7474985870192,
    10.740975389351194,
    10.759030390075099,
    10.771752560882408,
    10.775315503364615,
    10.789107490784536,
    10.792383762690145,
    10.797079487469814,
    10.794078934332495,
    10.800138018091092,
    10.802065576446074,
    10.805171590419144,
    10.81231481540945,
    10.811471019923953,
    10.817073665485971,
    10.809130834519186,
    10.811401584165509,
    10.809802881374708,
    10.808679875843792,
    10.822338682407675,
    10.812315110341158,
    10.810865719882422,
    10.817773787373362,
    10.819937518804926,
    10.823489984800501,
    10.826020835983966,
    10.826962580838211,
    10.834220322811609,
    10.834034646181095,
    10.8386027216958,
    10.832230694632662,
    10.835470283842373,
    10.835719811209799
  ],
  "throuput": [
    3,
    17,
    35,
    60,
    97,
    132,
    178,
    242,
    297,
    344,
    405,
    459,
    523,
    574,
    623,
    679,
    732,
    776,
    830,
    884,
    935,
    979,
    1031,
    1073,
    1125,
    1180,
    1225,
    1282,
    1347,
    1404,
    1455,
    1519,
    1569,
    1619,
    1682,
    1742,
    1804,
    1846,
    1899,
    1953,
    2000,
    2050,
    2093,
    2141,
    2196,
    2247,
    2291,
    2343,
    2396,
    2460,
    2524,
    2576,
    2630,
    2687,
    2736,
    2793,
    2854,
    2905,
    2952
  ],
  "runningtime": [
    1.542729123433431
  ]
}