{
  "distance": [
    1209.5993135152087,
    1645.7359821648918,
    2055.479262427041,
    2434.888602481953,
    2754.944492683041,
    3004.088607727065,
    3234.204808342043,
    3453.0917648810296,
    3665.6355399171157,
    3830.1146418520493,
    3960.554458422508,
    4085.541836183058,
    4213.437474858046,
    4289.215616020985,
    4382.6493697151745,
    4420.129070958491,
    4489.534699002983,
    4517.690464502409,
    4595.194080912059,
    4156.969776130443,
    4276.327269176862,
    4368.668960644559,
    4487.803977205737,
    4530.664647797819,
    4601.721555416069,
    4675.118863427952,
    4751.63326245152,
    4787.6996233302,
    4863.728743614239,
    4901.168100546437,
    4942.456883504668,
    4981.624099508561,
    4997.11746062098,
    5032.378636955589,
    5059.642191039693,
    5081.628388786033,
    5089.237041850351,
    5102.338344643183,
    5141.847102084812,
    4819.983760034946,
    4879.677077825422,
    4919.764361246812,
    4969.707958650959,
    5011.103816914256,
    5040.057690183209,
    5089.126050471267,
    5119.759228832154,
    5131.3920634711385,
    5165.646184356992,
    5184.2752728648375,
    5208.930169354938,
    5230.713065316393,
    5252.856541301944,
    5258.03483866484,
    5279.527689849597,
    5286.8361773995985,
    5287.010003891831,
    5291.215302787319,
    5305.354664369996
  ],
  "speed": [
    10.614386112504679,
    10.432831772619972,
    10.363234333014493,
    10.349998704372457,
    10.352098957941763,
    10.307287346518086,
    10.260935269111558,
    10.239043292233431,
    10.208823839636205,
    10.215350875835462,
    10.1875839427006,
    10.167080729650113,
    10.158305714961626,
    10.131142478362404,
    10.12740192123136,
    10.104994049696733,
    10.088091187885832,
    10.056322189933958,
    10.024664517519273,
    10.0283312790888,
    10.023844829287336,
    10.009900559400348,
    9.996856061442882,
    9.982740227749542,
    9.959864633637793,
    9.939108198883735,
    9.919833408063422,
    9.900304056378522,
    9.880286713849202,
    9.860575011341242,
    9.845325437388436,
    9.826655287909968,
    9.804466141417333,
    9.78823766098221,
    9.767334085124423,
    9.750007677823689,
    9.730514425688808,
    9.708432633084524,
    9.69431616393602,
    9.688230999921256,
    9.680843472389347,
    9.669151321353544,
    9.648571251093722,
    9.636513588818119,
    9.61879462497658,
    9.604902914151971,
    9.588006882314087,
    9.57179125078868,
    9.552923851295445,
    9.535494426149212,
    9.519873954857983,
    9.503072419335902,
    9.486922624123434,
    9.470167954993473,
    9.451679599666491,
    9.435880771231643,
    9.417208577266438,
    9.3976753359603,
    9.37862999983492
  ],
  "throuput": [
    13,
    44,
    90,
    147,
    232,
    332,
    438,
    562,
    690,
    832,
    992,
    1151,
    1311,
    1488,
    1652,
    1820,
    1979,
    2172,
    2322,
    2497,
    2663,
    2833,
    2985,
    3151,
    3310,
    3463,
    3615,
    3778,
    3953,
    4121,
    4280,
    4439,
    4615,
    4784,
    4968,
    5151,
    5331,
    5483,
    5654,
    5830,
    6010,
    6190,
    6339,
    6501,
    6653,
    6813,
    6959,
    7132,
    7277,
    7439,
    7605,
    7755,
    7952,
    8122,
    8301,
    8478,
    8661,
    8828,
    9001
  ],
  "runningtime": [
    4.814862942695617
  ]
}