{
  "distance": [
    1207.1983738484048,
    1649.8420004168645,
    2065.794406472999,
    2441.1645371940554,
    2758.426452298247,
    3009.6594728100886,
    3245.2563317051067,
    3461.895997024687,
    3676.4730419951393,
    3840.9305656854012,
    3974.1678828461095,
    4100.116367072845,
    4228.138962973894,
    4302.846876128939,
    4394.3309521261735,
    4432.970373366215,
    4496.148134258789,
    4526.214088649376,
    4609.102188788783,
    4165.341886133078,
    4285.495915637494,
    4376.511858368294,
    4492.762504202015,
    4530.134133375295,
    4600.58397303382,
    4670.667124496684,
    4743.244787477088,
    4780.111212449943,
    4855.964424264515,
    4892.314044939673,
    4930.02505372518,
    4974.8692257116145,
    4995.346288931147,
    5029.152520340697,
    5057.434736338127,
    5079.396219121205,
    5088.617337872999,
    5103.150548836885,
    5141.521474877904,
    4818.447255038971,
    4877.910579970855,
    4919.078694286307,
    4970.741976506732,
    5011.536687378805,
    5041.653589326642,
    5090.436597650464,
    5121.118695170649,
    5132.908983021379,
    5167.3591564055405,
    5184.07612362381,
    5208.238323943357,
    5228.698386361063,
    5251.020728656557,
    5256.950718449624,
    5279.158356309401,
    5285.732338089919,
    5287.1948073804415,
    5293.145604186731,
    5308.4097900787365
  ],
  "speed": [
    10.593153331289924,
    10.456716012746892,
    10.404402074764475,
    10.368911623773275,
    10.361313104935945,
    10.321199455844926,
    10.29195576037551,
    10.25326904661389,
    10.230900121726624,
    10.237643610717743,
    10.219272767246803,
    10.20087863488548,
    10.198949488175188,
    10.172085982611755,
    10.163939036370557,
    10.144554488611458,
    10.118924769887231,
    10.09712957986552,
    10.078760908613058,
    10.077864580404395,
    10.077441240907486,
    10.060699600707073,
    10.04325215758845,
    10.018899951286341,
    9.996456306986584,
    9.970816287996547,
    9.946152456331706,
    9.928259364649916,
    9.90744102538899,
    9.884426291263624,
    9.86028048783559,
    9.847672582018143,
    9.83023248087406,
    9.809672548592273,
    9.788898843910188,
    9.769345205782622,
    9.750296809941801,
    9.73119781409279,
    9.715772966675068,
    9.708038159052496,
    9.698540407583291,
    9.687204886455842,
    9.668735639091482,
    9.65408968653412,
    9.638203155070704,
    9.621337376643856,
    9.604616864005308,
    9.587774310065367,
    9.570289963357862,
    9.55059201682527,
    9.534233253141847,
    9.515485648765262,
    9.499761496078968,
    9.482370452818548,
    9.464347241266335,
    9.445495910662933,
    9.426414803520546,
    9.408533224273773,
    9.389965981225096
  ],
  "throuput": [
    13,
    38,
    91,
    147,
    229,
    330,
    437,
    557,
    684,
    835,
    992,
    1158,
    1329,
    1486,
    1660,
    1825,
    1994,
    2175,
    2340,
    2521,
    2676,
    2844,
    3008,
    3164,
    3320,
    3474,
    3631,
    3787,
    3956,
    4110,
    4277,
    4417,
    4611,
    4783,
    4960,
    5135,
    5326,
    5486,
    5663,
    5835,
    6003,
    6177,
    6331,
    6500,
    6647,
    6796,
    6968,
    7131,
    7293,
    7448,
    7616,
    7768,
    7941,
    8119,
    8283,
    8460,
    8638,
    8814,
    8995
  ],
  "runningtime": [
    5.053350599606832
  ]
}