{
  "distance": [
    967.1277243687872,
    1367.1609207318097,
    1713.503680145461,
    2026.3813487046255,
    2323.902398299729,
    2634.2020041178835,
    2918.8050737406675,
    3166.2430987198863,
    3378.4791943869564,
    3599.0719760592056,
    3765.0666248367384,
    3955.279666085052,
    4127.389365352329,
    4283.637738362788,
    4417.595833633324,
    4554.92929923208,
    4688.972092651369,
    4763.290852222236,
    4878.682396199692,
    4960.28573266601,
    5063.815350077027,
    5123.671275255683,
    5194.132832623312,
    5235.831323419556,
    5307.343242408516,
    5391.274539898207,
    4403.108017831879,
    4539.749685470586,
    4685.992645397377,
    4803.007034771093,
    4916.793423889975,
    5032.687057479767,
    5120.336436592983,
    5221.059743958144,
    5327.753544949202,
    5397.777489109674,
    5486.145842663998,
    5571.022570722501,
    5652.888127118193,
    5725.616828124435,
    5782.792874011423,
    5846.913169215567,
    5906.675194550634,
    5965.845128970461,
    6008.437245774536,
    6065.218427556149,
    6111.133781869558,
    6161.7987972816045,
    6200.479209242334,
    6221.4001567566365,
    6262.271710286396,
    6298.520512024908,
    6332.504064745472,
    5651.583760734976,
    5723.696052496879,
    5799.904490297837,
    5863.9035164132965,
    5934.450495725038,
    6006.447110151599
  ],
  "speed": [
    8.218743986349981,
    7.965538130110575,
    7.849645247995469,
    7.746876474077426,
    7.681579736471508,
    7.634996716957506,
    7.608327998868226,
    7.59116140876335,
    7.585946539954987,
    7.5819724454791935,
    7.564566561462053,
    7.55058900350689,
    7.5547688831576485,
    7.561952497348025,
    7.5652961514628805,
    7.563617541986221,
    7.561028195485589,
    7.553819024423132,
    7.554117562382191,
    7.552373900132908,
    7.558305465112284,
    7.5661360245882845,
    7.574224143481683,
    7.577546166682054,
    7.583185229870265,
    7.589370616214731,
    7.615672029699011,
    7.6049536391315655,
    7.597225048231691,
    7.587156713133075,
    7.571390790917433,
    7.5567120806553305,
    7.544568915404592,
    7.531604398630583,
    7.519564725794375,
    7.5069737986561735,
    7.49531974987525,
    7.48892084487119,
    7.481220345138403,
    7.4725523179874545,
    7.464987331854493,
    7.460474862524851,
    7.451720839204228,
    7.443214661122131,
    7.441427211665939,
    7.438645830296502,
    7.437431722056205,
    7.436985628503378,
    7.435158624994261,
    7.43362970882476,
    7.4311228585678135,
    7.429353057846857,
    7.428386465256468,
    7.4414194246705865,
    7.437129584082794,
    7.431724841237724,
    7.4273690965753,
    7.421251671189946,
    7.414620608653882
  ],
  "throuput": [
    39,
    114,
    224,
    364,
    532,
    746,
    997,
    1268,
    1558,
    1876,
    2185,
    2553,
    2922,
    3318,
    3698,
    4077,
    4498,
    4902,
    5360,
    5763,
    6166,
    6613,
    7075,
    7555,
    7988,
    8420,
    8861,
    9305,
    9719,
    10104,
    10528,
    10941,
    11361,
    11790,
    12175,
    12609,
    13025,
    13488,
    13912,
    14336,
    14781,
    15247,
    15694,
    16125,
    16597,
    17082,
    17569,
    18051,
    18533,
    19034,
    19496,
    19970,
    20453,
    20958,
    21389,
    21875,
    22345,
    22772,
    23223
  ],
  "runningtime": [
    58.70019598801931
  ]
}