{
  "distance": [
    973.3644064731022,
    1382.7769765275782,
    1741.0257687760607,
    2068.9043033617095,
    2372.764259584212,
    2696.4251036056958,
    2994.8300716649405,
    3254.3428162171235,
    3468.659008686275,
    3689.3478804176552,
    3861.8534448753167,
    4059.260777390693,
    4236.031754643604,
    4393.721874134092,
    4531.519563348594,
    4676.181537188932,
    4812.994955216828,
    4889.541833257734,
    5005.016104959503,
    5089.842594686333,
    5187.52724590724,
    5246.025301997724,
    5313.212289965403,
    5351.194708207499,
    5419.090751481519,
    5500.105286673274,
    4489.60824417421,
    4629.922763969466,
    4777.057399273637,
    4896.369330354484,
    5013.100939417134,
    5131.362987736053,
    5218.508882067608,
    5321.95318681596,
    5432.881564914812,
    5506.323350774305,
    5597.205008203765,
    5683.972032795623,
    5767.595291051884,
    5843.706135347369,
    5903.244784617625,
    5966.684616667021,
    6029.742323801911,
    6090.253127577653,
    6132.426746015983,
    6190.10760159917,
    6235.709124303194,
    6284.141682298622,
    6321.4730958841,
    6342.752220337478,
    6384.53306044673,
    6421.0122838355355,
    6452.789579954459,
    5754.936758065742,
    5825.863146609768,
    5901.863188528097,
    5965.893903635638,
    6037.51536385782,
    6109.594864254799
  ],
  "speed": [
    8.272150913704543,
    8.057812231303402,
    7.979762271607337,
    7.914234570253821,
    7.848502429012585,
    7.821954912032095,
    7.818053528911605,
    7.819185162096853,
    7.811718033637563,
    7.8023318915338935,
    7.795796610973194,
    7.790381003353684,
    7.80092796351852,
    7.809676996702023,
    7.8207728171253486,
    7.833066330746095,
    7.836887362401713,
    7.837507761998186,
    7.839754848335497,
    7.84664312122178,
    7.847282076574563,
    7.859177370209118,
    7.868079483053909,
    7.869824386683901,
    7.873526650901758,
    7.8791547765566285,
    7.904269169770003,
    7.8973307888285635,
    7.888204393386138,
    7.88084606664163,
    7.868649054257177,
    7.857115064955994,
    7.844563298191087,
    7.835774344158423,
    7.8294616051036785,
    7.822735417233049,
    7.815102495177923,
    7.811774253676896,
    7.806973984137576,
    7.803556355611506,
    7.800360376060407,
    7.796665645016123,
    7.79328986496672,
    7.787502718808827,
    7.787332292021628,
    7.788016341992304,
    7.7893010216072724,
    7.7892037438882324,
    7.788747206140009,
    7.791296157050614,
    7.792667302188897,
    7.794739583748947,
    7.795374925847511,
    7.80667767876051,
    7.80148784746666,
    7.796478272428779,
    7.793009236005677,
    7.78921756356905,
    7.783930605575262
  ],
  "throuput": [
    42,
    118,
    234,
    366,
    545,
    756,
    1031,
    1325,
    1625,
    1951,
    2268,
    2631,
    3042,
    3437,
    3836,
    4223,
    4667,
    5069,
    5523,
    5951,
    6391,
    6851,
    7288,
    7734,
    8186,
    8638,
    9088,
    9508,
    9936,
    10349,
    10782,
    11223,
    11647,
    12038,
    12451,
    12893,
    13319,
    13760,
    14207,
    14639,
    15103,
    15551,
    15983,
    16430,
    16939,
    17441,
    17955,
    18418,
    18916,
    19396,
    19878,
    20387,
    20910,
    21383,
    21826,
    22300,
    22783,
    23224,
    23707
  ],
  "runningtime": [
    17.75456943909327
  ]
}