{
  "distance": [
    982.5439715619086,
    1398.0777803640642,
    1766.3020536758972,
    2100.0674725895387,
    2416.7608938412777,
    2750.078863372605,
    3055.0007910025465,
    3312.4904655901237,
    3531.061612343886,
    3759.8740161436567,
    3937.7126966914716,
    4137.250144690006,
    4316.3610580371205,
    4478.228918379369,
    4613.569088099797,
    4759.249784816719,
    4897.094549334486,
    4975.444816636411,
    5093.6061947849985,
    5177.247197104028,
    5275.696157297236,
    5331.505887860213,
    5397.933901257324,
    5436.6824527464,
    5504.280416629981,
    5585.708414418825,
    4555.7040795564035,
    4694.297947030876,
    4841.347583600341,
    4961.26206747754,
    5079.895035009976,
    5201.853454872527,
    5292.02321562728,
    5395.485314675626,
    5508.518375454608,
    5582.958191522525,
    5671.7850701567995,
    5759.776755494714,
    5843.107733771414,
    5918.464890793273,
    5979.170027336973,
    6042.612152569804,
    6105.4029380692,
    6166.867355232048,
    6207.6827169510425,
    6263.81140945953,
    6309.416637196596,
    6357.699024525734,
    6394.251139763518,
    6413.210204754629,
    6451.889368321225,
    6486.920022098956,
    6516.835929242732,
    5810.733957819662,
    5882.110743816928,
    5957.63188074432,
    6021.174312560347,
    6093.249389914429,
    6165.53565316862
  ],
  "speed": [
    8.349598674682337,
    8.145969093067402,
    8.095722881609444,
    8.0355817575781,
    7.997046766956183,
    7.985378914261945,
    7.9856547837706255,
    7.973203105054659,
    7.970616453723135,
    7.972753745143408,
    7.974656237072146,
    7.973108681335952,
    7.988331199667393,
    8.004225260618025,
    8.010065959006182,
    8.021889979579262,
    8.025605235843573,
    8.029169396861318,
    8.035557095053752,
    8.043122312346362,
    8.046531082611557,
    8.056563879834101,
    8.06657889593625,
    8.07340647195537,
    8.079063423504019,
    8.086967720192533,
    8.108733553993007,
    8.09775744931803,
    8.087821596532237,
    8.081781373607429,
    8.072396964011585,
    8.066103347447765,
    8.058051691249355,
    8.048286132894324,
    8.04442066351538,
    8.03889795081865,
    8.027790338199532,
    8.025785128034709,
    8.019848316598138,
    8.0155002492849,
    8.014285241736008,
    8.01013817138174,
    8.005772896664833,
    8.001733291294077,
    8.001474236789042,
    8.001402700136152,
    8.004720996075939,
    8.006462481792942,
    8.007404681232938,
    8.009963221224986,
    8.009804380273675,
    8.012192978270074,
    8.012773838723911,
    8.023078314521408,
    8.017916814374477,
    8.012227116856447,
    8.008489755736695,
    8.00533041582313,
    7.9999722334383865
  ],
  "throuput": [
    39,
    115,
    235,
    374,
    557,
    785,
    1063,
    1353,
    1674,
    1995,
    2336,
    2742,
    3124,
    3510,
    3899,
    4301,
    4743,
    5147,
    5632,
    6074,
    6492,
    6941,
    7409,
    7875,
    8309,
    8771,
    9242,
    9678,
    10109,
    10534,
    10937,
    11376,
    11777,
    12209,
    12620,
    13043,
    13483,
    13908,
    14356,
    14823,
    15252,
    15685,
    16131,
    16631,
    17130,
    17647,
    18185,
    18660,
    19154,
    19627,
    20097,
    20622,
    21107,
    21568,
    22027,
    22542,
    22996,
    23447,
    23903
  ],
  "runningtime": [
    22.33246771891912
  ]
}