{
  "distance": [
    1034.3440298791886,
    1411.3272433044488,
    1762.4013961507783,
    2014.2768168359385,
    2287.299794031915,
    2574.633464130535,
    2755.487486874177,
    2893.021344788953,
    3028.397363640381,
    3239.588989520633,
    3369.6320975095155,
    3540.20162262959,
    3603.9862461944126,
    3413.7464418403633,
    3574.3275399939525,
    3716.457073079916,
    3803.29489672599,
    3864.2306245407663,
    3992.0286767214448,
    4116.654955303995,
    4176.404396206692,
    4221.8963810807245,
    4291.8242201175635,
    4354.9097098379125,
    4431.982076093858,
    4435.393309321766,
    4487.006758275132,
    4305.365042646736,
    4374.39493596506,
    4444.123327120235,
    4467.454998069544,
    4548.203301446609,
    4597.266492361994,
    4640.462584477688,
    4654.433424195839,
    4707.3878391417165,
    4702.336178544734,
    4761.27974754673,
    4781.7899615152455,
    4797.342516298516,
    4846.493953386755,
    4861.716653271754,
    4748.496931698258,
    4765.8791056505415,
    4799.105004286935,
    4839.753218662876,
    4854.715671263833,
    4895.918807699965,
    4909.274975964232,
    4941.791788429293,
    4965.079681875925,
    4977.745217359501,
    4989.276786669147,
    5008.00879439025,
    5021.464829263897,
    5030.727607257108,
    4929.9338545754,
    4945.508295490786,
    4975.580223296675
  ],
  "speed": [
    9.848751044063716,
    9.777554000226225,
    9.780879458328313,
    9.76480718332655,
    9.788883669445822,
    9.814805649118219,
    9.822607659650725,
    9.831271057332543,
    9.834315638461874,
    9.833600054593518,
    9.827270119399127,
    9.838900332172162,
    9.827050737416167,
    9.817567514669104,
    9.807948186223648,
    9.79658509571654,
    9.781181870113286,
    9.763640789772186,
    9.762570415075226,
    9.768292903762756,
    9.761886790988584,
    9.751339064468095,
    9.73977202914979,
    9.723133568652344,
    9.705643891044252,
    9.69191465937017,
    9.67855566539775,
    9.66168379106258,
    9.652051884996878,
    9.63450000756887,
    9.618630603563291,
    9.607488472969909,
    9.59611288186791,
    9.583472851109084,
    9.570221856639332,
    9.556958101661584,
    9.545702854463697,
    9.53191218608942,
    9.520991864625259,
    9.505363056958853,
    9.493769958506102,
    9.484553396349355,
    9.476794516609617,
    9.46052228966987,
    9.448219750037635,
    9.44039026610183,
    9.430616948009604,
    9.420383225294122,
    9.413096061385836,
    9.399537592840284,
    9.385832217146085,
    9.37589398236089,
    9.365939014206026,
    9.353275247327224,
    9.341546836776077,
    9.331828140851323,
    9.323937800414926,
    9.310653250670228,
    9.296816252529371
  ],
  "throuput": [
    17,
    43,
    95,
    169,
    265,
    390,
    508,
    649,
    807,
    960,
    1148,
    1327,
    1490,
    1696,
    1872,
    2073,
    2268,
    2448,
    2656,
    2862,
    3067,
    3284,
    3473,
    3668,
    3874,
    4055,
    4282,
    4475,
    4674,
    4891,
    5092,
    5298,
    5515,
    5707,
    5921,
    6116,
    6317,
    6519,
    6721,
    6939,
    7140,
    7343,
    7564,
    7770,
    7989,
    8188,
    8393,
    8612,
    8828,
    9001,
    9220,
    9442,
    9649,
    9854,
    10050,
    10256,
    10465,
    10687,
    10873
  ],
  "runningtime": [
    4.720645240942637
  ]
}