{
  "distance": [
    1035.7239918326625,
    1418.8703332640707,
    1775.943343094271,
    2029.6975157722256,
    2314.782265204647,
    2599.261500259803,
    2784.834883905511,
    2916.023142438768,
    3052.2695920887413,
    3264.6146620155837,
    3395.9470695357772,
    3565.945412365673,
    3633.8342144187977,
    3444.511319034529,
    3605.0772560570163,
    3744.1026065627602,
    3832.303825198681,
    3895.1390400821415,
    4020.3895453075183,
    4140.368993340308,
    4194.792443681808,
    4238.343533848726,
    4310.30656875437,
    4374.359827541682,
    4453.16171007287,
    4458.178013305533,
    4508.3451284976845,
    4328.654260428287,
    4394.913680612701,
    4462.050495803832,
    4489.532986722835,
    4571.209655774999,
    4618.274296442708,
    4660.481172904276,
    4674.922843298107,
    4727.87859901752,
    4719.498422062482,
    4780.800069418842,
    4799.152051764016,
    4813.740995902732,
    4860.108192306075,
    4874.814912176884,
    4759.669731708605,
    4777.662360213166,
    4810.5677493984795,
    4849.1441133142625,
    4864.6693545798635,
    4905.522250030847,
    4919.794037010237,
    4952.915529983615,
    4977.306791386081,
    4989.223237392785,
    5000.219313415399,
    5020.3155372215415,
    5034.147333632771,
    5043.259528234439,
    4940.749274243623,
    4955.7289093807785,
    4985.860251516305
  ],
  "speed": [
    9.86217071257604,
    9.835985506937968,
    9.874218004005398,
    9.853801331887064,
    9.917745752610791,
    9.923944501356369,
    9.939255789823767,
    9.919545800386455,
    9.929746019743755,
    9.93726051954417,
    9.93277218102345,
    9.935420824225337,
    9.93994166299223,
    9.941113260100574,
    9.931237960005607,
    9.916353125687115,
    9.906290510731418,
    9.89267745818221,
    9.88278494300626,
    9.881369330133802,
    9.870164009292571,
    9.857081137243629,
    9.849821081988528,
    9.838803285572018,
    9.826551462147586,
    9.820653373586937,
    9.809203826612174,
    9.80191363673517,
    9.789186701353788,
    9.766642967029572,
    9.75988905372413,
    9.751373813399285,
    9.735654139872107,
    9.72119991196851,
    9.709042947058517,
    9.696600947705495,
    9.680055107212379,
    9.671911113923928,
    9.659589207889049,
    9.644036608441251,
    9.629758014055072,
    9.620996505287136,
    9.61113609791606,
    9.597679802168107,
    9.585317956256619,
    9.573033852271813,
    9.565011065480462,
    9.553572154851516,
    9.546970571764781,
    9.5348141159729,
    9.523900355670719,
    9.512649302542247,
    9.5006017271422,
    9.489818807443415,
    9.478192593372023,
    9.467956617611247,
    9.457378729111173,
    9.443431774488367,
    9.43069762070681
  ],
  "throuput": [
    16,
    46,
    101,
    170,
    272,
    386,
    507,
    659,
    827,
    978,
    1145,
    1326,
    1511,
    1703,
    1892,
    2103,
    2280,
    2460,
    2662,
    2904,
    3097,
    3295,
    3491,
    3701,
    3895,
    4095,
    4329,
    4512,
    4711,
    4921,
    5119,
    5324,
    5531,
    5742,
    5944,
    6147,
    6343,
    6564,
    6771,
    6992,
    7179,
    7387,
    7599,
    7817,
    8016,
    8210,
    8424,
    8632,
    8855,
    9044,
    9256,
    9473,
    9662,
    9877,
    10083,
    10282,
    10497,
    10722,
    10920
  ],
  "runningtime": [
    5.053360978762309
  ]
}