{
  "distance": [
    1039.113197498544,
    1418.0858101062413,
    1775.8623895621138,
    2031.4782132106784,
    2310.8571210054306,
    2597.6288946867207,
    2782.9622677962416,
    2921.6621517771437,
    3060.505839348572,
    3275.87840483916,
    3408.182197991059,
    3578.4006150158384,
    3645.6604629300314,
    3454.1258052658213,
    3608.844047209237,
    3751.124040558984,
    3837.2492876543397,
    3901.1317191932712,
    4026.0129141083703,
    4146.26806957323,
    4206.482365242882,
    4250.149037972001,
    4323.124921359373,
    4388.416320434009,
    4468.8094638319,
    4471.85260997292,
    4522.949938569743,
    4342.403989602007,
    4411.360481807394,
    4483.675405694733,
    4509.28091125217,
    4588.989265885497,
    4637.115960378696,
    4678.8632027799395,
    4694.215160550495,
    4745.281085714883,
    4736.795608445551,
    4795.401936069584,
    4813.895969373508,
    4829.41605168386,
    4878.311670922221,
    4891.988067050645,
    4775.169676488621,
    4793.0446952019265,
    4825.326544154875,
    4863.036532336362,
    4874.552852137729,
    4916.606647552993,
    4929.476471877937,
    4962.1278973233075,
    4985.213029936455,
    4996.161343164392,
    5007.199130912216,
    5026.327133714553,
    5040.096545299107,
    5050.369312345697,
    4947.659285897745,
    4964.332461060095,
    4995.815123448887
  ],
  "speed": [
    9.90119036810259,
    9.842910691632271,
    9.886891602947262,
    9.877018429276873,
    9.91442971311204,
    9.928312798538556,
    9.946988350897517,
    9.957349895341222,
    9.972646628298376,
    9.990745233353381,
    9.994128722272926,
    9.999088399731193,
    10.00503625861916,
    10.006301272966848,
    9.985390564938903,
    9.979628923121643,
    9.967211328603275,
    9.960621296643547,
    9.955031094717624,
    9.955042593800838,
    9.95142941056156,
    9.937703089484934,
    9.93407856678714,
    9.927946862365937,
    9.919483369963624,
    9.908791285420175,
    9.89791382890509,
    9.88943412191892,
    9.88115297094918,
    9.86995721601315,
    9.859403496464932,
    9.848332034071996,
    9.836015686844341,
    9.823585209048842,
    9.815725417030034,
    9.80212177739366,
    9.78985742236185,
    9.777773142842022,
    9.76710975304277,
    9.753878652309405,
    9.743949616410573,
    9.733731952489602,
    9.722391864241489,
    9.708280245890318,
    9.694596893038543,
    9.682091039546329,
    9.667513054703097,
    9.659578335200568,
    9.650850255522682,
    9.638866541018269,
    9.626340416093718,
    9.613417793023237,
    9.601754923301137,
    9.588480179794752,
    9.575591400202574,
    9.567771111010641,
    9.558029693800089,
    9.546523523301735,
    9.536130216731253
  ],
  "throuput": [
    19,
    49,
    102,
    172,
    271,
    396,
    508,
    667,
    821,
    995,
    1151,
    1342,
    1536,
    1719,
    1920,
    2106,
    2305,
    2491,
    2699,
    2906,
    3096,
    3313,
    3516,
    3716,
    3901,
    4110,
    4321,
    4521,
    4720,
    4934,
    5132,
    5355,
    5567,
    5784,
    5982,
    6184,
    6402,
    6588,
    6801,
    6982,
    7207,
    7410,
    7633,
    7821,
    8042,
    8251,
    8459,
    8662,
    8876,
    9084,
    9286,
    9487,
    9686,
    9880,
    10092,
    10310,
    10519,
    10734,
    10938
  ],
  "runningtime": [
    5.448137187957764
  ]
}