{"total_trips": 3288.1682494623647, "trip_mean": 4791.290689671883, "trip_var": 7595035.830851096}