{
  "distance": [
    1063.71988284591,
    1488.134966484325,
    1845.0959949489518,
    2174.4425045274565,
    2431.62404380065,
    2685.183118029078,
    2904.533305802877,
    3086.7620692386013,
    3273.4129299497763,
    3399.612947288699,
    3543.5809801431833,
    3296.1851494942566,
    3474.186988564817,
    3625.3889159077867,
    3764.2511795635696,
    3887.1062390378493,
    3990.045014411295,
    4075.900703598962,
    4178.450853168992,
    4244.34918811729,
    4307.298921845158,
    4353.280975938178,
    4432.715074653661,
    4212.34331595338,
    4295.145164455765,
    4369.398327490153,
    4436.915564234675,
    4487.798817002454,
    4564.110977157919,
    4601.843813820896,
    4659.5026133650945,
    4685.864584825455,
    4731.5228085956805,
    4770.81553391542,
    4799.416078868668,
    4626.859471688111,
    4681.491884313245,
    4730.45713335439,
    4782.97323676924,
    4808.509744433068,
    4854.4133238475515,
    4884.4680644482405,
    4916.156604391972,
    4945.000864732811,
    4964.342979469679,
    4981.033046675362,
    5018.648585488385,
    4870.277841453163,
    4908.745361650997,
    4937.747338690063,
    4968.313174919852,
    4998.962410739391,
    5028.1881291066275,
    5046.625588210628,
    5069.3204666597785,
    5084.648332047847,
    5095.4263713611745,
    5110.848428315956,
    5140.514825784955
  ],
  "speed": [
    10.752095783004258,
    10.667068512091934,
    10.565091163361577,
    10.526246484245215,
    10.42812623222642,
    10.354727058869063,
    10.2796634675596,
    10.202911988869952,
    10.140093219072865,
    10.0875237351893,
    10.048419597411756,
    10.035998360146445,
    9.98108829925437,
    9.914241348943486,
    9.86401666652179,
    9.822600386556333,
    9.772465573458526,
    9.727299814929989,
    9.684866005727166,
    9.645415354513283,
    9.605511906550408,
    9.560312657978603,
    9.519319904919625,
    9.492439045168458,
    9.45032409069168,
    9.40733827644792,
    9.36611363361996,
    9.329436905996873,
    9.298387216516424,
    9.268500986555756,
    9.240705497267589,
    9.20700868224784,
    9.177645684338888,
    9.146118893676931,
    9.121344236366083,
    9.10016275298329,
    9.077821742814573,
    9.04949493800527,
    9.018394181968453,
    8.991664445545023,
    8.967660926815064,
    8.944675470609134,
    8.919931804580495,
    8.894213925757095,
    8.870662836362529,
    8.8462764357749,
    8.822776958317851,
    8.806293210541925,
    8.783413402089698,
    8.760290037062921,
    8.737778796647223,
    8.717447672637663,
    8.69547956319675,
    8.672477064701447,
    8.650515505645664,
    8.626897902450182,
    8.602131296873887,
    8.578789299647932,
    8.556320892075497
  ],
  "throuput": [
    19,
    73,
    142,
    310,
    517,
    794,
    1135,
    1492,
    1890,
    2326,
    2799,
    3296,
    3767,
    4258,
    4750,
    5291,
    5777,
    6315,
    6825,
    7316,
    7838,
    8357,
    8911,
    9443,
    9965,
    10514,
    11054,
    11606,
    12156,
    12717,
    13289,
    13791,
    14355,
    14900,
    15449,
    16005,
    16549,
    17103,
    17682,
    18271,
    18801,
    19343,
    19910,
    20446,
    21006,
    21585,
    22168,
    22705,
    23276,
    23847,
    24406,
    24955,
    25546,
    26092,
    26613,
    27186,
    27711,
    28276,
    28827
  ],
  "runningtime": [
    39.530715163548784
  ]
}