{
  "distance": [
    1070.1643818831735,
    1502.8512480259665,
    1862.838145557679,
    2197.9895671069216,
    2461.5233286458524,
    2720.6859426546794,
    2945.835656244802,
    3139.8591285305756,
    3333.2873599701743,
    3458.841270142043,
    3610.0663033053866,
    3356.879182607058,
    3541.376510250765,
    3695.3093318853507,
    3835.5518518570566,
    3957.762416155725,
    4060.251682204904,
    4145.681311741076,
    4248.464025364218,
    4314.965912034038,
    4377.222166136798,
    4423.409342816029,
    4503.204095821528,
    4279.66139772378,
    4363.869694025617,
    4437.833000849496,
    4504.1794920807015,
    4554.030069647023,
    4630.642671357155,
    4666.731754804654,
    4724.256459920857,
    4750.386265635997,
    4793.672461678941,
    4833.229551570224,
    4859.209753326201,
    4684.759901357317,
    4738.947772737565,
    4787.066720113565,
    4839.727645023369,
    4865.49062762595,
    4909.9090948426665,
    4938.235852234134,
    4970.125690880188,
    4997.053100722501,
    5014.974886553192,
    5030.36759039702,
    5067.2364988792015,
    4916.549598648475,
    4954.66479323591,
    4984.12258645724,
    5015.000726797795,
    5044.007386131016,
    5072.617670194175,
    5090.651697164035,
    5113.097633632528,
    5129.375692118726,
    5141.535016412502,
    5157.222713858561,
    5186.475181171344
  ],
  "speed": [
    10.8187801210439,
    10.771309822383374,
    10.667464463615064,
    10.648236493380429,
    10.56715220938988,
    10.512784146216072,
    10.452043438479208,
    10.413789317715391,
    10.377171366914283,
    10.330133980639848,
    10.311425255075887,
    10.30316169295779,
    10.269009682965113,
    10.216374128194516,
    10.179838887266415,
    10.145324966735311,
    10.100666837111325,
    10.06273414321467,
    10.029172180057019,
    9.998236349250082,
    9.963474945586187,
    9.923933626623176,
    9.88969398094902,
    9.8703052363917,
    9.835112537875881,
    9.798267359791142,
    9.760338199704005,
    9.727884580231233,
    9.701840709924285,
    9.673802038962648,
    9.649661276284057,
    9.620514086305937,
    9.591908272784503,
    9.56583298775752,
    9.540525013989344,
    9.523407385609199,
    9.502149570961977,
    9.475028572901705,
    9.44726764706359,
    9.424175004841398,
    9.39973980574959,
    9.376124160144391,
    9.3537149538377,
    9.327995240182657,
    9.305062037765838,
    9.282307895667598,
    9.260184912556033,
    9.244663497335887,
    9.222838244049447,
    9.201508901818174,
    9.180572733474062,
    9.158883034141853,
    9.13743222771761,
    9.115199539864737,
    9.09422529728568,
    9.07374425633798,
    9.052913608481697,
    9.031940223624753,
    9.010231713780055
  ],
  "throuput": [
    19,
    68,
    150,
    322,
    541,
    816,
    1151,
    1544,
    1959,
    2408,
    2861,
    3385,
    3899,
    4428,
    4952,
    5462,
    5974,
    6542,
    7041,
    7534,
    8056,
    8582,
    9146,
    9675,
    10244,
    10825,
    11366,
    11886,
    12457,
    13004,
    13572,
    14124,
    14680,
    15211,
    15762,
    16317,
    16894,
    17474,
    18052,
    18599,
    19147,
    19696,
    20262,
    20830,
    21406,
    21969,
    22525,
    23085,
    23665,
    24197,
    24800,
    25357,
    25917,
    26471,
    27027,
    27579,
    28115,
    28692,
    29255
  ],
  "runningtime": [
    11.232158374786376
  ]
}