{
  "distance": [
    1082.971493822334,
    1526.7381447604494,
    1904.3277451601432,
    2246.56247523009,
    2522.9539365532414,
    2787.894160826654,
    3026.839969277761,
    3226.3128048713256,
    3421.3038992130596,
    3550.3103209508945,
    3696.0116431834344,
    3426.6622068760626,
    3609.9622348060084,
    3771.684330646059,
    3914.4399595282134,
    4039.237759488164,
    4145.940709703055,
    4232.880418805734,
    4337.427710707604,
    4401.870254981914,
    4464.7500221892615,
    4511.512922379079,
    4590.431957015328,
    4359.261120780278,
    4442.617230218484,
    4518.47496145005,
    4587.378319771977,
    4637.072480983392,
    4710.906327992824,
    4745.173877415194,
    4799.765984096254,
    4825.509028404198,
    4869.4391173077,
    4907.573567970181,
    4931.55524072279,
    4751.992081808831,
    4804.562680680662,
    4853.905527450128,
    4908.510321210189,
    4933.333358385348,
    4976.603129550646,
    5002.518646405505,
    5030.836028693668,
    5057.253473892678,
    5073.581672007903,
    5088.553911553002,
    5124.79546054904,
    4971.522282438414,
    5010.809568919033,
    5039.292111860807,
    5069.459177773625,
    5098.0357124476195,
    5126.14377671807,
    5143.587723628139,
    5164.9219737826525,
    5180.423464111529,
    5190.795865050625,
    5206.466912924367,
    5235.705724851039
  ],
  "speed": [
    10.950509662608205,
    10.947130064319273,
    10.911099555243343,
    10.891470304518416,
    10.848668475286498,
    10.807473013490235,
    10.794474906303547,
    10.775024217026129,
    10.74984916779146,
    10.724825426268344,
    10.701883686273943,
    10.678361170245434,
    10.641076412625921,
    10.60806613529522,
    10.581626607342967,
    10.55816801222583,
    10.53262578044643,
    10.504259233469316,
    10.479555036578304,
    10.451916868344451,
    10.429955697380187,
    10.404851871182625,
    10.378951627463598,
    10.36282774272857,
    10.332122600000588,
    10.305468542124684,
    10.278995136465866,
    10.252635429551704,
    10.227229513836539,
    10.203477446380976,
    10.179478432126992,
    10.154936275409458,
    10.131974779290617,
    10.110208528284197,
    10.088567420313991,
    10.072006639844709,
    10.050378258156178,
    10.028912703700255,
    10.007827637722421,
    9.986096614416615,
    9.963219760750432,
    9.940065197305792,
    9.915833115321464,
    9.89166129189049,
    9.86878242334048,
    9.846633744963858,
    9.825163824910405,
    9.809024459640685,
    9.789401327657796,
    9.76746492061214,
    9.74616633426074,
    9.723618801219454,
    9.702242257253582,
    9.679698744379683,
    9.657232929543195,
    9.635936443086688,
    9.61320730489151,
    9.593347407823185,
    9.572345617934834
  ],
  "throuput": [
    22,
    67,
    156,
    325,
    565,
    879,
    1224,
    1633,
    2086,
    2543,
    3028,
    3528,
    4043,
    4570,
    5118,
    5665,
    6199,
    6726,
    7255,
    7804,
    8349,
    8897,
    9462,
    10018,
    10572,
    11139,
    11699,
    12267,
    12815,
    13401,
    13924,
    14459,
    15044,
    15604,
    16150,
    16706,
    17270,
    17876,
    18422,
    19011,
    19589,
    20156,
    20678,
    21231,
    21783,
    22346,
    22882,
    23475,
    24055,
    24626,
    25176,
    25743,
    26318,
    26878,
    27425,
    27985,
    28535,
    29097,
    29636
  ],
  "runningtime": [
    18.982300718625385
  ]
}