{
  "distance": [
    977.0078573222024,
    1292.1156618916411,
    1578.1911442384296,
    1830.122286892413,
    2087.519409809164,
    2298.328550340151,
    2475.5889285608464,
    2643.547859005775,
    2810.441164495397,
    2953.0222731898752,
    3055.208495136091,
    3163.017878466743,
    2919.816872563056,
    3084.6087767468266,
    3223.2748782274452,
    3341.2922368632344,
    3447.6608305122277,
    3553.878616056806,
    3649.332982751506,
    3733.590915990038,
    3814.6055963097647,
    3867.7880747145923,
    3931.4141885415233,
    3988.6863217012133,
    4031.744349617377,
    4090.5479468858452,
    3887.639419494901,
    3952.093441758347,
    4023.835647388106,
    4082.5742181184587,
    4147.242218503771,
    4190.64027537286,
    4233.302891477389,
    4275.598713234818,
    4310.872316307444,
    4354.133574081322,
    4361.68791951793,
    4410.554585111535,
    4427.500181203946,
    4461.376472649658,
    4302.971558706558,
    4335.002691591666,
    4392.361115159953,
    4415.469075387119,
    4442.285004887773,
    4469.136824681357,
    4508.9373684424645,
    4530.609155307226,
    4554.294245196394,
    4568.829112941626,
    4594.63635342814,
    4615.994105294622,
    4619.963658615938,
    4644.0934487547975,
    4522.996485138121,
    4549.609407424041,
    4570.588355835852,
    4598.312332790249,
    4621.102351427537
  ],
  "speed": [
    8.916882600575747,
    8.781159264979644,
    8.692933355183863,
    8.660903655006637,
    8.60354012657703,
    8.586810728150411,
    8.541438279990768,
    8.51617994639795,
    8.49398496813368,
    8.478418098813483,
    8.48399089797302,
    8.477724315517381,
    8.467474245859258,
    8.469508016214036,
    8.453342569380233,
    8.439765258744297,
    8.429127916923186,
    8.421828931953907,
    8.414530950989656,
    8.402454217963468,
    8.39414785105858,
    8.387533212060381,
    8.376136076085848,
    8.377184492653143,
    8.371277640139803,
    8.366199449092763,
    8.364674586295216,
    8.364790692835836,
    8.3553017378924,
    8.354112635444915,
    8.349849096536685,
    8.341051719187666,
    8.332070137592394,
    8.322266333216449,
    8.314777325817808,
    8.30801136239592,
    8.301826421068926,
    8.293884572739874,
    8.288870204850625,
    8.28449984118734,
    8.282644011742308,
    8.278217816515248,
    8.274822813280412,
    8.273356139851076,
    8.26800264878333,
    8.261842689489344,
    8.256656643500524,
    8.250043498399483,
    8.24352806275439,
    8.238710015477453,
    8.23402069434306,
    8.228076017319943,
    8.225304374577389,
    8.221098946341561,
    8.219643419692527,
    8.214477299707475,
    8.209661917950433,
    8.205430175838082,
    8.198612991856534
  ],
  "throuput": [
    20,
    65,
    146,
    264,
    389,
    585,
    812,
    1033,
    1292,
    1580,
    1885,
    2176,
    2479,
    2784,
    3088,
    3434,
    3787,
    4135,
    4481,
    4839,
    5183,
    5517,
    5883,
    6249,
    6617,
    6960,
    7316,
    7692,
    8057,
    8411,
    8795,
    9131,
    9484,
    9881,
    10247,
    10588,
    10968,
    11323,
    11697,
    12082,
    12478,
    12829,
    13203,
    13582,
    13973,
    14308,
    14665,
    15021,
    15391,
    15767,
    16143,
    16515,
    16875,
    17236,
    17586,
    17953,
    18324,
    18706,
    19080
  ],
  "runningtime": [
    10.078252073129018
  ]
}