{
  "distance": [
    989.9146770024364,
    1317.3479744079025,
    1609.1705552233698,
    1864.99971324817,
    2130.8434317802253,
    2344.962150693639,
    2531.3842820377104,
    2699.0879516735395,
    2870.064454675538,
    3021.801603524461,
    3122.638014833103,
    3229.7598446091124,
    2978.867861941285,
    3146.6597231577175,
    3284.8251862268476,
    3400.259574471092,
    3507.323970054186,
    3612.8539305147287,
    3706.9408704761922,
    3789.0553484183824,
    3870.182343867515,
    3919.1655539147678,
    3984.0457917900344,
    4036.540981912275,
    4081.243152855355,
    4138.970475030131,
    3931.294948825871,
    3993.3672066176596,
    4064.484271843612,
    4120.312043058964,
    4181.9115007207765,
    4225.884131023622,
    4267.050559033779,
    4310.757502427182,
    4343.1969748161255,
    4387.15019941574,
    4391.792520205721,
    4440.216395139382,
    4457.335575884179,
    4490.046893973625,
    4330.457648544859,
    4362.069150817897,
    4419.031011464479,
    4441.479323365615,
    4468.886477883369,
    4495.499229104796,
    4534.147958556903,
    4555.00164243309,
    4577.868209917032,
    4591.709751362804,
    4615.745932123621,
    4638.399406025848,
    4640.93121391082,
    4664.543073797077,
    4543.764917626425,
    4570.044526806904,
    4591.380546897078,
    4618.243375536398,
    4641.958097019176
  ],
  "speed": [
    9.038360165526177,
    8.961349368067554,
    8.871834831852414,
    8.839842524277785,
    8.801937633623284,
    8.78765957546833,
    8.764733236024956,
    8.731192508421602,
    8.717931988406479,
    8.730401679710724,
    8.734685859227811,
    8.732312385159572,
    8.726160957423614,
    8.739692184431782,
    8.726069128078269,
    8.712162059841868,
    8.705051361678212,
    8.698934095370088,
    8.692969394697387,
    8.680085436239,
    8.6745520133121,
    8.66590332800223,
    8.661896641237128,
    8.65588217816383,
    8.655477809450966,
    8.651110389921348,
    8.649968330311,
    8.647030525459027,
    8.636267678709691,
    8.630783450714823,
    8.621201103357569,
    8.614186815742048,
    8.605365880146882,
    8.601471506305169,
    8.590347754451583,
    8.585571532523865,
    8.576771034187185,
    8.56956767006542,
    8.566784576090718,
    8.561700708929601,
    8.56026344752459,
    8.55453602244065,
    8.549371813508436,
    8.545574765468272,
    8.540307561867234,
    8.5322900060038,
    8.524692197822107,
    8.517515257880898,
    8.510954606606866,
    8.506405643130808,
    8.499151895479725,
    8.495913708331813,
    8.491762297107647,
    8.487574432294085,
    8.488083416191289,
    8.482445641086326,
    8.478669774889456,
    8.473472795289313,
    8.468776753621686
  ],
  "throuput": [
    24,
    68,
    148,
    269,
    409,
    599,
    817,
    1070,
    1334,
    1633,
    1940,
    2259,
    2559,
    2887,
    3211,
    3539,
    3892,
    4250,
    4607,
    4949,
    5305,
    5659,
    6016,
    6361,
    6726,
    7102,
    7443,
    7806,
    8182,
    8538,
    8914,
    9253,
    9637,
    10021,
    10381,
    10729,
    11100,
    11461,
    11833,
    12205,
    12588,
    12936,
    13299,
    13675,
    14058,
    14400,
    14771,
    15165,
    15552,
    15915,
    16264,
    16638,
    17012,
    17363,
    17715,
    18078,
    18461,
    18847,
    19212
  ],
  "runningtime": [
    11.99716553290685
  ]
}