{
  "distance": [
    1019.1520496177862,
    1355.660919430893,
    1659.637444219986,
    1915.9675212497768,
    2178.914981391192,
    2388.5620195828255,
    2577.3985690953514,
    2746.8860976845235,
    2916.247218127488,
    3061.949551160333,
    3163.2975672948623,
    3271.839082595807,
    3014.611830322177,
    3183.428978524305,
    3325.8688613130257,
    3443.9176213498713,
    3552.1636008005494,
    3654.532763766846,
    3749.053690026786,
    3832.8072256444625,
    3914.521613885065,
    3963.3496370799153,
    4025.4422747670096,
    4077.3048225570756,
    4118.015301206886,
    4175.664455095117,
    3967.7686326923235,
    4030.202323778837,
    4106.103527749144,
    4162.555505108966,
    4224.64241607321,
    4266.8642367583825,
    4306.751124853309,
    4346.691273517892,
    4381.336396082339,
    4422.646621308559,
    4428.418677020002,
    4475.8338790189455,
    4491.672933800873,
    4522.818971128435,
    4362.024752427833,
    4393.568131456833,
    4448.168352205771,
    4468.689667317917,
    4495.258080888985,
    4521.833943622892,
    4561.158010021447,
    4582.340274108968,
    4605.926100649567,
    4618.9216505411405,
    4643.682264226534,
    4665.254933021256,
    4666.956997189774,
    4689.246141897489,
    4566.624420124528,
    4593.646907672202,
    4613.718574133297,
    4641.0269977435255,
    4664.533938765749
  ],
  "speed": [
    9.301426386121669,
    9.220258203321755,
    9.158589831425271,
    9.091672146833329,
    9.017701296568445,
    8.976055328420546,
    8.956828586391675,
    8.928346447410544,
    8.91018150528492,
    8.905667511075805,
    8.913223144328654,
    8.915238085829333,
    8.903178681254582,
    8.914979455792905,
    8.910244438821977,
    8.901950830318103,
    8.8962245769071,
    8.88584249662549,
    8.881344304642159,
    8.87244934997325,
    8.868984788478986,
    8.86396860677174,
    8.857539423559292,
    8.8540704643965,
    8.849708469734761,
    8.849423340570976,
    8.854938092442696,
    8.854882071852375,
    8.856610210085607,
    8.856353661595834,
    8.85230363775957,
    8.847296241209309,
    8.83975028462285,
    8.831397132551743,
    8.827724910885555,
    8.821597175262013,
    8.817555365118958,
    8.810412257591485,
    8.808168545397223,
    8.80326695482471,
    8.803380867159474,
    8.799433038433113,
    8.792305485208296,
    8.786354754248636,
    8.780130338414118,
    8.774026356033948,
    8.76875923431614,
    8.763533150861443,
    8.758503188523026,
    8.75158789910672,
    8.747012248189872,
    8.743097817262516,
    8.739784018883046,
    8.734351991412685,
    8.734294091906124,
    8.73180261950454,
    8.727263366305852,
    8.723429540497087,
    8.719529961034226
  ],
  "throuput": [
    23,
    69,
    155,
    269,
    424,
    618,
    859,
    1090,
    1373,
    1667,
    1979,
    2288,
    2589,
    2918,
    3249,
    3572,
    3950,
    4325,
    4658,
    5005,
    5382,
    5752,
    6090,
    6451,
    6825,
    7184,
    7546,
    7916,
    8276,
    8671,
    9048,
    9397,
    9768,
    10140,
    10501,
    10855,
    11223,
    11577,
    11972,
    12336,
    12692,
    13083,
    13432,
    13793,
    14171,
    14529,
    14889,
    15274,
    15627,
    15993,
    16386,
    16766,
    17123,
    17472,
    17866,
    18221,
    18600,
    18962,
    19350
  ],
  "runningtime": [
    14.943645632266998
  ]
}