{
  "distance": [
    1204.2357118039201,
    1681.8642972641064,
    2100.101210128947,
    2431.4706812931677,
    2832.1603114553754,
    3113.453412711607,
    3401.6308445505574,
    3587.924393256851,
    3826.38150288601,
    4036.5197302145734,
    4243.570844336833,
    4355.250542067885,
    4462.276456596433,
    4552.208417732172,
    4675.615285348589,
    4771.38385092269,
    4808.749601754633,
    4880.463359569004,
    4941.164337865051,
    5001.400847105573,
    5008.523432069358,
    5033.388911935912,
    5079.413551748009,
    5115.769025241552,
    5109.449244353869,
    5141.178768041414,
    5153.185436044059,
    5141.281933950022,
    5162.85588229657,
    4602.42393172055,
    4687.474400075505,
    4788.521235827552,
    4856.0390117406905,
    4927.885292388194,
    4999.823212474878,
    5080.117198347099,
    5087.672362805063,
    5176.073599518934,
    5214.925013163452,
    5275.566445811603,
    5321.4320308146725,
    5363.00383504214,
    5372.885092492538,
    5402.734089393049,
    5439.3516951689435,
    5430.926619232238,
    5485.041357935596,
    5481.825280065315,
    5518.07821353847,
    5515.184135524215,
    5534.960274759681,
    5536.490598429313,
    5562.120498137608,
    5566.726372264281,
    5558.073574542475,
    5561.748219180928,
    5551.0707550036595,
    5554.382249821566,
    5557.163056280085
  ],
  "speed": [
    10.427617229762202,
    10.274534166858249,
    10.233598279536407,
    10.211682963039628,
    10.206881759012681,
    10.123762729950128,
    10.142897967413234,
    10.137184371966887,
    10.134654735883137,
    10.133944431060808,
    10.150576580336761,
    10.149540897767116,
    10.139726451624217,
    10.125337011291418,
    10.11918375150995,
    10.114476247340264,
    10.122610501599207,
    10.118681787356007,
    10.112225070217292,
    10.092889714055177,
    10.09509579827857,
    10.08832600055579,
    10.08128286959241,
    10.082231430994883,
    10.091909321915157,
    10.107442184612793,
    10.118392003759345,
    10.12189745944254,
    10.119532783702773,
    10.120027611351366,
    10.13789560075683,
    10.142702284701205,
    10.14030908127569,
    10.139504830921576,
    10.145693073401114,
    10.144953830901711,
    10.146521502161987,
    10.151616618344725,
    10.156805774337592,
    10.164176626563265,
    10.169189676701833,
    10.161713692028865,
    10.150894843141819,
    10.145445385651566,
    10.145514905972401,
    10.150483011678205,
    10.151849776519915,
    10.151637140507733,
    10.146373902973714,
    10.147746514752228,
    10.150923599632621,
    10.156110430969003,
    10.161353388589227,
    10.161911651055885,
    10.163571093999927,
    10.161307808158941,
    10.162271564127089,
    10.167656215736125,
    10.16917020329465
  ],
  "throuput": [
    9,
    27,
    69,
    118,
    197,
    284,
    370,
    457,
    575,
    688,
    817,
    946,
    1066,
    1186,
    1322,
    1432,
    1554,
    1704,
    1831,
    1954,
    2080,
    2200,
    2337,
    2451,
    2584,
    2751,
    2873,
    2995,
    3120,
    3241,
    3361,
    3482,
    3599,
    3726,
    3863,
    3985,
    4123,
    4237,
    4350,
    4476,
    4633,
    4747,
    4872,
    5005,
    5135,
    5274,
    5424,
    5550,
    5665,
    5800,
    5946,
    6087,
    6209,
    6358,
    6480,
    6602,
    6722,
    6863,
    6971
  ],
  "runningtime": [
    3.094421168168386
  ]
}