{
  "distance": [
    1214.0968073025106,
    1703.2346887891947,
    2130.4570893513496,
    2470.0521347032873,
    2884.4814918898132,
    3199.2574681197657,
    3505.7785389374917,
    3693.7070312399314,
    3939.0275758101902,
    4151.632187258672,
    4354.515910074558,
    4466.819055706634,
    4574.510850695939,
    4671.999766346426,
    4796.520670085425,
    4887.853194795717,
    4913.229351124281,
    4979.373639520416,
    5040.924163605942,
    5102.294956918504,
    5105.323497508882,
    5129.9425994395,
    5172.966950937769,
    5200.042785251269,
    5184.54514012201,
    5208.029609166151,
    5213.18572360359,
    5202.441003376251,
    5219.63205632957,
    4654.197572689738,
    4739.192638317956,
    4838.068267262967,
    4907.545251556991,
    4976.207485801195,
    5046.750221232818,
    5129.083618133727,
    5138.222880254046,
    5225.547844412313,
    5261.898485271311,
    5319.608181902371,
    5364.828243602942,
    5409.376737091723,
    5423.615630063069,
    5453.079394776036,
    5488.733656659136,
    5475.186417104168,
    5527.851729905106,
    5523.393571996802,
    5560.533594439021,
    5555.846922239691,
    5572.938340289297,
    5574.875411160302,
    5599.820696035094,
    5603.154749729582,
    5592.983484920094,
    5598.959278731563,
    5587.059165223599,
    5587.938003255287,
    5588.8309308981015
  ],
  "speed": [
    10.51604381887666,
    10.405646281243701,
    10.387484244290315,
    10.391973618720694,
    10.42315744271549,
    10.435018549256476,
    10.486558610258317,
    10.476206358366719,
    10.485737819088877,
    10.488926795522616,
    10.494050047404441,
    10.503212179780332,
    10.49767360285742,
    10.508034137650275,
    10.509450453748116,
    10.506669849170333,
    10.505385913431942,
    10.49938114942004,
    10.499662736636827,
    10.489825495243418,
    10.497389398094196,
    10.5087033557976,
    10.510625033563416,
    10.508994794251798,
    10.51617829167507,
    10.524265506564596,
    10.527921454985828,
    10.539643596625218,
    10.536060787592472,
    10.540218371074383,
    10.55641687063157,
    10.55731535609571,
    10.562154629984171,
    10.559624935787049,
    10.568598552197418,
    10.575883840269947,
    10.58085286986352,
    10.583689568933424,
    10.585201469692183,
    10.588505478246656,
    10.591741001530677,
    10.590040858043446,
    10.590029145457564,
    10.586539067529216,
    10.5884417203863,
    10.586836845035482,
    10.585458883621966,
    10.584750827939228,
    10.584561269264857,
    10.58732782863184,
    10.587553676261106,
    10.595187594344981,
    10.602133756399933,
    10.603084917050177,
    10.602845825286307,
    10.605755498111238,
    10.607936710618295,
    10.613055942486477,
    10.61587185069584
  ],
  "throuput": [
    8,
    29,
    70,
    128,
    202,
    288,
    379,
    471,
    598,
    708,
    846,
    977,
    1100,
    1225,
    1359,
    1488,
    1614,
    1741,
    1872,
    2003,
    2155,
    2275,
    2406,
    2528,
    2657,
    2796,
    2915,
    3046,
    3164,
    3289,
    3411,
    3532,
    3667,
    3802,
    3937,
    4038,
    4170,
    4284,
    4409,
    4528,
    4678,
    4806,
    4933,
    5060,
    5201,
    5327,
    5476,
    5598,
    5737,
    5857,
    5990,
    6137,
    6272,
    6399,
    6516,
    6654,
    6779,
    6922,
    7044
  ],
  "runningtime": [
    3.2266414562861123
  ]
}