{
  "distance": [
    1229.224902583981,
    1727.7691725338627,
    2160.419810261362,
    2504.631230346718,
    2924.6594141365003,
    3250.609685832172,
    3550.036004499921,
    3741.2590574287874,
    3984.5981453576405,
    4199.506175350618,
    4399.57908600547,
    4502.779161503486,
    4607.6862279842935,
    4703.817684987864,
    4829.3056183549825,
    4925.592520466713,
    4947.653410972109,
    5011.536527583549,
    5072.689536623709,
    5131.9651491394825,
    5134.223366814999,
    5153.5517596811915,
    5194.737443840476,
    5221.094228487685,
    5201.411257624682,
    5222.57338886501,
    5230.544896385236,
    5216.105901618343,
    5237.408836125166,
    4665.739297852508,
    4749.32567406457,
    4847.949207935451,
    4913.7889318502275,
    4984.214294821644,
    5055.461009643841,
    5134.762559070691,
    5143.466029541556,
    5233.120549675878,
    5270.584970636971,
    5328.30784233307,
    5371.2057074289905,
    5416.919889847192,
    5431.315587040119,
    5462.331293251426,
    5501.62059460255,
    5489.451865435313,
    5540.791191268021,
    5537.072594341874,
    5573.752999096881,
    5568.695644055614,
    5585.258011507217,
    5584.277058941971,
    5606.943693127691,
    5610.047302261139,
    5600.822347139916,
    5604.898441800651,
    5592.5940972151375,
    5592.556135323098,
    5593.153017236199
  ],
  "speed": [
    10.646374355462868,
    10.549913981202572,
    10.537969398623789,
    10.547508919942599,
    10.572153919568944,
    10.606510970033664,
    10.623577885002137,
    10.621407700225499,
    10.623917100872202,
    10.634517270196703,
    10.638621345581672,
    10.630401414226446,
    10.6190599574812,
    10.621546327771155,
    10.627246037966346,
    10.633978641912917,
    10.631552415943972,
    10.627954205992156,
    10.628915963836759,
    10.622142369420635,
    10.63150910822957,
    10.63398780678372,
    10.637157095472658,
    10.636733741493671,
    10.640181763410244,
    10.646371720341858,
    10.656319526530211,
    10.66367968214319,
    10.670739445679196,
    10.670282892326304,
    10.685586192706205,
    10.687902734311505,
    10.688929347961976,
    10.689870242875221,
    10.697450058875983,
    10.695865537353507,
    10.698998896240386,
    10.703346136049339,
    10.704199109729409,
    10.70580810243084,
    10.705772839974566,
    10.705960371606054,
    10.708190260801757,
    10.70712612001544,
    10.712609570096674,
    10.714121025412753,
    10.713323258152624,
    10.71666425181817,
    10.716926971315997,
    10.719338624334998,
    10.71852567752197,
    10.722453984769142,
    10.725990729699658,
    10.726378390899049,
    10.727624840587097,
    10.728629975868412,
    10.73147782413025,
    10.734846616818134,
    10.737117661269544
  ],
  "throuput": [
    8,
    29,
    75,
    127,
    199,
    288,
    381,
    484,
    609,
    727,
    863,
    989,
    1106,
    1238,
    1360,
    1500,
    1637,
    1761,
    1888,
    2027,
    2155,
    2302,
    2416,
    2542,
    2680,
    2808,
    2929,
    3060,
    3195,
    3312,
    3425,
    3565,
    3686,
    3815,
    3927,
    4051,
    4174,
    4292,
    4415,
    4538,
    4692,
    4817,
    4949,
    5061,
    5209,
    5344,
    5502,
    5621,
    5747,
    5871,
    6001,
    6156,
    6281,
    6404,
    6530,
    6672,
    6803,
    6924,
    7062
  ],
  "runningtime": [
    3.4555566350619
  ]
}