{
  "distance": [
    1234.4987918777836,
    1739.1646454642294,
    2165.381282045101,
    2512.0224034965504,
    2934.9407077142714,
    3253.7600963881564,
    3562.344357033779,
    3750.046544552201,
    4003.4207659746016,
    4213.672794477881,
    4415.251557023733,
    4518.083359189237,
    4627.22855773638,
    4726.329007270781,
    4849.667642657104,
    4947.217213160009,
    4969.504543606068,
    5034.480033629878,
    5093.791714065146,
    5159.06335821736,
    5157.728824065939,
    5177.505362310573,
    5220.997073938237,
    5248.448870048284,
    5228.15031732412,
    5250.800022398551,
    5253.866962001763,
    5238.900544392857,
    5257.098037868966,
    4681.788238247274,
    4762.019715352717,
    4861.513500940839,
    4926.027800425511,
    4997.553305313577,
    5066.02727767474,
    5147.137812066096,
    5154.576514838026,
    5241.795870818503,
    5275.548264686457,
    5330.174356548207,
    5372.253485848546,
    5416.033171652295,
    5429.817428915826,
    5459.721412001725,
    5497.8916341486965,
    5484.714248120031,
    5539.097166882832,
    5534.279653129113,
    5571.913623469289,
    5567.277366571669,
    5583.031679941589,
    5582.473371361898,
    5603.947551024651,
    5606.805576643886,
    5597.796560106894,
    5603.181733914129,
    5590.191890843821,
    5590.0672940269405,
    5591.834747075637
  ],
  "speed": [
    10.690286474650973,
    10.62589828496781,
    10.568660882999666,
    10.587312106853178,
    10.623538236569045,
    10.63246696108433,
    10.682667279410294,
    10.677937941892564,
    10.712179529624308,
    10.709401032499436,
    10.71636725944126,
    10.709160419927125,
    10.709368259932443,
    10.720914943540436,
    10.722831222115659,
    10.734513266615796,
    10.735236231726992,
    10.73839761993176,
    10.743600976795982,
    10.749050281660383,
    10.755883111050425,
    10.763050656551046,
    10.773096154149336,
    10.779794424304901,
    10.786708311741783,
    10.800251478754689,
    10.807310788091657,
    10.819450531723016,
    10.821394467947423,
    10.817789291345035,
    10.82611696242161,
    10.833407675910149,
    10.831033582980266,
    10.83471228030549,
    10.837842172646658,
    10.838834961947285,
    10.839780115465404,
    10.84145632324132,
    10.837514394100655,
    10.832703032385153,
    10.829524480834634,
    10.823545870201935,
    10.820907583720837,
    10.816334453234374,
    10.815789264644183,
    10.81271778508499,
    10.813122113613282,
    10.809688450744074,
    10.809407823380788,
    10.812032836103445,
    10.809746515383338,
    10.81329454440278,
    10.812646695620838,
    10.810967186209004,
    10.810807440106148,
    10.81245475224267,
    10.810919454178729,
    10.812626828165158,
    10.81636314712855
  ],
  "throuput": [
    8,
    32,
    77,
    129,
    204,
    291,
    394,
    494,
    617,
    732,
    872,
    992,
    1109,
    1236,
    1374,
    1510,
    1644,
    1789,
    1910,
    2031,
    2170,
    2317,
    2432,
    2561,
    2701,
    2828,
    2961,
    3081,
    3198,
    3320,
    3452,
    3588,
    3693,
    3832,
    3947,
    4067,
    4189,
    4320,
    4433,
    4556,
    4693,
    4821,
    4952,
    5065,
    5192,
    5353,
    5481,
    5611,
    5743,
    5885,
    6016,
    6146,
    6273,
    6405,
    6522,
    6669,
    6786,
    6928,
    7048
  ],
  "runningtime": [
    3.574038569132487
  ]
}