{
  "distance": [
    1123.5067335984495,
    1637.9050756060135,
    2075.5620422494494,
    2386.9283722328587,
    2640.6752546949106,
    2957.7978985614386,
    3174.5562311131926,
    3296.624512594693,
    3442.1697558703772,
    3586.791968396916,
    3727.079815890428,
    3829.539794621316,
    3969.288623608853,
    4034.1261670763092,
    4083.5679087283743,
    4144.424900500074,
    4081.3972933728655,
    4062.3906073228336,
    4116.131740922833,
    4154.58792930606,
    4086.7208492526124,
    4101.51357046357,
    4108.969028675864,
    4101.170802782477,
    3528.113254681591,
    3627.4598121448907,
    3718.2154372630293,
    3741.62972283328,
    3824.3430655047946,
    3890.2300935865396,
    3966.109421896033,
    4015.4707292985313,
    4090.0506349584275,
    4150.874200498465,
    4172.03274616711,
    4232.640109547709,
    4219.338667614477,
    4276.29572470564,
    4327.4957496888965,
    4335.795172565133,
    4366.612871427846,
    4397.260027903766,
    4352.675898001,
    4363.145321655611,
    4356.180230487117,
    4366.87814128727,
    4351.226202101083,
    4353.03718984911,
    4333.037005017528,
    4360.850539531523,
    3994.3633813860506,
    4039.752813276417,
    4069.484419214073,
    4111.20247330141,
    4149.3744846801665,
    4189.572951948058,
    4203.115495200283,
    4239.435423853948,
    4279.863736859905
  ],
  "speed": [
    9.475086570374158,
    9.486612244871555,
    9.39894040588081,
    9.390937640016922,
    9.386499600918444,
    9.366671219677928,
    9.350456261731944,
    9.342932277358308,
    9.338676517191322,
    9.318615758002709,
    9.320926014115571,
    9.33743922509175,
    9.3385458593661,
    9.368103633080574,
    9.390638924820223,
    9.412021941376933,
    9.43503956251481,
    9.451403149001129,
    9.47092474192795,
    9.483736021734655,
    9.505626539301762,
    9.512561231275104,
    9.52703480256305,
    9.535255459012614,
    9.536729439336336,
    9.574361213154688,
    9.563553156898102,
    9.563433466641197,
    9.566454672686744,
    9.548004981994794,
    9.551714045781384,
    9.554676256867943,
    9.547323433063461,
    9.55002580173155,
    9.553967955736832,
    9.553010553927889,
    9.550292190632389,
    9.552273234446528,
    9.55841214995696,
    9.564778677679744,
    9.567481293975623,
    9.57311025002257,
    9.579681769241235,
    9.588767119925205,
    9.595535356253398,
    9.598957860238809,
    9.603207293740741,
    9.602942654612573,
    9.611211638547312,
    9.612971950275373,
    9.609845783843115,
    9.623563279045456,
    9.620064295364598,
    9.623456418414994,
    9.624045441025453,
    9.621556298801124,
    9.620640140216542,
    9.621050082629289,
    9.618570222863886
  ],
  "throuput": [
    10,
    46,
    85,
    133,
    181,
    238,
    299,
    369,
    434,
    523,
    602,
    693,
    769,
    861,
    948,
    1040,
    1124,
    1203,
    1275,
    1340,
    1405,
    1472,
    1544,
    1610,
    1676,
    1750,
    1819,
    1870,
    1930,
    2002,
    2068,
    2118,
    2189,
    2256,
    2332,
    2408,
    2486,
    2566,
    2654,
    2718,
    2804,
    2906,
    2993,
    3079,
    3151,
    3231,
    3292,
    3348,
    3426,
    3488,
    3561,
    3623,
    3684,
    3748,
    3806,
    3860,
    3928,
    3996,
    4075
  ],
  "runningtime": [
    2.21762174765269
  ]
}