{
  "distance": [
    1127.321098244126,
    1640.3903106903813,
    2077.809231987007,
    2387.1155786544286,
    2634.460752188963,
    2949.162815642489,
    3169.743545796175,
    3299.737818930571,
    3446.2694479204324,
    3600.122331009866,
    3748.9365009758726,
    3842.435598357285,
    3985.2004335766865,
    4042.02658013522,
    4090.622378651697,
    4152.622671629591,
    4087.893344536609,
    4069.265322736654,
    4121.209788604674,
    4158.014124955609,
    4090.3819912636077,
    4107.078739138287,
    4114.495557304716,
    4105.432479913072,
    3530.6749136512294,
    3629.1353885351828,
    3720.182358552551,
    3743.380566783582,
    3826.22749201395,
    3897.7164556745124,
    3973.0469221613985,
    4018.4173186660587,
    4094.9713923451013,
    4155.476115293394,
    4176.325791896702,
    4238.460784366036,
    4227.079333000485,
    4282.139935083033,
    4333.215322072878,
    4340.716139232357,
    4369.904209016987,
    4400.675901599764,
    4354.820996458861,
    4363.695298085279,
    4355.847068040985,
    4368.97448453681,
    4354.975566453653,
    4355.946261244813,
    4330.914412540441,
    4360.702300027711,
    3993.717006036516,
    4039.8102409484386,
    4071.5720818565533,
    4113.882580984327,
    4152.912911265956,
    4194.110762310207,
    4204.158723423611,
    4237.482243130928,
    4279.851107437589
  ],
  "speed": [
    9.506470081197222,
    9.507777211922745,
    9.41802984238875,
    9.394340012697905,
    9.374853815475511,
    9.352931826683678,
    9.345690588508594,
    9.356342209875255,
    9.355439397781671,
    9.354523321221421,
    9.380183389564966,
    9.38416614780327,
    9.39895777341759,
    9.411429870597212,
    9.436748876441166,
    9.45743635439168,
    9.476267097482808,
    9.492634030071137,
    9.508843412890174,
    9.516976993970518,
    9.536771393806134,
    9.549220280692749,
    9.56387883061046,
    9.570827640154475,
    9.57142248626367,
    9.609233467683431,
    9.599183483917972,
    9.59877239809443,
    9.603337622138579,
    9.597571684680933,
    9.598638477870178,
    9.589412712641563,
    9.586843534559225,
    9.588791457665058,
    9.593195831315024,
    9.594828438089674,
    9.598606481308211,
    9.59840056144955,
    9.605316605245843,
    9.610062195544407,
    9.615266883079464,
    9.617991650948062,
    9.621862358942197,
    9.627563695549929,
    9.633439240133454,
    9.64263588641953,
    9.649834589689448,
    9.652104739566859,
    9.65206290456296,
    9.659001772357144,
    9.65521713393499,
    9.670274359588905,
    9.671564135940526,
    9.67419553510464,
    9.672276590421745,
    9.66974516477348,
    9.66108623613076,
    9.653282272634739,
    9.653969578540842
  ],
  "throuput": [
    11,
    45,
    89,
    130,
    186,
    238,
    297,
    366,
    432,
    525,
    614,
    704,
    775,
    863,
    956,
    1031,
    1124,
    1209,
    1279,
    1339,
    1404,
    1471,
    1546,
    1609,
    1682,
    1760,
    1822,
    1876,
    1933,
    2002,
    2060,
    2116,
    2184,
    2262,
    2337,
    2414,
    2495,
    2576,
    2661,
    2732,
    2813,
    2903,
    2996,
    3084,
    3152,
    3226,
    3293,
    3362,
    3429,
    3493,
    3564,
    3620,
    3691,
    3734,
    3798,
    3862,
    3922,
    3995,
    4068
  ],
  "runningtime": [
    2.2756943583488463
  ]
}