{
  "distance": [
    1124.9870139803322,
    1647.60034832996,
    2087.155758044147,
    2398.4039245208523,
    2648.4719803201706,
    2957.335808049929,
    3180.5843638183624,
    3306.435471875705,
    3449.3414542907663,
    3604.846798037531,
    3748.4988084264364,
    3846.198201606723,
    3990.4218640535855,
    4044.6720829929623,
    4092.6604118811006,
    4152.211645594251,
    4091.028632105915,
    4069.3639718620775,
    4120.200781910663,
    4158.144448460038,
    4091.4530958492664,
    4104.894850755018,
    4109.640322059113,
    4102.842893900451,
    3528.4647308458084,
    3626.226973928693,
    3719.8739411539045,
    3747.219523734207,
    3831.3408524949978,
    3903.2069534168195,
    3979.4150311392373,
    4026.9337005006046,
    4106.042336658051,
    4168.134121142955,
    4188.602346806756,
    4244.390352474086,
    4234.3604476540995,
    4289.015490520563,
    4338.532584284518,
    4346.860673688685,
    4375.761951720002,
    4405.2420153255725,
    4359.335438422556,
    4366.802639242794,
    4362.586508083154,
    4374.74374987938,
    4357.767429738397,
    4359.0415929702585,
    4336.975157737478,
    4365.382416648707,
    3996.796701388657,
    4042.361260066683,
    4074.055949790091,
    4117.539938576723,
    4154.8393475441635,
    4195.619674377537,
    4208.75135239126,
    4243.964389864863,
    4284.542947486767
  ],
  "speed": [
    9.497540676757398,
    9.55637706692813,
    9.469933280207028,
    9.454138264614741,
    9.44092434842922,
    9.399035693163523,
    9.39951351449593,
    9.407580285718693,
    9.398522920612548,
    9.407934757788253,
    9.413263714366044,
    9.420965301573506,
    9.433018717734646,
    9.44161072237908,
    9.460279418879239,
    9.472745422937685,
    9.496746687947049,
    9.508140614841615,
    9.521014331104196,
    9.530681074049575,
    9.554706083530084,
    9.562731650644597,
    9.575066856006622,
    9.58553528120796,
    9.582200461656111,
    9.615878944643974,
    9.611154242933793,
    9.616223778584605,
    9.62495766822646,
    9.62245977816404,
    9.623719533196008,
    9.618670951492293,
    9.623534094975625,
    9.63247382969388,
    9.640958606871013,
    9.634312202110513,
    9.63944754652942,
    9.638052175688559,
    9.64315717822242,
    9.649640520885336,
    9.652798744265247,
    9.657885200246096,
    9.666452283205738,
    9.670886599593787,
    9.685097852867916,
    9.694147610080904,
    9.697148358441883,
    9.700785989165956,
    9.707238709239666,
    9.713756694256247,
    9.710722331838882,
    9.726089565787273,
    9.72730826796115,
    9.733443602592308,
    9.729204665338147,
    9.728163267162422,
    9.726726369769233,
    9.724088204969235,
    9.721543357901488
  ],
  "throuput": [
    13,
    43,
    90,
    134,
    190,
    238,
    306,
    370,
    440,
    524,
    610,
    692,
    776,
    864,
    951,
    1038,
    1127,
    1207,
    1277,
    1336,
    1410,
    1486,
    1542,
    1610,
    1683,
    1759,
    1815,
    1868,
    1942,
    2005,
    2056,
    2117,
    2190,
    2277,
    2348,
    2421,
    2494,
    2581,
    2662,
    2732,
    2818,
    2918,
    3002,
    3082,
    3162,
    3236,
    3300,
    3369,
    3439,
    3508,
    3578,
    3627,
    3690,
    3744,
    3809,
    3869,
    3927,
    4008,
    4074
  ],
  "runningtime": [
    2.419536062081655
  ]
}