{
  "distance": [
    1024.6334739979466,
    1476.499643872964,
    1870.7487180575092,
    2251.5116799091315,
    2600.5717657928403,
    2908.050138807087,
    3206.8367631898723,
    3524.173702610086,
    3839.1585879947033,
    4110.442995969551,
    4336.525034501032,
    4555.489943683564,
    4717.478477536945,
    4881.404784756469,
    5059.368235027122,
    5200.028579901119,
    5366.88067048307,
    5499.550610482808,
    5590.238508268922,
    5714.278917851618,
    5803.328590379118,
    5878.219913320844,
    5966.481924721319,
    6056.01789669567,
    6109.312129935057,
    6157.747685089371,
    6190.2524053893185,
    6220.398008340467,
    6272.463311806297,
    6316.848036497683,
    6361.4100709421555,
    6394.03215917503,
    6387.17112699011,
    6411.874180801402,
    6410.973989506921,
    6429.607101230242,
    6459.757569073069,
    6481.972084813659,
    6449.837363530625,
    6479.634007629222,
    6484.340277187027,
    6513.799162309763,
    5335.797996169623,
    5442.7242780781335,
    5536.783253247897,
    5636.714210204161,
    5718.568074275212,
    5826.323811988451,
    5912.326495142513,
    5982.773493994684,
    6062.545811053357,
    6144.4940267368975,
    6212.094131829115,
    6301.2460853806915,
    6364.3110224754255,
    6427.981872645409,
    6487.172298538698,
    6545.344089474065,
    6583.898150535557
  ],
  "speed": [
    8.648203461838705,
    8.367800547212264,
    8.213652380899536,
    8.150371959094384,
    8.113918612338683,
    8.086615230078653,
    8.06599525435476,
    8.063721250415007,
    8.07593812979339,
    8.081270959665433,
    8.079049147464854,
    8.075645288503697,
    8.063930181822812,
    8.054180314343295,
    8.04898220713609,
    8.049568331792543,
    8.043354284142024,
    8.033144630306259,
    8.014603103558388,
    8.015549214661526,
    8.001828700181944,
    7.992160354868472,
    7.975506419452394,
    7.973583811499713,
    7.966458028369088,
    7.951912192587981,
    7.9412533989783265,
    7.9343180560183075,
    7.9303786770976155,
    7.925923443281284,
    7.924033459653013,
    7.917126058882916,
    7.909805069887832,
    7.899966102505303,
    7.895858100644169,
    7.892750790855326,
    7.886757843489064,
    7.881270305006977,
    7.878533810233968,
    7.873747579728168,
    7.867583643499701,
    7.862841546851524,
    7.877877887704954,
    7.874406256361143,
    7.865294233994526,
    7.853011517847349,
    7.839019153116701,
    7.831366175155366,
    7.82314275228938,
    7.813219587709044,
    7.806061653850404,
    7.7991031351610856,
    7.792753177010577,
    7.787635531899783,
    7.782658083436124,
    7.776547090757519,
    7.773041149348947,
    7.766410721893981,
    7.757333088804778
  ],
  "throuput": [
    33,
    107,
    199,
    298,
    407,
    558,
    725,
    923,
    1146,
    1367,
    1593,
    1854,
    2116,
    2377,
    2655,
    2883,
    3171,
    3470,
    3707,
    4015,
    4303,
    4587,
    4885,
    5172,
    5435,
    5712,
    6004,
    6282,
    6563,
    6828,
    7095,
    7355,
    7635,
    7886,
    8149,
    8414,
    8676,
    8975,
    9217,
    9464,
    9743,
    9989,
    10238,
    10483,
    10725,
    10982,
    11207,
    11450,
    11692,
    11960,
    12197,
    12443,
    12747,
    12994,
    13285,
    13577,
    13853,
    14145,
    14450
  ],
  "runningtime": [
    31.354882017771402
  ]
}