{
  "distance": [
    1033.5560652028591,
    1505.007352421016,
    1916.7627468879996,
    2318.1413071992492,
    2687.675758492519,
    3013.1326516524487,
    3335.7118055627716,
    3663.195338783148,
    3990.2762242459353,
    4272.585911322603,
    4509.575646253951,
    4734.66458254974,
    4909.703065823133,
    5080.943518849058,
    5264.527325708259,
    5406.652581934927,
    5573.72689825634,
    5710.554878193663,
    5803.833976293365,
    5924.817328172772,
    6017.030325203002,
    6088.133890271789,
    6178.972323455399,
    6262.278728499839,
    6314.029763677401,
    6363.312891966006,
    6395.005449716955,
    6419.282824266002,
    6467.971291869507,
    6505.132521947482,
    6541.102746929552,
    6567.686445615427,
    6556.696708781142,
    6578.274176750423,
    6570.199469893308,
    6580.08466570869,
    6605.915568282064,
    6623.289021182759,
    6583.998353926888,
    6607.254525755758,
    6605.744466492477,
    6630.631001558027,
    5427.306027245353,
    5533.139839136654,
    5629.073522820637,
    5733.567652786306,
    5819.514847940568,
    5929.157462829198,
    6014.431544956609,
    6085.556346778527,
    6165.649500322092,
    6247.410233341633,
    6315.819953713219,
    6405.283897674411,
    6467.26660621432,
    6532.230919465183,
    6590.042595589972,
    6647.798171808323,
    6686.5444948756185
  ],
  "speed": [
    8.725943652543986,
    8.531374974986877,
    8.417908466109688,
    8.39521171474254,
    8.392548328621126,
    8.390807279679516,
    8.408511644325731,
    8.4065914407367,
    8.425417849391593,
    8.439182829443867,
    8.448053948752234,
    8.447431070713396,
    8.45538275775069,
    8.454422616590783,
    8.45419351100908,
    8.456957479169576,
    8.449551556140305,
    8.445390723779157,
    8.433738193450163,
    8.432664070174932,
    8.426202222914405,
    8.416404283285443,
    8.406153708831116,
    8.399023037003815,
    8.394232074423277,
    8.385194559555268,
    8.37799023928288,
    8.36850585149854,
    8.364726755700042,
    8.35499776595975,
    8.346479896325704,
    8.33650881906866,
    8.328499865487471,
    8.318531557885416,
    8.311098164396537,
    8.301946736641021,
    8.294732794230422,
    8.287255315739907,
    8.280340108156187,
    8.271333326693021,
    8.261638485380594,
    8.254043570225512,
    8.26321171201095,
    8.254848316252893,
    8.24559606910933,
    8.23578920504838,
    8.225071380593684,
    8.217954336584603,
    8.20813314741725,
    8.199369068809082,
    8.1921072332231,
    8.184659755900173,
    8.178724161852484,
    8.172384522162638,
    8.166161105186779,
    8.162543126334045,
    8.158147125666957,
    8.151640543042411,
    8.143704330894812
  ],
  "throuput": [
    31,
    104,
    206,
    304,
    418,
    581,
    763,
    968,
    1206,
    1423,
    1671,
    1954,
    2224,
    2485,
    2782,
    3033,
    3313,
    3610,
    3881,
    4168,
    4471,
    4770,
    5051,
    5341,
    5607,
    5893,
    6176,
    6468,
    6738,
    7014,
    7288,
    7552,
    7814,
    8071,
    8361,
    8610,
    8877,
    9157,
    9408,
    9668,
    9929,
    10158,
    10409,
    10667,
    10915,
    11142,
    11404,
    11660,
    11942,
    12207,
    12422,
    12676,
    12945,
    13226,
    13537,
    13836,
    14102,
    14391,
    14686
  ],
  "runningtime": [
    12.936984729766845
  ]
}