{
  "distance": [
    1056.2846740597683,
    1546.904279486933,
    1981.665396090961,
    2409.8681375437145,
    2795.4511817841912,
    3140.672808423142,
    3477.4070126100755,
    3825.7482507557434,
    4161.606540475448,
    4449.489826102576,
    4691.846031104957,
    4926.209617744451,
    5100.77792669373,
    5278.093123330811,
    5464.318767312572,
    5604.603711094597,
    5770.790208210664,
    5905.370722430169,
    5998.988975544063,
    6112.993104390997,
    6197.382393913436,
    6264.730580036627,
    6347.849659667533,
    6423.487996149042,
    6463.889768002188,
    6504.367948581239,
    6526.779499138233,
    6540.911649977251,
    6579.742521686881,
    6612.488221179909,
    6642.305247896908,
    6662.974161479991,
    6645.180983864913,
    6663.189719089357,
    6649.20538724447,
    6659.053352752009,
    6681.580712283145,
    6695.436249165966,
    6652.836017741245,
    6674.080183738538,
    6672.079085134367,
    6695.3313297075465,
    5476.9923526696,
    5585.317523793188,
    5684.859511167243,
    5791.885937685984,
    5884.312440384006,
    5996.989738011865,
    6087.790253905164,
    6165.435367398253,
    6252.39939790238,
    6340.236546915629,
    6410.863160877256,
    6503.226275376493,
    6567.461828693316,
    6633.642108140987,
    6689.638686216797,
    6748.412043044721,
    6787.8579113810865
  ],
  "speed": [
    8.917544574815768,
    8.775873098861458,
    8.713439003765352,
    8.74082024093984,
    8.751778082251917,
    8.775333213623139,
    8.806335761358696,
    8.830583371177914,
    8.845592255212933,
    8.855793815739172,
    8.867913761924077,
    8.878335905339814,
    8.882965521634949,
    8.88730990346984,
    8.886496633282146,
    8.88729209292174,
    8.880936246372944,
    8.87610628696212,
    8.870464465257879,
    8.863762261119593,
    8.84980700081582,
    8.838512113178703,
    8.82114816838247,
    8.807716199204307,
    8.793560522489313,
    8.778744123206135,
    8.765860654772927,
    8.748759524379162,
    8.736923107723321,
    8.726384913260867,
    8.714961777765202,
    8.702372745226718,
    8.690102448200895,
    8.678635509338486,
    8.666334296853998,
    8.658518418678291,
    8.648716137893562,
    8.638281040819084,
    8.629203370082056,
    8.618907380869068,
    8.610870661075941,
    8.603104548561756,
    8.605933667860183,
    8.596741420450776,
    8.58783412937904,
    8.578918983211544,
    8.574695218809206,
    8.569210175970358,
    8.5647820702602,
    8.562029910371212,
    8.561309063140785,
    8.56009595451569,
    8.556673071928351,
    8.553435405915375,
    8.549184280516348,
    8.545766869536614,
    8.538296369035269,
    8.53235402361581,
    8.525454277892532
  ],
  "throuput": [
    34,
    119,
    208,
    333,
    459,
    634,
    835,
    1043,
    1275,
    1530,
    1787,
    2074,
    2332,
    2599,
    2887,
    3190,
    3490,
    3771,
    4076,
    4348,
    4644,
    4952,
    5228,
    5529,
    5791,
    6096,
    6370,
    6657,
    6945,
    7197,
    7482,
    7725,
    7977,
    8234,
    8492,
    8742,
    9021,
    9283,
    9530,
    9804,
    10070,
    10306,
    10539,
    10785,
    11043,
    11317,
    11563,
    11832,
    12097,
    12332,
    12597,
    12865,
    13139,
    13438,
    13705,
    13998,
    14285,
    14588,
    14909
  ],
  "runningtime": [
    21.043454265594484
  ]
}