{
  "distance": [
    927.233971233688,
    1272.9484110191663,
    1548.7291474815806,
    1831.4780122934808,
    2027.1427943867805,
    2135.2857885687704,
    2355.942107430667,
    2558.843828675073,
    2712.980912917028,
    2869.6199415952824,
    2996.2235647829825,
    3118.701724398386,
    3135.6243371739565,
    3236.6088935908874,
    3324.4142678874546,
    3402.9186691317286,
    3489.539355382292,
    3542.9572279859176,
    3514.692979981795,
    3595.1303090370475,
    3662.9732105068274,
    3710.2816084097262,
    3764.261825398857,
    3813.201955178326,
    3852.4599772425745,
    3819.2058431855285,
    3878.0402182261973,
    3910.9995013489247,
    3932.2472802688944,
    3960.545051806263,
    3990.9297565688885,
    3962.520342448949,
    3995.47960604968,
    4039.6599881201028,
    4057.407334430352,
    4084.942144686778,
    4101.372723203985,
    4138.871193948906,
    4099.555003650966,
    4130.692961065894,
    4156.285057922677,
    4172.577816726998,
    4193.087156282673,
    4207.289426118625,
    4170.9708092062565,
    4197.913725732446,
    4217.938553726033,
    4249.178039650563,
    4265.1913041572425,
    4273.99674924288,
    4292.598827261314,
    4269.312658270779,
    4281.950055468004,
    4293.791936277203,
    4317.042943798533,
    4321.735081527658,
    4335.61202798455,
    4302.511634679705,
    4319.32365608464
  ],
  "speed": [
    10.66435267095502,
    10.53675008407473,
    10.487067906159405,
    10.395509345951822,
    10.250785846681831,
    10.179978143337213,
    10.087143337930776,
    9.978031458574664,
    9.916749944688958,
    9.834532093196007,
    9.757390437662817,
    9.663417761424432,
    9.601026260781296,
    9.539290753920767,
    9.477264845008975,
    9.419001122551952,
    9.370613227895186,
    9.310386659254537,
    9.238096882132396,
    9.198702971991192,
    9.148904287326744,
    9.103225966010895,
    9.04857226607589,
    8.998518421425004,
    8.958482920709516,
    8.913461691351324,
    8.87551335030773,
    8.835806124617156,
    8.800321744692992,
    8.752421528930984,
    8.709358310967314,
    8.675598614659977,
    8.648885238116293,
    8.621820845426866,
    8.591371444656986,
    8.56099028762861,
    8.531872122018967,
    8.498574221282267,
    8.47705691949435,
    8.44798953115863,
    8.415083645073691,
    8.38103367623975,
    8.354618257384411,
    8.317297114735341,
    8.27768021933136,
    8.25298454517183,
    8.229314327972869,
    8.20773820063307,
    8.185349831552207,
    8.163255477421794,
    8.134869963370077,
    8.112882907541504,
    8.087752028800455,
    8.062622270789083,
    8.038621665947513,
    8.01760874455195,
    7.993632914549184,
    7.969180289399982,
    7.946411341558086
  ],
  "throuput": [
    3,
    11,
    47,
    97,
    157,
    240,
    335,
    457,
    567,
    682,
    797,
    954,
    1088,
    1249,
    1399,
    1553,
    1693,
    1848,
    1998,
    2152,
    2297,
    2462,
    2606,
    2755,
    2933,
    3097,
    3263,
    3416,
    3590,
    3746,
    3883,
    4048,
    4227,
    4389,
    4543,
    4714,
    4873,
    5010,
    5178,
    5335,
    5495,
    5652,
    5816,
    5964,
    6114,
    6257,
    6421,
    6628,
    6808,
    6957,
    7110,
    7288,
    7446,
    7620,
    7779,
    7939,
    8086,
    8265,
    8419
  ],
  "runningtime": [
    2.9901374061902364
  ]
}