{
  "distance": [
    936.6258568675654,
    1289.714011150973,
    1567.9591218908533,
    1860.0994678297204,
    2065.708361993467,
    2168.915001477786,
    2398.6074883831066,
    2614.8289996125122,
    2761.6448852795006,
    2919.0528842215676,
    3044.5440508756988,
    3175.0212008086146,
    3192.9313418214683,
    3295.772215475868,
    3379.739603398385,
    3463.4459667311417,
    3548.063423495063,
    3601.260095694663,
    3572.216117683703,
    3649.2138092592695,
    3716.0730630614785,
    3761.9516593995295,
    3817.9819086481834,
    3866.545465300364,
    3904.5577123866888,
    3872.663230068776,
    3931.878609693291,
    3967.1527470439332,
    3989.382453361532,
    4019.421115191608,
    4051.095628019039,
    4017.2686610388473,
    4046.455776832043,
    4089.060557680061,
    4106.817712889001,
    4133.954006290705,
    4151.585185159423,
    4191.552331197817,
    4148.791305817777,
    4181.152486061165,
    4204.977815783834,
    4219.289486859417,
    4238.177785168632,
    4254.426095144125,
    4218.587811002878,
    4242.854694854578,
    4259.968363226922,
    4288.1957060355,
    4302.842356120595,
    4311.039540733463,
    4331.828115419747,
    4306.343267222336,
    4317.814948469634,
    4330.889894819222,
    4353.387241621416,
    4356.157068770895,
    4367.410704494392,
    4332.374871524072,
    4350.971037490207
  ],
  "speed": [
    10.771614178150903,
    10.682317327651253,
    10.627996402691345,
    10.568809724534335,
    10.448421262774298,
    10.347884138516397,
    10.292082251490811,
    10.227699813771844,
    10.141809226014939,
    10.073788132668247,
    10.01019123146213,
    9.955517950682372,
    9.906252430979182,
    9.855895528161938,
    9.789124851325901,
    9.756231037870249,
    9.712099822094874,
    9.662201024875595,
    9.603964983302314,
    9.564459850473808,
    9.519978394462628,
    9.480174191366725,
    9.436095244296911,
    9.393253370920357,
    9.357416918396368,
    9.32579287860046,
    9.29661026444438,
    9.268537531542359,
    9.240314515714406,
    9.199628927231345,
    9.164403169386272,
    9.127333330448382,
    9.097113542410584,
    9.067530841827413,
    9.037598876749477,
    9.006049047435415,
    8.979105717363527,
    8.953053782085393,
    8.9296802240016,
    8.905940385351713,
    8.873178239508402,
    8.838541599111275,
    8.810674208666587,
    8.779696415057943,
    8.745077162308645,
    8.718464952589152,
    8.693061665023016,
    8.66656159500236,
    8.640822927597913,
    8.61785701471204,
    8.594847646671068,
    8.571771158984129,
    8.545129128370581,
    8.522779462298997,
    8.498179297922222,
    8.474147529305636,
    8.446108106550446,
    8.420192781786314,
    8.401596682614732
  ],
  "throuput": [
    3,
    14,
    46,
    94,
    160,
    244,
    343,
    474,
    592,
    718,
    848,
    989,
    1130,
    1295,
    1446,
    1602,
    1762,
    1905,
    2076,
    2220,
    2371,
    2533,
    2682,
    2842,
    3015,
    3193,
    3358,
    3504,
    3678,
    3839,
    3987,
    4151,
    4314,
    4465,
    4618,
    4787,
    4946,
    5113,
    5278,
    5434,
    5607,
    5764,
    5924,
    6076,
    6244,
    6393,
    6552,
    6721,
    6900,
    7063,
    7223,
    7402,
    7548,
    7735,
    7891,
    8046,
    8212,
    8381,
    8548
  ],
  "runningtime": [
    2.9246456225713096
  ]
}