{
  "distance": [
    942.100646770158,
    1300.71991364066,
    1581.8080681641366,
    1881.9083628709545,
    2100.8049653418216,
    2211.095183222622,
    2446.72054881933,
    2673.1124339665057,
    2833.288910615413,
    2996.25951421436,
    3122.623605593493,
    3252.0680504848165,
    3263.698533065778,
    3365.56163851678,
    3458.96400862309,
    3537.016277232573,
    3624.272197313755,
    3682.163233410343,
    3656.241457089376,
    3730.9954415574525,
    3798.3127809099033,
    3842.6268794904213,
    3893.05627679995,
    3938.232871503151,
    3974.3606379646826,
    3940.0307671125643,
    3998.645596939978,
    4030.735682135629,
    4049.7163086349597,
    4081.0060287886367,
    4114.1784109138725,
    4081.813356222227,
    4109.884993787166,
    4148.26249131239,
    4163.04640422073,
    4188.546702447804,
    4202.58613099814,
    4240.078846890595,
    4193.233013969755,
    4219.647531764794,
    4243.009548516265,
    4258.571722703662,
    4274.626274308927,
    4289.46093539972,
    4254.545193484807,
    4275.9756385207365,
    4290.548393396029,
    4317.220584705151,
    4331.260080691484,
    4338.4008622619385,
    4357.7393520357455,
    4330.946402518704,
    4341.794708232082,
    4352.425182089069,
    4373.290325880442,
    4375.9884546101475,
    4388.290960220921,
    4352.790364575347,
    4369.955331256775
  ],
  "speed": [
    10.832039564540736,
    10.767465128293924,
    10.719343716392524,
    10.69520109784018,
    10.650922730025432,
    10.584218800325397,
    10.533016843962178,
    10.49660501940838,
    10.45613264061831,
    10.40827552417031,
    10.358598863345108,
    10.31541678948246,
    10.270618186036197,
    10.223941317883106,
    10.196301208430114,
    10.154727649720495,
    10.120473068290014,
    10.091570345731197,
    10.057575116237762,
    10.016016271793436,
    9.98100000546186,
    9.941863825100734,
    9.8956706343119,
    9.85619150867055,
    9.824326553493282,
    9.796215147233807,
    9.771158556801872,
    9.74648213585423,
    9.720638620912156,
    9.689399830925177,
    9.663462551631975,
    9.640126614101618,
    9.615512467279222,
    9.58472376733767,
    9.555907222917831,
    9.52802365947119,
    9.499861419317037,
    9.47111252734951,
    9.443454342758976,
    9.411789722623883,
    9.384393190219386,
    9.35665721950172,
    9.327670139456934,
    9.297343640512702,
    9.268674453547394,
    9.241104929052241,
    9.215458571039909,
    9.18897879047944,
    9.163929031940594,
    9.139437352177021,
    9.114062005445822,
    9.087203089628947,
    9.057392705259348,
    9.029028921269248,
    8.999278151015409,
    8.973280822958058,
    8.946099377999428,
    8.917499624920241,
    8.892723523897336
  ],
  "throuput": [
    3,
    14,
    46,
    97,
    168,
    244,
    354,
    484,
    609,
    749,
    882,
    1045,
    1182,
    1346,
    1498,
    1643,
    1801,
    1975,
    2128,
    2287,
    2444,
    2610,
    2777,
    2942,
    3105,
    3282,
    3443,
    3616,
    3769,
    3927,
    4071,
    4254,
    4420,
    4579,
    4738,
    4895,
    5061,
    5217,
    5399,
    5571,
    5737,
    5888,
    6056,
    6201,
    6363,
    6528,
    6684,
    6835,
    7009,
    7166,
    7325,
    7487,
    7641,
    7830,
    7988,
    8144,
    8307,
    8463,
    8629
  ],
  "runningtime": [
    2.9222355604171755
  ]
}