{
  "distance": [
    920.420901785874,
    1221.6757307713865,
    1507.6569277631293,
    1761.8781840485226,
    1971.9799905548277,
    2180.1419283069786,
    2337.1857838761625,
    2313.597640515522,
    2500.9842079789432,
    2655.3675768018206,
    2801.8717889663076,
    2899.118838620656,
    3004.228002632126,
    3111.2880971789104,
    3174.951170015169,
    3251.6053585986056,
    3177.4551483345303,
    3269.478243882467,
    3347.906987548946,
    3409.7777130033496,
    3482.9749041314262,
    3519.0635469317835,
    3581.8684130005845,
    3619.3881305837417,
    3545.9761325006266,
    3610.9701043328405,
    3643.0443986272844,
    3705.261259254403,
    3751.475413502197,
    3771.205133083913,
    3812.055458657259,
    3846.4245379015806,
    3888.0098849628353,
    3835.2964173668474,
    3865.9677406993446,
    3896.5834723391645,
    3932.4624069297897,
    3959.6238944205775,
    3985.767332222752,
    4003.0389080583614,
    4020.5360874455587,
    4042.829010269755,
    3992.8796584358356,
    4022.3479535094257,
    4042.327675685079,
    4057.4817402420827,
    4086.201284780594,
    4098.30977743052,
    4121.933927867628,
    4132.3317825922995,
    4084.3959726818707,
    4104.558118190991,
    4123.356960658593,
    4141.159252551504,
    4156.849943377669,
    4171.875653919647,
    4188.484614141886,
    4193.522969972999,
    4213.432652717202
  ],
  "speed": [
    10.069617400672891,
    9.92530932581711,
    9.7760891155639,
    9.698355277555539,
    9.653285766199346,
    9.608270903498134,
    9.55614879612921,
    9.51919988924029,
    9.432119308611169,
    9.381865732634939,
    9.289161772096035,
    9.171020560061274,
    9.099573953753573,
    9.005340356017218,
    8.91578340515766,
    8.842687220601524,
    8.781661596533356,
    8.699076599037896,
    8.63672856478878,
    8.574540101033433,
    8.506746879531237,
    8.432506197093016,
    8.36247811712926,
    8.291429652860938,
    8.234243692596324,
    8.190783936265309,
    8.124685726997239,
    8.069155930931244,
    8.003283169158173,
    7.945967757918079,
    7.889906946224268,
    7.835294716312653,
    7.796321668964706,
    7.7510144136228085,
    7.705860306834026,
    7.652496473250605,
    7.599012643953772,
    7.543201349513618,
    7.4902106838424976,
    7.436147284364996,
    7.3812151576127505,
    7.332385837378651,
    7.2896568218851465,
    7.242901106988933,
    7.197122840976578,
    7.150694034477441,
    7.099405533521893,
    7.049077320037161,
    7.005549778103888,
    6.960125604499412,
    6.917814219106591,
    6.874145572994021,
    6.830255452675806,
    6.786323994283886,
    6.743824962330326,
    6.6970783533784175,
    6.6532682263092555,
    6.611674187716258,
    6.568885381975964
  ],
  "throuput": [
    14,
    50,
    110,
    193,
    313,
    461,
    605,
    791,
    964,
    1166,
    1349,
    1541,
    1754,
    1952,
    2155,
    2408,
    2598,
    2807,
    3018,
    3242,
    3479,
    3690,
    3907,
    4121,
    4363,
    4589,
    4793,
    5011,
    5251,
    5478,
    5689,
    5908,
    6165,
    6381,
    6603,
    6849,
    7095,
    7301,
    7533,
    7763,
    7996,
    8207,
    8442,
    8663,
    8891,
    9134,
    9358,
    9570,
    9810,
    10033,
    10258,
    10475,
    10693,
    10919,
    11135,
    11361,
    11599,
    11837,
    12048
  ],
  "runningtime": [
    12.755423494180043
  ]
}