{
  "distance": [
    927.5739955478792,
    1252.2249023527143,
    1569.4845762050418,
    1834.7669044261045,
    2051.4867113721416,
    2264.8217748106385,
    2432.9010062732305,
    2406.2915402090034,
    2600.3105167560525,
    2749.0644113513904,
    2900.622519857872,
    3008.078867681645,
    3111.954788433651,
    3224.0102351441437,
    3293.017548762059,
    3376.5619864826426,
    3297.961267113538,
    3395.594683400734,
    3472.8775974848036,
    3529.4335208613243,
    3603.888479425715,
    3642.0588977862203,
    3705.964084374761,
    3742.456570765428,
    3662.935624410994,
    3726.6260981571177,
    3760.4590511474257,
    3820.149395228779,
    3867.686972735976,
    3885.039592912637,
    3923.528114427907,
    3955.149210882753,
    3988.478902165191,
    3931.2313657277155,
    3956.266059430992,
    3987.6071468375726,
    4024.2881600017054,
    4052.8697981713394,
    4082.049816459638,
    4101.830754831214,
    4121.873870868628,
    4145.216126227079,
    4091.4162927020557,
    4121.374485406577,
    4139.776537249665,
    4152.672282585979,
    4181.993881559021,
    4194.256610135748,
    4214.539899086362,
    4222.896108295008,
    4172.555222967637,
    4193.614619388013,
    4212.766674957617,
    4230.361090375878,
    4245.26438291271,
    4262.584638318528,
    4280.2125407706635,
    4286.142044826357,
    4307.901880983404
  ],
  "speed": [
    10.145194812011653,
    10.174834477823536,
    10.17773700402235,
    10.118116807194845,
    10.085172833382618,
    10.04043400895071,
    10.028624980355252,
    10.005535083169232,
    9.940219706699255,
    9.867741847349627,
    9.790891001549015,
    9.710329117612169,
    9.644462922111016,
    9.568172500558918,
    9.502446358691412,
    9.449695559016542,
    9.397055601914982,
    9.331889830512004,
    9.273934228884588,
    9.204683982388833,
    9.142443142031402,
    9.082138921569658,
    9.022667623710527,
    8.958756491684598,
    8.90199305921469,
    8.856712180440512,
    8.797621555751372,
    8.737055746385698,
    8.67774365151531,
    8.618727675202555,
    8.558743149192656,
    8.500190254376905,
    8.44564045810574,
    8.396354657118845,
    8.339151186478583,
    8.286556593082965,
    8.233127085934095,
    8.179880906072855,
    8.133815501327454,
    8.086261828323748,
    8.037234064562524,
    7.990829173595653,
    7.945053099375057,
    7.899259500592927,
    7.8509923555451735,
    7.8000997475197575,
    7.74829753838228,
    7.697769132328449,
    7.647987195908161,
    7.599553243665907,
    7.556225811326146,
    7.513941767289667,
    7.47115365605799,
    7.426911064125895,
    7.382210837227045,
    7.33856756867021,
    7.295802000529146,
    7.254922634993151,
    7.214022594268093
  ],
  "throuput": [
    14,
    47,
    116,
    218,
    334,
    489,
    647,
    840,
    1032,
    1224,
    1429,
    1636,
    1852,
    2060,
    2284,
    2516,
    2732,
    2961,
    3191,
    3403,
    3662,
    3887,
    4119,
    4337,
    4555,
    4775,
    4996,
    5226,
    5481,
    5687,
    5916,
    6145,
    6382,
    6611,
    6835,
    7070,
    7315,
    7556,
    7798,
    8028,
    8271,
    8498,
    8748,
    8967,
    9200,
    9438,
    9664,
    9880,
    10117,
    10362,
    10596,
    10826,
    11048,
    11267,
    11492,
    11723,
    11947,
    12195,
    12426
  ],
  "runningtime": [
    5.131466166178385
  ]
}