{
  "distance": [
    1033.4056442832587,
    1401.8726845487383,
    1711.2566756705874,
    1975.0406128488044,
    2240.257952829829,
    2455.943682782303,
    2614.587346611473,
    2761.606286033275,
    2870.0199920858054,
    3022.0377994024334,
    2717.8930060212087,
    2884.9975968016875,
    3031.5428643227374,
    3159.581118710551,
    3283.940358439306,
    3361.2114141897086,
    3480.650421058722,
    3550.69286583296,
    3610.4740728785414,
    3658.5580602827813,
    3714.678300133919,
    3773.1008490417225,
    3536.9142233922685,
    3614.186293490341,
    3667.3586484115112,
    3733.224257073232,
    3802.8069764919564,
    3850.225151569195,
    3866.523770913959,
    3924.198408676546,
    3935.386922516697,
    3986.832721901739,
    4002.6469859972212,
    4019.719133090306,
    3858.569629641155,
    3907.887100080179,
    3951.1781787654877,
    3962.479623878161,
    4012.5490864770018,
    4044.106075515547,
    4073.869286544456,
    4088.0015133715788,
    4118.910227402013,
    4126.828034939551,
    4152.799871958854,
    3998.5530448962454,
    4042.72254343193,
    4061.522754658537,
    4091.8886009243947,
    4117.24120448785,
    4148.180940292359,
    4170.387198445985,
    4180.598549799142,
    4196.1134779427275,
    4217.695594012434,
    4225.381046578654,
    4256.2101090994765,
    4118.696949838146,
    4139.423999995874
  ],
  "speed": [
    9.412731585949023,
    9.395172500802726,
    9.288647166494652,
    9.291539030944609,
    9.262165847572128,
    9.201267622458133,
    9.168248378525606,
    9.163206049906805,
    9.14681293693401,
    9.154858335254021,
    9.148943749117663,
    9.149811915096556,
    9.119933196343984,
    9.112118197771647,
    9.106746628521266,
    9.110468916919059,
    9.123435837992862,
    9.12531383576101,
    9.122259626279325,
    9.118527390692202,
    9.12116197585691,
    9.1182867697892,
    9.122112670248375,
    9.115247102336465,
    9.10044426878969,
    9.099205867697592,
    9.090502294073406,
    9.08765889177781,
    9.084268501487713,
    9.073616861529322,
    9.071987456946333,
    9.06515855704521,
    9.064009360557396,
    9.056963230887929,
    9.064790813182253,
    9.060941537770338,
    9.055972566509958,
    9.051668302876557,
    9.051938441451892,
    9.049037573902643,
    9.045023962583793,
    9.04321863586895,
    9.039574510565707,
    9.032744200318785,
    9.033065309315665,
    9.034577698733255,
    9.040120365046551,
    9.037048604136174,
    9.029917744527298,
    9.023858867683336,
    9.02142558487634,
    9.01762764109493,
    9.010585086691428,
    9.008991003331344,
    9.009384127164711,
    9.007027648027856,
    9.008797824716291,
    9.015443327241382,
    9.017924988990433
  ],
  "throuput": [
    9,
    29,
    83,
    141,
    230,
    334,
    462,
    585,
    704,
    836,
    982,
    1144,
    1288,
    1431,
    1603,
    1741,
    1903,
    2068,
    2215,
    2375,
    2529,
    2689,
    2866,
    3024,
    3168,
    3338,
    3483,
    3640,
    3803,
    3965,
    4123,
    4273,
    4437,
    4584,
    4749,
    4918,
    5079,
    5223,
    5402,
    5557,
    5731,
    5882,
    6032,
    6180,
    6337,
    6517,
    6690,
    6847,
    7003,
    7150,
    7303,
    7477,
    7626,
    7779,
    7935,
    8092,
    8258,
    8460,
    8619
  ],
  "runningtime": [
    3.1321852087974547
  ]
}