{
  "distance": [
    1053.5872968655308,
    1439.9196589644002,
    1766.2653521498742,
    2038.8606996633482,
    2302.235130863059,
    2531.487976961244,
    2700.6932182320884,
    2842.338749885985,
    2939.981736415756,
    3085.2871909142686,
    2775.72754563919,
    2943.770405878026,
    3099.254744206109,
    3226.887977265954,
    3349.9264566061047,
    3426.612564028061,
    3541.7471600488707,
    3609.9098336186808,
    3672.539809890836,
    3717.059027064171,
    3770.522907364544,
    3830.38292276862,
    3589.4801181585153,
    3668.7960572686884,
    3727.038135889724,
    3792.049980914943,
    3861.160766390285,
    3907.213932130874,
    3920.0979301170373,
    3980.1168581886823,
    3990.31800243974,
    4040.5609036886062,
    4053.6211144080926,
    4070.1001369601645,
    3902.6410124632853,
    3949.766399005985,
    3994.651357397295,
    4006.736740182261,
    4055.676301808264,
    4089.0424416552105,
    4120.491356323348,
    4133.793023048709,
    4162.132881735564,
    4169.290368475924,
    4193.74996456774,
    4033.0391979719607,
    4074.6000208091755,
    4093.3463366105534,
    4125.870447930998,
    4152.519676270165,
    4183.314547796872,
    4206.979232542057,
    4218.173064653316,
    4232.256182444846,
    4251.87186584611,
    4257.669673479936,
    4285.5016112293415,
    4144.887763498532,
    4164.0456534778405
  ],
  "speed": [
    9.595778894244548,
    9.653128048476605,
    9.589537027139672,
    9.610987962039575,
    9.560965903003625,
    9.542795937030116,
    9.543107151473011,
    9.528155117713307,
    9.49068888458505,
    9.489365507847278,
    9.508667757406096,
    9.520475967269457,
    9.521270589746194,
    9.519012207708219,
    9.512541580130323,
    9.521877818006931,
    9.53251333215209,
    9.539201978685806,
    9.549554348509186,
    9.539400229121119,
    9.544004790170742,
    9.554356850555896,
    9.562998013415376,
    9.563495052860311,
    9.563107541634933,
    9.562192535298951,
    9.558666404732195,
    9.562448900904151,
    9.559547419459136,
    9.561125730475316,
    9.56669166438697,
    9.565577218924847,
    9.56812212611352,
    9.571936659532557,
    9.578487223465784,
    9.572374649320205,
    9.573691223034,
    9.576125688607437,
    9.578646605390949,
    9.582210504734237,
    9.58426645572858,
    9.584142457646157,
    9.579304162382595,
    9.580194521905167,
    9.584548910025955,
    9.581803072792273,
    9.582829932976711,
    9.580420209023801,
    9.578675914980378,
    9.576844787466307,
    9.578014647830491,
    9.579935936280046,
    9.578243942866486,
    9.57654402879386,
    9.576953038663012,
    9.576027437487888,
    9.577819104890317,
    9.581382913734734,
    9.579631240977411
  ],
  "throuput": [
    9,
    30,
    81,
    156,
    246,
    353,
    484,
    608,
    745,
    881,
    1034,
    1184,
    1340,
    1482,
    1646,
    1806,
    1968,
    2121,
    2271,
    2424,
    2597,
    2763,
    2927,
    3087,
    3229,
    3403,
    3567,
    3728,
    3882,
    4048,
    4204,
    4377,
    4531,
    4685,
    4846,
    5006,
    5167,
    5320,
    5482,
    5640,
    5807,
    5957,
    6141,
    6298,
    6439,
    6605,
    6778,
    6926,
    7075,
    7253,
    7393,
    7563,
    7730,
    7880,
    8047,
    8206,
    8377,
    8532,
    8696
  ],
  "runningtime": [
    4.501573570569357
  ]
}