{
  "distance": [
    1103.2105937613169,
    1465.4739128666545,
    1813.6566745188454,
    2046.1780172331771,
    2359.9817183033642,
    2633.7402699911418,
    2774.8764371087145,
    2959.293220356418,
    3109.9436633823348,
    3262.2820683616137,
    3410.004538638152,
    3493.220590066936,
    3250.6202206377193,
    3386.411261653429,
    3519.880175243705,
    3649.895788138574,
    3718.152079712848,
    3817.3096780265682,
    3873.4972890053787,
    3942.017435897746,
    4023.844804199336,
    4062.176508115219,
    4104.926504081823,
    4134.279754258669,
    4196.120622594206,
    4001.444683829322,
    4054.9810371629837,
    4105.832875271667,
    4168.15330319374,
    4217.530237768823,
    4244.989696781922,
    4280.7467161164805,
    4324.7976454931195,
    4344.283725177747,
    4383.63950870839,
    4389.513916724528,
    4423.384954757262,
    4446.147166772184,
    4285.078769308678,
    4332.387823176019,
    4353.623525310415,
    4395.931556911625,
    4429.9419118004425,
    4439.288513185555,
    4476.336936325826,
    4479.869046373239,
    4515.697447711681,
    4518.156329518306,
    4538.745813945246,
    4551.015452395468,
    4559.905799221258,
    4432.9920161019645,
    4477.182108397005,
    4498.46530489988,
    4508.491487604188,
    4534.613473861229,
    4543.569272262239,
    4563.680060505814,
    4585.870417704027
  ],
  "speed": [
    10.301423568238139,
    10.273136624790848,
    10.193586038688197,
    10.175398488463935,
    10.192931451332417,
    10.240916255581109,
    10.24027322472745,
    10.254024049802974,
    10.265041131131246,
    10.269802628000262,
    10.307462745712098,
    10.338437338242464,
    10.333994198228856,
    10.338195542831677,
    10.344113857187079,
    10.355595807961457,
    10.337564813038348,
    10.332116726032107,
    10.33373599807266,
    10.327312097994772,
    10.330399953877269,
    10.335959407138374,
    10.338563163535632,
    10.337897786286328,
    10.33496070498288,
    10.338640267390772,
    10.343515694502697,
    10.328870345668369,
    10.324774327026594,
    10.32592107791883,
    10.32264077692894,
    10.326953821486804,
    10.323472096457321,
    10.32395308685993,
    10.323499830129377,
    10.32835165915021,
    10.33061902964797,
    10.333390543300792,
    10.330694118565146,
    10.332485774494893,
    10.330113672414793,
    10.327399614403236,
    10.321176959629135,
    10.313952314048592,
    10.31289523732113,
    10.309603397695312,
    10.310505957440856,
    10.308216131262393,
    10.302251716722605,
    10.301570817196934,
    10.303253898839271,
    10.30157139761065,
    10.304123863216637,
    10.304037688356855,
    10.299952983469272,
    10.291430297725682,
    10.285490178937499,
    10.280109941240225,
    10.276888468151457
  ],
  "throuput": [
    10,
    40,
    95,
    165,
    260,
    375,
    501,
    635,
    795,
    956,
    1128,
    1293,
    1483,
    1651,
    1836,
    2014,
    2187,
    2344,
    2533,
    2698,
    2859,
    3049,
    3237,
    3407,
    3601,
    3772,
    3980,
    4154,
    4338,
    4513,
    4699,
    4875,
    5042,
    5212,
    5403,
    5588,
    5769,
    5969,
    6157,
    6343,
    6507,
    6689,
    6870,
    7043,
    7223,
    7394,
    7574,
    7753,
    7932,
    8113,
    8304,
    8500,
    8684,
    8862,
    9043,
    9211,
    9391,
    9555,
    9730
  ],
  "runningtime": [
    4.20771373907725
  ]
}