{
  "distance": [
    1028.2742998032172,
    1492.252988572615,
    1917.5804481019454,
    2318.0163106529208,
    2691.730696102417,
    3025.7512834587737,
    3380.0993634155607,
    3654.6080444521613,
    3912.514666031272,
    4149.086687234113,
    4400.626724360527,
    4583.918063523223,
    4795.653174945303,
    4986.986417971219,
    5156.257195650451,
    5296.430514611948,
    5431.754242999685,
    5563.629983697508,
    5648.394889519295,
    5758.351052086315,
    5791.659573765238,
    5872.110158038417,
    5980.431669943645,
    6042.977279684489,
    6061.434682441111,
    6116.017478412795,
    6191.860294848191,
    6205.590690571071,
    6249.056247571221,
    6279.210690638428,
    6308.059629646491,
    6359.6177732285,
    6359.5081727276665,
    6361.754811253395,
    6402.341034276298,
    6405.713389463542,
    6410.389218451484,
    6377.097901595522,
    6395.720699575276,
    6406.911896525597,
    6424.62817553261,
    6363.863771063236,
    6373.965568799325,
    6385.222600833901,
    6337.902143889802,
    6346.231656110258,
    6346.354434486508,
    6336.837962745264,
    6342.555871681226,
    5303.5292858021185,
    5394.82519174523,
    5479.457294163269,
    5551.689395736725,
    5618.8270766685,
    5712.160204140575,
    5771.963274744412,
    5837.8570610893485,
    5896.531578843895,
    5957.766937612781
  ],
  "speed": [
    8.718964547177189,
    8.59765654762678,
    8.568208410035092,
    8.581790352982367,
    8.569161904363742,
    8.553063135241988,
    8.545178688164174,
    8.525350201685583,
    8.494739074945338,
    8.465994427514067,
    8.451835898716718,
    8.434573755066495,
    8.437704211379684,
    8.432422583483952,
    8.424250111100749,
    8.417754372480367,
    8.407046475572661,
    8.41010152359701,
    8.408711978904444,
    8.392329328379901,
    8.37824558913449,
    8.361441211091297,
    8.350839143681577,
    8.342144599477004,
    8.332425680730992,
    8.331196828132564,
    8.330506415587426,
    8.328641748270185,
    8.329507194353473,
    8.335388434268017,
    8.340239541962612,
    8.337448268831551,
    8.33536953294749,
    8.33476658390571,
    8.339568749182188,
    8.342454032617018,
    8.343986317942123,
    8.341976625532975,
    8.343389951186891,
    8.34549780305281,
    8.347390869390694,
    8.34672914409745,
    8.350703276512277,
    8.354857846637458,
    8.35882094345281,
    8.3626631670354,
    8.366827121277513,
    8.373084723726,
    8.377515981855572,
    8.381028252758327,
    8.393132678527108,
    8.392570712275138,
    8.387566531198553,
    8.386182802793389,
    8.394980566249357,
    8.402092704671677,
    8.405521855639442,
    8.407744416465894,
    8.41220616344227
  ],
  "throuput": [
    36,
    91,
    185,
    308,
    445,
    604,
    780,
    984,
    1237,
    1498,
    1723,
    1998,
    2263,
    2540,
    2820,
    3085,
    3405,
    3692,
    3972,
    4238,
    4567,
    4855,
    5142,
    5450,
    5725,
    6015,
    6341,
    6629,
    6924,
    7206,
    7522,
    7799,
    8139,
    8437,
    8745,
    9075,
    9360,
    9649,
    9910,
    10198,
    10487,
    10767,
    11038,
    11332,
    11657,
    11937,
    12197,
    12457,
    12711,
    12992,
    13263,
    13531,
    13789,
    14041,
    14284,
    14531,
    14803,
    15065,
    15325
  ],
  "runningtime": [
    24.95937847296397
  ]
}