{
  "distance": [
    1035.3016836079287,
    1521.761195774845,
    1957.682234540449,
    2378.357997271304,
    2765.228785546755,
    3113.330026136359,
    3481.630079057399,
    3777.7143956672653,
    4061.121080497873,
    4319.156345079457,
    4582.6235470066995,
    4771.423717957937,
    4990.883169733449,
    5186.241432180666,
    5359.6717545471265,
    5504.438688564357,
    5644.311673137614,
    5775.623054688467,
    5856.057276079767,
    5972.453373170973,
    6008.018135123285,
    6095.171061437177,
    6207.387512575419,
    6270.225683391643,
    6292.13080918555,
    6342.563100661766,
    6414.676500641358,
    6423.810908275734,
    6464.271513100384,
    6484.575896098975,
    6504.79612280281,
    6551.726301383503,
    6544.858148854004,
    6543.137853900249,
    6576.679720725317,
    6574.338452724747,
    6575.263735086241,
    6537.583080171972,
    6554.290469891588,
    6560.844233749236,
    6572.453153423246,
    6507.141987438654,
    6510.178334905407,
    6515.940573605495,
    6459.449881547238,
    6461.868117023319,
    6457.657743501527,
    6440.161969253216,
    6438.761876796408,
    5377.952715226435,
    5465.794035997099,
    5548.661227073618,
    5621.836239590991,
    5691.639386708896,
    5786.978010481017,
    5844.974438172977,
    5911.553642921758,
    5969.003023982809,
    6031.11346539591
  ],
  "speed": [
    8.778302454782443,
    8.767877820336944,
    8.749305395956837,
    8.808615757451177,
    8.812627129649382,
    8.815619119787467,
    8.823432462194763,
    8.843592302381108,
    8.85745159601533,
    8.864893206899763,
    8.866415543367417,
    8.858214395396995,
    8.873160450846779,
    8.873928324523028,
    8.874158981699447,
    8.880455262851608,
    8.878972192468753,
    8.882935748717593,
    8.87772334504307,
    8.872624239280437,
    8.86741946816182,
    8.861722525662804,
    8.85926044565067,
    8.854800087604703,
    8.857571262581445,
    8.85851828853117,
    8.859261433254702,
    8.860437151189931,
    8.866374955799609,
    8.869740877189356,
    8.875713661433647,
    8.878122990893416,
    8.88062926907311,
    8.886762630337241,
    8.890866611398996,
    8.895175301438755,
    8.899545286671083,
    8.900851624320524,
    8.907690658823457,
    8.912875699565296,
    8.91519877481983,
    8.919787799095836,
    8.923943695376972,
    8.930721853471242,
    8.934178418243713,
    8.939460028699825,
    8.94728039438677,
    8.952396967777931,
    8.955556655460455,
    8.953989227337956,
    8.959849199222951,
    8.954704919024712,
    8.948847601955356,
    8.948582974738873,
    8.95777984946893,
    8.959972759416614,
    8.961518115377936,
    8.959281529847834,
    8.96255337713983
  ],
  "throuput": [
    37,
    99,
    192,
    322,
    470,
    624,
    824,
    1040,
    1308,
    1584,
    1861,
    2128,
    2406,
    2689,
    2994,
    3274,
    3550,
    3849,
    4115,
    4425,
    4728,
    5027,
    5332,
    5639,
    5948,
    6251,
    6577,
    6880,
    7193,
    7518,
    7829,
    8145,
    8462,
    8727,
    9016,
    9331,
    9618,
    9897,
    10190,
    10483,
    10773,
    11057,
    11350,
    11662,
    11966,
    12235,
    12499,
    12750,
    13001,
    13272,
    13543,
    13798,
    14025,
    14275,
    14511,
    14748,
    15014,
    15270,
    15539
  ],
  "runningtime": [
    10.237910735607148
  ]
}