{
  "distance": [
    1067.9332009000727,
    1573.8355219706743,
    2026.7504634968877,
    2455.9459172819643,
    2855.6721592522736,
    3219.565073561237,
    3606.0209895072107,
    3914.6132343283384,
    4205.072236353557,
    4475.692914461572,
    4746.163196047557,
    4944.603057421976,
    5161.261672398228,
    5356.241850961383,
    5533.8621364554065,
    5676.726493965059,
    5816.228732554877,
    5942.953194402124,
    6019.476768296534,
    6130.491219884878,
    6160.299015396381,
    6242.831268763065,
    6353.434315655976,
    6411.7439925993485,
    6427.642730984066,
    6470.553621138122,
    6540.52111183102,
    6542.44595866825,
    6573.637490060917,
    6587.898923111083,
    6601.856388871362,
    6643.573339015056,
    6632.432473385782,
    6625.079978305485,
    6654.278391491936,
    6648.136473290609,
    6644.720009090192,
    6603.1446006161,
    6612.473731570773,
    6613.465649885586,
    6621.308355163785,
    6552.655034722712,
    6554.861182265916,
    6557.0500217559475,
    6497.797974130206,
    6498.732156842957,
    6490.873226452989,
    6469.782703009812,
    6468.223212818887,
    5401.889847138212,
    5491.961111430797,
    5580.2136378312225,
    5657.4463017485805,
    5731.106803638974,
    5827.349277378521,
    5888.8630272899845,
    5960.531919855637,
    6022.6529632970005,
    6086.662905866372
  ],
  "speed": [
    9.054282946682413,
    9.070199122276541,
    9.06530483763498,
    9.112223879601098,
    9.125701472461927,
    9.152140197324341,
    9.183747305654709,
    9.221541618029628,
    9.241011508067546,
    9.265537865845689,
    9.271136392050385,
    9.27719858740547,
    9.284869344141079,
    9.285019369800128,
    9.292201207330818,
    9.295580149919628,
    9.294879715554341,
    9.295334929388394,
    9.293598721469474,
    9.289307920469358,
    9.286306445515349,
    9.281526080602742,
    9.283036133998621,
    9.281761898113535,
    9.285862811283888,
    9.285208413758465,
    9.290868593132585,
    9.290685149554157,
    9.290084804840687,
    9.292003237650656,
    9.29477864386298,
    9.293827869477875,
    9.295510311590679,
    9.299336294510699,
    9.30285978926086,
    9.307355969549782,
    9.310182803449012,
    9.31101807316357,
    9.312930599705792,
    9.316990964383267,
    9.320906052912246,
    9.32774442515959,
    9.335198403736953,
    9.34106202540936,
    9.34437362636155,
    9.350141891276571,
    9.35571557108369,
    9.358344161603275,
    9.36375094627237,
    9.359793035578681,
    9.364278163804537,
    9.362160417743297,
    9.358502446357205,
    9.360701748760416,
    9.368602130658255,
    9.373634980275666,
    9.380920871948215,
    9.383480164019302,
    9.387275560444914
  ],
  "throuput": [
    37,
    107,
    204,
    348,
    508,
    685,
    884,
    1140,
    1394,
    1690,
    1950,
    2244,
    2550,
    2819,
    3115,
    3416,
    3702,
    4030,
    4321,
    4645,
    4930,
    5232,
    5554,
    5850,
    6159,
    6487,
    6794,
    7084,
    7386,
    7701,
    8006,
    8296,
    8622,
    8915,
    9186,
    9497,
    9754,
    10068,
    10378,
    10690,
    10967,
    11244,
    11512,
    11809,
    12105,
    12366,
    12626,
    12872,
    13121,
    13393,
    13633,
    13891,
    14151,
    14413,
    14640,
    14901,
    15161,
    15420,
    15674
  ],
  "runningtime": [
    15.331341254711152
  ]
}