{
  "distance": [
    945.3857663242387,
    1254.9843591640424,
    1576.194053597016,
    1801.7840436317397,
    2034.8882282097934,
    2243.9486679440124,
    2413.4444902063456,
    2549.465507442187,
    2614.5040657024433,
    2729.655642478581,
    2861.495629238773,
    2959.780304713816,
    3034.2465398009044,
    3107.2710898487426,
    3181.648210988322,
    3253.4899984225767,
    3284.6709945706466,
    3263.3416172503266,
    3341.116635587012,
    3387.862007396113,
    3430.897883501133,
    3449.568909144803,
    3511.2303597388113,
    3518.183073247439,
    3555.825380090187,
    3588.029261686519,
    3629.3456054885137,
    3588.7630122169935,
    3632.898427633006,
    3659.8567850843133,
    3677.7668833897733,
    3691.0950899640416,
    3730.0652115600924,
    3737.6253030037306,
    3752.6280589176827,
    3764.0427246037784,
    3749.6870044359575,
    3770.007340735783,
    3779.485857668644,
    3787.6083739871333,
    3813.044894843702,
    3823.7398531703257,
    3840.737860538807,
    3843.297238952612,
    3851.084579124586,
    3863.5943045489184,
    3852.347792570323,
    3873.969308615623,
    3878.2270374201835,
    3893.923832385019,
    3895.0739294862406,
    3912.6748883198957,
    3916.945436559722,
    3917.0937525522895,
    3935.5562160963505,
    3909.2479032685064,
    3920.437770859019,
    3919.6593802571633,
    3946.3263352053386
  ],
  "speed": [
    10.622085081417271,
    10.56857913303865,
    10.540353279757834,
    10.546241740956912,
    10.5209832655449,
    10.515495291872858,
    10.490545014199357,
    10.480915244072724,
    10.485263607481503,
    10.465001326857518,
    10.451653416773269,
    10.435269747879548,
    10.413945609585756,
    10.391841671810317,
    10.38747335157128,
    10.38203005288141,
    10.379828951857556,
    10.371663430352074,
    10.36445506463212,
    10.359855653851769,
    10.350519040089946,
    10.34498313408571,
    10.34033077022587,
    10.33385439610127,
    10.324885787473976,
    10.321213315362456,
    10.31854737814942,
    10.318309563465782,
    10.318191907936603,
    10.311905914654549,
    10.307205950497112,
    10.303469884725857,
    10.300082083123165,
    10.293821705692046,
    10.28716537858692,
    10.283452014194799,
    10.279471881755436,
    10.272670639812775,
    10.26421283354527,
    10.263132785843124,
    10.254406424791627,
    10.249203249949344,
    10.246331017161037,
    10.239021133478719,
    10.232995145570312,
    10.233570577205384,
    10.233888495862073,
    10.233174638376743,
    10.231313058949185,
    10.230399407125962,
    10.226535706383377,
    10.221238641991246,
    10.21823365561348,
    10.215449134512196,
    10.211048805740129,
    10.209401195929951,
    10.207064058724605,
    10.199334438509704,
    10.197384451832397
  ],
  "throuput": [
    3,
    32,
    75,
    150,
    243,
    349,
    486,
    638,
    792,
    949,
    1098,
    1261,
    1418,
    1580,
    1759,
    1923,
    2085,
    2258,
    2420,
    2583,
    2767,
    2931,
    3099,
    3266,
    3446,
    3606,
    3780,
    3959,
    4127,
    4286,
    4463,
    4640,
    4812,
    4986,
    5149,
    5325,
    5500,
    5658,
    5838,
    6018,
    6177,
    6349,
    6519,
    6691,
    6851,
    7029,
    7200,
    7374,
    7551,
    7730,
    7912,
    8065,
    8241,
    8416,
    8585,
    8747,
    8923,
    9092,
    9258
  ],
  "runningtime": [
    3.554772663116455
  ]
}