{
  "distance": [
    925.9705494135314,
    1229.8569501529578,
    1547.4227464011933,
    1767.6244342530965,
    1992.7264551541537,
    2198.350822949166,
    2368.052718801271,
    2502.750700189541,
    2566.543994891738,
    2684.6174190218458,
    2808.515693815085,
    2907.7277826362933,
    2991.8109490029387,
    3064.2283453519917,
    3140.698265231985,
    3218.035567282139,
    3253.2895272146534,
    3237.2560990854745,
    3314.051541647487,
    3355.9597832769905,
    3396.1139712500453,
    3413.988531092661,
    3475.3856695495315,
    3484.624393340661,
    3523.645926995522,
    3557.201617931221,
    3599.929791949774,
    3561.4748205879873,
    3604.443494814554,
    3629.4577710920044,
    3645.2441870427197,
    3656.827332839966,
    3695.2155113175213,
    3704.8828939188684,
    3723.2561497953184,
    3736.2075071504228,
    3724.3526054608187,
    3747.043063929117,
    3757.42421717664,
    3761.9602929702787,
    3787.475072682296,
    3800.484636995777,
    3816.995512957071,
    3820.6517734338786,
    3830.66289329984,
    3843.8347333259567,
    3832.596780092799,
    3853.032544883995,
    3856.1428757397225,
    3872.4970376840565,
    3874.0516225566516,
    3894.5786366326,
    3898.9336438468176,
    3899.0978826634587,
    3919.718265450328,
    3893.287599806753,
    3904.3849231334543,
    3906.4785776420313,
    3933.1443371019577
  ],
  "speed": [
    10.402385822722598,
    10.347768122002432,
    10.334595939549528,
    10.337636950720196,
    10.278200922986123,
    10.254621915252352,
    10.234681038743979,
    10.204444631733098,
    10.177538771830797,
    10.159343057206144,
    10.118804247971156,
    10.100398688825774,
    10.100570125773228,
    10.072086310231565,
    10.062600754633403,
    10.058634425589554,
    10.062022163898611,
    10.058021787799028,
    10.04249610724427,
    10.020078430415573,
    9.998793288546098,
    9.982401423888048,
    9.970769894146244,
    9.961184044738165,
    9.94881173964248,
    9.939130276190216,
    9.92837471622854,
    9.92379069974514,
    9.916975179182904,
    9.90305948793043,
    9.890642841506896,
    9.878560404643434,
    9.868746098040365,
    9.861245463676603,
    9.855609255996233,
    9.8523949884067,
    9.85040858582216,
    9.847738657777034,
    9.843613659588847,
    9.833681048594498,
    9.826866361816643,
    9.82691720405062,
    9.81803415627707,
    9.81467057945609,
    9.813509067654332,
    9.813176165214747,
    9.813634689215746,
    9.807089017409028,
    9.801100381718584,
    9.799622184050952,
    9.795277489968385,
    9.79493691800481,
    9.792568579707783,
    9.789833341720747,
    9.788157900474916,
    9.787108364588347,
    9.78555151881762,
    9.786022678015724,
    9.784772266858019
  ],
  "throuput": [
    3,
    32,
    79,
    143,
    236,
    337,
    471,
    618,
    768,
    920,
    1081,
    1229,
    1390,
    1536,
    1713,
    1865,
    2050,
    2204,
    2375,
    2546,
    2723,
    2880,
    3044,
    3211,
    3394,
    3541,
    3723,
    3904,
    4074,
    4239,
    4415,
    4582,
    4745,
    4913,
    5084,
    5263,
    5428,
    5615,
    5798,
    5973,
    6129,
    6283,
    6475,
    6641,
    6799,
    6981,
    7144,
    7327,
    7479,
    7675,
    7846,
    8017,
    8187,
    8359,
    8533,
    8709,
    8875,
    9037,
    9215
  ],
  "runningtime": [
    2.7372182607650757
  ]
}