{
  "distance": [
    926.1882528269421,
    1233.0726896995693,
    1561.7109384875625,
    1783.9599531627014,
    2011.1551472527965,
    2218.146599591222,
    2395.4061093135906,
    2531.4140247359032,
    2594.5118704704664,
    2714.0740413079093,
    2840.918536041388,
    2937.378343599121,
    3014.396473897841,
    3089.708103785907,
    3166.732243321311,
    3240.556361588362,
    3274.7807843194605,
    3252.584722349511,
    3330.3231227597616,
    3374.10502214619,
    3415.752476486486,
    3432.846553676232,
    3493.080844249283,
    3500.9958317741452,
    3541.082460152292,
    3574.3917988894955,
    3616.6912206203997,
    3578.754604738801,
    3621.7560450413293,
    3647.1233658478036,
    3665.460535980573,
    3679.139684245013,
    3719.0735888949216,
    3727.5004764548794,
    3745.614157347872,
    3757.2438027708436,
    3742.8641794923333,
    3765.1010744979585,
    3775.043083632719,
    3781.1470178192153,
    3807.1159142727997,
    3818.913882847759,
    3832.9165869902245,
    3835.2611401019035,
    3843.0692808182102,
    3854.9368299571365,
    3842.5084701405294,
    3863.052863187766,
    3866.5717494152022,
    3883.1540505387206,
    3887.7011963874183,
    3907.0674861838984,
    3910.822761715252,
    3910.375372322889,
    3930.45809876261,
    3904.571946782896,
    3915.608748000273,
    3915.295791154665,
    3940.7452731832363
  ],
  "speed": [
    10.406831884027332,
    10.369900306482029,
    10.418410229847513,
    10.428149852578358,
    10.376652405046626,
    10.36499043502078,
    10.38128639166828,
    10.373738223738032,
    10.361564908350644,
    10.342130303951798,
    10.314293227133248,
    10.301737893829314,
    10.289961661722938,
    10.276107539836325,
    10.275027713928383,
    10.272076097179331,
    10.27449838761061,
    10.252620486499405,
    10.240329477773804,
    10.222412452961828,
    10.201402847895691,
    10.182110405829382,
    10.165410492419097,
    10.155154675552547,
    10.146103675929181,
    10.140844261155976,
    10.136605009736844,
    10.137932172350071,
    10.132555237956147,
    10.12375642127049,
    10.120901305079482,
    10.117525908950988,
    10.115132010956074,
    10.109472168838762,
    10.109881030371414,
    10.106928867088843,
    10.102473761807701,
    10.100910270369756,
    10.09766234413089,
    10.092408137220835,
    10.08630952785223,
    10.086547098864596,
    10.075205445969479,
    10.069291651612133,
    10.062374732900826,
    10.062369296518444,
    10.061090453532696,
    10.056233032441881,
    10.052371718256895,
    10.052256938570013,
    10.05619348936311,
    10.054750278505741,
    10.052815366590233,
    10.0504061232357,
    10.04950486258501,
    10.04970868379241,
    10.047855620727127,
    10.043664528637446,
    10.039027919648467
  ],
  "throuput": [
    3,
    30,
    74,
    146,
    237,
    345,
    484,
    643,
    776,
    921,
    1110,
    1262,
    1411,
    1567,
    1742,
    1901,
    2061,
    2237,
    2396,
    2561,
    2731,
    2896,
    3073,
    3241,
    3411,
    3588,
    3752,
    3927,
    4110,
    4270,
    4446,
    4619,
    4781,
    4955,
    5131,
    5296,
    5469,
    5648,
    5823,
    6007,
    6157,
    6328,
    6515,
    6670,
    6831,
    7016,
    7184,
    7361,
    7523,
    7710,
    7879,
    8053,
    8242,
    8388,
    8569,
    8730,
    8907,
    9082,
    9241
  ],
  "runningtime": [
    2.7905138810475667
  ]
}