{
  "distance": [
    926.9895163807558,
    1240.4740095794118,
    1565.0963707123403,
    1794.949771450598,
    2030.2528060051616,
    2232.4772620370622,
    2406.3406435194524,
    2539.9129015057288,
    2598.5889743096923,
    2717.449565417354,
    2848.851264518089,
    2946.838357505325,
    3023.6775227473768,
    3096.6895111218196,
    3171.1146597176967,
    3243.541032550499,
    3274.1398765777403,
    3251.653040338526,
    3331.182877361898,
    3378.976454202779,
    3417.9837456033174,
    3433.7234231980547,
    3491.971452068547,
    3501.077430910748,
    3537.2985336152155,
    3568.354869835209,
    3607.119683440389,
    3570.149009909627,
    3613.6921169505536,
    3640.52179205184,
    3659.896913676285,
    3672.9764570548873,
    3711.748137737171,
    3721.4491383318073,
    3737.5447799068193,
    3751.8578933028484,
    3739.801114080476,
    3762.3258501872897,
    3772.1422999966885,
    3779.5633490923,
    3804.7684681149944,
    3817.271022505059,
    3833.4099579161816,
    3835.7638103784943,
    3843.2304524806596,
    3854.107363548712,
    3841.249606484805,
    3863.007291718973,
    3866.71487780245,
    3882.358223036279,
    3884.409570696163,
    3903.324780894075,
    3906.179658316093,
    3906.5003268578866,
    3925.9118512453188,
    3900.8148022527134,
    3912.600985424816,
    3913.0202818804455,
    3939.062526241019
  ],
  "speed": [
    10.422068731778937,
    10.434810890734354,
    10.446432935660606,
    10.502080896677661,
    10.487191598327877,
    10.455965382759501,
    10.453911299917419,
    10.437463010062585,
    10.421393410284283,
    10.404959815917348,
    10.393247699311939,
    10.376435894830895,
    10.361278682385297,
    10.339878816616803,
    10.329340419905206,
    10.319722524273852,
    10.30917956327177,
    10.287037445351618,
    10.281674834941512,
    10.2784498507868,
    10.252716439571413,
    10.233648980385409,
    10.218206309038075,
    10.213748168362825,
    10.197004696254329,
    10.183745117207721,
    10.164037134170407,
    10.162856702579365,
    10.15559735956128,
    10.144497599308641,
    10.139637114889068,
    10.131504589877233,
    10.122740074089332,
    10.116875355859099,
    10.10876402497943,
    10.11051643568522,
    10.108877213580241,
    10.105355349680206,
    10.100009751633394,
    10.097327582560796,
    10.08885488983023,
    10.087950285349224,
    10.081071488632174,
    10.072733203122603,
    10.066855622475366,
    10.06378544767525,
    10.060487223938823,
    10.058085988238636,
    10.054307233224417,
    10.052111142900511,
    10.048370356031086,
    10.044763251852178,
    10.038668634712204,
    10.036370315077868,
    10.033239422788725,
    10.03409845707806,
    10.033504050137552,
    10.028949786137792,
    10.024904392037664
  ],
  "throuput": [
    4,
    29,
    77,
    149,
    240,
    351,
    489,
    649,
    795,
    936,
    1107,
    1253,
    1413,
    1572,
    1738,
    1907,
    2063,
    2244,
    2412,
    2581,
    2743,
    2925,
    3084,
    3256,
    3421,
    3583,
    3739,
    3927,
    4093,
    4258,
    4431,
    4617,
    4767,
    4952,
    5124,
    5291,
    5458,
    5644,
    5816,
    6003,
    6163,
    6334,
    6500,
    6675,
    6848,
    7011,
    7185,
    7348,
    7522,
    7706,
    7877,
    8050,
    8221,
    8389,
    8559,
    8731,
    8894,
    9068,
    9240
  ],
  "runningtime": [
    2.7744718392690024
  ]
}