{
  "distance": [
    1026.918564076722,
    1356.7443325730596,
    1622.0216602514931,
    1935.5627668961076,
    2212.436732218214,
    2343.805885699152,
    2549.8739503870493,
    2712.7432933808436,
    2797.026237130043,
    2900.4278117084827,
    2968.638404059825,
    3035.7592983374934,
    3093.330510602805,
    3191.0835462564364,
    3220.8972209015874,
    3269.015201804586,
    3331.3794347251865,
    3360.2460755483216,
    3360.5844535794026,
    3392.677090774708,
    3448.211147097609,
    3428.395441367658,
    3451.2697503162008,
    3464.3027845801735,
    3505.2387895366855,
    3506.446963201001,
    3535.9007109859203,
    3571.9910689125813,
    3573.850247373549,
    3589.163059837726,
    3614.5709201859177,
    3624.8705873357117,
    3611.2289952226934,
    3614.0231709870764,
    3639.8600149098,
    3641.406956905208,
    3665.6795818026812,
    3671.730525918658,
    3673.8956822606815,
    3673.498999960488,
    3694.975380890671,
    3695.39395956527,
    3710.4363862129617,
    3721.638923496605,
    3709.2055499193293,
    3698.954828102153,
    3723.1099738123544,
    3725.7664764425285,
    3730.653745515346,
    3743.667287759439,
    3755.92100686921,
    3749.5600020555794,
    3755.1423508653934,
    3763.9901626720157,
    3770.107805248429,
    3749.0101184047494,
    3766.0533493135304,
    3761.816732611829,
    3768.5245307588984
  ],
  "speed": [
    11.127516921771855,
    11.164432203775176,
    11.137842986909423,
    11.291976610391329,
    11.356233408498486,
    11.416103949612207,
    11.388610783004241,
    11.381971366392984,
    11.401448354412798,
    11.397942781624366,
    11.388354464843438,
    11.420162628652598,
    11.40325791267971,
    11.426781369203335,
    11.422684499623063,
    11.430850977462152,
    11.436150113919032,
    11.452238022179937,
    11.42576688642276,
    11.425683385964222,
    11.439655179645653,
    11.442367470791496,
    11.442138109254916,
    11.432288483500106,
    11.425323625178104,
    11.428493267417192,
    11.431251001987498,
    11.444298646803652,
    11.443447038383034,
    11.444623152135044,
    11.447185287390989,
    11.460176793627216,
    11.468353781542774,
    11.470297618992024,
    11.469220001658181,
    11.466178433265476,
    11.470338355627627,
    11.470158852571227,
    11.463435907996184,
    11.459165382999853,
    11.456003462045173,
    11.459248841926438,
    11.456326709438859,
    11.460006334244994,
    11.45097023790453,
    11.4497344634175,
    11.44712653070815,
    11.448911817183502,
    11.449250122436123,
    11.452964655043884,
    11.446890870031037,
    11.453862622254887,
    11.445914585191993,
    11.445183837708997,
    11.444640236792047,
    11.446034201907034,
    11.44539776150294,
    11.442723827638012,
    11.440958735843934
  ],
  "throuput": [
    4,
    15,
    42,
    69,
    112,
    159,
    220,
    280,
    348,
    417,
    481,
    552,
    624,
    684,
    756,
    823,
    885,
    951,
    1015,
    1089,
    1156,
    1222,
    1293,
    1352,
    1420,
    1490,
    1562,
    1633,
    1692,
    1754,
    1824,
    1899,
    1964,
    2029,
    2096,
    2160,
    2232,
    2303,
    2355,
    2432,
    2499,
    2555,
    2627,
    2695,
    2765,
    2826,
    2896,
    2961,
    3034,
    3101,
    3168,
    3231,
    3295,
    3360,
    3428,
    3497,
    3566,
    3634,
    3697
  ],
  "runningtime": [
    1.464071007569631
  ]
}