{
  "distance": [
    1032.7911497820494,
    1368.7096786633563,
    1634.1351636057204,
    1942.1357991971174,
    2224.6162560926937,
    2349.966877380595,
    2559.8299652568016,
    2725.767158244406,
    2806.6878348824343,
    2916.2917693371173,
    2987.7530312264853,
    3051.455806791874,
    3111.0126571955593,
    3203.278012401422,
    3233.034875913308,
    3282.847326004867,
    3346.1041466841225,
    3373.21658853055,
    3378.3129057866054,
    3406.596813662912,
    3459.9663261260653,
    3443.3475788023165,
    3461.9858276676887,
    3475.8776274195334,
    3514.6901166337807,
    3515.1887519589923,
    3541.8361223487614,
    3575.705677234181,
    3581.06657100087,
    3597.1701666052686,
    3622.825490120701,
    3631.401823232627,
    3616.2016913474404,
    3617.578259371075,
    3640.567919060482,
    3640.855324493552,
    3663.8310247095624,
    3671.3538637770157,
    3675.87660358749,
    3676.869420805515,
    3700.685147367828,
    3699.479723355201,
    3715.9693114411434,
    3725.2891003088916,
    3715.5684440281084,
    3703.695884306828,
    3727.585596752581,
    3728.356918789001,
    3734.7564180423087,
    3747.9066036767435,
    3762.2593975703335,
    3755.2140774703253,
    3760.747495675163,
    3768.222886969949,
    3773.4561191184152,
    3753.0486698985615,
    3767.5348109215893,
    3762.6864189727553,
    3767.858769265828
  ],
  "speed": [
    11.189974062751915,
    11.27955269946256,
    11.228912940329838,
    11.340197703273073,
    11.44190920806959,
    11.483745037279972,
    11.483685099682297,
    11.491385932086818,
    11.49264364383298,
    11.511451120808928,
    11.516960087834173,
    11.554242138774931,
    11.543097101191782,
    11.562503072429594,
    11.574038032977045,
    11.589454584762054,
    11.605303407216315,
    11.6255100936074,
    11.621748260601665,
    11.613425051717272,
    11.624545951358341,
    11.6351215394199,
    11.634103974658695,
    11.63667994826283,
    11.632024529225736,
    11.634514951349995,
    11.630998646888122,
    11.638929961207083,
    11.641623501239918,
    11.647043744821564,
    11.653244707255334,
    11.655935494839245,
    11.654692379151614,
    11.654792006058608,
    11.649637104867505,
    11.644487753992566,
    11.64361576560728,
    11.640351598038498,
    11.634663847241999,
    11.632245127893915,
    11.630850693905646,
    11.629961551246947,
    11.629094091332359,
    11.631050547855706,
    11.630408482585294,
    11.622130677062522,
    11.62038119477212,
    11.618700598266377,
    11.621014087801138,
    11.620330523166594,
    11.620273144410099,
    11.625771452662507,
    11.61861462643847,
    11.616510107996323,
    11.613006989387827,
    11.616167612052912,
    11.607579736900384,
    11.600440071118955,
    11.591384242079474
  ],
  "throuput": [
    4,
    17,
    41,
    72,
    112,
    167,
    221,
    280,
    352,
    418,
    488,
    559,
    627,
    696,
    763,
    829,
    892,
    963,
    1020,
    1101,
    1161,
    1227,
    1305,
    1368,
    1432,
    1498,
    1570,
    1634,
    1691,
    1766,
    1828,
    1902,
    1963,
    2035,
    2109,
    2163,
    2235,
    2296,
    2360,
    2428,
    2500,
    2562,
    2637,
    2706,
    2769,
    2828,
    2906,
    2966,
    3023,
    3099,
    3174,
    3235,
    3302,
    3367,
    3438,
    3506,
    3571,
    3632,
    3693
  ],
  "runningtime": [
    1.269703741868337
  ]
}