{
  "distance": [
    1050.3910176803317,
    1391.3826709692137,
    1660.3994540269064,
    1958.6753151429757,
    2237.589310311327,
    2359.1665604399195,
    2577.8111368464633,
    2735.076051007762,
    2805.1163403906453,
    2914.660483120934,
    2984.0519463650876,
    3046.8947520678994,
    3106.8756757434576,
    3202.05626802432,
    3232.2922361657957,
    3284.672252518514,
    3341.9447502766893,
    3370.7987218987955,
    3377.2423449877633,
    3410.6575482406006,
    3462.6615395177005,
    3447.1426048366475,
    3472.0942252958025,
    3483.6798166587987,
    3520.8178464586276,
    3513.871546575751,
    3540.558958403173,
    3576.2896322465576,
    3578.866484337478,
    3594.694663128836,
    3618.9367626631315,
    3627.623374467123,
    3612.4287568127734,
    3614.1614154653203,
    3640.7661836950574,
    3642.4919002135666,
    3666.472400608025,
    3673.4476101226437,
    3678.3939029939984,
    3681.4471353197373,
    3704.862095644748,
    3703.9713829269435,
    3719.495481268579,
    3728.638447130199,
    3717.0800193137893,
    3705.7101909328676,
    3728.3633606819753,
    3727.652337721861,
    3733.419119092307,
    3744.5766689029415,
    3759.662095680699,
    3753.098839395745,
    3762.475724016802,
    3770.291291134836,
    3776.9147146856562,
    3755.419669330415,
    3772.4586254577707,
    3767.9910464050117,
    3774.2234335275884
  ],
  "speed": [
    11.374680630928262,
    11.4553354797972,
    11.397708106402835,
    11.40992445459978,
    11.48469711312899,
    11.512568591541898,
    11.562710789359677,
    11.558897274484902,
    11.545689875836832,
    11.571903222189073,
    11.576384032238122,
    11.609742722493698,
    11.615858882884913,
    11.642297900315752,
    11.657143119283075,
    11.679384698153159,
    11.684347014223388,
    11.708787706327325,
    11.716732763500433,
    11.720963872248825,
    11.725703449542806,
    11.738324808255182,
    11.745373194885081,
    11.742635643959607,
    11.736383697689837,
    11.72294333943263,
    11.71520197269239,
    11.720748171557107,
    11.709761889840037,
    11.71216513653054,
    11.70856878799451,
    11.70693738911995,
    11.702144966464756,
    11.697891345569664,
    11.690166325477861,
    11.681819477608276,
    11.679354063473381,
    11.672703208686537,
    11.66798191091599,
    11.668323836314288,
    11.663734878262801,
    11.65898886759549,
    11.65500030967528,
    11.65515095973636,
    11.649158369984118,
    11.64641378925835,
    11.642366525518069,
    11.635753144234103,
    11.63883587879185,
    11.63114065866313,
    11.631374587412653,
    11.632560022470827,
    11.636688934307552,
    11.636049758735906,
    11.637478761427055,
    11.637687243265551,
    11.638201010363469,
    11.637571006972415,
    11.639214921469714
  ],
  "throuput": [
    4,
    16,
    41,
    70,
    114,
    164,
    229,
    286,
    357,
    422,
    491,
    569,
    637,
    698,
    766,
    835,
    898,
    964,
    1030,
    1098,
    1164,
    1233,
    1298,
    1374,
    1439,
    1500,
    1565,
    1627,
    1693,
    1764,
    1823,
    1897,
    1959,
    2028,
    2098,
    2159,
    2232,
    2296,
    2358,
    2427,
    2495,
    2558,
    2635,
    2706,
    2766,
    2835,
    2904,
    2961,
    3036,
    3096,
    3168,
    3235,
    3310,
    3375,
    3435,
    3510,
    3576,
    3649,
    3712
  ],
  "runningtime": [
    1.3294433951377869
  ]
}