{"total_trips": 3046.0637071547444, "trip_mean": 3678.6538057584394, "trip_var": 3726184.853562155}