{
  "distance": [
    1070.0964399793181,
    1474.7982541634653,
    1779.184261320572,
    2044.5807558091894,
    2287.529427642509,
    2473.7068289279046,
    2674.4267990196354,
    2834.1461483761414,
    2926.111840607202,
    3044.433905309503,
    2919.671331506148,
    3065.970527346936,
    3154.596700136157,
    3267.7100727475367,
    3361.960520842425,
    3433.9260620157465,
    3511.9402320443896,
    3551.978288982877,
    3583.422782519036,
    3637.336993077702,
    3681.5568060901423,
    3565.021089629612,
    3617.999297004717,
    3674.8281996847145,
    3713.0976656209073,
    3760.4313285864255,
    3788.348400258783,
    3820.330800868657,
    3852.7776982351597,
    3874.2841525557283,
    3885.5393685755953,
    3912.1718908166285,
    3818.0590567408567,
    3847.3350179522968,
    3878.0958529578334,
    3911.5102306953786,
    3922.91616829415,
    3943.723914240913,
    3948.6542810954,
    3961.0879163189334,
    3989.74212108475,
    4014.188467398026,
    4019.381887706615,
    3928.992963073899,
    3959.2097097931305,
    3977.789542158276,
    3998.14566070514,
    4012.163075313233,
    4037.76670298947,
    4043.080720422439,
    4054.9333519827087,
    4061.6096265102606,
    4083.797436520887,
    4094.588724331356,
    4009.6595053810333,
    4036.460393665179,
    4058.77458256053,
    4077.2779496791877,
    4091.6835046226333
  ],
  "speed": [
    11.425986859127367,
    11.150311828262366,
    10.972969852523818,
    10.78837473456766,
    10.62748639855825,
    10.533565203439744,
    10.520419312200705,
    10.403884088544054,
    10.333888876446503,
    10.284772776221603,
    10.22956702873972,
    10.17899667654147,
    10.104374580991044,
    10.072139693968042,
    10.021331349917487,
    9.971682985794262,
    9.964137362310806,
    9.933273046872909,
    9.903083479849728,
    9.873090677599992,
    9.841309389020848,
    9.81715529323285,
    9.79493887147831,
    9.780884577774666,
    9.744766613067364,
    9.708243934939844,
    9.689679470662611,
    9.656789963378078,
    9.64725459190835,
    9.62611572089928,
    9.595294524909031,
    9.57733233646135,
    9.547523185995463,
    9.529736239534095,
    9.504725762327814,
    9.47184921893578,
    9.442549526833204,
    9.404845891207298,
    9.376258188901238,
    9.35232665386931,
    9.331481337990615,
    9.312334764381891,
    9.282929062396143,
    9.253012885454972,
    9.240741783896212,
    9.209225858183778,
    9.180961510740213,
    9.157239042112701,
    9.129875097645538,
    9.104386442695287,
    9.077176757127567,
    9.056698646792345,
    9.0438321125554,
    9.025780378530225,
    9.009132069952663,
    8.994922135712123,
    8.97814841424396,
    8.962200820423122,
    8.948180612601814
  ],
  "throuput": [
    6,
    23,
    58,
    106,
    154,
    240,
    333,
    435,
    551,
    665,
    774,
    899,
    1013,
    1125,
    1250,
    1373,
    1501,
    1648,
    1765,
    1877,
    1998,
    2135,
    2269,
    2370,
    2494,
    2620,
    2755,
    2896,
    3013,
    3143,
    3266,
    3395,
    3502,
    3620,
    3754,
    3876,
    4008,
    4131,
    4254,
    4367,
    4489,
    4616,
    4749,
    4865,
    4981,
    5092,
    5233,
    5371,
    5483,
    5603,
    5736,
    5859,
    6001,
    6129,
    6255,
    6357,
    6507,
    6660,
    6780
  ],
  "runningtime": [
    3.723989661534627
  ]
}