{
  "distance": [
    1067.4338837541015,
    1479.0178439631577,
    1783.1508568408317,
    2071.7391915944595,
    2331.115061495196,
    2518.4815819471464,
    2709.681519483708,
    2875.504599826595,
    2978.2202086276584,
    3101.267809152357,
    2972.5495077230885,
    3118.5929456870026,
    3209.568863513864,
    3321.7087313546954,
    3411.6536604920643,
    3485.587251217251,
    3558.137595714502,
    3598.9275685498214,
    3627.7126026711153,
    3680.887542230648,
    3723.8546071674173,
    3601.9549118073637,
    3653.6939273909375,
    3711.0365590888255,
    3751.8786292543396,
    3799.8371869515286,
    3826.520088632296,
    3858.909590012564,
    3885.66921087387,
    3902.430110484526,
    3911.0296415325506,
    3934.765699618587,
    3841.154290113931,
    3867.933082947239,
    3900.3973189405224,
    3937.846041817128,
    3948.8824822023594,
    3971.6859803294506,
    3977.1704112215675,
    3986.687900046173,
    4015.656474887792,
    4039.2773204670043,
    4046.866666218751,
    3958.6430760531916,
    3985.224198185349,
    4003.752876852151,
    4026.7901888183806,
    4041.38853903849,
    4068.938150122519,
    4071.488623363229,
    4080.6640249635766,
    4086.362477911789,
    4107.65848333925,
    4115.974760510621,
    4029.9610258629987,
    4056.2536518629063,
    4077.5053568726753,
    4095.626762718979,
    4108.743294805655
  ],
  "speed": [
    11.396335601019242,
    11.174222642855002,
    10.991409969398461,
    10.915702197221004,
    10.833322636018679,
    10.750594532871778,
    10.707283682338694,
    10.618872512643042,
    10.595450727766318,
    10.574954419034505,
    10.53564230984658,
    10.486983626048739,
    10.425816529735696,
    10.392835846583438,
    10.337062465005095,
    10.302584857448164,
    10.287498234885687,
    10.262951632263038,
    10.23032194217611,
    10.204546015332648,
    10.181772057536891,
    10.157103468166321,
    10.133566975746303,
    10.120899327543883,
    10.093402903966593,
    10.064135337155815,
    10.047274824853972,
    10.018304747507164,
    9.99811911357939,
    9.966346445245959,
    9.92911457053242,
    9.903326453672149,
    9.875457520481227,
    9.85105842749339,
    9.82801606226365,
    9.802981485665335,
    9.773997340511121,
    9.741746550415543,
    9.71496926785939,
    9.68385958946357,
    9.664911848508533,
    9.645090550411746,
    9.621029477164603,
    9.598475499592793,
    9.581995709729373,
    9.55479074220453,
    9.534591542230942,
    9.514513505297543,
    9.495456126938445,
    9.469254978269083,
    9.440686428973025,
    9.420488937925118,
    9.407601525361196,
    9.385631678596809,
    9.369514965452288,
    9.355872435569928,
    9.33935883560858,
    9.32521758273614,
    9.309142348080568
  ],
  "throuput": [
    6,
    21,
    55,
    103,
    166,
    254,
    341,
    447,
    572,
    689,
    801,
    916,
    1036,
    1152,
    1284,
    1406,
    1533,
    1679,
    1799,
    1917,
    2051,
    2180,
    2302,
    2399,
    2545,
    2660,
    2805,
    2932,
    3050,
    3179,
    3299,
    3418,
    3539,
    3654,
    3772,
    3913,
    4042,
    4174,
    4290,
    4400,
    4534,
    4653,
    4779,
    4913,
    5040,
    5149,
    5280,
    5424,
    5556,
    5669,
    5804,
    5921,
    6056,
    6177,
    6313,
    6422,
    6566,
    6719,
    6831
  ],
  "runningtime": [
    2.195550525188446
  ]
}