{
  "distance": [
    1078.4428769421218,
    1519.3689430930453,
    1847.5749595605814,
    2141.3688548954965,
    2398.5980747147933,
    2592.687465213049,
    2778.1778063261927,
    2951.7801382488287,
    3052.9123476233717,
    3172.3959127658723,
    3046.3921887250435,
    3198.61851458451,
    3297.909453145307,
    3407.640665582673,
    3500.9802371960677,
    3568.679049937984,
    3634.2114350899656,
    3667.206864800794,
    3696.2306812961324,
    3749.851648266756,
    3789.9976656952085,
    3664.747865779071,
    3717.933339536416,
    3769.2070291662626,
    3804.6411281511228,
    3852.2996060453233,
    3873.2944076528183,
    3904.1631992015923,
    3928.1950307535085,
    3946.972751503254,
    3959.087578323832,
    3984.089959424326,
    3890.6924893490645,
    3918.8058543080347,
    3950.7326246578673,
    3987.3493452726552,
    4000.280722299705,
    4025.4634570776675,
    4029.752318814681,
    4039.3800407419444,
    4064.534474591054,
    4084.7741464240567,
    4090.4242327634024,
    3998.55565134478,
    4025.5659355762646,
    4045.8627278925005,
    4066.066140984681,
    4079.103401640974,
    4106.4355202527295,
    4110.331471958197,
    4122.753610364749,
    4126.985283901089,
    4145.513777071904,
    4155.385395703975,
    4064.1921330282744,
    4089.4061206708575,
    4111.267072256785,
    4128.837426371148,
    4143.028131225614
  ],
  "speed": [
    11.51584691805169,
    11.485531320611939,
    11.38763156304346,
    11.308012326378634,
    11.205652185953214,
    11.144622332873121,
    11.098341992061217,
    11.070998393265981,
    11.065384986711077,
    11.057874950521446,
    11.060808522704084,
    11.061384278828108,
    11.052734799494935,
    11.032637097256181,
    11.00432271783907,
    10.966699302295295,
    10.950000347937184,
    10.914904714185575,
    10.893032134336364,
    10.885188588066281,
    10.865933006249463,
    10.842249570665997,
    10.82349338499814,
    10.80931361204619,
    10.778191438829486,
    10.75576286385948,
    10.731014037564236,
    10.701652692852026,
    10.678664620309082,
    10.656148730882506,
    10.62900092906991,
    10.609273871973933,
    10.588143688373972,
    10.572457858180984,
    10.555498334293443,
    10.535875366019175,
    10.516281718965347,
    10.496894471244756,
    10.473489255838146,
    10.449730170795098,
    10.428169978093385,
    10.407436682150593,
    10.385171904472855,
    10.360460063768679,
    10.345957584188577,
    10.328196041099721,
    10.308342577171189,
    10.288387557186459,
    10.269574142767818,
    10.249315693119886,
    10.231869145641603,
    10.21189225685346,
    10.197328887844098,
    10.180452947810382,
    10.156980255553405,
    10.141810729796827,
    10.127167306392048,
    10.108894127050931,
    10.091660712121447
  ],
  "throuput": [
    5,
    22,
    57,
    113,
    176,
    271,
    378,
    486,
    615,
    729,
    854,
    981,
    1100,
    1222,
    1350,
    1476,
    1600,
    1730,
    1864,
    1989,
    2101,
    2229,
    2359,
    2504,
    2619,
    2743,
    2876,
    2992,
    3128,
    3245,
    3368,
    3492,
    3614,
    3748,
    3863,
    3998,
    4140,
    4251,
    4382,
    4502,
    4632,
    4765,
    4876,
    5006,
    5133,
    5275,
    5387,
    5513,
    5646,
    5766,
    5906,
    6020,
    6145,
    6280,
    6402,
    6527,
    6649,
    6786,
    6904
  ],
  "runningtime": [
    2.2952459971110026
  ]
}