{
  "distance": [
    1232.0628255166034,
    1722.0127598612896,
    2145.9358142850783,
    2534.3690462878285,
    2932.4746931588834,
    3243.0614645833225,
    3548.9997017861133,
    3784.491466803736,
    3989.2862994114544,
    4169.367257249715,
    4345.414811279452,
    4490.427526563484,
    4572.625866858955,
    4691.111215036693,
    4785.366346211377,
    4849.143121197549,
    4899.770415184936,
    4999.379634712011,
    5023.194150382346,
    5044.184546218539,
    5069.567044553138,
    5094.72881711911,
    5105.062482012222,
    5092.817559339473,
    5096.382587594573,
    5101.561546853143,
    5082.756362606589,
    4479.909711953972,
    4573.5512078167585,
    4647.210383927573,
    4712.3957326431955,
    4781.517594205529,
    4846.561186614794,
    4900.169971610521,
    4955.47020011823,
    5018.83296424582,
    5077.3157176870045,
    5123.898644055255,
    5166.365524652659,
    5199.21999317963,
    5245.969370596778,
    5279.372081165294,
    5306.894529306749,
    5339.355377993227,
    5351.488323777111,
    5380.003376151645,
    5383.472028032438,
    5391.459590612426,
    5406.211019406924,
    5410.67133132976,
    5396.700894427767,
    5403.531070945106,
    5399.144318044819,
    5393.194122211542,
    5392.3264105938515,
    5398.0551130799,
    5036.646112080776,
    5085.639674792497,
    5123.157496437928
  ],
  "speed": [
    10.74517190390714,
    10.652723537651033,
    10.607594176906067,
    10.58964253466929,
    10.529607700966507,
    10.53460054758259,
    10.522911961122905,
    10.49197407657097,
    10.463668883642827,
    10.46407389419553,
    10.476533612011977,
    10.484677508729598,
    10.480374358406701,
    10.483770055602754,
    10.487736568131501,
    10.491040948517986,
    10.493587292991341,
    10.49697293789462,
    10.500102880957447,
    10.503011592000599,
    10.51414313920418,
    10.510471581798015,
    10.509295518483542,
    10.502696412246504,
    10.501195876687733,
    10.497635330102575,
    10.498512092994428,
    10.502024997375047,
    10.506437715854053,
    10.500859572431343,
    10.487623490191146,
    10.483994695355335,
    10.47488481874424,
    10.46268716773035,
    10.455932286236603,
    10.446442598333668,
    10.441466118117985,
    10.432700569508338,
    10.42289053554439,
    10.417282902573502,
    10.41316170945977,
    10.411797541797503,
    10.405934593775225,
    10.406639870195447,
    10.401690318825965,
    10.398236731552096,
    10.395784616252179,
    10.39481363475306,
    10.38938670289593,
    10.386232822891461,
    10.378773236773332,
    10.376520328162549,
    10.372599779632662,
    10.367288574609882,
    10.36188416501464,
    10.35735273496665,
    10.360845412534532,
    10.355570719552611,
    10.349165715759858
  ],
  "throuput": [
    17,
    63,
    129,
    226,
    360,
    515,
    681,
    876,
    1120,
    1351,
    1580,
    1845,
    2105,
    2333,
    2605,
    2850,
    3116,
    3383,
    3664,
    3925,
    4197,
    4443,
    4717,
    4977,
    5240,
    5475,
    5725,
    5938,
    6201,
    6415,
    6631,
    6848,
    7072,
    7265,
    7482,
    7677,
    7906,
    8123,
    8351,
    8611,
    8867,
    9147,
    9413,
    9687,
    9956,
    10217,
    10506,
    10770,
    11026,
    11295,
    11550,
    11811,
    12046,
    12300,
    12544,
    12794,
    13015,
    13258,
    13488
  ],
  "runningtime": [
    10.769195775190989
  ]
}