{
  "distance": [
    1248.3146995797852,
    1756.3374803716258,
    2193.550651207993,
    2593.9309065882876,
    3015.3599194578846,
    3332.6991812794586,
    3645.6755380386785,
    3893.6101893504124,
    4106.077689204479,
    4289.009341477834,
    4458.1436629925165,
    4599.286827782962,
    4688.161059094854,
    4798.197413357599,
    4888.060852853948,
    4944.781597818223,
    4986.666105693244,
    5079.336147815153,
    5095.126508310874,
    5110.153785529527,
    5125.455346473787,
    5147.774263728626,
    5151.549568774279,
    5139.065614304664,
    5135.998105264177,
    5138.339671109959,
    5114.18574821873,
    4504.496983861055,
    4593.608571128186,
    4666.521147383456,
    4734.457076023672,
    4804.962471265483,
    4872.66468308534,
    4929.275484209156,
    4986.639055799818,
    5052.347283748347,
    5111.582623826476,
    5160.68582689194,
    5205.483052573962,
    5239.617255611498,
    5285.565280126826,
    5316.750787379312,
    5344.973698173125,
    5375.230900815438,
    5387.301532837782,
    5413.172246571522,
    5413.754731145227,
    5417.658662757897,
    5431.666956946193,
    5432.914738629826,
    5417.90522349924,
    5420.70118316739,
    5414.786543909695,
    5406.946415592669,
    5404.0881729354915,
    5408.961556136078,
    5046.0849965086345,
    5095.656528272046,
    5133.94538809506
  ],
  "speed": [
    10.88676650694956,
    10.867468706513542,
    10.85199710795904,
    10.855360475375743,
    10.85290499379021,
    10.86068485816688,
    10.85604591194191,
    10.857937323515806,
    10.852537725842119,
    10.858024922354707,
    10.855175107757256,
    10.856534618166382,
    10.874431826382098,
    10.868800213559144,
    10.871469150654862,
    10.872094407906335,
    10.871524986078352,
    10.87187964686895,
    10.870272947752254,
    10.870590086900021,
    10.870447534713842,
    10.870824159840703,
    10.86546971241887,
    10.865406960310395,
    10.858761695064247,
    10.855938421377106,
    10.852826432720125,
    10.853991344900143,
    10.848211096344652,
    10.837326561154315,
    10.827654226193866,
    10.824194428895316,
    10.816582058125972,
    10.808431960747484,
    10.803210149361952,
    10.796904893386563,
    10.791269796169793,
    10.784835864188745,
    10.778212957709908,
    10.774558174452096,
    10.770618328683229,
    10.765179131523462,
    10.760180126239758,
    10.757127199981388,
    10.75236265239981,
    10.745355640415164,
    10.740668416174504,
    10.735026398775267,
    10.730678586667894,
    10.724849224043274,
    10.719046187339123,
    10.710812840548096,
    10.705069983101914,
    10.698368723762254,
    10.691300008782136,
    10.686778981221472,
    10.687743805316739,
    10.680184103221121,
    10.671457858869525
  ],
  "throuput": [
    17,
    62,
    144,
    236,
    379,
    534,
    696,
    936,
    1168,
    1389,
    1637,
    1904,
    2177,
    2413,
    2683,
    2951,
    3221,
    3485,
    3749,
    4014,
    4285,
    4539,
    4788,
    5060,
    5318,
    5557,
    5798,
    6029,
    6254,
    6465,
    6679,
    6894,
    7114,
    7333,
    7535,
    7747,
    7956,
    8181,
    8410,
    8693,
    8954,
    9217,
    9480,
    9751,
    10023,
    10315,
    10587,
    10853,
    11112,
    11382,
    11637,
    11866,
    12130,
    12360,
    12621,
    12843,
    13074,
    13301,
    13526
  ],
  "runningtime": [
    6.677953918774922
  ]
}