{
  "distance": [
    1009.5547279400405,
    1321.8055246188515,
    1597.7772284087662,
    1853.9581264546973,
    1900.8746714621955,
    2170.90437239634,
    2374.221864505151,
    2574.1405259046387,
    2791.91797078319,
    2753.1984312192635,
    2862.1490551340617,
    2994.6379814540715,
    3144.3015489314776,
    3267.655337396948,
    3208.5286918300876,
    3312.82318031359,
    3396.3063904385954,
    3484.6642024947573,
    3559.2102899145248,
    3518.781077071498,
    3587.480814445877,
    3640.887517554243,
    3698.4211312132193,
    3781.150475367293,
    3711.38390909532,
    3778.6759640196233,
    3816.8893897244516,
    3852.330781253632,
    3906.919154588137,
    3861.1298062837814,
    3903.9510027891247,
    3943.1750287295863,
    3964.667246787244,
    3993.789680526339,
    3947.8935314757778,
    3992.654888252873,
    4016.3695299030833,
    4045.2532658506693,
    4065.7496204560853,
    4024.20933022274,
    4071.13606770892,
    4088.75363708923,
    4106.77450803766,
    4131.459185712074,
    4089.2020225777264,
    4110.419171537232,
    4145.225819813501,
    4162.672444829366,
    4196.644766753976,
    4147.827545726936,
    4167.440082371542,
    4197.746072523266,
    4208.748606891127,
    4229.42383844834,
    4184.370397823172,
    4201.449893496181,
    4223.807838245572,
    4248.621071102643,
    4258.769228821744
  ],
  "speed": [
    10.127276514833143,
    10.134888426805501,
    10.143032226773506,
    10.07671817910049,
    10.068083083486284,
    10.030430787087994,
    9.98606011855029,
    9.994091008927175,
    9.958117850312451,
    9.951788631688611,
    9.922349093120978,
    9.893519453400115,
    9.84833016803675,
    9.8430924900434,
    9.863191387565287,
    9.850758088403145,
    9.853347550059258,
    9.836128434506211,
    9.822597608485871,
    9.799535989319116,
    9.796354970841652,
    9.782080486445755,
    9.781553892407258,
    9.765305946074083,
    9.755909388362449,
    9.756027057447534,
    9.749233290009728,
    9.732386992909941,
    9.722531833014497,
    9.71692203265593,
    9.71344179037658,
    9.70326117985835,
    9.691178237649,
    9.68382852723838,
    9.68075051762398,
    9.676066920616606,
    9.664672119332968,
    9.656133851406194,
    9.644960187035066,
    9.645287938559061,
    9.64102735793015,
    9.627478272269263,
    9.617351476742256,
    9.618963275879997,
    9.623254799358413,
    9.619723065105935,
    9.61647595018484,
    9.610548095531696,
    9.609175117736212,
    9.604523037367855,
    9.601019338614622,
    9.597709160302418,
    9.591810041281635,
    9.590146373652306,
    9.58976034367706,
    9.584775946338116,
    9.575171796986735,
    9.57687655792204,
    9.574515869865701
  ],
  "throuput": [
    11,
    37,
    71,
    124,
    190,
    280,
    371,
    475,
    596,
    732,
    851,
    963,
    1089,
    1221,
    1362,
    1483,
    1625,
    1766,
    1903,
    2026,
    2157,
    2283,
    2445,
    2590,
    2732,
    2872,
    3014,
    3162,
    3301,
    3437,
    3582,
    3722,
    3848,
    3988,
    4141,
    4289,
    4403,
    4548,
    4701,
    4843,
    5001,
    5136,
    5277,
    5417,
    5562,
    5701,
    5852,
    5978,
    6096,
    6245,
    6381,
    6529,
    6682,
    6835,
    6974,
    7093,
    7248,
    7392,
    7549
  ],
  "runningtime": [
    3.5538376212120055
  ]
}