{
  "distance": [
    1015.9826426525839,
    1329.2773068490585,
    1614.1406491018197,
    1887.4203484411598,
    1948.464299816108,
    2230.7746563161754,
    2434.215139225998,
    2621.9393168103547,
    2842.9986522585573,
    2806.5413529345865,
    2918.3598610638705,
    3057.2024830415135,
    3210.8313864288316,
    3321.9789606784684,
    3258.3602060270755,
    3360.6242991633835,
    3436.3267135203546,
    3523.1480327529375,
    3599.6331424780174,
    3563.929736054808,
    3629.6463546912137,
    3679.4994439410584,
    3730.4615536596616,
    3813.226929575213,
    3743.050398011285,
    3806.381160598122,
    3843.0872863580457,
    3880.576430774547,
    3936.991211372886,
    3891.4760833394434,
    3936.080020696598,
    3976.9063008812645,
    4001.5055468638707,
    4031.360720193068,
    3983.8604544485793,
    4026.9111749013227,
    4050.9570674927354,
    4078.3833754770308,
    4099.7502822590595,
    4055.8588917958423,
    4104.437942989572,
    4124.939057386439,
    4145.564447538036,
    4169.726333124167,
    4124.334006375043,
    4145.549562283107,
    4180.034640405579,
    4198.52596659584,
    4231.027385456968,
    4180.530386104185,
    4197.708424698117,
    4226.094112309475,
    4235.711369047856,
    4255.048795383097,
    4206.10345311954,
    4222.49158415289,
    4245.59903074501,
    4267.545763197494,
    4276.471521587846
  ],
  "speed": [
    10.171831807414419,
    10.168826865845936,
    10.216716681160088,
    10.254962863719443,
    10.322074838154782,
    10.319135159658968,
    10.284380648493121,
    10.264234590947071,
    10.255514122283845,
    10.279880286499258,
    10.251705300858807,
    10.241715679923114,
    10.21952112559686,
    10.193005254464842,
    10.218212344913539,
    10.20379354154937,
    10.181290103719709,
    10.164243842669771,
    10.157844831356387,
    10.151475717853003,
    10.144530876004815,
    10.13127432986505,
    10.120974736724348,
    10.112205195970946,
    10.110553288640192,
    10.106602240861442,
    10.100772350958232,
    10.09236392302707,
    10.09018764180587,
    10.090589064688636,
    10.091319813296789,
    10.08959043231338,
    10.089672012651082,
    10.090307651533676,
    10.090760088783918,
    10.08506066179889,
    10.081342594119764,
    10.076885280564868,
    10.075727516078839,
    10.073547899399054,
    10.075651531528393,
    10.07456870430139,
    10.072486290707763,
    10.07522543695142,
    10.077563743517045,
    10.077846718540584,
    10.07629473796659,
    10.074615826774458,
    10.074407690699749,
    10.073557422126573,
    10.072092056722008,
    10.070794262355045,
    10.06650018193946,
    10.063671670705443,
    10.057420951035004,
    10.052807827175352,
    10.050671529587786,
    10.04878460790991,
    10.044290939188269
  ],
  "throuput": [
    10,
    37,
    70,
    132,
    189,
    292,
    397,
    501,
    630,
    750,
    863,
    993,
    1132,
    1259,
    1394,
    1510,
    1653,
    1797,
    1929,
    2066,
    2201,
    2344,
    2487,
    2633,
    2788,
    2917,
    3064,
    3211,
    3356,
    3479,
    3628,
    3765,
    3907,
    4044,
    4194,
    4335,
    4478,
    4629,
    4758,
    4906,
    5068,
    5198,
    5331,
    5477,
    5625,
    5769,
    5895,
    6036,
    6177,
    6330,
    6475,
    6613,
    6751,
    6900,
    7026,
    7180,
    7326,
    7460,
    7604
  ],
  "runningtime": [
    2.465742500623067
  ]
}