{
  "distance": [
    1030.5475671005938,
    1347.895396673866,
    1635.8565368305171,
    1912.9846718868666,
    1964.9469953964804,
    2245.166456310486,
    2452.385932930037,
    2642.9521101822484,
    2859.4519685127284,
    2819.665946385211,
    2932.9774953411174,
    3068.983051800092,
    3227.5862692036976,
    3340.902120178693,
    3267.557284205428,
    3372.2445585679593,
    3444.706135553427,
    3532.1032017055963,
    3607.389908908259,
    3568.881537686796,
    3632.654769427781,
    3681.2031860838256,
    3731.128891644069,
    3813.926749798648,
    3744.559808325769,
    3807.671627527605,
    3844.726743438036,
    3883.8021384966482,
    3941.605354011088,
    3895.044817426031,
    3938.241313267138,
    3977.3657638906934,
    4002.724178024357,
    4029.448407129373,
    3982.392380049959,
    4027.6084371732404,
    4052.278709653188,
    4080.2426550601417,
    4101.660097689421,
    4058.273552520118,
    4105.651500486656,
    4126.072397771157,
    4147.024874647386,
    4169.671650743363,
    4126.493129586024,
    4148.74735574401,
    4184.64082269544,
    4201.179571943127,
    4232.347822109779,
    4182.861102389997,
    4200.46572728252,
    4230.262896256821,
    4242.124195171084,
    4262.834136500761,
    4214.699028366193,
    4231.4047786023075,
    4256.10554459359,
    4277.816709223793,
    4287.106859133334
  ],
  "speed": [
    10.318096518679,
    10.309251587714082,
    10.354444107315164,
    10.390933645617956,
    10.421244699118763,
    10.412467793944632,
    10.390997060785422,
    10.383827847341966,
    10.365451118089416,
    10.38238823016159,
    10.362212860248949,
    10.34994657386344,
    10.34909875940685,
    10.331040714106974,
    10.331861836317042,
    10.324746603140587,
    10.296883402071563,
    10.28264561840545,
    10.276278818323087,
    10.267755296326575,
    10.25872578471133,
    10.24308220724104,
    10.234623317918377,
    10.226450438182233,
    10.224252158903866,
    10.21375096598818,
    10.201863092692617,
    10.193994030759127,
    10.18999947174333,
    10.186381053898144,
    10.182344262194219,
    10.173875257932742,
    10.174854981481646,
    10.165985632483126,
    10.163679114369767,
    10.161111415573231,
    10.158765126711124,
    10.154731020966285,
    10.15223507270691,
    10.153091373973519,
    10.15205211209697,
    10.147399384841579,
    10.1469706931677,
    10.146630686813982,
    10.152979914185245,
    10.153265528148685,
    10.154262218392843,
    10.14928436182187,
    10.147541625980855,
    10.150188232375172,
    10.150958266255438,
    10.152484085369133,
    10.154289393795688,
    10.156706506127344,
    10.155045616370106,
    10.153334199998834,
    10.15536508861705,
    10.154446491714898,
    10.152733105618744
  ],
  "throuput": [
    9,
    36,
    74,
    135,
    200,
    301,
    398,
    518,
    641,
    753,
    872,
    1012,
    1142,
    1274,
    1408,
    1527,
    1672,
    1806,
    1949,
    2080,
    2216,
    2358,
    2502,
    2646,
    2783,
    2914,
    3052,
    3199,
    3345,
    3490,
    3633,
    3775,
    3917,
    4055,
    4191,
    4346,
    4487,
    4624,
    4770,
    4913,
    5065,
    5193,
    5334,
    5480,
    5616,
    5771,
    5904,
    6051,
    6201,
    6343,
    6488,
    6622,
    6773,
    6927,
    7057,
    7192,
    7338,
    7479,
    7621
  ],
  "runningtime": [
    3.000348389148712
  ]
}