{
  "distance": [
    1033.9962312766856,
    1343.0729818633445,
    1585.8071894363693,
    1850.8857239815743,
    2149.5825679453055,
    2209.9244541993753,
    2408.9732483114294,
    2663.4358852471983,
    2743.430010202648,
    2856.0908409319577,
    2998.253335073261,
    3143.998126345041,
    3161.257614164462,
    3347.077786946292,
    3435.5491614011157,
    3457.981301342235,
    3605.6257749894835,
    3683.598804841323,
    3670.573420430981,
    3582.3573042412518,
    3688.9448097397653,
    3794.296050252444,
    3795.4389671321906,
    3841.523265115125,
    3915.3941087168423,
    3951.8631580698943,
    3942.4602009285395,
    3981.609972399353,
    4019.7214259934585,
    3988.5506624404306,
    4021.807162341657,
    4041.4735986796063,
    4084.207154927849,
    4076.0786197841417,
    4107.594947593165,
    4114.927548137748,
    4159.35092857775,
    4188.059814327528,
    4186.898130982913,
    4234.512553255807,
    4163.733218787752,
    4211.436664441539,
    4202.750367984495,
    4240.9277936761255,
    4266.975196262698,
    4276.611339982238,
    4296.352855216577,
    4290.748454802958,
    4286.236891443475,
    4327.586820870032,
    4286.317707299722,
    4305.4937407560155,
    4328.689783861231,
    4349.206994933076,
    4334.208010789895,
    4344.5078323092575,
    4368.531918330346,
    4393.593653687601,
    4385.796670441378
  ],
  "speed": [
    9.744427856462295,
    9.784258848888364,
    9.850201129263366,
    9.841092418498494,
    9.912292714392464,
    9.988828616356368,
    9.997421365882214,
    9.997956350599802,
    9.999572963024068,
    10.011845467897706,
    10.028031279243635,
    10.024365120287424,
    10.016560649215384,
    10.02446708666224,
    10.007369544457223,
    9.991983974568942,
    9.979415937055812,
    9.969910131412297,
    9.960268561432272,
    9.951340217588998,
    9.943378444514325,
    9.931643718614092,
    9.923076364841792,
    9.907220169652893,
    9.896048724056788,
    9.888552495228433,
    9.878957478227875,
    9.861417471006865,
    9.854420343093654,
    9.836514483983134,
    9.838539553826541,
    9.825323960362011,
    9.813841446005386,
    9.797693758002042,
    9.788608821146985,
    9.784179977757066,
    9.768354690144141,
    9.764816250157685,
    9.757056468262425,
    9.758200927757327,
    9.759107358503176,
    9.756152371476192,
    9.742341263773007,
    9.727823003801491,
    9.722792565054444,
    9.721771386719396,
    9.712912983268364,
    9.700760471033592,
    9.6911227149091,
    9.690167114426968,
    9.68767912306453,
    9.678364718923484,
    9.672301638463143,
    9.668219665262086,
    9.661197109095697,
    9.66016963316756,
    9.656746018990573,
    9.65521892792216,
    9.653959237507173
  ],
  "throuput": [
    8,
    24,
    45,
    69,
    102,
    150,
    186,
    235,
    294,
    348,
    402,
    458,
    529,
    590,
    665,
    732,
    805,
    864,
    923,
    986,
    1058,
    1125,
    1203,
    1264,
    1314,
    1391,
    1466,
    1526,
    1601,
    1668,
    1739,
    1807,
    1874,
    1929,
    2002,
    2073,
    2141,
    2205,
    2264,
    2337,
    2401,
    2469,
    2542,
    2603,
    2672,
    2747,
    2814,
    2874,
    2940,
    3026,
    3082,
    3144,
    3215,
    3289,
    3355,
    3417,
    3490,
    3566,
    3635
  ],
  "runningtime": [
    1.6292276541392008
  ]
}