{
  "distance": [
    1032.0778084093156,
    1348.6506620719529,
    1592.5563413369093,
    1860.6974788500272,
    2155.6077696596867,
    2212.932615469789,
    2411.4806697417193,
    2659.8380422875266,
    2743.4518181254225,
    2862.639836291028,
    3001.1212661920927,
    3148.1259704510258,
    3165.72681058532,
    3347.8645725069523,
    3438.3414090313368,
    3464.923714801742,
    3612.6171035328266,
    3686.4492321555604,
    3677.409098972721,
    3587.6442687273516,
    3689.4048293646033,
    3790.4156153955428,
    3791.6710056852785,
    3840.9777470750273,
    3917.079151869855,
    3952.2865619850213,
    3947.481978356775,
    3990.6122764196734,
    4022.037927939935,
    3993.293069687255,
    4024.193242603208,
    4042.4038811742557,
    4086.820807194098,
    4080.4388611959967,
    4112.590893195904,
    4124.503138920343,
    4171.092439612257,
    4197.918267862002,
    4193.919525625433,
    4237.322875306904,
    4161.250385092384,
    4208.164322880314,
    4203.1584482127355,
    4241.070393041567,
    4267.1541271580745,
    4276.31633557322,
    4300.310187058559,
    4294.089467451794,
    4288.877550906896,
    4328.372652391213,
    4285.551910804575,
    4302.7798879309275,
    4326.300155555933,
    4346.135547372656,
    4331.22923403248,
    4343.145631877391,
    4362.188811730339,
    4385.1031271045085,
    4376.048072991108
  ],
  "speed": [
    9.721415432613197,
    9.797235229580588,
    9.871839781473271,
    9.879578019844372,
    9.933493617486393,
    9.993181217670589,
    10.01007289846229,
    9.985821578845153,
    9.987746576528634,
    10.025955899763806,
    10.037694862124233,
    10.039897603434259,
    10.027996313245888,
    10.026004081838547,
    10.011416944751954,
    10.005312035724906,
    9.986800269022535,
    9.962729601685519,
    9.968444995807161,
    9.960336415089198,
    9.939986546571367,
    9.918579594705895,
    9.901725955557438,
    9.883825018353756,
    9.87816375246093,
    9.874277765079654,
    9.877570370162442,
    9.873299074823214,
    9.852183474651051,
    9.83633563412609,
    9.829146364523043,
    9.811429187390473,
    9.799687446477177,
    9.785234431998086,
    9.775289474911704,
    9.782370723211518,
    9.771669545222634,
    9.76349136966186,
    9.75352572337551,
    9.74927724897992,
    9.74034657506302,
    9.737082752156478,
    9.731350195724616,
    9.717816341887524,
    9.713757205682297,
    9.713385124544994,
    9.714495420975432,
    9.703034851723112,
    9.692173769082306,
    9.688048824414494,
    9.682666579715617,
    9.670782804519117,
    9.663835903178857,
    9.656314902515481,
    9.647512551336572,
    9.646739173790852,
    9.629294544079865,
    9.620907609762126,
    9.61338089625864
  ],
  "throuput": [
    6,
    24,
    44,
    69,
    104,
    148,
    194,
    232,
    294,
    354,
    403,
    462,
    533,
    590,
    659,
    728,
    797,
    861,
    926,
    992,
    1057,
    1121,
    1184,
    1253,
    1321,
    1395,
    1469,
    1533,
    1595,
    1662,
    1734,
    1802,
    1868,
    1924,
    1994,
    2074,
    2139,
    2203,
    2276,
    2343,
    2399,
    2470,
    2537,
    2610,
    2675,
    2747,
    2817,
    2879,
    2945,
    3026,
    3089,
    3150,
    3215,
    3282,
    3348,
    3408,
    3484,
    3550,
    3611
  ],
  "runningtime": [
    1.8962469696998596
  ]
}