{
  "distance": [
    1207.920150574533,
    1734.4039760962366,
    2129.699779053181,
    2541.763034256266,
    2914.446437049358,
    3212.9412484573063,
    3462.986971833648,
    3694.640821678844,
    3943.8512900621367,
    4158.481664039217,
    4301.323450180778,
    4389.715583147985,
    4523.739455016533,
    4650.540893598571,
    4688.158305245326,
    4747.4776271912,
    4753.997229294416,
    4812.562541585472,
    4825.583542452306,
    4876.731285446054,
    4881.472817275745,
    4846.355583217267,
    4873.035360976655,
    4872.869385297724,
    4876.99747043326,
    4822.394336840641,
    4849.233670948695,
    4858.504883290037,
    4292.6985758357705,
    4367.429042585579,
    4422.469757413274,
    4498.812955146592,
    4572.215098251359,
    4633.551665380014,
    4684.639579342858,
    4772.815837617023,
    4831.040793488424,
    4886.979671382457,
    4916.500958398884,
    4970.715547742296,
    5044.913389008581,
    5056.0666269430585,
    5092.67863731146,
    5126.75358199826,
    5122.409032191744,
    5167.472596793666,
    5168.134493601252,
    5197.070815985054,
    5191.207626850316,
    5196.662391459253,
    5199.863509329103,
    5204.439117922228,
    5177.750193342666,
    5193.2605192015035,
    5179.495111916661,
    5170.475133824262,
    5155.605173266832,
    5161.210926585924,
    4829.760465745319
  ],
  "speed": [
    10.26911880570463,
    10.19440968416046,
    10.209002820753692,
    10.263255206389411,
    10.2879536817349,
    10.324636482800026,
    10.353264810564855,
    10.372973946581595,
    10.384877496300287,
    10.416766213095901,
    10.430213298481464,
    10.42189894971077,
    10.444868623669961,
    10.451256622511641,
    10.450352707289294,
    10.449119176614062,
    10.442629925967694,
    10.441506690573899,
    10.451725036549691,
    10.445530146689434,
    10.451821796445632,
    10.460808923276419,
    10.468575410268626,
    10.465516374373237,
    10.475448977473972,
    10.47933139609155,
    10.483824135394832,
    10.48177714660007,
    10.487608311227046,
    10.478780860610993,
    10.473409212401952,
    10.469027309798784,
    10.469168630644495,
    10.465312882643833,
    10.470745494899901,
    10.476913276536102,
    10.473972595965344,
    10.476526070500793,
    10.477929458297766,
    10.483678844704407,
    10.487512271482359,
    10.492143949171789,
    10.49226478110375,
    10.497943313262095,
    10.501441415497826,
    10.503671134073143,
    10.507067307503913,
    10.510579068504176,
    10.510407109268488,
    10.517381605448515,
    10.51867734337854,
    10.520050480245054,
    10.523787222806842,
    10.526675236267643,
    10.531507667436827,
    10.533463569060267,
    10.535515653531398,
    10.537014820403733,
    10.540486241698543
  ],
  "throuput": [
    13,
    62,
    104,
    179,
    253,
    356,
    468,
    588,
    714,
    841,
    989,
    1121,
    1266,
    1388,
    1535,
    1676,
    1830,
    1978,
    2114,
    2249,
    2382,
    2530,
    2652,
    2776,
    2904,
    3024,
    3148,
    3265,
    3378,
    3505,
    3631,
    3747,
    3868,
    3978,
    4101,
    4221,
    4340,
    4442,
    4564,
    4691,
    4835,
    4979,
    5119,
    5257,
    5415,
    5569,
    5711,
    5861,
    6017,
    6137,
    6282,
    6427,
    6553,
    6681,
    6810,
    6938,
    7066,
    7185,
    7313
  ],
  "runningtime": [
    3.0609452446301777
  ]
}