{
  "distance": [
    1212.7620651087054,
    1754.5280184747303,
    2153.5727257814765,
    2561.9933609657655,
    2937.037684757541,
    3234.5885519637322,
    3484.4723157992075,
    3713.518561420936,
    3974.1232399821074,
    4184.074001837734,
    4326.223922842768,
    4419.002874200685,
    4549.533433998386,
    4674.2205616786505,
    4712.157687238574,
    4770.129890462814,
    4775.5112359885425,
    4828.896748483204,
    4842.182582105492,
    4896.559316498294,
    4894.120655778026,
    4855.647032062814,
    4879.198252312948,
    4881.927882326425,
    4885.4403956493925,
    4829.2039889262505,
    4856.234448781107,
    4867.27675766896,
    4299.542186976844,
    4373.588796390985,
    4430.10158081494,
    4505.8477923892715,
    4576.590100598776,
    4640.897719797806,
    4692.83487975886,
    4781.190511791176,
    4841.726849496514,
    4900.114228398707,
    4933.236747473616,
    4988.152085277482,
    5061.630546686797,
    5072.034577466049,
    5109.1338230549945,
    5140.708076297846,
    5135.921134363676,
    5179.321549760144,
    5179.274967682177,
    5205.3783195319575,
    5201.128633198992,
    5203.635269440704,
    5205.893229179833,
    5210.152853234574,
    5182.748038483937,
    5197.571493346188,
    5181.207376673462,
    5171.161338918552,
    5156.337524194648,
    5161.511913694355,
    4831.730062725823
  ],
  "speed": [
    10.316820007123223,
    10.327209389907564,
    10.339502002681902,
    10.360253310446184,
    10.385332320602627,
    10.412759432129329,
    10.433638702987583,
    10.442351606766653,
    10.483941215641476,
    10.49885901106245,
    10.508278115177308,
    10.507023960139902,
    10.521670138780864,
    10.524946968300851,
    10.53245512631191,
    10.536192615453203,
    10.534801192346993,
    10.52686961557433,
    10.53615971116238,
    10.537258351493929,
    10.536801129615649,
    10.540473896491172,
    10.541740961781356,
    10.543440934657205,
    10.556858294164742,
    10.558769704486586,
    10.566635442761095,
    10.567904560121477,
    10.57458908235462,
    10.567962793430231,
    10.567582435599462,
    10.563876159307616,
    10.558583810935584,
    10.562553659329419,
    10.569526535772091,
    10.576415948317493,
    10.577683140720325,
    10.584033945159625,
    10.594172331289545,
    10.6009583642143,
    10.602384295933707,
    10.606391201013054,
    10.609301490319103,
    10.613360204280557,
    10.618211042207287,
    10.618520632148158,
    10.623147988284785,
    10.622585599442061,
    10.626482627332217,
    10.629071460219471,
    10.628822745938157,
    10.63057302688446,
    10.63355408052092,
    10.635305772158091,
    10.633953668561404,
    10.63299930131669,
    10.632705796876222,
    10.632495721531328,
    10.637509170359968
  ],
  "throuput": [
    16,
    63,
    105,
    181,
    256,
    359,
    465,
    591,
    715,
    841,
    990,
    1127,
    1278,
    1404,
    1549,
    1695,
    1853,
    1976,
    2117,
    2256,
    2412,
    2535,
    2660,
    2779,
    2908,
    3036,
    3153,
    3272,
    3399,
    3533,
    3644,
    3763,
    3882,
    3991,
    4108,
    4239,
    4333,
    4463,
    4569,
    4704,
    4843,
    4997,
    5136,
    5279,
    5438,
    5588,
    5737,
    5877,
    6032,
    6158,
    6290,
    6432,
    6564,
    6683,
    6805,
    6931,
    7068,
    7185,
    7299
  ],
  "runningtime": [
    3.722787698109945
  ]
}