{"total_trips": 27297.454231144635, "trip_mean": 6803.508875800559, "trip_var": 28613998.19637506}