{
  "distance": [
    1037.9405978062478,
    1486.2518118748344,
    1861.870450991124,
    2070.6982335848925,
    2250.6973743289414,
    2335.682991264076,
    2522.0566338776234,
    2668.50635501039,
    2759.3397934950176,
    2862.2529393900604,
    2960.3671513062714,
    2757.1971758457,
    2626.7942859262635,
    2735.024726305731,
    2730.350334106583,
    2859.5519976287537,
    2910.6686842624936,
    2953.0153337480187,
    3021.7168618261026,
    3089.0693871113585,
    3123.668781946468,
    3163.296690435697,
    3227.207820692815,
    3209.1996256498833,
    3159.992864971753,
    3140.9451492500643,
    3121.9375315303237,
    3154.9781790207467,
    3213.0324065945147,
    3126.647681614324,
    3188.5524136198273,
    3227.004873924119,
    3280.225780703779,
    3266.6998694235936,
    3309.7207048448035,
    3355.708239945528,
    3302.3524154931633,
    3302.133796258213,
    3272.7382295378047,
    3283.860533397892,
    3300.8735598408994,
    3329.5225798085885,
    3331.1819214097136,
    3363.2483882098804,
    3311.6177865158998,
    3325.5921947618667,
    3366.8570583705814,
    3374.2629661855385,
    3373.3134804287465,
    3388.80710569494,
    3351.8678174958586,
    3372.580170176817,
    3377.0332868531727,
    3381.048101498108,
    3372.643858570201,
    3390.839783683903,
    3420.5747768362917,
    3429.070509621903,
    3441.9108809297245
  ],
  "speed": [
    8.840787474345479,
    8.689154880048873,
    8.76617830567401,
    8.829182463056371,
    8.850578990501104,
    8.830925067011961,
    8.819365494422525,
    8.791908560911006,
    8.775304585752513,
    8.775194575367546,
    8.772188329157922,
    8.754503054943044,
    8.736177280056713,
    8.688777583415282,
    8.699346130642745,
    8.675298821760675,
    8.674366489996384,
    8.671367196199212,
    8.692399481135084,
    8.679742749147648,
    8.661589857308941,
    8.655923161195192,
    8.63923012692192,
    8.636334179454428,
    8.64221911204323,
    8.615584855685736,
    8.597506238800355,
    8.576628991601451,
    8.575805772662953,
    8.58906312843395,
    8.578179456687698,
    8.561331755973933,
    8.56773368539956,
    8.568450394376232,
    8.568833919994553,
    8.563559726595878,
    8.559059658949176,
    8.543841228347022,
    8.531563027152115,
    8.528004381796462,
    8.511450705779296,
    8.500519543369693,
    8.493342185195301,
    8.478789148830016,
    8.48437344077927,
    8.478921319592297,
    8.482221384819946,
    8.476422539927958,
    8.468426420456955,
    8.460514253582335,
    8.448547459469303,
    8.440786625133025,
    8.43564322805971,
    8.416908727914914,
    8.401593413479233,
    8.401269816064758,
    8.391352976508832,
    8.383740413673786,
    8.37156067285503
  ],
  "throuput": [
    10,
    34,
    51,
    74,
    105,
    140,
    181,
    225,
    259,
    288,
    333,
    362,
    399,
    441,
    478,
    513,
    548,
    578,
    619,
    668,
    705,
    738,
    781,
    822,
    853,
    885,
    923,
    964,
    998,
    1040,
    1079,
    1110,
    1162,
    1197,
    1230,
    1265,
    1302,
    1337,
    1381,
    1418,
    1456,
    1498,
    1528,
    1563,
    1605,
    1643,
    1687,
    1723,
    1757,
    1788,
    1831,
    1860,
    1897,
    1937,
    1976,
    2012,
    2051,
    2101,
    2132
  ],
  "runningtime": [
    1.3842076023419698
  ]
}