{"total_trips": 22433.95451090675, "trip_mean": 5224.567921317566, "trip_var": 15074493.879130892}