{"total_trips": 4897.082999999997, "trip_mean": 3721.129753352547, "trip_var": 4684086.65176592}