{"total_trips": 5736.077916623471, "trip_mean": 4587.962262969527, "trip_var": 7917430.77612866}