{
  "distance": [
    1295.8357805990743,
    1853.8350006650155,
    2326.861315190734,
    2779.206652091306,
    3115.2425718496033,
    3520.6523462561217,
    3855.510559345893,
    4152.05819961356,
    4423.438148664587,
    4597.028823838072,
    4743.61697738874,
    4979.871842475294,
    5152.819594386583,
    5324.102393022388,
    5398.642670907815,
    5502.233885369365,
    5534.297037334638,
    5647.790451081641,
    5736.858139433233,
    5803.312272783722,
    5798.456046186016,
    5836.022605105667,
    5833.7502198792245,
    5870.595639774176,
    5883.323961693566,
    5900.462680181005,
    5887.380010185212,
    5908.903771791576,
    5940.745239594231,
    5290.013002597195,
    5379.734691610642,
    5484.33831395418,
    5558.895939546187,
    5658.197798561978,
    5687.832698421055,
    5784.125462751322,
    5872.986920670812,
    5953.1901003273215,
    5992.902649450659,
    6019.26692411403,
    6102.419087259942,
    6150.623476356907,
    6185.776595503881,
    6245.929236325607,
    6255.58014128662,
    6276.881079656179,
    6324.621272317845,
    6354.428854346758,
    6383.066519291107,
    6391.816807819157,
    6398.7502337053265,
    6421.704203479625,
    6403.442928032491,
    6427.541048006573,
    6415.57234912914,
    6419.7062658421755,
    6410.073139203672,
    6410.333317743774,
    6426.593629558645
  ],
  "speed": [
    11.301811809872781,
    11.350126900970725,
    11.428230896314913,
    11.396773094829049,
    11.39632351713332,
    11.408861257470218,
    11.43872327431239,
    11.440066060992775,
    11.4326681372638,
    11.422838010992255,
    11.433612044276769,
    11.458958215537177,
    11.473400776251752,
    11.494332419305524,
    11.490110288693208,
    11.50299480776447,
    11.505707964794595,
    11.501707131061226,
    11.495877900350703,
    11.491125835640883,
    11.479341418169808,
    11.463769068255077,
    11.452262919461921,
    11.443300613694321,
    11.427597277906083,
    11.417443325965207,
    11.405096744356516,
    11.397841348063725,
    11.388384879612993,
    11.356315896089724,
    11.348095404730623,
    11.345958761943363,
    11.338002894619484,
    11.320890409908927,
    11.307240115438251,
    11.294828125150548,
    11.286099653377045,
    11.27831722225811,
    11.261015658644043,
    11.247436587812137,
    11.23540827934711,
    11.228949687992246,
    11.214540118165566,
    11.20663994164578,
    11.194650038849952,
    11.181319511011083,
    11.165009613056272,
    11.151878421744682,
    11.136648153671796,
    11.12117704661924,
    11.104859201076383,
    11.085633150919719,
    11.074399829741413,
    11.063912642871022,
    11.04689212709278,
    11.034472292519514,
    11.019303694088203,
    11.006135997606956,
    10.991313616189759
  ],
  "throuput": [
    12,
    40,
    78,
    120,
    188,
    267,
    349,
    465,
    565,
    678,
    790,
    919,
    1051,
    1185,
    1329,
    1456,
    1601,
    1742,
    1897,
    2027,
    2167,
    2305,
    2459,
    2579,
    2710,
    2838,
    2955,
    3085,
    3204,
    3319,
    3440,
    3555,
    3677,
    3815,
    3917,
    4028,
    4144,
    4266,
    4385,
    4516,
    4640,
    4783,
    4912,
    5039,
    5194,
    5330,
    5468,
    5616,
    5759,
    5906,
    6059,
    6195,
    6336,
    6481,
    6602,
    6752,
    6881,
    6998,
    7126
  ],
  "runningtime": [
    3.4354053656260173
  ]
}