{
  "distance": [
    1300.679658394876,
    1864.8925368969715,
    2336.7743473420383,
    2782.4903833462417,
    3125.18095371685,
    3531.2805111896237,
    3866.2445673707703,
    4161.8332571532155,
    4442.428851703842,
    4618.530762705428,
    4758.755167494323,
    4986.238007946931,
    5152.959981828059,
    5321.647141248222,
    5400.233200003274,
    5502.427098614552,
    5530.386755923032,
    5642.084092503244,
    5735.95368600417,
    5800.024724238937,
    5798.9299647089865,
    5837.790056196529,
    5836.99534378796,
    5873.836845436024,
    5893.1599464226765,
    5912.631756557545,
    5897.69927264077,
    5915.72128478127,
    5945.904127134345,
    5294.0545819318595,
    5383.551566408842,
    5487.964189069462,
    5562.880342788221,
    5664.372200230351,
    5695.795221409793,
    5791.884279050611,
    5880.3013317542855,
    5960.203995855834,
    6001.479876346024,
    6029.02119421147,
    6113.770989317211,
    6165.941999412569,
    6204.452961664386,
    6264.413705611607,
    6274.6177563717165,
    6297.307230622056,
    6349.344750780692,
    6375.928215095305,
    6404.159588914134,
    6412.552577170258,
    6419.783084971758,
    6444.664448987873,
    6424.115561255018,
    6445.655231819155,
    6433.268461887914,
    6436.71288696297,
    6426.430857526795,
    6423.80503467855,
    6438.3209023193
  ],
  "speed": [
    11.343255490232437,
    11.421173395746887,
    11.479853814027512,
    11.415294913541471,
    11.437287095983285,
    11.441567260555537,
    11.472319478122873,
    11.469082779739336,
    11.477335766983062,
    11.472968766682316,
    11.476294221075605,
    11.484699752409973,
    11.488936946069686,
    11.506655771369887,
    11.510194953965927,
    11.52340316290026,
    11.52144070292672,
    11.51401884851085,
    11.51168987214677,
    11.498804055908302,
    11.494675645709446,
    11.484610294848602,
    11.47434412555171,
    11.463517227628957,
    11.457888433912053,
    11.450335656497995,
    11.434139415706706,
    11.42279561576481,
    11.410673762006407,
    11.380313054620771,
    11.374503406701416,
    11.372888940046295,
    11.36583066886015,
    11.35021733013564,
    11.33663286170663,
    11.323237889229704,
    11.31216755223412,
    11.303040776815687,
    11.288446599359334,
    11.274392044017045,
    11.262794476266514,
    11.260730174579553,
    11.251453613772822,
    11.243516651510507,
    11.23299197450578,
    11.223563194534487,
    11.217024069014196,
    11.202534301807546,
    11.189143191447995,
    11.177295184520485,
    11.163134797693834,
    11.148934431957896,
    11.134418909456146,
    11.121046288253451,
    11.1049545942055,
    11.09023329302083,
    11.073715758370406,
    11.056516431770715,
    11.039987831042092
  ],
  "throuput": [
    11,
    42,
    77,
    124,
    184,
    258,
    354,
    462,
    562,
    688,
    806,
    928,
    1062,
    1199,
    1323,
    1474,
    1602,
    1741,
    1876,
    2024,
    2166,
    2309,
    2446,
    2572,
    2703,
    2832,
    2970,
    3098,
    3209,
    3337,
    3454,
    3564,
    3679,
    3795,
    3911,
    4031,
    4140,
    4273,
    4386,
    4490,
    4630,
    4768,
    4910,
    5037,
    5197,
    5335,
    5487,
    5631,
    5782,
    5931,
    6067,
    6215,
    6346,
    6493,
    6614,
    6747,
    6881,
    7020,
    7125
  ],
  "runningtime": [
    4.619039885203043
  ]
}