{"total_trips": 15132.625891910762, "trip_mean": 5820.398583841084, "trip_var": 15171251.17056746}