{
  "distance": [
    961.8128941621776,
    1298.805140560855,
    1576.3359947901554,
    1813.5798242616938,
    2007.35512916832,
    2180.8404562051987,
    2334.788539840203,
    2330.843105221239,
    2492.0878456303894,
    2610.830307114703,
    2720.738220529956,
    2824.354448654022,
    2899.6448822996317,
    2968.772758831636,
    3046.115706154401,
    3002.231475725419,
    3063.4473022463967,
    3126.8787163797842,
    3184.963869242792,
    3222.0546478581973,
    3285.1423041044113,
    3307.9874639738487,
    3346.3633291434394,
    3296.3046596183253,
    3341.3209884038943,
    3358.6511993951513,
    3406.781394611301,
    3433.601108978613,
    3461.6996815934494,
    3489.627054903941,
    3507.0739561021355,
    3457.2473657513924,
    3490.193924669517,
    3522.3885917684224,
    3538.019937893193,
    3550.1318758543152,
    3572.3949229090076,
    3591.7138108629324,
    3606.1673817022524,
    3552.9389762668707,
    3580.0138203890633,
    3598.960245353803,
    3615.606790913986,
    3623.0600680555817,
    3640.0592455653286,
    3648.6897359226773,
    3670.4701825692796,
    3632.7408527938255,
    3648.0781379188743,
    3664.1531739615616,
    3676.4966277554036,
    3686.5819095971005,
    3687.2806832845217,
    3704.767206726953,
    3712.988074570794,
    3682.9681339997906,
    3691.4595622683337,
    3696.2795054983308,
    3709.9914768518297
  ],
  "speed": [
    10.876720935598131,
    10.703155635174578,
    10.531203209209812,
    10.417740661276758,
    10.279545265770945,
    10.167823972055581,
    10.058066674406067,
    9.97679098685662,
    9.897835174825826,
    9.790885895726781,
    9.719868487441552,
    9.665868971363096,
    9.617588229932268,
    9.563217670047962,
    9.532481335132086,
    9.487998360030817,
    9.440207657080146,
    9.393629402116003,
    9.368698475148413,
    9.346689804599606,
    9.337758976705238,
    9.307236981153178,
    9.274704230388307,
    9.252361233743287,
    9.225423173995987,
    9.197024090111109,
    9.172636887141723,
    9.154295580667876,
    9.133734279933458,
    9.1048458806148,
    9.081542082679462,
    9.066981318671619,
    9.050284425472428,
    9.035527101625151,
    9.01057173868767,
    8.988279947108937,
    8.966799802363877,
    8.94928703170005,
    8.928709262628184,
    8.909451031660566,
    8.891375648895185,
    8.87617239386472,
    8.857955112631231,
    8.839727573843739,
    8.829488598268732,
    8.815945479319481,
    8.804970087597008,
    8.791583606298133,
    8.779188609077337,
    8.764368252934126,
    8.752381010812192,
    8.732626863656632,
    8.71598776414876,
    8.703499268063501,
    8.685586543976447,
    8.672488309705535,
    8.658592824535146,
    8.64187067653576,
    8.621354597562298
  ],
  "throuput": [
    5,
    46,
    119,
    216,
    347,
    510,
    692,
    867,
    1076,
    1271,
    1486,
    1716,
    1927,
    2167,
    2373,
    2607,
    2856,
    3094,
    3317,
    3571,
    3823,
    4060,
    4297,
    4516,
    4773,
    4983,
    5242,
    5486,
    5742,
    5979,
    6218,
    6454,
    6705,
    6932,
    7173,
    7406,
    7665,
    7919,
    8140,
    8375,
    8629,
    8890,
    9126,
    9356,
    9621,
    9856,
    10101,
    10320,
    10578,
    10822,
    11071,
    11289,
    11547,
    11771,
    12035,
    12253,
    12528,
    12766,
    12990
  ],
  "runningtime": [
    6.589241731166839
  ]
}