{
  "distance": [
    960.7490583528235,
    1297.408501976674,
    1576.2174205631081,
    1823.5129216877087,
    2024.0128739681536,
    2203.729934530683,
    2358.244704741265,
    2350.592494311166,
    2519.3550266150996,
    2643.51090762192,
    2756.4256629988713,
    2860.0460905574555,
    2936.310896910147,
    3008.656181080305,
    3083.8447024472625,
    3037.7656579326167,
    3104.1905591500476,
    3169.0744808824343,
    3224.936676397378,
    3261.7891386388787,
    3319.3603129944854,
    3346.073373659377,
    3386.6037453564577,
    3335.1193682149215,
    3376.8296974236405,
    3389.440830082126,
    3436.9462359236127,
    3464.105578521814,
    3491.879948371511,
    3520.5030548225877,
    3537.9769004217737,
    3485.7241338778344,
    3516.466090377031,
    3546.7152045915304,
    3562.7381902919556,
    3574.5599320871343,
    3596.771038267374,
    3615.511889939895,
    3629.337255232717,
    3576.435351490758,
    3602.409949601537,
    3619.611219185047,
    3636.679275314599,
    3643.0098356366775,
    3658.249721083857,
    3667.760666587612,
    3687.759467955036,
    3648.844471927438,
    3663.59836718682,
    3679.0643393774776,
    3691.120456172218,
    3701.115020169679,
    3701.4486260382573,
    3718.2892776369786,
    3726.0847705484257,
    3694.0709939864014,
    3702.110593376204,
    3708.1693700074657,
    3723.030447003475
  ],
  "speed": [
    10.866746511298238,
    10.699873557792522,
    10.55455852840086,
    10.49858591125214,
    10.386282834960827,
    10.298765427514967,
    10.192847692541692,
    10.10314835460103,
    10.04705534670407,
    9.951843759447089,
    9.895969144712655,
    9.850669678503149,
    9.813253295770117,
    9.776332281960615,
    9.751003219992944,
    9.714147408621038,
    9.689820341230432,
    9.651870595644747,
    9.633307539478972,
    9.620528351999953,
    9.604097203889278,
    9.593595322718212,
    9.57462359803454,
    9.560844483084512,
    9.533810903100962,
    9.502587151677028,
    9.482648552052114,
    9.46949609372432,
    9.450796110456809,
    9.427546177834007,
    9.409904506539222,
    9.394235761426431,
    9.374081503543728,
    9.35787940068162,
    9.336796145358234,
    9.315179198540307,
    9.294452877095322,
    9.276424854803725,
    9.256335075976795,
    9.24056064532399,
    9.220369281412891,
    9.202220943728321,
    9.18573832119857,
    9.166454390198002,
    9.150597539453209,
    9.137575589675437,
    9.11944169200783,
    9.101302911741096,
    9.084789104630199,
    9.065885204763678,
    9.05027035975201,
    9.028514928998948,
    9.00953024168354,
    8.993871165446878,
    8.972742843186973,
    8.953173368348928,
    8.935059745823397,
    8.91818681308386,
    8.897393138292559
  ],
  "throuput": [
    7,
    50,
    121,
    220,
    346,
    518,
    710,
    880,
    1079,
    1286,
    1519,
    1745,
    1960,
    2197,
    2436,
    2656,
    2894,
    3148,
    3395,
    3636,
    3878,
    4129,
    4374,
    4610,
    4859,
    5073,
    5320,
    5552,
    5805,
    6056,
    6297,
    6534,
    6785,
    7011,
    7244,
    7487,
    7726,
    7989,
    8217,
    8457,
    8704,
    8964,
    9206,
    9428,
    9661,
    9898,
    10141,
    10360,
    10619,
    10867,
    11096,
    11346,
    11584,
    11820,
    12073,
    12292,
    12555,
    12800,
    13016
  ],
  "runningtime": [
    3.5204991618792216
  ]
}