{
  "distance": [
    975.7065355812464,
    1312.9831663154919,
    1606.8473378971726,
    1859.0643631478515,
    2067.559393614375,
    2254.036660372577,
    2420.97399219475,
    2418.411933528647,
    2584.6249401266136,
    2717.234319276793,
    2828.2238597293012,
    2932.2375759675874,
    3005.2900010981684,
    3070.39117927309,
    3142.076695842837,
    3091.4788245816703,
    3156.325839104461,
    3218.2253655696545,
    3271.991963232445,
    3303.9085890261736,
    3360.476565010948,
    3382.4794119493845,
    3423.0803096893246,
    3371.0055714202927,
    3415.8897160838483,
    3432.9057325227177,
    3478.236368469034,
    3499.862305882291,
    3525.1837430289884,
    3553.02428587915,
    3569.0391661216354,
    3514.9076325840015,
    3544.4777089035265,
    3573.0868967254464,
    3589.461540724472,
    3600.141538868387,
    3621.2317846156466,
    3638.739900396988,
    3651.869052031003,
    3599.0676712475424,
    3624.8970274573335,
    3642.605382219423,
    3660.459747147081,
    3667.618070467294,
    3681.764705865248,
    3689.13460657398,
    3709.3518564077285,
    3670.4272613995026,
    3684.483446527258,
    3700.9871831636838,
    3711.9222234447748,
    3723.0174782977024,
    3721.4132009310306,
    3736.548235758716,
    3745.715133468599,
    3713.4204098225787,
    3721.0368843705965,
    3727.9299428518293,
    3742.8159540412703
  ],
  "speed": [
    11.030145756658158,
    10.835207288079904,
    10.751959349863732,
    10.70206543422793,
    10.64083783479206,
    10.602415194925271,
    10.557259291865044,
    10.51126889743786,
    10.47455819537997,
    10.438438753470612,
    10.398636145926812,
    10.390856491278365,
    10.373309979155913,
    10.343546634998393,
    10.326375689903873,
    10.30099604333384,
    10.286433223432903,
    10.24769836964997,
    10.227183927128245,
    10.20723987869779,
    10.193314799294136,
    10.17205436468227,
    10.153295604578057,
    10.141471043756274,
    10.123078344980428,
    10.10391100647788,
    10.08171394356412,
    10.057911972660033,
    10.0365801547358,
    10.014452313090555,
    9.993760283853812,
    9.975020462402274,
    9.951114694708153,
    9.930849085095437,
    9.912272340859866,
    9.88891377816208,
    9.865361697158392,
    9.845067882922656,
    9.823083159198532,
    9.808492184265265,
    9.786830500914764,
    9.767402935287713,
    9.749289328758014,
    9.729679740431482,
    9.709364994127533,
    9.691152694558793,
    9.67388954212741,
    9.658058741739902,
    9.641380399695132,
    9.625102094521404,
    9.606949897336253,
    9.588389725404934,
    9.565528379659025,
    9.546225481023159,
    9.528697503297414,
    9.509115789393174,
    9.487739957562816,
    9.470717271702448,
    9.44889122728808
  ],
  "throuput": [
    8,
    50,
    122,
    228,
    367,
    550,
    729,
    931,
    1163,
    1363,
    1624,
    1862,
    2086,
    2315,
    2555,
    2781,
    3022,
    3252,
    3492,
    3749,
    3981,
    4210,
    4464,
    4718,
    4959,
    5186,
    5434,
    5678,
    5920,
    6159,
    6404,
    6642,
    6882,
    7126,
    7369,
    7593,
    7823,
    8093,
    8319,
    8573,
    8810,
    9037,
    9310,
    9534,
    9774,
    10018,
    10257,
    10494,
    10745,
    10985,
    11221,
    11482,
    11716,
    11937,
    12195,
    12404,
    12653,
    12902,
    13146
  ],
  "runningtime": [
    3.719649875164032
  ]
}