{
  "distance": [
    984.0102055311917,
    1322.5398594673936,
    1614.752196666688,
    1872.916493161248,
    2083.004774824391,
    2271.2900153005644,
    2438.6327659291123,
    2435.606085401824,
    2602.1452653979354,
    2732.1089158060645,
    2839.267079447808,
    2937.9946902619836,
    3007.46831995215,
    3075.882210933854,
    3148.1171613913307,
    3098.4887421934923,
    3161.2942172686717,
    3227.7496216915292,
    3281.809953607241,
    3314.720707389511,
    3368.5425787664535,
    3388.348721462934,
    3428.5213046266404,
    3376.6269184718667,
    3422.272493187465,
    3439.1883999930683,
    3485.057470084141,
    3508.2195383498583,
    3533.7508646937695,
    3560.8028258959453,
    3577.501042507689,
    3523.0782702289403,
    3553.5527440496,
    3582.6193953021952,
    3597.5840665934247,
    3608.866901640081,
    3631.00328804577,
    3649.006717413076,
    3662.790619690294,
    3608.9041460148756,
    3633.9660876456023,
    3650.635544374488,
    3667.2347164855105,
    3674.225303291166,
    3688.5075603638666,
    3695.2121513403413,
    3714.005153254417,
    3674.6300629874872,
    3690.18554585564,
    3706.4641294216935,
    3717.3015579732296,
    3727.8981606825514,
    3726.8101823690663,
    3742.402965252051,
    3751.6965931438754,
    3720.963532429023,
    3728.1982327069977,
    3734.035225312547,
    3749.321892201965
  ],
  "speed": [
    11.12936039385924,
    10.925594247705167,
    10.824793354011517,
    10.795666556953629,
    10.73518303030417,
    10.700303630323539,
    10.6564381822191,
    10.619562338894628,
    10.582801541993387,
    10.550028506610348,
    10.506712342125281,
    10.472121058421404,
    10.441714283917504,
    10.414835927574646,
    10.394745643384853,
    10.373872720818007,
    10.353380306870596,
    10.325260611039944,
    10.30330139335115,
    10.287306694759334,
    10.266057502265873,
    10.240410137272242,
    10.220219405305157,
    10.207218428759877,
    10.191625894698848,
    10.175169830203416,
    10.154344287905193,
    10.133271783424316,
    10.110861856274711,
    10.08598595455532,
    10.067662446555206,
    10.04963644119375,
    10.029705211521966,
    10.009419822188447,
    9.985558855563994,
    9.965783807566833,
    9.94983047561198,
    9.932790757639564,
    9.914918525810885,
    9.901923525840676,
    9.880723413600402,
    9.860978194270293,
    9.841389292982404,
    9.822871452113063,
    9.804822229468014,
    9.786335587515188,
    9.767116877642929,
    9.750669703951573,
    9.737466311858913,
    9.721187307330627,
    9.703842400313263,
    9.685860909955052,
    9.665939609290962,
    9.648389099045362,
    9.631862051036062,
    9.617286573402046,
    9.597247820157158,
    9.579398455919845,
    9.560591080677872
  ],
  "throuput": [
    9,
    52,
    119,
    228,
    369,
    548,
    741,
    939,
    1168,
    1403,
    1628,
    1860,
    2085,
    2310,
    2546,
    2796,
    3015,
    3253,
    3511,
    3752,
    4003,
    4224,
    4471,
    4727,
    4969,
    5208,
    5436,
    5680,
    5920,
    6176,
    6411,
    6659,
    6901,
    7120,
    7377,
    7627,
    7865,
    8123,
    8355,
    8610,
    8832,
    9075,
    9326,
    9553,
    9809,
    10043,
    10285,
    10510,
    10760,
    11008,
    11245,
    11507,
    11735,
    11960,
    12205,
    12439,
    12696,
    12941,
    13189
  ],
  "runningtime": [
    3.7892413258552553
  ]
}