{
  "distance": [
    1051.7195263405833,
    1443.7832140053793,
    1793.5087039996376,
    2110.4566619658176,
    2403.575188339447,
    2665.11090801972,
    2888.5464720931795,
    3094.3647288029847,
    3294.4583585538126,
    3476.6552005497447,
    3668.245240314068,
    3100.1965267758865,
    3348.325139617676,
    3558.5226026911787,
    3750.345839810074,
    3919.8298409026165,
    4081.119934288461,
    4224.917760385238,
    4362.778257811498,
    4483.548579146222,
    4579.019027948344,
    4679.764573794847,
    4787.243378664417,
    4851.729490384078,
    4409.113251843045,
    4556.713113608604,
    4685.5190797227,
    4786.823334227231,
    4886.817792561198,
    4975.761969698117,
    5058.419251248222,
    5134.463176064451,
    5215.67162650734,
    5273.297253068859,
    5341.612837109558,
    5392.724879586822,
    5440.859234020887,
    5079.512628094542,
    5172.914811718283,
    5241.913310863528,
    5323.533244295239,
    5403.688531606444,
    5442.892676719459,
    5507.522313305813,
    5554.700210520618,
    5606.204502015251,
    5646.554612123328,
    5690.19804668846,
    5725.240815630792,
    5759.817779042065,
    5472.138777753502,
    5531.621289260947,
    5593.470273077378,
    5642.335448893756,
    5688.258529091326,
    5730.122780516297,
    5768.177105805932,
    5801.426878921991,
    5846.9149877089885
  ],
  "speed": [
    9.294311297465624,
    9.182386253355723,
    9.105163402313337,
    9.044298426408991,
    9.019744447770634,
    8.98911641230149,
    8.965534501437567,
    8.939717290476988,
    8.929194419389049,
    8.921285755444027,
    8.926624309527192,
    8.911210991006307,
    8.931561880803432,
    8.929395947791766,
    8.917698559942176,
    8.907430203196501,
    8.89485453830541,
    8.885259133770473,
    8.8819545320266,
    8.875364740897835,
    8.86765850468773,
    8.857457177412405,
    8.85047160680051,
    8.848269565804507,
    8.836154199953887,
    8.841307066561287,
    8.837379946042027,
    8.826656240185555,
    8.820485912412776,
    8.810444060322004,
    8.801227582256598,
    8.793247141906617,
    8.782759891818671,
    8.77462946162262,
    8.76495233848681,
    8.757811691894656,
    8.750558663185537,
    8.739353582059955,
    8.741225897368178,
    8.734787701257574,
    8.727310222311674,
    8.716047162864362,
    8.708997839137535,
    8.698165654795227,
    8.690193617220041,
    8.681795182982984,
    8.673679633405007,
    8.665119094309459,
    8.656212901197778,
    8.650130745774122,
    8.64152390453997,
    8.640097286360506,
    8.633977535152255,
    8.625892033644915,
    8.615753266156393,
    8.607186549061007,
    8.59820033197562,
    8.590496177557078,
    8.582816154234404
  ],
  "throuput": [
    31,
    89,
    192,
    352,
    570,
    840,
    1130,
    1533,
    1935,
    2368,
    2824,
    3317,
    3851,
    4386,
    4897,
    5480,
    6060,
    6608,
    7178,
    7748,
    8321,
    8896,
    9477,
    10074,
    10674,
    11264,
    11862,
    12483,
    13120,
    13751,
    14389,
    15027,
    15627,
    16239,
    16849,
    17482,
    18134,
    18778,
    19411,
    19991,
    20627,
    21277,
    21908,
    22557,
    23187,
    23829,
    24478,
    25088,
    25723,
    26336,
    27006,
    27631,
    28248,
    28883,
    29561,
    30200,
    30863,
    31482,
    32129
  ],
  "runningtime": [
    57.80123181740443
  ]
}