{
  "distance": [
    1041.5299689703902,
    1427.7832480206498,
    1776.993106387986,
    2090.0134407632545,
    2379.702322207989,
    2641.081911399173,
    2860.4918922784627,
    3071.580150202745,
    3271.949991890244,
    3453.49807331278,
    3642.4141944487283,
    3083.366996949485,
    3328.001302597737,
    3537.0851292106627,
    3727.2691418300583,
    3894.230593227235,
    4055.0175149190623,
    4198.855651610033,
    4336.010916097873,
    4456.6647011789455,
    4550.038538958078,
    4651.811145432293,
    4758.619389714662,
    4821.355909227408,
    4383.501342940016,
    4532.572996111901,
    4660.863481797248,
    4761.506890299184,
    4858.448648877304,
    4945.251019000826,
    5025.387573399899,
    5102.708569131333,
    5187.073866878339,
    5244.812003437703,
    5313.046098181269,
    5364.123145501609,
    5414.277109785148,
    5056.402822687486,
    5151.073302716255,
    5220.175900899986,
    5300.9113691665425,
    5381.360942329653,
    5419.973544736543,
    5485.93345847288,
    5531.596610794436,
    5583.123783105742,
    5623.730257107985,
    5669.558307602605,
    5706.628984936434,
    5740.934363906485,
    5453.918829998547,
    5513.769329803067,
    5574.756069120695,
    5622.880501264049,
    5669.203196253075,
    5710.903448551159,
    5747.743718444497,
    5781.463491226096,
    5826.911917844596
  ],
  "speed": [
    9.20453635461799,
    9.080987849721783,
    9.017125356323515,
    8.951303899364415,
    8.926044482082784,
    8.900451694750315,
    8.869032431996704,
    8.860709921046833,
    8.85165652544594,
    8.844088705786442,
    8.84372320283925,
    8.840928469525636,
    8.854035625465139,
    8.84955489307433,
    8.835832612162566,
    8.823468295872852,
    8.810302793283636,
    8.799827791532493,
    8.794957510577037,
    8.787212134071474,
    8.776985557274617,
    8.770286369743497,
    8.763107526667525,
    8.757000058590314,
    8.748016824888007,
    8.75650062795119,
    8.750826237543247,
    8.739304806147592,
    8.728521534985235,
    8.715303682708353,
    8.701688175693166,
    8.694158119380358,
    8.687648974858423,
    8.679377074787155,
    8.669428411307715,
    8.660970839436422,
    8.655214573231852,
    8.64393490191879,
    8.646308830326097,
    8.638830479096674,
    8.629613170124408,
    8.618567735831565,
    8.610198228927635,
    8.600296131486946,
    8.589271558081968,
    8.580269543522272,
    8.571576998457076,
    8.564289803730212,
    8.556801378645943,
    8.548733460714539,
    8.538077369315129,
    8.53655016798884,
    8.528683092486817,
    8.519207666895117,
    8.509462367086742,
    8.50044610921055,
    8.489468436626241,
    8.482084592060588,
    8.473354302678144
  ],
  "throuput": [
    34,
    87,
    177,
    352,
    572,
    820,
    1126,
    1499,
    1920,
    2351,
    2782,
    3301,
    3814,
    4348,
    4900,
    5454,
    5991,
    6548,
    7143,
    7703,
    8310,
    8873,
    9436,
    10015,
    10614,
    11192,
    11792,
    12431,
    13096,
    13691,
    14289,
    14928,
    15537,
    16172,
    16791,
    17387,
    17989,
    18631,
    19284,
    19896,
    20524,
    21176,
    21810,
    22439,
    23074,
    23727,
    24331,
    24933,
    25578,
    26196,
    26843,
    27512,
    28126,
    28786,
    29432,
    30099,
    30747,
    31359,
    31964
  ],
  "runningtime": [
    32.718590100606285
  ]
}