{"total_trips": 37915.01807791711, "trip_mean": 6906.078428674444, "trip_var": 31179228.440706383}