{
  "distance": [
    1006.9619107279002,
    1387.0642034327464,
    1692.4716376727117,
    1945.0853420939814,
    2153.855372736319,
    2359.596115498605,
    2510.8100093072503,
    2632.047822290702,
    2765.4973757061275,
    2699.7911754101033,
    2823.792560190049,
    2944.6458969026444,
    3034.702727912676,
    3105.30964579699,
    3181.490918586066,
    3238.503149753977,
    3294.393991393727,
    3340.673698971491,
    3401.6802581933025,
    3322.605680562175,
    3372.996281012576,
    3411.512223270933,
    3468.3220591755526,
    3510.1956423459337,
    3532.7258384184142,
    3557.426070846879,
    3583.209835704299,
    3603.2682824658386,
    3623.042346933109,
    3562.3542554982655,
    3598.8839846733745,
    3625.1630904773647,
    3647.135089905196,
    3672.7298094887797,
    3691.872275825516,
    3703.973558886357,
    3716.9137719830396,
    3737.472413195474,
    3752.580144171963,
    3687.40862517178,
    3720.6438094950095,
    3734.801520830718,
    3753.642549731095,
    3759.9098678219884,
    3772.4665934839736,
    3789.359036886576,
    3801.4776259809933,
    3813.480769544778,
    3824.722025253886,
    3762.179456291468,
    3786.5905101262724,
    3803.39652838303,
    3815.241618796108,
    3825.645664498454,
    3840.7691159003975,
    3845.7101886901637,
    3853.6850957559104,
    3856.2707277902628,
    3868.1685572316005
  ],
  "speed": [
    10.884359422663508,
    10.740244378229834,
    10.744848413943087,
    10.649071580361202,
    10.580792188973263,
    10.556205413728122,
    10.50082051657393,
    10.467794761411882,
    10.442528231158429,
    10.406246475654687,
    10.35776321120629,
    10.339255950975712,
    10.32228268099713,
    10.312007897888872,
    10.300890633111166,
    10.29604532064996,
    10.288360856492433,
    10.27679818492452,
    10.294935175301912,
    10.30580834864241,
    10.315302147025385,
    10.319620846777719,
    10.32671218474924,
    10.320318729802649,
    10.315435779182682,
    10.307045337780309,
    10.291006289020658,
    10.295212698724352,
    10.295655939757875,
    10.295005529587366,
    10.298703288899453,
    10.29583035723621,
    10.299863687993323,
    10.286541597927977,
    10.280254660936244,
    10.275709059499851,
    10.275851284670258,
    10.270022479232843,
    10.2714124103194,
    10.277525783071265,
    10.278124903892346,
    10.279217193722864,
    10.275440711656339,
    10.267352996845993,
    10.268558692186149,
    10.269802377107863,
    10.269935640371674,
    10.268316828494244,
    10.269501740828506,
    10.26805301194949,
    10.267768572978586,
    10.267255963735163,
    10.270272247162515,
    10.269088879509434,
    10.270077878717183,
    10.273990013705212,
    10.271459967443311,
    10.267845006021938,
    10.263199405313067
  ],
  "throuput": [
    9,
    40,
    95,
    176,
    299,
    435,
    608,
    755,
    932,
    1126,
    1298,
    1509,
    1672,
    1867,
    2049,
    2227,
    2440,
    2639,
    2837,
    3025,
    3254,
    3451,
    3639,
    3832,
    4028,
    4234,
    4420,
    4609,
    4811,
    5014,
    5187,
    5378,
    5591,
    5784,
    5990,
    6186,
    6385,
    6577,
    6767,
    6950,
    7164,
    7371,
    7547,
    7739,
    7950,
    8166,
    8363,
    8548,
    8732,
    8924,
    9119,
    9329,
    9541,
    9731,
    9933,
    10131,
    10306,
    10492,
    10694
  ],
  "runningtime": [
    2.9442684491475424
  ]
}