{
  "distance": [
    1050.4622926293648,
    1462.5731660203865,
    1801.5890588866835,
    2057.0240846484016,
    2244.0211105546446,
    2521.8849559777937,
    2731.1972745526423,
    2906.323334512098,
    3092.892559951797,
    3142.872833146574,
    3302.6958365301116,
    3417.556950366651,
    3545.0967865514062,
    3625.68300235135,
    3645.3499105141887,
    3730.8406713480695,
    3787.735751152811,
    3881.1089868050512,
    3928.159383319029,
    3933.971264579616,
    3962.7602777538127,
    4018.8652116567932,
    3656.5192178173356,
    3754.134966850744,
    3835.5293986911083,
    3893.4867130463413,
    3986.488775997279,
    4056.7208108183745,
    4117.115091046031,
    4153.93490850157,
    4185.137416975336,
    4221.223337186273,
    4278.684493183993,
    4316.938620696334,
    4354.663662544092,
    4363.336979432546,
    4390.898168729262,
    4421.06951032406,
    4450.585484198528,
    4471.862218728384,
    4473.524926439477,
    4499.400672329177,
    4507.333414780297,
    4532.128706495249,
    4548.1171415443605,
    4254.391283512325,
    4315.857878741221,
    4360.054268204599,
    4403.674877059519,
    4433.915314378378,
    4478.24172347113,
    4474.109939024374,
    4507.747174689687,
    4529.350389772617,
    4565.059539370596,
    4605.018707103808,
    4606.52345303671,
    4604.108081711275,
    4633.635656860269
  ],
  "speed": [
    9.082647038956155,
    8.895605835916054,
    8.781133853584732,
    8.698960675691698,
    8.641156889799387,
    8.556643386570288,
    8.503918791361098,
    8.428281978523623,
    8.396498789305625,
    8.384514485715801,
    8.363172628391101,
    8.323643538030472,
    8.296995649521193,
    8.282757406078867,
    8.286989056676871,
    8.284400776965578,
    8.275555989118782,
    8.277538327479455,
    8.269114333588123,
    8.263703229729364,
    8.26624704199219,
    8.269094202889097,
    8.282570347466326,
    8.295834146662418,
    8.309259363585916,
    8.311590325307057,
    8.306171658000915,
    8.304357356041104,
    8.30314629635178,
    8.28860872889086,
    8.269142489521306,
    8.253776622913453,
    8.242943962390415,
    8.239385206250917,
    8.233780246910207,
    8.230052116850402,
    8.232195029235198,
    8.225309573925289,
    8.221315641980304,
    8.2122639972496,
    8.213195530629363,
    8.214044535232919,
    8.214215042823302,
    8.212431111357866,
    8.21004481774344,
    8.21179252176703,
    8.22810429198778,
    8.234397430301167,
    8.227545664473157,
    8.221055885681759,
    8.215370733289758,
    8.212154267329192,
    8.206221832532204,
    8.200449030029834,
    8.195773634769864,
    8.19529197476762,
    8.19049714789784,
    8.183105091587212,
    8.175915140686122
  ],
  "throuput": [
    17,
    45,
    90,
    152,
    228,
    309,
    408,
    516,
    619,
    767,
    898,
    1018,
    1150,
    1292,
    1437,
    1583,
    1716,
    1864,
    2011,
    2168,
    2322,
    2472,
    2627,
    2774,
    2919,
    3063,
    3208,
    3349,
    3500,
    3662,
    3790,
    3926,
    4078,
    4212,
    4380,
    4523,
    4663,
    4825,
    4993,
    5134,
    5290,
    5455,
    5610,
    5769,
    5908,
    6059,
    6218,
    6359,
    6518,
    6672,
    6804,
    6944,
    7093,
    7231,
    7381,
    7536,
    7691,
    7843,
    7983
  ],
  "runningtime": [
    6.533737067381541
  ]
}