{
  "distance": [
    1080.1584014741975,
    1523.9435059984692,
    1894.9967895590512,
    2173.6855567539283,
    2369.478851799044,
    2665.605368779168,
    2879.0811640616826,
    3076.2880863406176,
    3277.3243589702447,
    3322.7240819127505,
    3485.126533269263,
    3611.1793599058224,
    3748.595515820166,
    3828.306779487991,
    3834.7707809832464,
    3913.464395453514,
    3970.3068667596394,
    4062.3286772617075,
    4104.262129046418,
    4101.3502458389,
    4119.671826427459,
    4164.773687841453,
    3781.8464257502724,
    3878.4452438557805,
    3954.9332082310275,
    4014.0169340025172,
    4107.172967483555,
    4172.628185240677,
    4232.531580664327,
    4273.8323752794095,
    4309.11961213949,
    4347.627751362642,
    4407.881215893884,
    4444.801697973526,
    4481.758143922673,
    4488.172141727424,
    4509.794643922914,
    4540.9573811954,
    4569.831528112431,
    4591.180260997107,
    4586.36513605914,
    4605.473508485607,
    4605.364630313699,
    4625.171540310121,
    4637.303699302965,
    4333.222123010364,
    4389.875313914188,
    4431.365117360996,
    4477.404585284088,
    4511.026403928568,
    4556.007138641586,
    4550.891834422221,
    4582.970452424693,
    4603.325573149302,
    4637.9282068973625,
    4675.185896108001,
    4675.296430179272,
    4674.125478745342,
    4705.813233625521
  ],
  "speed": [
    9.34444992822746,
    9.276937587982552,
    9.25712849074306,
    9.227744036861793,
    9.18849791115712,
    9.14187074548531,
    9.089992724716385,
    9.066719982620894,
    9.066225705762488,
    9.061997004154156,
    9.050531275410219,
    9.048872301751572,
    9.055117856760448,
    9.058981699998366,
    9.057538180439478,
    9.056217093510448,
    9.06467392266864,
    9.08109844821074,
    9.086873285880085,
    9.091955201908954,
    9.098613534789527,
    9.100398103749429,
    9.113374631478802,
    9.12888886003158,
    9.140239630590763,
    9.15240696862364,
    9.15243185448624,
    9.148127260852412,
    9.152821096432323,
    9.150766266087983,
    9.14261469944669,
    9.135570272816917,
    9.134901879370052,
    9.13493951889345,
    9.134995452093259,
    9.138589958711282,
    9.139426470901146,
    9.141943831652307,
    9.147137679645388,
    9.148629295052203,
    9.149429706363627,
    9.14923801434407,
    9.146331248922484,
    9.146063292449444,
    9.146098762110348,
    9.146805485560302,
    9.157020322211714,
    9.162051683429985,
    9.16167942552727,
    9.16414185378779,
    9.162911412107523,
    9.16123072270912,
    9.154438960020773,
    9.14656973175652,
    9.140742003512505,
    9.137683096499925,
    9.132459180788112,
    9.128705871210965,
    9.125665366947908
  ],
  "throuput": [
    16,
    50,
    100,
    172,
    262,
    357,
    462,
    561,
    690,
    834,
    982,
    1124,
    1246,
    1409,
    1548,
    1694,
    1852,
    2003,
    2165,
    2330,
    2479,
    2636,
    2761,
    2925,
    3073,
    3213,
    3370,
    3513,
    3658,
    3808,
    3927,
    4084,
    4231,
    4382,
    4543,
    4711,
    4839,
    5007,
    5171,
    5334,
    5482,
    5659,
    5806,
    5950,
    6101,
    6247,
    6402,
    6555,
    6697,
    6851,
    6997,
    7136,
    7266,
    7408,
    7552,
    7724,
    7859,
    8003,
    8143
  ],
  "runningtime": [
    4.910144754250845
  ]
}