{
  "distance": [
    1092.3120644801002,
    1526.3232080357845,
    1895.6745096455247,
    2224.7850199546842,
    2532.101897808636,
    2744.918158924967,
    2961.592163177119,
    3151.0078060889123,
    3274.390226072299,
    3411.8581193966065,
    3547.35741756183,
    3608.351865216618,
    3421.08516137806,
    3558.8387405479416,
    3675.3530021671463,
    3770.4651084204206,
    3857.5419340966787,
    3940.86709168031,
    3996.093558208137,
    4071.949565474955,
    4112.4898510384955,
    4150.010033921548,
    4215.092954533318,
    4225.088430879017,
    4257.306718709875,
    4288.584670004304,
    4135.723675996685,
    4192.533906418533,
    4235.895625390855,
    4283.990652858294,
    4305.499323420097,
    4341.204259210112,
    4383.908863877828,
    4404.30542492628,
    4424.242814053664,
    4445.77299247183,
    4463.154273261058,
    4485.203033638261,
    4487.587199392641,
    4504.525910367641,
    4403.1152180023155,
    4420.733954564405,
    4449.32315716985,
    4481.114651541328,
    4480.816721985737,
    4509.483825983852,
    4540.335296152784,
    4554.548468354622,
    4562.002415605777,
    4572.721420331933,
    4596.226211547781,
    4590.331999705343,
    4607.157446093486,
    4504.603705842361,
    4525.867840955477,
    4550.880754504656,
    4567.318309628521,
    4577.340491675345,
    4606.764851534831
  ],
  "speed": [
    10.969287035454569,
    11.034827970578974,
    11.088638736949719,
    11.107996425245878,
    11.06132439789998,
    11.016104736346692,
    10.979426984201845,
    10.949636469170787,
    10.951326190940721,
    10.900588440165613,
    10.871301408090368,
    10.856296980847588,
    10.826449733832566,
    10.824807318751839,
    10.806318842443403,
    10.79790203043806,
    10.779732456895431,
    10.762348701371486,
    10.75618727157051,
    10.74746803955128,
    10.731746201144437,
    10.71796640614347,
    10.716359048446181,
    10.697247062989687,
    10.672554572677507,
    10.655437948861636,
    10.634284913772742,
    10.621899311876756,
    10.603298191091056,
    10.580784570814796,
    10.56471799057757,
    10.547938704688898,
    10.537369543057778,
    10.516641183770236,
    10.496043109782846,
    10.486923020638137,
    10.469207518212063,
    10.450258503426609,
    10.430866328103336,
    10.41530446022617,
    10.402121145040661,
    10.38909963341833,
    10.373670461659392,
    10.360121478025821,
    10.344812573343233,
    10.331804931450053,
    10.316983553470859,
    10.301292961912555,
    10.28463804419057,
    10.270337247150074,
    10.25596423871398,
    10.237607058143778,
    10.22097000274207,
    10.201097046053633,
    10.191078901212942,
    10.176997271616411,
    10.163650296227134,
    10.149628687171061,
    10.13795858131129
  ],
  "throuput": [
    5,
    22,
    49,
    86,
    154,
    237,
    344,
    444,
    575,
    699,
    809,
    951,
    1094,
    1220,
    1358,
    1480,
    1609,
    1748,
    1882,
    2026,
    2149,
    2290,
    2438,
    2559,
    2686,
    2813,
    2956,
    3090,
    3227,
    3361,
    3499,
    3623,
    3767,
    3906,
    4020,
    4156,
    4304,
    4439,
    4564,
    4694,
    4841,
    4971,
    5102,
    5237,
    5372,
    5515,
    5633,
    5764,
    5903,
    6043,
    6173,
    6296,
    6442,
    6577,
    6702,
    6851,
    6996,
    7120,
    7269
  ],
  "runningtime": [
    2.5786858518918354
  ]
}