{
  "distance": [
    1094.3262466212548,
    1529.047345435866,
    1898.9566782379595,
    2238.9618277250056,
    2546.2891527935926,
    2754.3388907080093,
    2972.714791236943,
    3160.0547686285727,
    3278.7292456323516,
    3422.598036924787,
    3554.76703161371,
    3614.67542172272,
    3423.8805281150003,
    3562.858070480935,
    3685.2197258420997,
    3780.22619099301,
    3867.7702989991667,
    3951.6742682522927,
    4004.8811728606975,
    4076.7657866310014,
    4114.135139054594,
    4151.600089949956,
    4214.812810481345,
    4226.229578597036,
    4260.6784087449505,
    4292.723140199052,
    4136.959607769693,
    4191.899688064187,
    4235.226087084774,
    4285.878035339305,
    4309.066931506531,
    4341.528356567382,
    4382.017058956366,
    4406.1859855249895,
    4426.967967250009,
    4444.444221881168,
    4460.503550942786,
    4484.531747099708,
    4489.219019556526,
    4503.919658967584,
    4403.3164861003615,
    4420.693870447361,
    4450.013186716636,
    4479.064884050083,
    4478.672437246705,
    4504.334730219335,
    4536.568975614095,
    4550.601518941663,
    4559.84047779108,
    4570.2760317963075,
    4593.683202408126,
    4588.270558090892,
    4605.181266486062,
    4502.583205575419,
    4524.475806312702,
    4549.948304962782,
    4566.8986885899885,
    4577.684862370166,
    4605.978380317158
  ],
  "speed": [
    11.00104185123993,
    11.066102192106023,
    11.12361876013318,
    11.19256820235075,
    11.146280783999723,
    11.089532142338658,
    11.049967730450188,
    11.018632030323424,
    11.00527150478988,
    10.968457609383075,
    10.930641326697364,
    10.906930432340378,
    10.860741679172003,
    10.853757580431052,
    10.846498069834274,
    10.835589769404288,
    10.820819906908106,
    10.806103270518145,
    10.796011910528161,
    10.775183235718353,
    10.750502537935471,
    10.734548073502314,
    10.722724475458904,
    10.703029168184074,
    10.679097851251958,
    10.662213082022454,
    10.633763102502945,
    10.613986023937649,
    10.594625002046193,
    10.57980318537104,
    10.569979264841617,
    10.54893604245675,
    10.533528643735544,
    10.521242077421352,
    10.50555988089953,
    10.48852876834198,
    10.46835527371083,
    10.449576001473716,
    10.433242911004271,
    10.414534954785815,
    10.402677885639813,
    10.387372496597761,
    10.373684736596475,
    10.354059453175614,
    10.337460250229597,
    10.316100239182406,
    10.302033810714933,
    10.284973796503031,
    10.271790226405953,
    10.254581461765323,
    10.237605616428146,
    10.21890519046828,
    10.20000807297224,
    10.179285292735619,
    10.168554841415832,
    10.15345377548172,
    10.139185446000539,
    10.125271411056413,
    10.110474038569945
  ],
  "throuput": [
    7,
    21,
    48,
    90,
    159,
    240,
    343,
    453,
    571,
    689,
    813,
    951,
    1076,
    1215,
    1351,
    1489,
    1610,
    1744,
    1884,
    2022,
    2157,
    2280,
    2426,
    2548,
    2680,
    2813,
    2945,
    3088,
    3222,
    3365,
    3509,
    3631,
    3760,
    3905,
    4033,
    4166,
    4291,
    4425,
    4567,
    4701,
    4830,
    4970,
    5109,
    5239,
    5375,
    5505,
    5626,
    5769,
    5897,
    6029,
    6168,
    6282,
    6427,
    6563,
    6696,
    6832,
    6975,
    7116,
    7257
  ],
  "runningtime": [
    2.760516893863678
  ]
}