{
  "distance": [
    1190.1093246444898,
    1689.0876492188831,
    2191.2553066185915,
    2567.1136722538677,
    2979.174767036625,
    3337.7319453458645,
    3676.3448781651778,
    3914.5449335689586,
    4161.508026808725,
    4355.332587722481,
    4559.681367951522,
    4694.953555795334,
    4820.722811910888,
    4954.369815350696,
    5040.081416147494,
    5115.162665927393,
    4149.156819770844,
    4339.751768426218,
    4531.985358891886,
    4667.5858962150805,
    4813.645573966247,
    4973.020323632698,
    5103.7984436865445,
    5216.957049818558,
    5318.6890667950765,
    5397.680991389785,
    5499.917240744351,
    5572.915367174674,
    5624.785326022967,
    5690.003358788963,
    5732.544625538305,
    5759.521800688762,
    5812.548376530198,
    5835.241746145306,
    5220.99494884324,
    5302.209578935825,
    5390.586240419916,
    5471.362641994999,
    5561.663012247989,
    5622.0666811744495,
    5688.817609113623,
    5758.064684129502,
    5785.376847259405,
    5848.346567849478,
    5901.574829697564,
    5938.382409592684,
    5977.078760350611,
    6003.233627204654,
    6029.095110381679,
    6055.561505691254,
    6072.875502478658,
    5569.8808120995345,
    5640.295820648116,
    5690.506093807179,
    5761.012489112658,
    5808.991315266755,
    5870.152084081723,
    5882.050293869468,
    5945.426676228201
  ],
  "speed": [
    10.350580218476171,
    10.428169722200424,
    10.454614476772866,
    10.500292837810697,
    10.550676527671037,
    10.572047836185895,
    10.602585396612051,
    10.614702246250138,
    10.623425591356213,
    10.64102613958076,
    10.651039972652349,
    10.663373081363998,
    10.683786590122553,
    10.692370478118653,
    10.698299371303646,
    10.70476294361005,
    10.684243882586689,
    10.678279234107583,
    10.65513960162134,
    10.64364724582171,
    10.631107126081176,
    10.626027021534252,
    10.62707504747032,
    10.620673985918703,
    10.613110073300229,
    10.60331673272433,
    10.604248452514392,
    10.603907088785189,
    10.607326112714459,
    10.609755083586096,
    10.616030290952443,
    10.61529973068859,
    10.613214417394442,
    10.608437928553391,
    10.602742844420888,
    10.592719045885833,
    10.583547479111107,
    10.572192421133956,
    10.568671025816553,
    10.564710180023498,
    10.556704394131813,
    10.550205583806708,
    10.544427929884066,
    10.540411107318603,
    10.532716224638765,
    10.527277943883375,
    10.523514924342395,
    10.521008629792915,
    10.514152976459084,
    10.507788997355673,
    10.502439910696582,
    10.48790092564309,
    10.482444146826708,
    10.472893294126317,
    10.465760778646976,
    10.454098526312174,
    10.446262331523435,
    10.440505627981295,
    10.433215435344799
  ],
  "throuput": [
    17,
    50,
    97,
    165,
    268,
    382,
    519,
    671,
    827,
    1006,
    1198,
    1384,
    1580,
    1774,
    1991,
    2194,
    2380,
    2586,
    2764,
    2956,
    3137,
    3331,
    3537,
    3716,
    3910,
    4104,
    4298,
    4501,
    4721,
    4922,
    5147,
    5372,
    5573,
    5777,
    5972,
    6174,
    6366,
    6563,
    6768,
    6957,
    7131,
    7323,
    7504,
    7693,
    7908,
    8123,
    8331,
    8538,
    8759,
    8991,
    9184,
    9384,
    9582,
    9766,
    9976,
    10163,
    10352,
    10540,
    10725
  ],
  "runningtime": [
    5.714162349700928
  ]
}