{
  "distance": [
    1186.0872267610562,
    1686.949172414612,
    2188.733196346308,
    2561.021702523246,
    2971.4493029057035,
    3327.8290333959244,
    3665.36297027564,
    3897.5365190796438,
    4138.667811606538,
    4334.1456473514845,
    4544.856045114994,
    4680.846115775669,
    4808.397280955828,
    4943.35048833245,
    5031.329115045367,
    5102.273578421184,
    4140.369081371166,
    4332.898561441089,
    4526.300323248283,
    4664.560658260618,
    4811.996302947099,
    4972.3805829960065,
    5101.673771242843,
    5211.959438534251,
    5313.2928389200915,
    5390.676075048915,
    5492.072597084858,
    5565.936478357394,
    5616.938849310412,
    5682.180469252918,
    5724.262742233926,
    5752.887130922396,
    5807.479182777676,
    5830.720060851049,
    5215.346204988038,
    5295.296859192262,
    5381.540468033502,
    5460.962206202503,
    5549.510709810394,
    5607.369074700808,
    5673.254115780188,
    5741.11186906299,
    5768.019233009612,
    5829.522241985482,
    5885.116385770263,
    5921.446304014987,
    5958.819161982233,
    5986.852106724057,
    6014.79557463861,
    6043.83803343467,
    6062.878835013062,
    5563.927600017501,
    5636.456876008542,
    5685.9598981539675,
    5753.89695242193,
    5803.11271549852,
    5865.130419991416,
    5875.413837560171,
    5938.899533664624
  ],
  "speed": [
    10.310377436572791,
    10.406654241900446,
    10.435205479448603,
    10.473932594270622,
    10.520747395746053,
    10.539655172615223,
    10.568132389705784,
    10.559618110879036,
    10.552830085718675,
    10.573204432992195,
    10.59905923108449,
    10.612437544517826,
    10.640117869058233,
    10.652945495551181,
    10.659872229967888,
    10.6536820132089,
    10.633186050918862,
    10.633521320794605,
    10.613398661137822,
    10.607873890403516,
    10.598614639399093,
    10.597084847701634,
    10.59798838837883,
    10.588931974429288,
    10.58139873277243,
    10.570634295632358,
    10.567666963681285,
    10.569219829475346,
    10.5710188136098,
    10.573919521465845,
    10.579102054359689,
    10.579857127719965,
    10.578641458123226,
    10.574423303961655,
    10.566482049027039,
    10.554735536928415,
    10.542398950080955,
    10.528083597326397,
    10.521322798084075,
    10.512768858535889,
    10.50349859585219,
    10.493158760643993,
    10.48477429913878,
    10.476354469458437,
    10.470983114415485,
    10.463674896822328,
    10.45637315780404,
    10.456006451256403,
    10.452628155700554,
    10.449426014576726,
    10.443970115461786,
    10.43317500623551,
    10.432178581590492,
    10.42288463024447,
    10.412599847961861,
    10.403574231613044,
    10.39863963697143,
    10.390887982370119,
    10.384735807412977
  ],
  "throuput": [
    13,
    49,
    99,
    168,
    268,
    384,
    516,
    655,
    823,
    1002,
    1194,
    1380,
    1586,
    1767,
    1979,
    2165,
    2369,
    2581,
    2759,
    2947,
    3131,
    3333,
    3541,
    3717,
    3916,
    4089,
    4287,
    4487,
    4719,
    4935,
    5133,
    5357,
    5558,
    5788,
    5988,
    6165,
    6362,
    6554,
    6757,
    6951,
    7132,
    7292,
    7481,
    7667,
    7870,
    8096,
    8306,
    8511,
    8745,
    8952,
    9144,
    9367,
    9586,
    9778,
    9973,
    10169,
    10359,
    10540,
    10734
  ],
  "runningtime": [
    5.203360076745351
  ]
}