{
  "distance": [
    1190.1027709703012,
    1685.4329777711569,
    2187.7084422500993,
    2560.6720269731977,
    2973.7288370826964,
    3334.2758279987434,
    3674.9576375493843,
    3909.467391313407,
    4155.380696602062,
    4353.225709569842,
    4562.314428808574,
    4699.65532619373,
    4826.438584631037,
    4958.881211824031,
    5043.843085161574,
    5116.610399725215,
    4147.982023803163,
    4338.696814513139,
    4532.238818094086,
    4670.818797753502,
    4816.924986412884,
    4978.018191099444,
    5106.941341566678,
    5222.45745551401,
    5323.27746456523,
    5399.622992226462,
    5501.1387149277725,
    5575.682368436013,
    5624.397538631218,
    5687.474627130552,
    5726.1270768631975,
    5752.664205461007,
    5806.207297388734,
    5829.242603412841,
    5213.503767400105,
    5293.4318574267845,
    5379.3574650109485,
    5460.70823806602,
    5549.094950948468,
    5607.811362485244,
    5676.062384262458,
    5743.092106101613,
    5768.294885129728,
    5830.988499917313,
    5886.785678846359,
    5925.276821165973,
    5962.767535090268,
    5989.303151095228,
    6018.103441928979,
    6046.3180440996775,
    6064.033307385934,
    5563.403201223903,
    5635.358510875531,
    5685.112955205426,
    5754.460777430836,
    5802.830351930904,
    5862.6873053503405,
    5873.540938314249,
    5936.4758177826025
  ],
  "speed": [
    10.350297751635495,
    10.40930187782891,
    10.440323817320989,
    10.478124298820953,
    10.530190839048608,
    10.555860996901037,
    10.587325229236866,
    10.58750278072468,
    10.595924247142834,
    10.622195112850367,
    10.644986302880353,
    10.663038013822522,
    10.688598485105368,
    10.697559165313933,
    10.699076433961158,
    10.696375876357024,
    10.669643645217814,
    10.66660487643719,
    10.646114506659961,
    10.642166320866773,
    10.6328086199905,
    10.633005670307275,
    10.633711347954904,
    10.634741536752088,
    10.62840056690593,
    10.615026450182954,
    10.613050668585753,
    10.613404843287285,
    10.611118595637315,
    10.609594013940882,
    10.609318130914858,
    10.607784580728724,
    10.605492456747129,
    10.601500356923166,
    10.589652882317154,
    10.576718822963572,
    10.562378944927943,
    10.550576969052152,
    10.543159979713908,
    10.534751448563727,
    10.528684047230067,
    10.517824890679826,
    10.507904603562164,
    10.502546991857935,
    10.497699101164136,
    10.492245921816522,
    10.48475655970301,
    10.482018599763178,
    10.479397092824865,
    10.474040062598961,
    10.465982128340508,
    10.453105817566637,
    10.450748924967515,
    10.440081827501434,
    10.429668293426129,
    10.418276522762426,
    10.409067915611903,
    10.40228946184948,
    10.394650121170686
  ],
  "throuput": [
    16,
    50,
    96,
    167,
    262,
    374,
    510,
    663,
    826,
    1009,
    1204,
    1384,
    1591,
    1777,
    1976,
    2177,
    2386,
    2578,
    2768,
    2962,
    3143,
    3347,
    3545,
    3733,
    3921,
    4099,
    4284,
    4496,
    4720,
    4928,
    5157,
    5359,
    5578,
    5782,
    5970,
    6173,
    6349,
    6567,
    6753,
    6945,
    7132,
    7317,
    7499,
    7680,
    7884,
    8086,
    8317,
    8528,
    8730,
    8957,
    9152,
    9374,
    9570,
    9753,
    9954,
    10159,
    10345,
    10544,
    10720
  ],
  "runningtime": [
    5.348505731423696
  ]
}