{
  "distance": [
    923.8009729421015,
    1263.0006208024586,
    1586.5570798264064,
    1866.3897393409227,
    2121.9463161465524,
    2346.512620341536,
    2567.4447044022795,
    2774.9316274432667,
    2943.8265390691504,
    3108.0208177690665,
    3265.3200495784217,
    3384.0066472563626,
    3499.756796854409,
    2874.7844349634743,
    3095.4813480405983,
    3270.313612614341,
    3432.932766907479,
    3568.437709160541,
    3704.0411630061612,
    3828.2409042571803,
    3950.4938326838696,
    4050.310350602507,
    4163.531808078826,
    4246.064502539585,
    4347.083557519377,
    4428.490939861776,
    4496.891282079671,
    4573.574602572662,
    4094.863643834242,
    4219.922954586515,
    4323.889822329591,
    4425.696463517769,
    4520.661898745356,
    4599.140098436043,
    4690.92022292876,
    4765.970013824509,
    4821.197666753217,
    4892.092982503662,
    4950.104490802585,
    5000.594722223335,
    5062.339430816426,
    5102.567743603407,
    5159.343180205565,
    4787.659778533094,
    4860.588742585652,
    4935.316535864872,
    5005.881794752573,
    5074.93784052342,
    5122.4154637907795,
    5176.243531786737,
    5235.991084907622,
    5282.48573163454,
    5328.697432573496,
    5367.118625332994,
    5407.434123007475,
    5452.134934119978,
    5483.295369456973,
    5520.270360496884,
    5217.655741910881
  ],
  "speed": [
    8.274463104535645,
    8.034384704684086,
    7.851329928923769,
    7.7256164557813936,
    7.657880135453841,
    7.605044279903527,
    7.563889857755352,
    7.521365180341581,
    7.4805754535501015,
    7.4560217239423405,
    7.412235551804716,
    7.388600201532268,
    7.365741524538139,
    7.333980072142255,
    7.363663060981527,
    7.316910669530249,
    7.265721754239379,
    7.2121109535621075,
    7.161303293400476,
    7.11401085936326,
    7.076659288628464,
    7.0447159631668095,
    7.014447127595096,
    6.983658244197978,
    6.9575043475550675,
    6.932002467757648,
    6.907756594211933,
    6.883446855347468,
    6.864075944923422,
    6.860534312108381,
    6.834669614549603,
    6.805149439710303,
    6.776201023406536,
    6.746706033556909,
    6.718359770003375,
    6.687167558251095,
    6.657486437994404,
    6.632962983099172,
    6.605860921711531,
    6.578225168974391,
    6.554394480732141,
    6.530828561995212,
    6.50645412845718,
    6.49178932441549,
    6.476198249636218,
    6.45429282644859,
    6.4309098444957735,
    6.406594257693162,
    6.3797548444392085,
    6.353976948882857,
    6.3280135625610585,
    6.301767989543734,
    6.275012956596211,
    6.250310380560053,
    6.228479261245599,
    6.206238682152775,
    6.1866562112448555,
    6.167461656035031,
    6.154712714667376
  ],
  "throuput": [
    46,
    116,
    252,
    433,
    687,
    1001,
    1388,
    1798,
    2246,
    2743,
    3257,
    3833,
    4387,
    5014,
    5624,
    6259,
    6866,
    7463,
    8092,
    8708,
    9324,
    9983,
    10658,
    11382,
    12060,
    12751,
    13469,
    14143,
    14840,
    15534,
    16231,
    16928,
    17604,
    18347,
    19087,
    19828,
    20528,
    21214,
    21969,
    22691,
    23456,
    24171,
    24887,
    25626,
    26368,
    27119,
    27837,
    28559,
    29297,
    30033,
    30770,
    31499,
    32218,
    32992,
    33735,
    34493,
    35252,
    36045,
    36794
  ],
  "runningtime": [
    115.10356440544129
  ]
}