{
  "distance": [
    939.5991215109989,
    1289.2598715612205,
    1625.1587994581314,
    1915.8770904354144,
    2173.1596254333863,
    2402.714785195121,
    2627.9455503325034,
    2838.781901467471,
    3014.1700294015845,
    3180.300248786005,
    3340.870025507893,
    3464.52572359067,
    3584.2210341526566,
    2941.0088466423845,
    3165.8997636062118,
    3347.5291753089646,
    3516.0605103566954,
    3656.2959134302987,
    3799.81243511869,
    3927.873094934898,
    4049.7718229080247,
    4151.005550784989,
    4265.7239818779235,
    4350.532507015622,
    4453.654581911889,
    4537.067730419271,
    4606.647870384528,
    4682.401275583652,
    4192.332889482286,
    4317.2634161963015,
    4422.499391734183,
    4524.962893780257,
    4619.322380145393,
    4697.738808360897,
    4791.0042556937315,
    4868.574235682458,
    4924.529409942678,
    4994.563516473223,
    5051.30337900169,
    5101.545223458802,
    5162.579195131153,
    5202.693708116648,
    5260.448987211748,
    4881.220991264419,
    4955.35404894258,
    5029.753592051597,
    5100.546114280125,
    5170.612402421986,
    5219.287400166861,
    5272.069899265599,
    5331.829579668631,
    5377.769359625235,
    5423.827292327666,
    5461.441710535431,
    5500.202659738495,
    5544.677880694935,
    5575.037688810496,
    5611.823978070766,
    5304.050523589387
  ],
  "speed": [
    8.415253852968325,
    8.202502868820224,
    8.046122057566091,
    7.9390987497732715,
    7.858445625798314,
    7.807688233693417,
    7.767635447913204,
    7.723295757355908,
    7.692068855330979,
    7.666318141253822,
    7.625420957550161,
    7.611931931316708,
    7.598291841622164,
    7.56416138562097,
    7.596395886285221,
    7.559482378449778,
    7.515287244156045,
    7.466843011861011,
    7.4286715351695145,
    7.386951933141535,
    7.348295139497029,
    7.319748492298264,
    7.292273652057636,
    7.265139569420887,
    7.2415929179857965,
    7.218888986325313,
    7.196257791699631,
    7.1704276679504275,
    7.153721250376226,
    7.147891671711634,
    7.1229294539589745,
    7.093342916632552,
    7.063265835028156,
    7.034007386819485,
    7.007273522379481,
    6.97913064138833,
    6.950185182346514,
    6.923900887056155,
    6.894606844066127,
    6.865738741257004,
    6.840170951434589,
    6.81607700132907,
    6.792415549579984,
    6.778091529033308,
    6.762250451097297,
    6.7376417693383965,
    6.712744099487091,
    6.6882372548171105,
    6.662055211616023,
    6.6343358368010215,
    6.607771833183482,
    6.58062589171369,
    6.5533105935316724,
    6.527442445419602,
    6.503542958031662,
    6.480561682051466,
    6.459916345889459,
    6.4402657017731855,
    6.427738055122186
  ],
  "throuput": [
    50,
    123,
    253,
    465,
    734,
    1046,
    1427,
    1854,
    2321,
    2826,
    3369,
    3957,
    4568,
    5162,
    5804,
    6466,
    7068,
    7708,
    8375,
    9021,
    9678,
    10366,
    11006,
    11707,
    12399,
    13095,
    13792,
    14515,
    15241,
    15981,
    16709,
    17432,
    18155,
    18881,
    19598,
    20337,
    21002,
    21726,
    22414,
    23176,
    23920,
    24681,
    25381,
    26112,
    26864,
    27616,
    28370,
    29121,
    29861,
    30650,
    31407,
    32130,
    32888,
    33608,
    34345,
    35101,
    35862,
    36658,
    37423
  ],
  "runningtime": [
    118.99693659146627
  ]
}