{
  "distance": [
    959.9443898168207,
    1326.4541073000962,
    1682.0482687648978,
    1989.5645190578916,
    2259.49747137355,
    2497.3856071144914,
    2734.971759392201,
    2957.0554023093855,
    3143.233969600811,
    3320.475997360795,
    3488.887047564313,
    3613.4540720456134,
    3736.0780562481696,
    3063.4874824941085,
    3290.748230093599,
    3479.6800238197193,
    3654.530530038235,
    3806.0913056535205,
    3956.833063608531,
    4088.9404136249796,
    4216.454444712292,
    4318.35660126296,
    4432.1276223222585,
    4518.033050316622,
    4622.76498949596,
    4706.521754255236,
    4777.802839940009,
    4855.838567862801,
    4344.149783831409,
    4469.209240442099,
    4576.97551945614,
    4683.648715307203,
    4781.088640758041,
    4861.564038898227,
    4956.076967557382,
    5034.876351685316,
    5091.525433404968,
    5161.4925278592755,
    5217.482264583495,
    5269.619678823421,
    5331.4841694662355,
    5371.114322865016,
    5429.063088901834,
    5034.479610068677,
    5108.645793003269,
    5185.059620847052,
    5257.544163583786,
    5327.9303059922,
    5377.340970431205,
    5432.702107512096,
    5493.206528454821,
    5541.670066345926,
    5589.351826239879,
    5628.282205278075,
    5667.328905356986,
    5710.828872669747,
    5738.273864814837,
    5771.116029896268,
    5450.961494555996
  ],
  "speed": [
    8.598484981862157,
    8.440752207669771,
    8.334967820046693,
    8.255726735088196,
    8.185424738547747,
    8.139304966745536,
    8.117305238275318,
    8.089239978029397,
    8.079134040361362,
    8.077126880165201,
    8.051506144448286,
    8.04142704599329,
    8.033590481420612,
    8.003312789039366,
    8.02974189561461,
    7.999584456229507,
    7.959872119630228,
    7.928576643321207,
    7.898858414759902,
    7.860396257210066,
    7.82948270991213,
    7.801288966725164,
    7.770511463829527,
    7.744390758762263,
    7.7207205654442435,
    7.698260665053408,
    7.678602782712216,
    7.65596643331194,
    7.636938777323962,
    7.6252754425856555,
    7.5992812898926525,
    7.571021015389023,
    7.540878412522401,
    7.511314513730269,
    7.482681150159867,
    7.453401493465262,
    7.424084703727389,
    7.396287979579326,
    7.364625349232473,
    7.337711022541184,
    7.312029256420319,
    7.287362319928396,
    7.263434971695741,
    7.246732273138501,
    7.228872749352848,
    7.204492289000774,
    7.1797747662211515,
    7.153825053720901,
    7.1278592466855395,
    7.102722753984881,
    7.076071780229106,
    7.0517444526359245,
    7.02667825455763,
    7.002704080272321,
    6.9792368766679935,
    6.955139409927675,
    6.931803256884734,
    6.908043061611413,
    6.8921708726237885
  ],
  "throuput": [
    48,
    131,
    277,
    478,
    788,
    1123,
    1537,
    1990,
    2511,
    3065,
    3635,
    4227,
    4832,
    5501,
    6149,
    6832,
    7473,
    8110,
    8811,
    9519,
    10179,
    10898,
    11543,
    12203,
    12912,
    13650,
    14346,
    15077,
    15807,
    16550,
    17295,
    17993,
    18732,
    19493,
    20208,
    20981,
    21693,
    22425,
    23132,
    23849,
    24635,
    25398,
    26145,
    26905,
    27681,
    28442,
    29226,
    30000,
    30782,
    31588,
    32332,
    33125,
    33895,
    34599,
    35333,
    36126,
    36882,
    37653,
    38421
  ],
  "runningtime": [
    128.9247883637746
  ]
}