{
  "distance": [
    963.8068161796216,
    1334.447487506688,
    1693.6962715805234,
    2007.9112934581592,
    2286.1571114626045,
    2531.164321181213,
    2775.2860396496053,
    2999.3032955385042,
    3188.3285197675136,
    3364.3196775340552,
    3534.5920340628,
    3660.257544113713,
    3779.917507411365,
    3099.4925289526686,
    3328.7476387397605,
    3518.325024619943,
    3696.6787528152504,
    3848.956422820322,
    4000.756751900144,
    4136.392401617956,
    4267.133589234275,
    4366.554276343166,
    4482.526347667747,
    4569.251778348887,
    4673.352032807,
    4756.848406758752,
    4826.681730903141,
    4904.991454501352,
    4386.592614243073,
    4513.787765027306,
    4623.557194501685,
    4729.954587528018,
    4827.58421707515,
    4907.47972122513,
    5002.204412204273,
    5080.505060241733,
    5138.023421294564,
    5209.253338609743,
    5266.464289140163,
    5320.750509999544,
    5382.2217064145825,
    5422.496949294182,
    5480.635120156816,
    5081.665040546689,
    5154.20543242858,
    5230.427844993672,
    5302.776459410857,
    5372.53899330643,
    5420.633766408279,
    5475.2244680111025,
    5537.221020606697,
    5583.999594424387,
    5631.160501047224,
    5668.444657517673,
    5705.782931340935,
    5747.486027610533,
    5773.620877948622,
    5805.243477451417,
    5481.382747016697
  ],
  "speed": [
    8.633956909040698,
    8.493817464769899,
    8.393473206026881,
    8.3312037330796,
    8.28221704725423,
    8.252523383873365,
    8.24441934251664,
    8.21737986845519,
    8.211261220829007,
    8.204341011950715,
    8.182826796181036,
    8.175583341712429,
    8.16411545520573,
    8.137148063700732,
    8.164271542427372,
    8.131636957548492,
    8.09822152105465,
    8.06720141062335,
    8.037404779567185,
    8.002525964184871,
    7.974430960282223,
    7.94007976663361,
    7.911329407775245,
    7.886633202607516,
    7.862354569730709,
    7.83955160651053,
    7.818230351271919,
    7.796512383136138,
    7.776031233722514,
    7.76666747005446,
    7.743092151587489,
    7.713719650197938,
    7.683415519135733,
    7.652564710755912,
    7.624181730362798,
    7.594219201501368,
    7.566415513894534,
    7.540554198513236,
    7.511351795955815,
    7.488390277635885,
    7.462719603252206,
    7.439620599828379,
    7.416335441210564,
    7.400056550508826,
    7.380410011876941,
    7.3558161739690275,
    7.33074580172361,
    7.303849389503747,
    7.275912082416503,
    7.249372734677747,
    7.223652882183922,
    7.19653223710253,
    7.170287635160969,
    7.144425409444573,
    7.1190653114284235,
    7.092720611997288,
    7.067531125608422,
    7.041975576032304,
    7.023785318405426
  ],
  "throuput": [
    48,
    135,
    273,
    484,
    790,
    1137,
    1578,
    2042,
    2553,
    3129,
    3714,
    4317,
    4948,
    5582,
    6245,
    6931,
    7609,
    8237,
    8910,
    9603,
    10267,
    10975,
    11676,
    12369,
    13078,
    13800,
    14510,
    15236,
    15951,
    16703,
    17470,
    18217,
    18965,
    19696,
    20457,
    21173,
    21915,
    22655,
    23389,
    24149,
    24871,
    25642,
    26412,
    27218,
    28012,
    28753,
    29520,
    30285,
    31072,
    31794,
    32582,
    33331,
    34159,
    34901,
    35625,
    36367,
    37131,
    37901,
    38667
  ],
  "runningtime": [
    129.94866089423496
  ]
}