{
  "distance": [
    968.869031649974,
    1345.0805035784938,
    1713.4919346296615,
    2033.1556859029208,
    2315.0207392495463,
    2566.1852308158045,
    2810.519273806541,
    3036.8605568801613,
    3225.497440081875,
    3405.957113558209,
    3583.559646044654,
    3711.9676688445597,
    3833.1512400413467,
    3139.6700389122,
    3367.414630907215,
    3559.8421895783335,
    3742.5013366644735,
    3896.2057403490253,
    4047.309374799857,
    4185.798704514139,
    4318.129458873685,
    4420.091586844703,
    4536.390268807381,
    4621.929554627026,
    4724.956412714958,
    4809.863180933373,
    4880.025085359215,
    4959.125284868648,
    4435.248891160607,
    4561.237765141611,
    4668.864257251901,
    4776.514398825413,
    4877.303006713072,
    4960.546812454569,
    5055.865948534272,
    5135.229130091408,
    5191.997048298563,
    5262.234342165583,
    5320.208594452635,
    5372.6288348668395,
    5434.034843322632,
    5471.816305765667,
    5529.2285230734215,
    5124.5804972481055,
    5196.348109949921,
    5272.5035182285,
    5344.520214252466,
    5415.698934218215,
    5464.718537651321,
    5519.8345793728795,
    5582.015035931605,
    5629.436766028129,
    5676.846696424204,
    5714.107716608868,
    5751.134465576431,
    5793.062892781504,
    5818.371502150669,
    5849.816472127254,
    5522.777078164159
  ],
  "speed": [
    8.677335899320077,
    8.559844046229438,
    8.491943106399024,
    8.441967955625456,
    8.396706999707453,
    8.377950384390399,
    8.362907710966747,
    8.336965183572277,
    8.329453314591767,
    8.333317278549055,
    8.32586920738271,
    8.324702260163214,
    8.316624575804573,
    8.2862719815937,
    8.307040810202736,
    8.27851753075976,
    8.25142241850855,
    8.22021359108154,
    8.187148262459507,
    8.157544739896412,
    8.13225758247619,
    8.102741321826022,
    8.07372655494228,
    8.047739580033092,
    8.021396562721005,
    8.00056693034061,
    7.979721104106149,
    7.959009002116077,
    7.940684255111955,
    7.928396892864925,
    7.899644164386101,
    7.870876079792072,
    7.843624319506162,
    7.8164284465886755,
    7.787053058978864,
    7.757558057239272,
    7.727736844259651,
    7.699299499718424,
    7.6698315450717836,
    7.642742950129813,
    7.615771967185573,
    7.588669974776434,
    7.563764472575873,
    7.54383950098926,
    7.5214599516700895,
    7.495002858642807,
    7.467524614968867,
    7.44056936195369,
    7.412601711092083,
    7.38539929622659,
    7.359226672284677,
    7.3322197984040685,
    7.305217158694469,
    7.278479775999257,
    7.251939741451496,
    7.22532432453465,
    7.19909175271734,
    7.173309064080795,
    7.15422877837361
  ],
  "throuput": [
    47,
    135,
    284,
    511,
    800,
    1176,
    1598,
    2097,
    2611,
    3195,
    3780,
    4391,
    5044,
    5711,
    6369,
    7053,
    7715,
    8341,
    9068,
    9742,
    10443,
    11129,
    11853,
    12566,
    13243,
    13964,
    14704,
    15428,
    16168,
    16931,
    17660,
    18389,
    19091,
    19866,
    20626,
    21357,
    22106,
    22810,
    23549,
    24274,
    25040,
    25810,
    26574,
    27361,
    28126,
    28885,
    29625,
    30426,
    31192,
    31990,
    32760,
    33532,
    34302,
    35086,
    35808,
    36604,
    37372,
    38136,
    38912
  ],
  "runningtime": [
    133.54055596987408
  ]
}