{
  "distance": [
    1026.6898828630576,
    1376.2362447394826,
    1647.5127696775542,
    1885.7141564887368,
    2079.483517309402,
    2005.6474490393482,
    2233.9859438541093,
    2408.329625096929,
    2513.011701195377,
    2630.1001690560615,
    2731.72390013518,
    2792.0365692918426,
    2691.2254273444764,
    2797.3499575000537,
    2872.064110135038,
    2940.473959421438,
    3018.325266746152,
    3050.280891884823,
    3094.5155043373734,
    3015.2129853478536,
    3069.2007068046637,
    3103.462323502702,
    3153.746910106743,
    3180.4725584019275,
    3219.011273588544,
    3243.552303806454,
    3175.2763329869194,
    3213.951817298241,
    3255.103895140675,
    3270.5932373496034,
    3287.4675954143027,
    3301.974988417368,
    3217.874370367612,
    3262.043834871863,
    3291.694355227333,
    3312.875040226516,
    3335.820021851074,
    3354.4745147952026,
    3363.2401262580697,
    3298.4681234910545,
    3332.60417914929,
    3353.2053523605514,
    3373.4445788649837,
    3386.230247277469,
    3392.169145572149,
    3406.9973119810975,
    3365.4488826292986,
    3381.7225492551925,
    3396.073165142721,
    3411.984284086636,
    3429.3833447998295,
    3435.2670826523827,
    3444.130368090596,
    3399.5125142759675,
    3416.3046721079622,
    3427.822446755207,
    3439.0724485429896,
    3445.019857233065,
    3458.3528094375697
  ],
  "speed": [
    11.469925665008665,
    11.191228555897975,
    10.824059743850443,
    10.71652583181131,
    10.645561668995533,
    10.54938404250184,
    10.56536519415084,
    10.501743476714289,
    10.372096163671568,
    10.329719468341851,
    10.279508745978836,
    10.214358876484766,
    10.143685167885467,
    10.110518900722093,
    10.073307014755727,
    10.052578720732473,
    10.066103760227216,
    10.039346891679731,
    10.038126522292504,
    10.032878035974147,
    10.014811476357938,
    10.002928633334863,
    9.984515379758717,
    9.971057099295557,
    9.969199082188384,
    9.957737122468265,
    9.962962535240786,
    9.960290543466845,
    9.97438534542324,
    9.953374417774517,
    9.911741620436974,
    9.894109587165122,
    9.872165120101075,
    9.866857852428641,
    9.854211391351063,
    9.851291779654881,
    9.854849279784577,
    9.84073350243776,
    9.824032780902186,
    9.8223289704339,
    9.82754790060784,
    9.823028894662402,
    9.822304103496862,
    9.813401318964473,
    9.810107099947508,
    9.811498533898428,
    9.812788242098659,
    9.801679472675943,
    9.788808290828626,
    9.788643791687255,
    9.789601700768458,
    9.784570497335245,
    9.771496629763416,
    9.762531803621867,
    9.761336836720433,
    9.749045153366792,
    9.741048910578677,
    9.731625224895705,
    9.72194617171817
  ],
  "throuput": [
    4,
    25,
    75,
    142,
    233,
    345,
    468,
    594,
    706,
    814,
    941,
    1075,
    1212,
    1339,
    1466,
    1619,
    1769,
    1929,
    2050,
    2194,
    2334,
    2475,
    2600,
    2734,
    2874,
    3009,
    3143,
    3280,
    3435,
    3583,
    3727,
    3838,
    3983,
    4123,
    4246,
    4387,
    4556,
    4694,
    4826,
    4964,
    5106,
    5242,
    5370,
    5538,
    5654,
    5785,
    5914,
    6048,
    6210,
    6340,
    6501,
    6636,
    6775,
    6895,
    7019,
    7148,
    7300,
    7436,
    7578
  ],
  "runningtime": [
    3.026188639799754
  ]
}