{
  "distance": [
    1008.9083150745705,
    1390.0331983412375,
    1705.8628839432497,
    1962.226528855298,
    2145.632647621135,
    2054.473108393724,
    2284.129374540483,
    2469.1290238052065,
    2588.463856617955,
    2709.3108022223755,
    2813.6908143891324,
    2869.8086924776217,
    2771.719626805479,
    2875.450769317061,
    2944.503821792753,
    3010.4346969619564,
    3078.8865662910007,
    3117.1385532712698,
    3161.5982497477767,
    3075.628032004971,
    3124.2772739548686,
    3158.8388667482363,
    3207.130102115397,
    3229.6499572881107,
    3263.6556344432884,
    3286.5385877466974,
    3211.2754762234713,
    3246.3821759515863,
    3279.7628558999345,
    3299.9977071327926,
    3324.229201324756,
    3340.0194690029602,
    3257.3632285198087,
    3297.325023419135,
    3323.0707997827153,
    3339.0149838640714,
    3355.556807321813,
    3373.3569306967684,
    3382.356134618101,
    3313.10653795269,
    3342.944308938038,
    3361.517502153642,
    3378.6650644555407,
    3392.9563238674086,
    3401.7094484685226,
    3418.1729086894875,
    3376.36976265422,
    3396.3994698567444,
    3411.778853389092,
    3425.6955442373787,
    3440.3711806254587,
    3446.9656359023534,
    3457.246624511875,
    3412.0926408005803,
    3426.168792137876,
    3436.829208634195,
    3448.5706110345586,
    3455.791829156336,
    3469.8633452430226
  ],
  "speed": [
    11.27185202748271,
    11.304090653650352,
    11.232420936356926,
    11.216301827544502,
    11.149565582808203,
    11.031995911104381,
    11.050335738579102,
    11.02645885430424,
    10.95160283147601,
    10.946211712568058,
    10.945911718929798,
    10.909974490761194,
    10.905056195783661,
    10.895859569876684,
    10.87340990050529,
    10.873942714694712,
    10.880475413604007,
    10.879384678848538,
    10.88599780414029,
    10.881677903457305,
    10.860845190417441,
    10.85897935189249,
    10.840501577276179,
    10.829535107033273,
    10.829116227847388,
    10.819817165279318,
    10.811384021322565,
    10.80165015015183,
    10.788792323844797,
    10.781974140693926,
    10.762368408103493,
    10.750509055893424,
    10.739766079467941,
    10.720019553896218,
    10.696468595821814,
    10.680246232590381,
    10.663369639766504,
    10.641316026836463,
    10.61760734499118,
    10.597192460539773,
    10.581660464149227,
    10.557790443231797,
    10.537591712853157,
    10.521782994302121,
    10.511656656366808,
    10.505029498204646,
    10.498606060606026,
    10.494762007053778,
    10.483835627156363,
    10.473731373973402,
    10.462196446200673,
    10.452410272725109,
    10.437588086532605,
    10.420594177692308,
    10.402093023740317,
    10.380234888751264,
    10.368071067563939,
    10.356473347798635,
    10.345070336481562
  ],
  "throuput": [
    5,
    27,
    80,
    157,
    259,
    371,
    498,
    618,
    742,
    876,
    1012,
    1146,
    1284,
    1437,
    1561,
    1703,
    1839,
    1979,
    2124,
    2274,
    2404,
    2543,
    2670,
    2826,
    2951,
    3080,
    3225,
    3349,
    3494,
    3657,
    3777,
    3900,
    4044,
    4191,
    4324,
    4460,
    4602,
    4732,
    4864,
    5008,
    5140,
    5271,
    5408,
    5547,
    5668,
    5806,
    5960,
    6102,
    6251,
    6378,
    6520,
    6658,
    6794,
    6913,
    7042,
    7181,
    7333,
    7470,
    7615
  ],
  "runningtime": [
    1.8677015542984008
  ]
}