{
  "distance": [
    1026.095089056578,
    1409.6107741893513,
    1735.2708081259484,
    1988.292237727021,
    2182.309523961913,
    2091.7476002536414,
    2325.3086817444782,
    2510.55424397482,
    2641.293267058427,
    2753.638913584972,
    2850.292628167104,
    2907.861913458479,
    2801.932884987018,
    2902.4952034286985,
    2971.1055196764064,
    3033.9924541817604,
    3094.121846622163,
    3127.3993163237064,
    3166.33189985474,
    3082.8989049786924,
    3136.77593083066,
    3168.550818344502,
    3218.983295704244,
    3239.7234010873835,
    3275.145442493357,
    3297.202665308377,
    3222.858251640577,
    3258.8548684736443,
    3292.1421744052427,
    3311.5579054372038,
    3340.8637531226163,
    3356.9390893710215,
    3271.733643250208,
    3313.5948122774166,
    3343.2853912910405,
    3360.494424451523,
    3379.7882035884886,
    3400.501028315049,
    3411.8204225715867,
    3342.594157392708,
    3375.0160119363813,
    3395.8999775596785,
    3411.8287721059,
    3425.094607409727,
    3431.6583127548893,
    3443.058385465629,
    3399.05003300509,
    3417.4893582867558,
    3431.3749367578844,
    3444.3198012215003,
    3458.8079810530694,
    3464.1967197826507,
    3475.1959898476907,
    3432.1885548773867,
    3446.7493204608736,
    3457.3899607485178,
    3466.8367193500235,
    3472.36500232106,
    3485.394423294927
  ],
  "speed": [
    11.459170073222202,
    11.47313945902482,
    11.459432773806535,
    11.40525637009378,
    11.396132624687553,
    11.33391412724067,
    11.36977091285339,
    11.355777871849298,
    11.360048018127609,
    11.349835750526685,
    11.348314993234624,
    11.338917983732413,
    11.328997896109513,
    11.321118621202961,
    11.298825792739569,
    11.305245007621885,
    11.295119427994488,
    11.28612519367784,
    11.27176876148486,
    11.263886648265514,
    11.24501482084397,
    11.227360876679345,
    11.214252130817588,
    11.19404761027312,
    11.193572202586042,
    11.179945182484207,
    11.173565797813996,
    11.16854343219269,
    11.158146869573928,
    11.150136490013772,
    11.143269343252937,
    11.13402366524325,
    11.121854555207559,
    11.11302213747554,
    11.10238438101761,
    11.094936944403646,
    11.090112648526256,
    11.08467960005254,
    11.073057730285718,
    11.05904083919747,
    11.053640197698362,
    11.041472377503972,
    11.02577629123463,
    11.015278178507364,
    11.010959852018042,
    11.002728893780933,
    10.996775276734033,
    10.991489570166209,
    10.979228020742184,
    10.970031701236092,
    10.959222625058588,
    10.947338862281198,
    10.9364493974853,
    10.929990132354856,
    10.919846911502194,
    10.905247201305768,
    10.895802910698809,
    10.887090112175446,
    10.877139793436971
  ],
  "throuput": [
    4,
    29,
    81,
    164,
    275,
    391,
    516,
    649,
    785,
    916,
    1052,
    1178,
    1331,
    1466,
    1599,
    1743,
    1880,
    2002,
    2136,
    2277,
    2411,
    2566,
    2697,
    2833,
    2976,
    3100,
    3246,
    3388,
    3524,
    3679,
    3800,
    3939,
    4085,
    4216,
    4361,
    4499,
    4642,
    4779,
    4907,
    5045,
    5169,
    5316,
    5479,
    5613,
    5747,
    5877,
    6008,
    6159,
    6302,
    6426,
    6560,
    6706,
    6835,
    6983,
    7117,
    7257,
    7411,
    7536,
    7681
  ],
  "runningtime": [
    1.8667380253473917
  ]
}