{
  "distance": [
    1027.321535520919,
    1414.5554310441958,
    1745.7724012059741,
    2001.3298145050867,
    2194.9215780524996,
    2103.488853878691,
    2342.2073211840843,
    2530.617264536525,
    2658.459054891136,
    2771.3915605980887,
    2866.278007141566,
    2926.3197523455483,
    2824.140192451754,
    2930.003496351831,
    2999.221862667506,
    3055.243584441609,
    3115.3894357253157,
    3148.886692527399,
    3186.5582818073367,
    3102.6158535584123,
    3155.0818531378236,
    3188.836245578364,
    3237.832500317066,
    3259.3918828464753,
    3291.0895642164733,
    3313.327365985651,
    3237.1518241083586,
    3270.73066126761,
    3306.1674383072855,
    3323.8657576060587,
    3351.5411022617436,
    3367.43129243713,
    3279.0096336681636,
    3322.7635026879307,
    3352.4716495815155,
    3367.8821609395227,
    3385.189846995685,
    3405.284215019488,
    3416.4452700585953,
    3347.9505910519424,
    3379.0478730612067,
    3399.5534735420283,
    3416.699267276235,
    3430.264844052187,
    3434.0887147165954,
    3446.126158638996,
    3402.377959329734,
    3419.7269710940777,
    3435.610002954245,
    3447.8943956015996,
    3460.4184464299287,
    3466.3412827275592,
    3477.564051662912,
    3435.2917221606544,
    3450.4341490897464,
    3463.0815075269174,
    3473.451001045297,
    3478.510757545875,
    3490.5256985480382
  ],
  "speed": [
    11.47786463425381,
    11.525836462782888,
    11.539179986368033,
    11.502566619719397,
    11.476221739831729,
    11.391191575237205,
    11.44080009243542,
    11.445859689008154,
    11.449698719942468,
    11.444567180971067,
    11.440123363199548,
    11.434272222614423,
    11.435735650808345,
    11.4347403476024,
    11.425818035466296,
    11.414177284018775,
    11.409470630619554,
    11.406200257314051,
    11.398887072501907,
    11.399650319968865,
    11.379827283617166,
    11.377572540473196,
    11.370484157580659,
    11.359028085865537,
    11.349155863949305,
    11.343247899809057,
    11.335155286149307,
    11.322670790941409,
    11.31984029058934,
    11.30258476992041,
    11.289743013143173,
    11.285106230513883,
    11.263617837039408,
    11.257455483531269,
    11.241824753924497,
    11.226111111001414,
    11.212065770623376,
    11.19987784828477,
    11.186588777517883,
    11.173513682091222,
    11.165704803783129,
    11.153721214622538,
    11.142613671472615,
    11.13204483768462,
    11.117676349590132,
    11.108003987267319,
    11.101070996628678,
    11.091554007236311,
    11.081561531206178,
    11.069665152922754,
    11.05368268410238,
    11.042711954156191,
    11.030210376693768,
    11.022896874716952,
    11.012560017631426,
    11.00420205326999,
    10.994470244900123,
    10.983399865647906,
    10.970564219792642
  ],
  "throuput": [
    5,
    30,
    80,
    166,
    273,
    382,
    518,
    657,
    789,
    926,
    1055,
    1182,
    1315,
    1467,
    1613,
    1748,
    1878,
    2022,
    2147,
    2288,
    2426,
    2580,
    2720,
    2847,
    2987,
    3123,
    3264,
    3387,
    3543,
    3676,
    3817,
    3955,
    4086,
    4221,
    4361,
    4506,
    4640,
    4784,
    4906,
    5054,
    5192,
    5335,
    5482,
    5618,
    5744,
    5868,
    6012,
    6146,
    6301,
    6439,
    6580,
    6706,
    6839,
    6968,
    7120,
    7264,
    7406,
    7550,
    7683
  ],
  "runningtime": [
    1.8606672207514445
  ]
}