{
  "distance": [
    1132.6082661313017,
    1632.6710923004678,
    2079.810874728193,
    2511.7180155596207,
    2894.5657313279607,
    3209.3518738858816,
    3541.452924726505,
    3878.248791092524,
    4166.563892403692,
    4396.194266183215,
    4607.696213142189,
    4820.108432562904,
    4975.735958372412,
    5184.123410469465,
    5282.386971329538,
    5435.05141278681,
    5590.3506685784405,
    5665.388804758471,
    5777.065210874299,
    5846.753166661929,
    5959.141363211335,
    6014.597414998204,
    6092.392360115986,
    6129.881931007465,
    6209.8049447802605,
    6236.78155557539,
    6271.940855242426,
    6349.225404131709,
    6412.778853604676,
    6356.568419657619,
    6390.7478707758155,
    6415.928911156248,
    6441.125240092289,
    6464.1100860431125,
    6450.170018642375,
    6481.141167882838,
    6486.038226347464,
    6532.523115817251,
    5490.1002390766025,
    5592.436283990725,
    5681.937360786941,
    5798.366089913222,
    5897.447854527134,
    6002.689662159381,
    6062.72213924014,
    6146.803874605635,
    6236.379486636381,
    6294.4989256170375,
    6370.145468925445,
    6419.966359496987,
    6497.742500143328,
    6550.893505183623,
    6613.197642461843,
    6657.107154647374,
    6664.087408520105,
    6734.461803043141,
    6785.646544543104,
    6807.564950827654,
    6855.933342248286
  ],
  "speed": [
    9.60257590953145,
    9.407995417541924,
    9.336641396796267,
    9.294692331872325,
    9.238303563006944,
    9.170072739467765,
    9.127226959777495,
    9.102477588310858,
    9.074382936173443,
    9.050257126259718,
    9.015319795062394,
    8.994411076874812,
    8.981607441625643,
    8.961291141549564,
    8.930735073337546,
    8.919889204720233,
    8.899474101623753,
    8.89585500971496,
    8.888707906136847,
    8.874019574469937,
    8.858416563559345,
    8.846911146783734,
    8.843472012567757,
    8.838560012307372,
    8.827675456204739,
    8.820997326405806,
    8.827621561689934,
    8.832148737118969,
    8.833826547766437,
    8.831811001925619,
    8.833716442476709,
    8.833074464927776,
    8.838322903623457,
    8.838477572616142,
    8.837781109152871,
    8.839022331886287,
    8.838585791473664,
    8.838822830074433,
    8.858586019327507,
    8.865560608697697,
    8.864580083119954,
    8.865378700802099,
    8.860457064147457,
    8.85639069815679,
    8.8518310166909,
    8.844539787756164,
    8.828741300293181,
    8.813424458563034,
    8.803586282435418,
    8.791267687325263,
    8.781779769071104,
    8.771524111350566,
    8.762422188829342,
    8.754527895996816,
    8.744425800331172,
    8.735103250097296,
    8.725725275585056,
    8.716464851935909,
    8.704902920944987
  ],
  "throuput": [
    16,
    56,
    93,
    171,
    272,
    348,
    450,
    569,
    697,
    847,
    1011,
    1185,
    1337,
    1497,
    1645,
    1829,
    2010,
    2179,
    2358,
    2543,
    2722,
    2913,
    3073,
    3258,
    3461,
    3623,
    3812,
    3973,
    4151,
    4320,
    4512,
    4676,
    4832,
    4999,
    5149,
    5313,
    5483,
    5659,
    5838,
    5989,
    6146,
    6315,
    6476,
    6644,
    6780,
    6956,
    7106,
    7276,
    7440,
    7623,
    7796,
    7978,
    8149,
    8325,
    8529,
    8717,
    8893,
    9102,
    9311
  ],
  "runningtime": [
    13.28726288874944
  ]
}