{
  "distance": [
    1136.2685362298198,
    1641.072946010425,
    2094.532933253118,
    2531.642519259649,
    2916.071744988351,
    3235.3753083103584,
    3572.0929391653312,
    3917.3727893500986,
    4213.400853998397,
    4446.984837087338,
    4666.266349150836,
    4884.154179994992,
    5041.654841964628,
    5260.478780957977,
    5367.333643078441,
    5524.067641573436,
    5681.556850967115,
    5753.372120275893,
    5866.698141860773,
    5942.398684553834,
    6056.960879364502,
    6113.152670261608,
    6191.2525181866295,
    6229.135381925904,
    6310.225316157865,
    6335.317563398646,
    6362.36867630627,
    6436.795586345316,
    6495.217661148953,
    6432.3909986448425,
    6460.851861644777,
    6484.487477883921,
    6504.129067122671,
    6523.614435905247,
    6507.913528737368,
    6533.6391797229635,
    6533.191567822684,
    6575.065494949609,
    5521.712115412236,
    5618.869886225938,
    5702.853317850536,
    5813.884750580142,
    5908.84066823861,
    6012.023493244821,
    6068.205644462396,
    6148.321085915312,
    6237.769492890647,
    6293.760871072128,
    6365.91138842241,
    6415.568091380538,
    6490.042094440631,
    6539.380700929182,
    6597.132407252832,
    6639.313666981257,
    6644.612682775296,
    6712.150687226739,
    6761.032554560471,
    6781.069922757656,
    6829.881166577418
  ],
  "speed": [
    9.633608723366072,
    9.458793351576768,
    9.409506277064414,
    9.378522685939357,
    9.321951198370103,
    9.258606467416586,
    9.220008170015545,
    9.20762060143689,
    9.188569513253771,
    9.172418460847526,
    9.150602445132767,
    9.13557127040196,
    9.124554312893705,
    9.12254735354146,
    9.109587201007134,
    9.105379841570866,
    9.088142499685135,
    9.079360931151923,
    9.074660712623574,
    9.068654250798437,
    9.056235362620944,
    9.048624856656021,
    9.047502721103857,
    9.045287497468028,
    9.036864533272906,
    9.031387002890517,
    9.030206594422063,
    9.032706713403748,
    9.029583641635446,
    9.024752106709366,
    9.022694981618292,
    9.021537908237047,
    9.021294403566925,
    9.01832130688437,
    9.01747946948915,
    9.013921375925202,
    9.009253323066309,
    9.005276630922268,
    9.018678361622436,
    9.014964716933374,
    9.003752016243531,
    8.993938988982888,
    8.979648151391755,
    8.968130568077038,
    8.954033980886585,
    8.937806814967349,
    8.918702237780861,
    8.896976683934279,
    8.878575028930637,
    8.86250851017864,
    8.845931434145678,
    8.827980821169188,
    8.810178803023149,
    8.797663986699668,
    8.782783516563232,
    8.766776451652518,
    8.752058701047627,
    8.738401632064226,
    8.725290145423978
  ],
  "throuput": [
    16,
    58,
    100,
    186,
    272,
    353,
    454,
    569,
    711,
    872,
    1030,
    1192,
    1369,
    1532,
    1691,
    1857,
    2040,
    2196,
    2390,
    2571,
    2766,
    2941,
    3109,
    3295,
    3497,
    3675,
    3850,
    4030,
    4204,
    4384,
    4547,
    4720,
    4876,
    5041,
    5195,
    5357,
    5539,
    5702,
    5862,
    6018,
    6175,
    6329,
    6470,
    6632,
    6775,
    6952,
    7096,
    7255,
    7424,
    7595,
    7783,
    7964,
    8135,
    8304,
    8505,
    8678,
    8887,
    9077,
    9283
  ],
  "runningtime": [
    5.960843904813131
  ]
}