{
  "distance": [
    1162.0282901840787,
    1689.2655520796466,
    2155.7309954123207,
    2605.66175672307,
    2998.7925592228107,
    3342.0298201610794,
    3691.1206243692477,
    4045.890612746908,
    4347.792917972676,
    4581.132085426959,
    4809.777417847817,
    5023.115940688652,
    5174.699340327869,
    5388.818514205268,
    5488.961650748706,
    5634.901734662912,
    5789.678778610363,
    5856.268283110475,
    5966.817518832254,
    6033.556026102129,
    6147.832025079049,
    6199.25258291543,
    6273.149460282529,
    6300.060955084237,
    6374.69508968292,
    6396.742734803886,
    6421.803121619032,
    6493.054664362285,
    6549.918250830994,
    6490.140945212564,
    6518.3658748239795,
    6539.06808173596,
    6556.316073973777,
    6576.555274724745,
    6558.201873099433,
    6581.429380422566,
    6580.241861389725,
    6620.772035009011,
    5555.9422077156205,
    5656.615473574899,
    5744.349816993363,
    5857.6542205623555,
    5954.028627784324,
    6056.286227000833,
    6111.860884991077,
    6195.520643716171,
    6288.053116277361,
    6346.636124177472,
    6419.094415021394,
    6468.57531155851,
    6544.417145444178,
    6594.670669865199,
    6652.831887603921,
    6693.54328498158,
    6696.879848518797,
    6762.425215827034,
    6807.904543913385,
    6825.404601802649,
    6873.337995008227
  ],
  "speed": [
    9.850804124882586,
    9.736652875338098,
    9.685390755708966,
    9.65643795300378,
    9.591471066859292,
    9.57416332861189,
    9.542743568146665,
    9.530316110434898,
    9.514810762862744,
    9.494795998018317,
    9.485573679483151,
    9.460293770142833,
    9.439532258810642,
    9.423662248589629,
    9.39984193576175,
    9.381461015216038,
    9.362253334417108,
    9.349016226030633,
    9.343877037894037,
    9.330641430729091,
    9.321089189415309,
    9.309630237791113,
    9.305547178770336,
    9.293824440118218,
    9.282262541060025,
    9.275374977619743,
    9.275241211149291,
    9.276221414726859,
    9.273230570886888,
    9.275384209150207,
    9.274777791665713,
    9.27173334378162,
    9.269199648993713,
    9.268767889991594,
    9.265009112818735,
    9.260298760418696,
    9.25681981533728,
    9.252556291693606,
    9.25997767593331,
    9.260613162485578,
    9.254463641869073,
    9.246775244092614,
    9.23332001083056,
    9.218661012276785,
    9.202712868149247,
    9.189269598505593,
    9.17158472285517,
    9.152453444217528,
    9.133272111075629,
    9.116212414041389,
    9.100042345780484,
    9.081515129045428,
    9.062950009851454,
    9.048787389263921,
    9.032406799850488,
    9.014220241756762,
    8.995325315555824,
    8.97810114656199,
    8.963757739114012
  ],
  "throuput": [
    15,
    55,
    103,
    188,
    275,
    365,
    466,
    602,
    762,
    917,
    1081,
    1245,
    1405,
    1566,
    1747,
    1932,
    2092,
    2269,
    2463,
    2641,
    2823,
    3012,
    3183,
    3388,
    3569,
    3742,
    3917,
    4087,
    4255,
    4436,
    4605,
    4767,
    4931,
    5080,
    5256,
    5419,
    5595,
    5766,
    5925,
    6089,
    6239,
    6390,
    6544,
    6689,
    6843,
    6986,
    7157,
    7326,
    7489,
    7660,
    7838,
    8004,
    8194,
    8383,
    8579,
    8756,
    8947,
    9140,
    9345
  ],
  "runningtime": [
    8.65120735168457
  ]
}