{
  "distance": [
    1078.7810457706644,
    1482.7572881900724,
    1871.3939725498046,
    2198.239088309577,
    2501.3333420649997,
    2747.7509774924247,
    3005.6342156906826,
    3202.324266886193,
    3389.737898757308,
    3559.7794610587707,
    3703.316362773738,
    3824.5523216132483,
    3445.5788862782792,
    3642.2717824310394,
    3818.6744183523456,
    3975.4373146268913,
    4093.1942355435604,
    4210.6789424695435,
    4328.294310873523,
    4417.9764525878245,
    4518.680329921335,
    4577.2022365170515,
    4658.670434205763,
    4708.441779322819,
    4768.2870551409405,
    4454.367695942985,
    4556.749782065311,
    4631.470481139562,
    4712.764585781412,
    4782.999396407252,
    4842.479938381386,
    4905.596844671722,
    4950.762891401076,
    5000.455964872097,
    5039.511402369643,
    5071.9409251046245,
    5100.327579773894,
    5133.878311268594,
    4887.4151667403,
    4942.5903277011885,
    5004.020107481609,
    5049.142198192815,
    5110.231379023533,
    5131.676296882295,
    5168.797138314227,
    5202.6712355325135,
    5235.437510240755,
    5258.138055096307,
    5284.425252855805,
    5306.268015890598,
    5323.140504257543,
    5107.677314884478,
    5155.03787234813,
    5202.562722448356,
    5230.652161569548,
    5258.952431840127,
    5287.563051726014,
    5312.7251826864895,
    5343.446475665803
  ],
  "speed": [
    10.322214192575112,
    10.263552924656514,
    10.210692083574191,
    10.148538204158372,
    10.120630318758154,
    10.071651871516785,
    10.021575922383295,
    9.979007828990765,
    9.938751303103839,
    9.892526841615368,
    9.840353246785975,
    9.789814680902692,
    9.742306145802267,
    9.704093311926336,
    9.648716435437562,
    9.593572939576449,
    9.535030213163664,
    9.478770336283413,
    9.42104104010571,
    9.36116692703766,
    9.295525700994613,
    9.236889515101762,
    9.17969128908173,
    9.121184160013575,
    9.063196880242685,
    9.012323934677553,
    8.961575006916776,
    8.907949975182554,
    8.85414114984039,
    8.794846680850242,
    8.739221960857815,
    8.680503943815866,
    8.62388201380261,
    8.568465982843993,
    8.513330789907192,
    8.458997478221015,
    8.404091461687683,
    8.350796672908924,
    8.295300934709807,
    8.256164312801456,
    8.208715482652707,
    8.157209233966055,
    8.107467711592623,
    8.057303539175793,
    8.009256243684854,
    7.9605589487492265,
    7.911062382773217,
    7.861797813831827,
    7.813293302759833,
    7.762699557813742,
    7.712716928341875,
    7.661266909653601,
    7.624222762646642,
    7.5833075638813,
    7.540968850624482,
    7.49801448825411,
    7.454409819645976,
    7.410229774182529,
    7.365618306064676
  ],
  "throuput": [
    22,
    60,
    162,
    315,
    527,
    776,
    1096,
    1448,
    1839,
    2261,
    2660,
    3129,
    3603,
    4077,
    4545,
    5004,
    5510,
    5977,
    6492,
    6984,
    7470,
    7961,
    8437,
    8938,
    9449,
    9978,
    10487,
    11031,
    11537,
    12041,
    12548,
    13054,
    13545,
    14058,
    14571,
    15072,
    15577,
    16116,
    16608,
    17139,
    17644,
    18182,
    18694,
    19241,
    19732,
    20240,
    20746,
    21259,
    21770,
    22276,
    22791,
    23291,
    23796,
    24301,
    24822,
    25331,
    25823,
    26333,
    26835
  ],
  "runningtime": [
    26.409799373149873
  ]
}