{
  "distance": [
    1045.2127623735532,
    1427.0301076081712,
    1798.698568516359,
    2114.2550041684312,
    2406.5307209993935,
    2642.490061194466,
    2891.5592119910043,
    3076.3824493550987,
    3253.3822863954633,
    3421.809993180545,
    3564.7942876546217,
    3685.0655480831756,
    3332.2712889063487,
    3516.313934642488,
    3687.4802769207554,
    3838.938542448135,
    3953.936492127652,
    4068.239376262567,
    4185.11768146907,
    4275.685697667893,
    4384.314826497301,
    4449.345536575049,
    4533.546105042084,
    4590.092992337613,
    4655.439317383683,
    4354.630791548328,
    4459.93679423142,
    4535.9861847052,
    4614.173156206331,
    4684.813270826967,
    4743.237116062902,
    4806.637320473981,
    4850.709600967698,
    4899.462683420595,
    4938.3514881574665,
    4972.560133195219,
    5004.993063177363,
    5040.88676768331,
    4801.057193212933,
    4856.254897004679,
    4917.195237075964,
    4964.098352716643,
    5024.321655975793,
    5046.974541686177,
    5085.129785754376,
    5118.921263478579,
    5152.959646683419,
    5177.486778702189,
    5206.207371568441,
    5231.42734083331,
    5250.012057622275,
    5041.389535350593,
    5089.322642549794,
    5135.6096303394825,
    5164.143257611508,
    5193.121358633899,
    5222.56418966099,
    5247.03854658764,
    5279.936239302061
  ],
  "speed": [
    9.996986572335993,
    9.871615349265557,
    9.802808818520477,
    9.747504236984042,
    9.712303604302196,
    9.645384327914732,
    9.583740703742766,
    9.506611396407434,
    9.43147479371564,
    9.3747311299163,
    9.318442154467236,
    9.265701163832777,
    9.238059792652312,
    9.168995300087776,
    9.102478380747916,
    9.034723216584583,
    8.9664291093807,
    8.900404037967041,
    8.838891773914364,
    8.77563711123488,
    8.720784594744087,
    8.668787804357244,
    8.614765027351762,
    8.565703731754173,
    8.518007949001307,
    8.477384161993397,
    8.437569674053416,
    8.390378576925405,
    8.334941968391707,
    8.280047358495358,
    8.22599910245248,
    8.171697770798149,
    8.115732229954151,
    8.060528671730651,
    8.006802283444308,
    7.9560857748486775,
    7.907730638226476,
    7.859515008352417,
    7.808694584074687,
    7.77275300729367,
    7.728341510268688,
    7.682683217584219,
    7.635646427378713,
    7.590070002401104,
    7.546339943097463,
    7.500646951638667,
    7.4550808104219755,
    7.410291123646358,
    7.36705013468331,
    7.323210520158484,
    7.278001901096301,
    7.233833455223423,
    7.201370360119056,
    7.1625634085509615,
    7.124008225200167,
    7.085572801559219,
    7.047046601571791,
    7.005427560676532,
    6.967550408360228
  ],
  "throuput": [
    19,
    57,
    152,
    297,
    479,
    714,
    999,
    1328,
    1650,
    2073,
    2499,
    2926,
    3351,
    3794,
    4247,
    4697,
    5144,
    5649,
    6112,
    6559,
    7044,
    7544,
    8051,
    8542,
    9093,
    9612,
    10145,
    10667,
    11165,
    11667,
    12169,
    12663,
    13129,
    13643,
    14135,
    14603,
    15116,
    15669,
    16168,
    16708,
    17198,
    17760,
    18256,
    18764,
    19293,
    19773,
    20252,
    20749,
    21280,
    21778,
    22301,
    22830,
    23353,
    23871,
    24392,
    24895,
    25394,
    25919,
    26444
  ],
  "runningtime": [
    16.25773615837097
  ]
}