{
  "distance": [
    1053.3187500263045,
    1442.0069866891793,
    1816.5371713204877,
    2134.483005622374,
    2432.5533843934604,
    2669.489267401366,
    2922.4367423050903,
    3113.105952115683,
    3293.457344518615,
    3460.8863543917123,
    3602.553608968073,
    3722.9336934182497,
    3360.3253667750996,
    3545.8247767200123,
    3716.0599819533236,
    3872.047172128408,
    3989.503221622594,
    4104.118372079198,
    4221.618811148992,
    4314.695592318683,
    4420.551756824989,
    4483.318159691963,
    4568.465717434961,
    4623.878627749675,
    4686.383775523957,
    4380.923229847601,
    4486.8819505085075,
    4564.086794943238,
    4643.5075253165205,
    4714.270222543525,
    4771.032922876951,
    4836.7175263165755,
    4881.565550433074,
    4932.180545011211,
    4971.57307662468,
    5005.012144095483,
    5035.220922060105,
    5070.183056156111,
    4828.511283823726,
    4883.282905607402,
    4943.419611256429,
    4989.183034125383,
    5048.475676927515,
    5070.516599507589,
    5106.479655224859,
    5136.956408360109,
    5170.286302838112,
    5194.446219235662,
    5221.340194591408,
    5245.9774733315535,
    5264.453713401038,
    5054.212696617321,
    5101.264055789284,
    5148.160179499477,
    5176.4384768762775,
    5205.1741365975095,
    5234.863688017053,
    5258.7416203375315,
    5289.586084463704
  ],
  "speed": [
    10.074874168767801,
    9.974182967379477,
    9.900152708411298,
    9.840597365067639,
    9.821180607626221,
    9.756807334967501,
    9.700726258295479,
    9.63842699319395,
    9.573691889195588,
    9.516493845073336,
    9.457861243061156,
    9.406364846744193,
    9.365880522616765,
    9.301076415340697,
    9.234619930579807,
    9.178782906058006,
    9.117448302597985,
    9.051789761635566,
    8.991322806551908,
    8.93540112684054,
    8.878846257425833,
    8.826299530636406,
    8.777442287328148,
    8.729991071855244,
    8.678803898505898,
    8.634403105909012,
    8.595705640821345,
    8.550045102934181,
    8.495702185276159,
    8.441309838741345,
    8.385094718336761,
    8.333576385453089,
    8.278151892068937,
    8.226436953139626,
    8.173277081868806,
    8.121996443139434,
    8.071514145160416,
    8.02248879589603,
    7.971035765991918,
    7.933999365668997,
    7.88802657028531,
    7.840460361168944,
    7.791334897804693,
    7.7439191385636805,
    7.695876470688449,
    7.644448105750944,
    7.597370247121625,
    7.551076040012373,
    7.504340065304873,
    7.45848844277293,
    7.4118092234361574,
    7.364990708667951,
    7.329454274542513,
    7.289605470972803,
    7.249261005712071,
    7.209247927857312,
    7.169364277531477,
    7.125533589007011,
    7.083500702769201
  ],
  "throuput": [
    17,
    56,
    149,
    299,
    497,
    738,
    1013,
    1354,
    1712,
    2137,
    2556,
    2984,
    3416,
    3885,
    4339,
    4784,
    5266,
    5722,
    6227,
    6695,
    7207,
    7692,
    8216,
    8697,
    9215,
    9752,
    10270,
    10781,
    11288,
    11829,
    12326,
    12785,
    13288,
    13801,
    14303,
    14802,
    15331,
    15842,
    16356,
    16881,
    17401,
    17930,
    18436,
    18918,
    19446,
    19950,
    20420,
    20897,
    21424,
    21903,
    22447,
    22945,
    23465,
    23976,
    24521,
    25037,
    25515,
    26033,
    26542
  ],
  "runningtime": [
    17.233385507265726
  ]
}