{
  "distance": [
    1059.9309766572997,
    1450.3944638714263,
    1831.9494388662183,
    2151.034573949998,
    2453.0426833726046,
    2693.8012550303292,
    2951.975968779713,
    3144.517781136857,
    3327.9381353693057,
    3493.387696715649,
    3636.249408162681,
    3758.178384182759,
    3392.4978396469583,
    3579.0346186357915,
    3748.3227427419924,
    3904.6849703748358,
    4023.66213828406,
    4139.608959940111,
    4257.102097199474,
    4350.093039835717,
    4454.5613425073225,
    4516.737571235802,
    4601.964568711556,
    4655.914724190273,
    4718.531237551386,
    4410.702277223391,
    4514.699835152474,
    4590.847168095373,
    4672.068737937331,
    4745.87597463863,
    4804.760886565689,
    4869.987937103377,
    4912.42569337145,
    4962.459143836199,
    5001.110885246792,
    5033.412303857611,
    5062.5551480387,
    5095.345593823811,
    4851.937545965633,
    4907.037983849955,
    4967.943497634606,
    5014.177384488625,
    5074.378166690738,
    5095.515205013798,
    5131.273773459089,
    5163.762060050707,
    5195.791823797158,
    5219.541719154535,
    5247.282739767053,
    5271.690272278088,
    5289.925886204459,
    5077.093908633322,
    5124.327811357589,
    5170.010582325374,
    5198.14226693795,
    5225.933042455856,
    5253.5396287658505,
    5277.249096085906,
    5309.329682823345
  ],
  "speed": [
    10.139656727534897,
    10.033621412031872,
    9.989173827073287,
    9.926159742677447,
    9.91600335746293,
    9.856676809813354,
    9.81072610282353,
    9.752387645716487,
    9.701875200549264,
    9.640974990842139,
    9.583475798898055,
    9.534434809663157,
    9.49899872899498,
    9.436963304222665,
    9.367207436031649,
    9.312251032374839,
    9.25509542088188,
    9.194671810076754,
    9.135438815383521,
    9.079379591370753,
    9.020079235879512,
    8.966970164321172,
    8.916749636241505,
    8.865337291793633,
    8.813090870050068,
    8.76814207423954,
    8.724495417767114,
    8.676680119893343,
    8.625479261984736,
    8.574988407776525,
    8.521157662753353,
    8.468440547626283,
    8.409247818796423,
    8.356030925606465,
    8.301815520677922,
    8.249647125345257,
    8.198135627587032,
    8.145468972734383,
    8.093893822329768,
    8.057162501365193,
    8.011297339036272,
    7.963636912997753,
    7.914316071884301,
    7.864794362941793,
    7.8153121691542,
    7.765545830283786,
    7.715586678727274,
    7.668416925184523,
    7.622069955453463,
    7.574914515183471,
    7.527668992457681,
    7.4786311790787146,
    7.4428602155877375,
    7.400765778947186,
    7.359228819425688,
    7.316521911568881,
    7.272659566339206,
    7.227400104883707,
    7.185469459583758
  ],
  "throuput": [
    17,
    59,
    160,
    307,
    503,
    740,
    1028,
    1377,
    1783,
    2169,
    2586,
    3033,
    3504,
    3946,
    4410,
    4857,
    5353,
    5815,
    6307,
    6799,
    7283,
    7781,
    8288,
    8769,
    9302,
    9824,
    10360,
    10880,
    11382,
    11898,
    12407,
    12908,
    13409,
    13906,
    14426,
    14955,
    15446,
    15972,
    16486,
    16985,
    17507,
    18024,
    18521,
    19016,
    19522,
    20037,
    20542,
    21029,
    21499,
    22036,
    22594,
    23089,
    23594,
    24098,
    24610,
    25121,
    25611,
    26106,
    26618
  ],
  "runningtime": [
    18.33564557234446
  ]
}