{
  "distance": [
    1069.3139605114507,
    1468.5450568004464,
    1853.160795082931,
    2181.602744155685,
    2482.4896788524725,
    2727.31781677456,
    2983.110696463205,
    3173.3394367673286,
    3358.1101906991325,
    3522.379271856655,
    3664.6547881013835,
    3784.6760725814793,
    3412.307843422199,
    3604.1166271876036,
    3778.7787013602683,
    3936.7908332446764,
    4057.3869731670943,
    4176.428550895074,
    4296.459787911694,
    4387.288836800981,
    4491.934849943453,
    4553.726216075474,
    4636.262761416379,
    4686.405002009107,
    4746.952088618451,
    4434.668112865833,
    4537.4081910057575,
    4610.230185034854,
    4688.731677075131,
    4761.115843064733,
    4820.029634841569,
    4885.30765763731,
    4929.186822671044,
    4978.55594760493,
    5018.3794406612815,
    5051.204497159874,
    5080.073106817259,
    5112.667286277568,
    4866.930136322368,
    4921.986828911159,
    4982.5420682379,
    5028.367607779987,
    5087.918455048616,
    5109.186301343071,
    5144.388025198974,
    5176.772960293903,
    5208.443162865072,
    5231.857072884205,
    5258.630866114596,
    5282.05755520954,
    5299.39988472095,
    5086.25812449568,
    5133.477259376736,
    5180.280730121296,
    5208.772155508229,
    5237.0765252667925,
    5265.64389450103,
    5291.612363519591,
    5323.44084907178
  ],
  "speed": [
    10.228592467936648,
    10.160971361676777,
    10.1092287750204,
    10.070069592037443,
    10.041572110679583,
    9.994051879647847,
    9.940742552200959,
    9.882417599319925,
    9.833688697887077,
    9.766697421774108,
    9.710792083298914,
    9.658093505986992,
    9.61414929362355,
    9.56150762209715,
    9.500921803271266,
    9.447689466413667,
    9.395419583589158,
    9.342906040718235,
    9.290665269285068,
    9.232728907819554,
    9.17374025901564,
    9.120932920408492,
    9.067673238802259,
    9.01149103699202,
    8.958361280752975,
    8.910019953002388,
    8.863919820901721,
    8.809222111845342,
    8.75169162113271,
    8.698203685422564,
    8.643120449621257,
    8.588930886263766,
    8.530488051265351,
    8.475463513760298,
    8.42175443222181,
    8.36929013685245,
    8.316496264472338,
    8.262344609745838,
    8.206789670069895,
    8.1688514202156,
    8.121969770721842,
    8.072996315689844,
    8.022403876826637,
    7.972459881394547,
    7.921969064898544,
    7.870925281739421,
    7.818835660421373,
    7.769588400068212,
    7.720528680581606,
    7.671225572090757,
    7.621672518857194,
    7.571311680958042,
    7.533775403973875,
    7.491676992302399,
    7.449831074281627,
    7.407384383983149,
    7.364338517171804,
    7.321489349258908,
    7.278660341005584
  ],
  "throuput": [
    18,
    60,
    162,
    311,
    516,
    772,
    1080,
    1440,
    1803,
    2230,
    2633,
    3081,
    3538,
    3991,
    4453,
    4923,
    5433,
    5915,
    6418,
    6900,
    7379,
    7901,
    8424,
    8916,
    9449,
    9960,
    10470,
    10992,
    11481,
    12012,
    12478,
    12991,
    13495,
    14000,
    14510,
    15057,
    15522,
    16044,
    16558,
    17091,
    17631,
    18167,
    18653,
    19145,
    19644,
    20105,
    20611,
    21091,
    21583,
    22125,
    22644,
    23146,
    23661,
    24175,
    24717,
    25239,
    25716,
    26231,
    26725
  ],
  "runningtime": [
    19.505093816916148
  ]
}