{
  "distance": [
    963.0781305039698,
    1321.950706292255,
    1622.5068327904053,
    1869.3727202389653,
    2102.712609418524,
    2115.0478839509583,
    2335.687196844948,
    2552.3202631536737,
    2699.9460765131334,
    2807.187262027821,
    2950.189229380575,
    2883.1968660064354,
    3008.9776334373323,
    3098.573679752117,
    3172.2101090668048,
    3249.5645126211907,
    3310.7218324701194,
    3217.5015032556075,
    3306.6141107639446,
    3377.4020215773103,
    3425.00971692627,
    3461.067564596273,
    3510.409666247786,
    3543.8105423050806,
    3481.453693925398,
    3517.9588564851347,
    3563.448799278422,
    3588.1564004929814,
    3612.298575198879,
    3642.1098669158437,
    3579.8738915983013,
    3611.2012533840175,
    3644.6740762847944,
    3684.0861994769743,
    3698.645068578702,
    3714.28608005485,
    3652.468516350642,
    3693.342808447416,
    3710.4423299123623,
    3728.5958125385614,
    3752.775588617758,
    3764.2292577311446,
    3784.0227518771053,
    3741.86546813832,
    3750.240142435605,
    3772.924346025199,
    3793.0224818299944,
    3807.563896123344,
    3815.826260086707,
    3778.3138852202014,
    3796.742438097668,
    3809.62040696318,
    3819.3622913182344,
    3831.3029653168414,
    3844.2984309005415,
    3799.4420247248963,
    3814.7880068876793,
    3829.4595117699414,
    3842.2419727149468
  ],
  "speed": [
    10.712264142394174,
    10.71477162533057,
    10.721605961861123,
    10.64023193289921,
    10.633105251504658,
    10.616171788652828,
    10.594674745091334,
    10.602129707468746,
    10.578737594467885,
    10.570556515161643,
    10.56727931894944,
    10.578127350086396,
    10.588956432972207,
    10.595874026255816,
    10.579297233964704,
    10.574387072184408,
    10.568386080476674,
    10.558416659119255,
    10.564451658595338,
    10.568427911965657,
    10.563334222585912,
    10.563022515093776,
    10.562778834802783,
    10.558439960131125,
    10.556258964492304,
    10.547346433681732,
    10.549467650721487,
    10.545408801654268,
    10.540252242576342,
    10.536821870268305,
    10.529889189559583,
    10.524682355716822,
    10.528243130793545,
    10.525111054218188,
    10.517805847109425,
    10.519856542989316,
    10.519437201987516,
    10.514486519743503,
    10.512672451739773,
    10.512179110559044,
    10.508994560158834,
    10.501921948980621,
    10.499635345922117,
    10.497277694820331,
    10.496365097387683,
    10.488725378438884,
    10.484079636638786,
    10.476868544138643,
    10.476499613424675,
    10.475368840518906,
    10.47372549054288,
    10.467996026178248,
    10.461526997615556,
    10.455587574477741,
    10.449581738791727,
    10.443065389906659,
    10.440661515460024,
    10.438043130524003,
    10.432682424187737
  ],
  "throuput": [
    7,
    31,
    78,
    138,
    223,
    315,
    437,
    568,
    698,
    847,
    995,
    1138,
    1302,
    1448,
    1585,
    1737,
    1885,
    2031,
    2181,
    2337,
    2489,
    2643,
    2792,
    2949,
    3103,
    3257,
    3406,
    3559,
    3700,
    3840,
    4006,
    4143,
    4296,
    4444,
    4585,
    4752,
    4911,
    5058,
    5210,
    5363,
    5504,
    5651,
    5811,
    5963,
    6114,
    6266,
    6406,
    6564,
    6700,
    6860,
    7020,
    7167,
    7314,
    7459,
    7615,
    7756,
    7915,
    8071,
    8211
  ],
  "runningtime": [
    2.58764671087265
  ]
}