{
  "distance": [
    1085.654683035875,
    1583.5049225711002,
    2032.3797709239386,
    2455.217578405865,
    2783.148430063022,
    3084.1676825917866,
    3321.9633634181027,
    3594.714023502451,
    3741.128947532029,
    3911.052890491629,
    3934.2746230710054,
    4099.231432158879,
    4229.663207425717,
    4262.878379572761,
    4316.00731948343,
    4355.641820629807,
    4399.258167939502,
    4336.936775950846,
    4215.182897469133,
    4115.635274836707,
    4017.9873494391354,
    4099.377909678126,
    4111.955054868112,
    4212.619976285606,
    4304.79422740061,
    4342.219382336768,
    4329.684904471894,
    4319.026587712992,
    4338.474527631118,
    4334.088926052317,
    4369.602617915751,
    4388.188726727062,
    3778.06790009506,
    3863.503197663532,
    3924.3072137460417,
    3980.5571162512288,
    4060.803966783743,
    4077.798401189945,
    4158.601667163852,
    4200.9793082278175,
    4236.588641477911,
    4259.85958294777,
    4283.977158132275,
    4359.098439563785,
    4395.624895822805,
    4465.10772472788,
    4475.1115064598025,
    4493.749650369536,
    4557.9047568514625,
    4594.748001651109,
    4634.177582621632,
    4629.059167219273,
    4673.413341936933,
    4686.827463949053,
    4623.899688294006,
    4639.6292363410885,
    4600.418775980023,
    4561.525285046932,
    4587.916952989888
  ],
  "speed": [
    9.219291608951258,
    9.12847682289013,
    9.012353499351383,
    8.979054168713072,
    8.895747882419371,
    8.825223410946501,
    8.761613590138424,
    8.767003400626942,
    8.727312640881967,
    8.728201202844579,
    8.708247937463211,
    8.715917733142488,
    8.72092549236755,
    8.720883056875225,
    8.714533742429122,
    8.715569558523775,
    8.729597122393015,
    8.733734250632033,
    8.739904063866886,
    8.723353304028514,
    8.716461192231217,
    8.72308728995086,
    8.729738270346218,
    8.720406764131038,
    8.726500950253536,
    8.739233106146719,
    8.747223143461415,
    8.756865905737296,
    8.761568281727158,
    8.773302661049089,
    8.783970191794348,
    8.792391261168993,
    8.806998881938233,
    8.828526193617744,
    8.842205637622495,
    8.843428803493175,
    8.847387509374219,
    8.847112564819835,
    8.845168149961982,
    8.834748171999474,
    8.838377822762716,
    8.83800785759537,
    8.834665874861123,
    8.832394197638022,
    8.823654792873239,
    8.815623730652026,
    8.821762046754937,
    8.817811539917779,
    8.821194790072834,
    8.833077773203694,
    8.835032311341688,
    8.834163874286677,
    8.837710662640728,
    8.833765589018283,
    8.84326632307477,
    8.840953745577817,
    8.850052732498316,
    8.851331396836269,
    8.860197903275546
  ],
  "throuput": [
    24,
    55,
    89,
    128,
    178,
    215,
    242,
    271,
    295,
    330,
    348,
    370,
    394,
    409,
    438,
    463,
    494,
    521,
    543,
    574,
    600,
    636,
    669,
    704,
    738,
    772,
    805,
    836,
    856,
    878,
    900,
    913,
    934,
    959,
    975,
    990,
    1005,
    1027,
    1049,
    1073,
    1113,
    1140,
    1163,
    1195,
    1235,
    1273,
    1312,
    1349,
    1381,
    1405,
    1435,
    1462,
    1496,
    1517,
    1545,
    1564,
    1588,
    1622,
    1642
  ],
  "runningtime": [
    1.6113145033518472
  ]
}