{
  "distance": [
    1084.0139788906883,
    1586.6534239852124,
    2042.9247012909314,
    2462.5895407868193,
    2786.9592334197237,
    3088.7565247796297,
    3336.995958150313,
    3604.784879493876,
    3766.0229981493176,
    3936.2689471299045,
    3957.5145746967423,
    4122.032623595004,
    4255.869184228293,
    4288.671489388901,
    4342.333931993085,
    4382.841296432244,
    4422.9720531516905,
    4353.061395994272,
    4228.995479856548,
    4130.169166906785,
    4033.2591327568634,
    4111.052335326923,
    4120.451527025518,
    4227.513508643483,
    4314.17770815543,
    4347.681640797702,
    4330.216573570014,
    4321.546736595491,
    4339.230807284282,
    4333.922966779112,
    4373.2846063798215,
    4390.640520443194,
    3776.5650424209143,
    3862.877729986674,
    3926.7185404150937,
    3988.224956165973,
    4070.533316279829,
    4088.2370059223645,
    4166.782218920392,
    4211.4207187436,
    4246.449568542482,
    4268.887825018439,
    4289.049580983768,
    4359.968254695753,
    4404.80351758276,
    4473.431245134573,
    4483.910588143084,
    4503.83167397538,
    4570.432513440198,
    4602.66027088491,
    4638.209377628508,
    4632.761689205254,
    4676.851899501401,
    4690.6417079539515,
    4625.380687628863,
    4644.942258412697,
    4598.937723754761,
    4560.545704429812,
    4583.66044334698
  ],
  "speed": [
    9.19631949252081,
    9.132341875254824,
    9.06536870026036,
    9.034729525734829,
    8.94479456179403,
    8.876501400483932,
    8.840438631412214,
    8.829946376065697,
    8.82024611399852,
    8.816583304440403,
    8.795731479041573,
    8.800478826696967,
    8.810903315913354,
    8.815357634920659,
    8.807896865502599,
    8.814074106173042,
    8.82929090360636,
    8.823341932657168,
    8.8294966290777,
    8.823991063593544,
    8.824400032347155,
    8.823947760749144,
    8.820302346014623,
    8.819062583222236,
    8.816180038116434,
    8.825256806321821,
    8.831231360294943,
    8.843351435515723,
    8.840237969408744,
    8.846723207510875,
    8.860908516237389,
    8.86449317082423,
    8.86770491498185,
    8.88625850524115,
    8.902205651280234,
    8.912584750678008,
    8.923329468601032,
    8.926639164588929,
    8.920063461832326,
    8.918469859192662,
    8.92120396346764,
    8.919579845067071,
    8.90581659972172,
    8.893150425399888,
    8.898452795828746,
    8.884145473643835,
    8.890831201091428,
    8.88706586417392,
    8.895534386138888,
    8.903449126595431,
    8.90227224522296,
    8.902970740334622,
    8.905111489958632,
    8.90418312670067,
    8.90953051033902,
    8.911350549360261,
    8.914558071341837,
    8.92006812009326,
    8.921837559103029
  ],
  "throuput": [
    22,
    56,
    96,
    134,
    179,
    214,
    246,
    267,
    296,
    333,
    348,
    372,
    395,
    415,
    437,
    470,
    499,
    524,
    550,
    574,
    610,
    632,
    669,
    700,
    743,
    782,
    808,
    834,
    854,
    876,
    896,
    915,
    932,
    955,
    970,
    995,
    1009,
    1027,
    1054,
    1078,
    1115,
    1140,
    1166,
    1192,
    1236,
    1267,
    1312,
    1345,
    1388,
    1417,
    1442,
    1467,
    1496,
    1522,
    1542,
    1567,
    1601,
    1622,
    1640
  ],
  "runningtime": [
    1.6001924832661947
  ]
}