{
  "distance": [
    1235.5116759772634,
    1636.5530134887765,
    1940.8718314415878,
    2312.9434850614107,
    2566.486430953183,
    2780.479533737443,
    3030.079125475682,
    3157.1593675879426,
    3351.5604298367857,
    3512.1030212146757,
    3591.5405612736254,
    3325.285314789972,
    3509.0034427744768,
    3661.846998154975,
    3792.746434345465,
    3912.717626758344,
    4014.5092873984736,
    4147.5283044336475,
    4231.028560817638,
    4288.150657635987,
    4362.0848172090555,
    4410.60835485709,
    4464.301482884005,
    4536.431822683453,
    4339.290090596108,
    4402.721415372104,
    4511.245544254675,
    4572.393177795221,
    4645.65917516833,
    4705.841863345515,
    4738.056427874111,
    4812.879274294937,
    4846.903591279081,
    4858.838557203264,
    4924.866229366493,
    4978.651209330516,
    5002.428925361422,
    4846.390532280527,
    4918.0857429234975,
    4935.617026538719,
    5012.614981450761,
    5019.438114140942,
    5057.171363577395,
    5102.469223000212,
    5129.812642656144,
    5132.289212658338,
    5165.51227595188,
    5198.315091538854,
    5211.579351386173,
    5054.413120558737,
    5106.452233713113,
    5139.563746303212,
    5152.884525456112,
    5198.266065271586,
    5220.897313638997,
    5254.965000737712,
    5253.6977881314215,
    5280.038300899361,
    5303.056135704225
  ],
  "speed": [
    11.233926809563279,
    11.124625323055188,
    11.056479084152237,
    11.029783101235179,
    11.079058547556665,
    11.046045009462038,
    11.033901577362428,
    11.011738280237486,
    11.005531647337312,
    11.002315654570705,
    10.967047445352183,
    10.93974928447086,
    10.936196293254834,
    10.924866344386349,
    10.905454847372136,
    10.870840495711843,
    10.873076481191521,
    10.843951677159009,
    10.82084424942196,
    10.790502420817852,
    10.778397645970069,
    10.751447637239322,
    10.735123276575171,
    10.720124930643236,
    10.717090263474333,
    10.690071190427412,
    10.693329614750136,
    10.688015843949103,
    10.668181320070296,
    10.65056491462176,
    10.649770250874573,
    10.652158586982532,
    10.642212923814467,
    10.640707036217515,
    10.642956047722878,
    10.645056717075182,
    10.652222114520493,
    10.651887491568244,
    10.659385201746888,
    10.649409672198894,
    10.632491592290528,
    10.625116652959866,
    10.617297363506887,
    10.610947431173422,
    10.601090447700878,
    10.595509405813969,
    10.588885127504094,
    10.582714420061897,
    10.571259550211929,
    10.555632368651688,
    10.550778593381448,
    10.544159892115333,
    10.53949172073224,
    10.527710943145857,
    10.508920266177382,
    10.49825744230579,
    10.484663077349145,
    10.46511453688789,
    10.454096203254746
  ],
  "throuput": [
    7,
    24,
    43,
    80,
    121,
    169,
    229,
    282,
    342,
    404,
    475,
    546,
    598,
    666,
    735,
    802,
    878,
    942,
    1006,
    1076,
    1145,
    1216,
    1275,
    1359,
    1430,
    1499,
    1577,
    1654,
    1733,
    1803,
    1868,
    1945,
    2028,
    2101,
    2163,
    2250,
    2330,
    2395,
    2474,
    2553,
    2627,
    2702,
    2776,
    2845,
    2911,
    2995,
    3083,
    3147,
    3229,
    3301,
    3378,
    3440,
    3513,
    3600,
    3663,
    3734,
    3805,
    3876,
    3947
  ],
  "runningtime": [
    2.613301678498586
  ]
}