{
  "distance": [
    1249.7835649391689,
    1655.5480942122176,
    1961.618834302098,
    2332.274848363928,
    2571.167553143119,
    2787.4879952043425,
    3036.2333230248573,
    3170.082081438908,
    3367.2615310195492,
    3528.426404422837,
    3610.169634884992,
    3351.447571744395,
    3532.069922797801,
    3686.7033095717657,
    3819.734644786449,
    3946.5486363275236,
    4048.622002970095,
    4189.578251608017,
    4275.27824075423,
    4335.431867395186,
    4406.859902375153,
    4456.110880121352,
    4509.385634987102,
    4582.218354165443,
    4380.918224132637,
    4450.1740896436,
    4553.255333944946,
    4613.743376661577,
    4692.994861570656,
    4753.240119844434,
    4782.339468357154,
    4849.364509193716,
    4884.763137871759,
    4891.516964584565,
    4957.235485787177,
    5010.571855060223,
    5030.224815929312,
    4872.993545852205,
    4940.349673237391,
    4958.805681457837,
    5038.633822568157,
    5044.885142057805,
    5080.938946091211,
    5126.075852478379,
    5156.911340279908,
    5156.772015294897,
    5191.58245060772,
    5225.78582222304,
    5240.149357437837,
    5088.886159547387,
    5141.487659753659,
    5172.332628037186,
    5183.163415760295,
    5225.213817607501,
    5251.764864853678,
    5282.370581675353,
    5282.6362278281895,
    5312.232321299833,
    5335.6849154931515
  ],
  "speed": [
    11.365141695534241,
    11.269066708733602,
    11.195754585153038,
    11.15979981372752,
    11.14526596923426,
    11.136769682010092,
    11.128775467372787,
    11.130906184827627,
    11.130143977755056,
    11.135578162617524,
    11.105386364391535,
    11.104996754168553,
    11.091017616531234,
    11.095785616099798,
    11.091487570629853,
    11.08275702078386,
    11.084897370816984,
    11.083245110870312,
    11.07930164437406,
    11.060705910891148,
    11.047045746517227,
    11.031149306944975,
    11.028906357811728,
    11.02708389085914,
    11.023586119560008,
    11.01961139189834,
    11.016742420892363,
    11.011188593973177,
    11.007436960668688,
    10.995357827395997,
    10.988716283309536,
    10.974779990665766,
    10.969137003409363,
    10.953111645350623,
    10.950137856203787,
    10.951871653214546,
    10.949838680866753,
    10.951617985126274,
    10.952767196565095,
    10.945357635139914,
    10.932170564781876,
    10.923491889865167,
    10.91169435110794,
    10.90229126529219,
    10.897287905144193,
    10.88460702335648,
    10.878662416505923,
    10.875159830644442,
    10.863213017934354,
    10.860524000549594,
    10.85596845825732,
    10.846971387790337,
    10.83947047431863,
    10.824436945618354,
    10.816267660458282,
    10.799706043014062,
    10.790162660337343,
    10.7776180537019,
    10.76917718475024
  ],
  "throuput": [
    7,
    27,
    45,
    83,
    130,
    176,
    234,
    278,
    351,
    412,
    479,
    551,
    608,
    678,
    749,
    814,
    888,
    961,
    1024,
    1089,
    1166,
    1232,
    1315,
    1374,
    1451,
    1528,
    1602,
    1676,
    1754,
    1833,
    1892,
    1971,
    2042,
    2108,
    2180,
    2269,
    2348,
    2424,
    2497,
    2571,
    2640,
    2715,
    2790,
    2854,
    2927,
    3009,
    3088,
    3166,
    3234,
    3319,
    3397,
    3467,
    3545,
    3628,
    3685,
    3757,
    3823,
    3900,
    3974
  ],
  "runningtime": [
    1.931023927529653
  ]
}