{
  "distance": [
    1250.5757412181613,
    1653.6470454308032,
    1948.8821206028158,
    2323.743894237572,
    2561.746226376598,
    2787.3406354124268,
    3048.6202611711174,
    3165.910153678504,
    3366.3462415182416,
    3525.4691246685643,
    3616.7511844566384,
    3357.6502979509864,
    3539.659714012747,
    3698.3653892470616,
    3835.9959430036815,
    3962.313038776781,
    4061.3417957207225,
    4198.929112052279,
    4281.156402709231,
    4343.700842036387,
    4417.343148907072,
    4468.2500538296845,
    4528.2263684146355,
    4602.459105501348,
    4403.354806857281,
    4468.69214239068,
    4573.332877310486,
    4634.467608829931,
    4711.073686804036,
    4773.644983896051,
    4802.49589701656,
    4871.769834204725,
    4903.154976483064,
    4906.473005782188,
    4965.780711309392,
    5015.065316686807,
    5031.715625957335,
    4871.463805910065,
    4939.11419779767,
    4960.254433620579,
    5038.000633565607,
    5044.283619310212,
    5083.299411976861,
    5128.04910359798,
    5158.225467056462,
    5158.444469230403,
    5188.891501943382,
    5221.725814863146,
    5236.722876573933,
    5082.596730859477,
    5136.014074377848,
    5168.674522149676,
    5180.60713282997,
    5225.586638027562,
    5253.087841388397,
    5287.313815153053,
    5286.241628118688,
    5318.547942213041,
    5341.587458879858
  ],
  "speed": [
    11.36655480459503,
    11.267029894658974,
    11.141247309274197,
    11.12290031444541,
    11.09879485186057,
    11.133846568880248,
    11.162527243980502,
    11.117828576148371,
    11.133531470443382,
    11.131252967396504,
    11.129038714305818,
    11.127350230650904,
    11.115042618920455,
    11.13176109385525,
    11.135714167483156,
    11.121006320656006,
    11.112314784121827,
    11.098891057225439,
    11.090731543372899,
    11.080378761095822,
    11.074067731221318,
    11.060024885717041,
    11.073628024133377,
    11.077024287707976,
    11.091139693328572,
    11.080045672126992,
    11.08307819720389,
    11.084332485939319,
    11.077896443705272,
    11.070906340977936,
    11.063785743148705,
    11.05725935357727,
    11.04405969901184,
    11.024709118538192,
    11.008071127981674,
    11.000236236042616,
    10.991749953795916,
    10.982721786107186,
    10.979098181318705,
    10.974857566717747,
    10.95771624415167,
    10.947404680640513,
    10.943523298222008,
    10.933226498737872,
    10.926507214616231,
    10.916058612171177,
    10.903495304992294,
    10.8959541981924,
    10.884756423017652,
    10.875662373269131,
    10.87112153371542,
    10.861672783631624,
    10.854177786429267,
    10.842971290880774,
    10.835366542296105,
    10.826995943813445,
    10.814796427207282,
    10.807689593671551,
    10.798207945146263
  ],
  "throuput": [
    7,
    30,
    43,
    80,
    129,
    175,
    230,
    288,
    346,
    411,
    476,
    539,
    613,
    678,
    743,
    814,
    886,
    965,
    1023,
    1097,
    1160,
    1236,
    1312,
    1388,
    1461,
    1534,
    1607,
    1684,
    1765,
    1823,
    1894,
    1972,
    2054,
    2115,
    2179,
    2264,
    2348,
    2412,
    2496,
    2571,
    2642,
    2719,
    2791,
    2856,
    2933,
    3023,
    3088,
    3163,
    3242,
    3312,
    3390,
    3455,
    3530,
    3620,
    3687,
    3757,
    3821,
    3898,
    3973
  ],
  "runningtime": [
    1.9461284557978311
  ]
}