{
  "distance": [
    1251.2003852452194,
    1658.2449331752991,
    1960.450199036826,
    2331.736154288454,
    2572.7062728928427,
    2797.972611296877,
    3053.9404874750753,
    3177.2473815385106,
    3378.8776335080324,
    3535.633668689266,
    3614.922636846319,
    3356.035660998513,
    3539.061797299895,
    3695.803221104863,
    3830.6420698660177,
    3954.5526180394904,
    4051.613009433591,
    4191.180111846354,
    4275.616967140786,
    4344.905004862781,
    4420.093533686805,
    4472.023940521003,
    4525.444865696825,
    4595.806740452647,
    4397.468322722433,
    4467.84342740764,
    4573.275992662943,
    4629.354599396885,
    4705.685936428242,
    4767.446924918712,
    4792.8941348878925,
    4864.162474310959,
    4895.313642187811,
    4904.641117140757,
    4969.966118351361,
    5021.334237543453,
    5037.63811165066,
    4875.330590292849,
    4940.412036016497,
    4959.188077155172,
    5040.664309784556,
    5046.04914607411,
    5084.514418867091,
    5131.947213311834,
    5158.00220295982,
    5160.856555181582,
    5193.379956554312,
    5225.812821925429,
    5243.437822959173,
    5088.793547776659,
    5141.772952517584,
    5174.563621847847,
    5181.949212034823,
    5226.4591083307605,
    5253.575163761699,
    5287.602980311266,
    5287.083078014607,
    5316.932532785508,
    5340.234581738261
  ],
  "speed": [
    11.372232230066281,
    11.296502688286893,
    11.201663708828669,
    11.154273434104452,
    11.142197700237308,
    11.170721439544058,
    11.187148209286153,
    11.157594100578914,
    11.175144978208575,
    11.168373144010907,
    11.13749192237461,
    11.13519614832551,
    11.127361787293813,
    11.133391067679309,
    11.12810451500947,
    11.110185932534456,
    11.09432921682091,
    11.083626156410414,
    11.07291460858775,
    11.073821854737698,
    11.070087796025101,
    11.056885905048043,
    11.055712237865992,
    11.052467230766423,
    11.064250917492048,
    11.062432087879893,
    11.06566876892696,
    11.059957951926252,
    11.05049734102636,
    11.04234328559081,
    11.03079709583319,
    11.029505832105903,
    11.014441469629162,
    11.005307900791113,
    11.003640693733473,
    11.001497092460925,
    10.998580018682736,
    10.990666105977503,
    10.986735902275491,
    10.981730006146858,
    10.972880928851893,
    10.960896957226552,
    10.95547474684016,
    10.950295665196093,
    10.938617721626581,
    10.935524764565937,
    10.926653185589029,
    10.917662851632054,
    10.912665886459447,
    10.90614415814829,
    10.903881912351451,
    10.898793613511357,
    10.889247616426983,
    10.87875298156607,
    10.868859468531198,
    10.860953517093279,
    10.85102817456893,
    10.841805823578488,
    10.834620264805048
  ],
  "throuput": [
    7,
    28,
    45,
    82,
    128,
    174,
    231,
    284,
    349,
    416,
    481,
    544,
    608,
    679,
    745,
    813,
    881,
    958,
    1013,
    1092,
    1161,
    1233,
    1315,
    1385,
    1463,
    1519,
    1615,
    1685,
    1758,
    1827,
    1895,
    1970,
    2043,
    2110,
    2179,
    2268,
    2359,
    2427,
    2501,
    2578,
    2646,
    2723,
    2791,
    2863,
    2939,
    3017,
    3094,
    3165,
    3248,
    3320,
    3401,
    3479,
    3552,
    3619,
    3690,
    3764,
    3835,
    3910,
    3985
  ],
  "runningtime": [
    1.9844234466552735
  ]
}