{
  "distance": [
    1061.3791926916947,
    1368.3096617979172,
    1692.43754891971,
    1910.2654424419372,
    2066.8835624618087,
    2314.436616598564,
    2526.11554351752,
    2679.5850907485847,
    2804.66327498479,
    2670.7928965226592,
    2834.473339492865,
    3004.822128286781,
    3096.8174009938366,
    3213.911428811877,
    3276.032989860317,
    3380.423737130585,
    3463.8687657311557,
    3518.1577054509057,
    3600.0141737592053,
    3455.53426115316,
    3500.897799280999,
    3583.0629467588656,
    3659.0224618482457,
    3725.068288306741,
    3765.6279246619183,
    3768.548768552365,
    3814.6723068277947,
    3867.7654897926595,
    3916.370251386004,
    3767.1973876184743,
    3798.4834717268272,
    3873.0163611371786,
    3890.4878854449785,
    3941.56778543343,
    3959.9861093234395,
    3990.1372108566843,
    4008.02502521636,
    4031.9690614356546,
    4060.9538578620068,
    3954.521653883929,
    3989.903208283824,
    4003.7908411191206,
    4042.317323704536,
    4063.436940836778,
    4091.1098409486913,
    4112.816611366177,
    4112.4567009640805,
    4135.293150859066,
    4164.827244822059,
    4069.080801713157,
    4106.624062290315,
    4109.022813456584,
    4124.436863929294,
    4157.90308403785,
    4172.326178889662,
    4182.320843857278,
    4198.735287982728,
    4201.366839579163,
    4229.633321202856
  ],
  "speed": [
    9.434481712815064,
    9.291609586919854,
    9.288448113144401,
    9.204467318632673,
    9.130266794225612,
    9.11133133331627,
    9.153281810109826,
    9.152760653255061,
    9.167042901555403,
    9.170386754141708,
    9.166681420192742,
    9.159397946015192,
    9.158800932116083,
    9.16660936853143,
    9.1734285567596,
    9.172001821210063,
    9.176689313517318,
    9.174238567880671,
    9.177702081302593,
    9.188746195776908,
    9.200259956406253,
    9.211928507041465,
    9.201019901632517,
    9.195448402034929,
    9.194920405949716,
    9.190329804713295,
    9.182976419528883,
    9.185724316777074,
    9.180172801976841,
    9.193748186216695,
    9.190790924596579,
    9.187087956975482,
    9.188961124251227,
    9.18851320937853,
    9.184052353197965,
    9.182578872223953,
    9.184312306101463,
    9.185575393554362,
    9.187635974263562,
    9.192173175669508,
    9.18779830076,
    9.190570345040538,
    9.189377288187861,
    9.186340207505745,
    9.188771632411541,
    9.191036058335726,
    9.196919363090823,
    9.198858575055308,
    9.200657396889655,
    9.208950199661631,
    9.21127809736416,
    9.212296855064762,
    9.210867655734678,
    9.209382193448922,
    9.2072266863578,
    9.207235697198229,
    9.207752824523526,
    9.209416654291942,
    9.210095782488958
  ],
  "throuput": [
    12,
    32,
    75,
    120,
    189,
    269,
    363,
    468,
    566,
    683,
    796,
    920,
    1051,
    1163,
    1290,
    1424,
    1562,
    1687,
    1805,
    1927,
    2059,
    2200,
    2342,
    2463,
    2595,
    2716,
    2835,
    2975,
    3107,
    3240,
    3362,
    3496,
    3630,
    3767,
    3900,
    4031,
    4163,
    4281,
    4414,
    4553,
    4675,
    4810,
    4921,
    5076,
    5206,
    5344,
    5464,
    5597,
    5729,
    5852,
    5997,
    6122,
    6253,
    6389,
    6520,
    6636,
    6768,
    6893,
    7018
  ],
  "runningtime": [
    2.9152425169944762
  ]
}