{
  "distance": [
    1077.8271951374857,
    1377.7284237398642,
    1701.60623669152,
    1932.3319519648267,
    2087.975388474938,
    2336.271958677207,
    2537.6177146034283,
    2688.5575511866696,
    2816.2181843478347,
    2682.0605419763383,
    2837.785133147577,
    3011.4774281293876,
    3100.266763714643,
    3220.3739100536222,
    3282.795731691582,
    3387.8487738699714,
    3473.7351056468724,
    3533.8199461250892,
    3616.9655248241975,
    3470.2718646422077,
    3510.739429485757,
    3591.64625835114,
    3669.27749098534,
    3735.7466889311377,
    3775.847635520718,
    3782.522035319039,
    3829.6862644210087,
    3881.4172617177346,
    3932.0739785826186,
    3776.9993499031034,
    3808.4868771490455,
    3883.3377289278747,
    3898.519628482162,
    3948.708975253702,
    3968.9146292430346,
    3998.976951668411,
    4015.2155112805253,
    4038.437681278904,
    4066.1749333630414,
    3958.1068291397073,
    3994.7291342741323,
    4010.128949041133,
    4048.020013190135,
    4067.306706487619,
    4095.7846778708113,
    4116.193187747512,
    4115.86502530861,
    4137.211951794913,
    4166.696532881977,
    4070.865546220911,
    4110.53361171098,
    4113.42174017861,
    4129.095390414697,
    4163.168765648823,
    4180.612612503505,
    4191.451738353116,
    4207.538061423307,
    4209.995634009007,
    4235.312264535568
  ],
  "speed": [
    9.570634827354706,
    9.354381930414654,
    9.337794713714231,
    9.318531188243849,
    9.237592878675606,
    9.215999727225224,
    9.21674329760967,
    9.204283077360758,
    9.229293225920907,
    9.239929798423423,
    9.2127830849764,
    9.224780473617182,
    9.21088102398305,
    9.22621886606043,
    9.23103394283434,
    9.227574449461892,
    9.237534803963687,
    9.246018407693972,
    9.250542664085296,
    9.265172488737045,
    9.272951477775374,
    9.283845793525465,
    9.27683120317782,
    9.274025794154216,
    9.2758907930827,
    9.279886483629342,
    9.279930643974874,
    9.285161801023026,
    9.288835718958664,
    9.293843381574646,
    9.292760753440088,
    9.291962633014961,
    9.291981925399304,
    9.29353829826883,
    9.295506151507668,
    9.296178024829606,
    9.296694679812608,
    9.299126688933866,
    9.30052951615371,
    9.301120050844766,
    9.298185492877154,
    9.30172757128975,
    9.29949418364708,
    9.292730108754757,
    9.296781306678563,
    9.293975280124707,
    9.297474127036917,
    9.295880803871094,
    9.294278232180394,
    9.299545025235357,
    9.30373625859399,
    9.302898916124583,
    9.301027776115236,
    9.299571055788347,
    9.302635707288802,
    9.304314223372517,
    9.305598722346547,
    9.308967028610429,
    9.305680673976761
  ],
  "throuput": [
    12,
    35,
    75,
    127,
    193,
    276,
    368,
    472,
    568,
    696,
    811,
    927,
    1052,
    1170,
    1284,
    1418,
    1565,
    1684,
    1809,
    1959,
    2084,
    2215,
    2341,
    2480,
    2600,
    2727,
    2862,
    3003,
    3136,
    3252,
    3378,
    3517,
    3662,
    3782,
    3923,
    4053,
    4175,
    4296,
    4433,
    4555,
    4672,
    4812,
    4937,
    5078,
    5213,
    5325,
    5475,
    5597,
    5722,
    5845,
    5989,
    6121,
    6262,
    6389,
    6528,
    6652,
    6797,
    6920,
    7035
  ],
  "runningtime": [
    3.1997013171513875
  ]
}