{"total_trips": 28751.619999998402, "trip_mean": 6931.22077321612, "trip_var": 31584775.238973472}