{
  "distance": [
    1032.267230247515,
    1426.8267093876516,
    1803.1883667271097,
    2157.389806621212,
    2482.096777021259,
    2785.1517376071392,
    3043.053807934137,
    3296.026262861131,
    3523.4721522138448,
    3739.921757495705,
    3932.571657869979,
    4105.034787152553,
    4282.767157114102,
    4409.567279600619,
    4542.605180859135,
    4639.72243840736,
    4787.092848077667,
    4864.999192986055,
    4951.042000275424,
    5045.541424175624,
    5095.798963093721,
    5181.6843549399755,
    5227.306298113284,
    5297.986806246817,
    4475.993555761705,
    4623.427406270995,
    4760.540946795524,
    4880.948523720909,
    4983.664312898382,
    5095.854253073265,
    5193.212220597602,
    5282.311710447098,
    5363.899253983875,
    5453.375398727726,
    5535.625003198024,
    5595.689033287803,
    5663.987744239445,
    5732.026702130501,
    5773.970705965908,
    5841.471162198451,
    5897.557916916679,
    5925.118733355944,
    5967.600557992818,
    6009.993974827547,
    6052.245247900943,
    6069.912734069193,
    6099.416211629296,
    6126.959800963119,
    6164.830299236687,
    5559.184088320231,
    5653.283897332782,
    5722.209087052674,
    5788.732139688564,
    5840.4747690365875,
    5903.706412992757,
    5957.379558536685,
    6004.71829990861,
    6037.406342961656,
    6081.733661439097
  ],
  "speed": [
    8.978443764262908,
    8.757514453351211,
    8.634669798251347,
    8.592575850167819,
    8.52440649644214,
    8.499588954321565,
    8.480906760941494,
    8.469717257129792,
    8.460075191649985,
    8.455481562643158,
    8.442620569789241,
    8.43386601206834,
    8.420936197088606,
    8.41641683556804,
    8.412581053222675,
    8.408934890493144,
    8.410007112816201,
    8.41133374191632,
    8.40969974577059,
    8.408785340374962,
    8.409267026777526,
    8.402272662667434,
    8.400745131441896,
    8.402545329449682,
    8.417103800226675,
    8.418699486928825,
    8.408987913845621,
    8.400630062990308,
    8.394023694351459,
    8.38630929839135,
    8.3757564542497,
    8.366899640423295,
    8.359011336150779,
    8.351825662687796,
    8.346872106590382,
    8.342799488061113,
    8.335514745713743,
    8.326237387480155,
    8.324336979856096,
    8.322754153716918,
    8.319506784554997,
    8.315573812299721,
    8.311596737897677,
    8.305478859549687,
    8.30142387116599,
    8.29587101113119,
    8.294244090068704,
    8.293541973741526,
    8.294132249859533,
    8.286237313780148,
    8.297531557971684,
    8.294293276780307,
    8.288160995969095,
    8.28155097201974,
    8.276136338547229,
    8.269883043499359,
    8.262590060970945,
    8.254966274525499,
    8.247070645999546
  ],
  "throuput": [
    26,
    106,
    223,
    396,
    625,
    929,
    1283,
    1676,
    2124,
    2615,
    3101,
    3651,
    4210,
    4769,
    5415,
    6030,
    6633,
    7307,
    7924,
    8578,
    9247,
    9925,
    10571,
    11215,
    11928,
    12581,
    13248,
    13912,
    14614,
    15281,
    15967,
    16627,
    17325,
    18008,
    18678,
    19338,
    20010,
    20715,
    21387,
    22059,
    22765,
    23475,
    24208,
    24948,
    25664,
    26344,
    27085,
    27785,
    28532,
    29274,
    29978,
    30719,
    31380,
    32094,
    32819,
    33540,
    34258,
    34911,
    35599
  ],
  "runningtime": [
    22.4055983265241
  ]
}