{
  "distance": [
    1053.3668698080166,
    1474.9994661379897,
    1882.8272656751524,
    2258.921744430192,
    2609.701318124687,
    2925.846696176243,
    3198.9190669546706,
    3467.560690430006,
    3703.303277586101,
    3924.3543143311294,
    4125.5354036284625,
    4303.020899173456,
    4486.71720789313,
    4615.722350981611,
    4748.4758803255345,
    4847.027413000267,
    4995.648796551861,
    5070.7582648485795,
    5154.261661011873,
    5245.158208789229,
    5290.887164517323,
    5374.484266939283,
    5415.74767632296,
    5480.767015312851,
    4622.634806037175,
    4769.871169481806,
    4905.922487710364,
    5024.762265093538,
    5125.91507332327,
    5238.479878187239,
    5337.00364057193,
    5425.203765291177,
    5506.7330110795365,
    5596.961724308843,
    5677.640861962722,
    5736.295836146074,
    5803.617360186353,
    5872.835395361922,
    5912.006542225675,
    5977.763257079199,
    6031.58254902167,
    6057.208417159386,
    6097.612599861535,
    6139.3316023493635,
    6179.239344304578,
    6195.041279369933,
    6219.667041376778,
    6243.136541360355,
    6276.970395347817,
    5657.5617696882155,
    5748.86672053419,
    5817.316752096073,
    5883.488735046568,
    5934.925818936788,
    5997.816769549773,
    6050.815677948994,
    6097.292740557622,
    6128.624304218523,
    6174.105616491038
  ],
  "speed": [
    9.16360710863214,
    9.05628047286564,
    9.021477256007186,
    9.00908850149866,
    8.982011219652422,
    8.96036644871269,
    8.957367586447445,
    8.965922245118922,
    8.963401196645519,
    8.960470806323404,
    8.961047824584568,
    8.96022215072332,
    8.953779913081622,
    8.95610409735013,
    8.95263753444059,
    8.954772626767449,
    8.959681567225621,
    8.962782192159015,
    8.965296448702317,
    8.967219645915172,
    8.972815913654014,
    8.972625271982574,
    8.97568791094527,
    8.979191113082713,
    8.990635274117524,
    8.990490022186709,
    8.978993067681786,
    8.969008034494342,
    8.962656557688934,
    8.957800929081104,
    8.951235051832276,
    8.943327063761059,
    8.938133901559866,
    8.934265858564048,
    8.92891602238951,
    8.92612275670526,
    8.919939723367765,
    8.914483647523936,
    8.911531640221728,
    8.909986852726588,
    8.906668517335325,
    8.904515267224353,
    8.900975812442255,
    8.897489055559582,
    8.89348236846187,
    8.890231780874911,
    8.88696279343492,
    8.885619734979315,
    8.885621479065518,
    8.878118418771047,
    8.885414793048373,
    8.881446613184938,
    8.875329522555552,
    8.869270166890463,
    8.864386777497627,
    8.858225704252602,
    8.850448906682685,
    8.841758743255701,
    8.835904197011386
  ],
  "throuput": [
    30,
    110,
    248,
    431,
    680,
    1019,
    1397,
    1844,
    2339,
    2833,
    3387,
    3915,
    4502,
    5100,
    5717,
    6374,
    7010,
    7723,
    8405,
    9060,
    9800,
    10477,
    11106,
    11798,
    12489,
    13178,
    13864,
    14551,
    15263,
    15952,
    16598,
    17277,
    17977,
    18644,
    19313,
    19986,
    20652,
    21361,
    22029,
    22743,
    23457,
    24148,
    24875,
    25614,
    26346,
    27068,
    27799,
    28530,
    29237,
    29991,
    30723,
    31454,
    32144,
    32858,
    33596,
    34315,
    34995,
    35644,
    36301
  ],
  "runningtime": [
    33.09068291584651
  ]
}