{
  "distance": [
    951.9426764776448,
    1316.1483181292801,
    1588.0429072025756,
    1883.0480071631173,
    1970.0791533588044,
    2244.344516268234,
    2461.8231548823123,
    2728.5917821653034,
    2900.975557815899,
    3037.674634752887,
    3054.7548648367556,
    3222.0427823356677,
    3351.3960243426254,
    3471.5253892909896,
    3556.225157123722,
    3640.507737641858,
    3619.382092934314,
    3710.8710625474355,
    3779.030341228746,
    3871.4585979502235,
    3910.54888661618,
    3858.507934366562,
    3924.978010857676,
    3977.958485736251,
    4039.7323930437574,
    4087.2486429861606,
    4126.686306537416,
    4056.463074434481,
    4122.176874471657,
    4159.484169687632,
    4195.904275234215,
    4228.436654033861,
    4249.593869073303,
    4215.563699285557,
    4252.483244948942,
    4281.747180202059,
    4302.508552848654,
    4349.365102901576,
    4283.107072450101,
    4318.939017839213,
    4360.179736578356,
    4371.005675769942,
    4399.65456111849,
    4417.106936350167,
    4372.932125854905,
    4383.930192472975,
    4420.204026571552,
    4431.819877575748,
    4452.087860905418,
    4471.242858519448,
    4437.613026265213,
    4454.506415703322,
    4474.046552382193,
    4495.874895408163,
    4510.22890703318,
    4521.079562482523,
    4479.760111807697,
    4496.764205560759,
    4525.539812926773
  ],
  "speed": [
    10.692575004948162,
    10.729769030709175,
    10.75019643837772,
    10.747326592831453,
    10.749202741984753,
    10.739481064158996,
    10.731059410867733,
    10.746045624612645,
    10.730585666712505,
    10.723887136832575,
    10.723372359334741,
    10.69764218928659,
    10.67914282560176,
    10.660301365733101,
    10.647454702849279,
    10.630820025755234,
    10.611306813803273,
    10.594945391656477,
    10.566612403435027,
    10.53541885905203,
    10.506016563456027,
    10.475154528157116,
    10.44381565229069,
    10.414188326245743,
    10.377156444584521,
    10.338049506455969,
    10.305552390509426,
    10.279994738341523,
    10.255543991949283,
    10.23532024324639,
    10.20442170637187,
    10.180225233808438,
    10.150397272880413,
    10.13197248837371,
    10.10922892396094,
    10.090250711201787,
    10.068989247575335,
    10.04190134142571,
    10.018335051051267,
    9.996670932480644,
    9.977844404218775,
    9.949621597553733,
    9.919365828576344,
    9.892356768224332,
    9.867467773903252,
    9.842619537235814,
    9.813571442338983,
    9.788409192618667,
    9.760530794906462,
    9.736304430550485,
    9.71426154427051,
    9.695101994328422,
    9.672108455293863,
    9.651333246213728,
    9.626832966669747,
    9.604176002914576,
    9.58433521961602,
    9.564084374162645,
    9.539185519143883
  ],
  "throuput": [
    6,
    24,
    59,
    107,
    168,
    259,
    354,
    469,
    583,
    724,
    854,
    986,
    1128,
    1278,
    1418,
    1560,
    1699,
    1846,
    1995,
    2136,
    2284,
    2429,
    2574,
    2721,
    2865,
    3009,
    3171,
    3317,
    3467,
    3605,
    3759,
    3915,
    4062,
    4215,
    4353,
    4514,
    4655,
    4801,
    4963,
    5120,
    5257,
    5404,
    5547,
    5701,
    5849,
    5996,
    6141,
    6287,
    6429,
    6579,
    6728,
    6872,
    7030,
    7183,
    7338,
    7484,
    7632,
    7778,
    7924
  ],
  "runningtime": [
    2.8422044356664022
  ]
}