{
  "distance": [
    921.4858372785438,
    1288.9561002999524,
    1553.1568902243944,
    1846.6832144682833,
    1930.0602587162036,
    2188.892008334825,
    2401.8398357172555,
    2657.0605002002544,
    2830.7843643363562,
    2967.9346764736088,
    2983.4197876067733,
    3147.417528336469,
    3278.424691809891,
    3407.820201158326,
    3504.636033373826,
    3591.277085468862,
    3571.4159136033277,
    3657.112000265672,
    3729.6582372024627,
    3819.4785294056423,
    3860.763801115091,
    3809.5668949542523,
    3882.6894683511628,
    3939.829717392067,
    4006.4413190771756,
    4054.8688112883983,
    4096.768985644861,
    4026.634839122772,
    4098.1807753351195,
    4130.995332497781,
    4167.508100584734,
    4196.417683874919,
    4220.8096313861615,
    4186.683058963764,
    4226.980381583471,
    4256.404378513276,
    4272.787905736794,
    4317.897834763081,
    4250.434442343286,
    4289.6017181817715,
    4328.4291492021275,
    4338.8233939799175,
    4370.228200819161,
    4390.635440260159,
    4347.45846703395,
    4359.455568054293,
    4400.156629298947,
    4410.734922570312,
    4433.78662810204,
    4451.153351970123,
    4416.587097354879,
    4432.4729807493195,
    4454.047990446024,
    4474.10654765653,
    4487.639890396987,
    4497.8527900839135,
    4455.567342031272,
    4471.931018550741,
    4501.450697398995
  ],
  "speed": [
    10.345905264961466,
    10.493755826590293,
    10.483169791344459,
    10.490870138217119,
    10.48733737213465,
    10.43415046587713,
    10.422117100594404,
    10.408680872878548,
    10.39955164132515,
    10.378760350918848,
    10.357912961483184,
    10.329861320652066,
    10.314229637807461,
    10.3045774247794,
    10.307330848060998,
    10.294153905767104,
    10.274079073888077,
    10.246673623433006,
    10.23331167316291,
    10.192756033747305,
    10.166673375222048,
    10.130482226360702,
    10.116592924801253,
    10.098310773806649,
    10.07540505161771,
    10.04456852596201,
    10.017975888724237,
    9.988741519794681,
    9.975327557380941,
    9.946638372316576,
    9.922894228113725,
    9.894554491397663,
    9.871520623475062,
    9.851611733654499,
    9.838800743817417,
    9.823292932316814,
    9.794037267962155,
    9.766484356756507,
    9.738941106438977,
    9.721879110224114,
    9.695613531527442,
    9.66580659147736,
    9.639972582833172,
    9.618273307141255,
    9.594908579506473,
    9.57200835955979,
    9.551574166992301,
    9.524170791388427,
    9.501172806834605,
    9.47172345411976,
    9.447086467676687,
    9.426618707280934,
    9.40766981067109,
    9.382634851841818,
    9.355645197498953,
    9.332577674710423,
    9.310790592121396,
    9.290525956968578,
    9.267201752470719
  ],
  "throuput": [
    6,
    21,
    58,
    97,
    174,
    249,
    351,
    460,
    567,
    686,
    832,
    973,
    1089,
    1221,
    1370,
    1537,
    1678,
    1820,
    1964,
    2095,
    2252,
    2395,
    2544,
    2697,
    2842,
    2995,
    3120,
    3271,
    3423,
    3589,
    3749,
    3896,
    4025,
    4187,
    4341,
    4496,
    4641,
    4774,
    4916,
    5064,
    5210,
    5350,
    5506,
    5651,
    5812,
    5949,
    6102,
    6243,
    6394,
    6548,
    6695,
    6840,
    7001,
    7138,
    7300,
    7451,
    7593,
    7735,
    7885
  ],
  "runningtime": [
    2.6811640739440916
  ]
}