{
  "distance": [
    952.8509961085234,
    1318.0752499690975,
    1580.9002051519658,
    1874.7761623171275,
    1965.8081903990274,
    2243.091344947576,
    2461.0004355229853,
    2727.7996688889557,
    2899.9768177652572,
    3041.6359550698267,
    3050.617282376587,
    3222.390588867991,
    3348.873564420482,
    3471.0371459761536,
    3555.0247990835337,
    3641.457846028908,
    3619.5706136148765,
    3707.4537055828087,
    3774.8627366121455,
    3865.744495979764,
    3904.9948629368096,
    3854.1692873464863,
    3921.1966596512607,
    3978.814885797361,
    4046.215697609305,
    4095.7097268466805,
    4134.6411052600515,
    4062.740165557146,
    4130.7980430672515,
    4167.335737976897,
    4202.698818848417,
    4232.613408509149,
    4253.6562157332355,
    4215.557539179869,
    4250.772511004907,
    4280.677881409874,
    4302.227167462208,
    4351.10549562141,
    4282.963408781871,
    4321.94452926626,
    4362.613114756195,
    4376.552486359365,
    4405.524091196618,
    4421.808143054027,
    4376.246389966402,
    4386.31303501587,
    4426.275830986155,
    4437.4069429247575,
    4457.63010743011,
    4477.54174858287,
    4443.184942817511,
    4458.4218080743985,
    4480.1770886910335,
    4500.4952396987555,
    4515.022968343728,
    4525.92956401725,
    4483.651330589699,
    4499.551341215983,
    4529.772861469356
  ],
  "speed": [
    10.704877872242347,
    10.745328408031357,
    10.692232662208003,
    10.68985350288885,
    10.717568203414313,
    10.728495072875859,
    10.72643712570264,
    10.740628952195786,
    10.718789107677553,
    10.722550004306255,
    10.695091576282513,
    10.683562321865743,
    10.651827662261406,
    10.631676179887654,
    10.608424997380641,
    10.596598390086578,
    10.570799743861565,
    10.5445543032,
    10.515272578000987,
    10.482607855840373,
    10.449473024929711,
    10.416801481049678,
    10.388027311422873,
    10.369209407347741,
    10.344255575081567,
    10.313461082229583,
    10.283062131046519,
    10.25632847048871,
    10.236822471765894,
    10.213875784162738,
    10.184913410674255,
    10.15933309755279,
    10.133949253514013,
    10.104943275198845,
    10.076022503890691,
    10.055291086854776,
    10.031256368638038,
    10.010012691893342,
    9.983353725801512,
    9.968807836211877,
    9.948815099018416,
    9.928442632246938,
    9.90174918539128,
    9.876287390242572,
    9.851817385910774,
    9.82800754294374,
    9.80821704619648,
    9.784896750675669,
    9.759778893595666,
    9.737279925725588,
    9.715626714072393,
    9.695893092282068,
    9.678417614296702,
    9.655460388851306,
    9.632175010473983,
    9.610796453877288,
    9.591149090534808,
    9.570703567433235,
    9.55020420632168
  ],
  "throuput": [
    6,
    24,
    59,
    104,
    169,
    260,
    354,
    462,
    583,
    716,
    861,
    979,
    1129,
    1261,
    1412,
    1553,
    1689,
    1842,
    1999,
    2132,
    2266,
    2427,
    2564,
    2715,
    2858,
    3018,
    3170,
    3306,
    3453,
    3601,
    3774,
    3934,
    4061,
    4202,
    4354,
    4495,
    4641,
    4804,
    4955,
    5108,
    5243,
    5398,
    5559,
    5717,
    5870,
    6009,
    6148,
    6301,
    6446,
    6590,
    6744,
    6887,
    7047,
    7198,
    7343,
    7502,
    7650,
    7789,
    7934
  ],
  "runningtime": [
    2.8060951987902323
  ]
}