{
  "distance": [
    1091.6638510617909,
    1588.9986350199404,
    2078.06005968272,
    2514.681518061705,
    2847.372612912817,
    3130.2041769659186,
    3422.1372733503563,
    3626.11174655838,
    3835.5164233672313,
    4067.212788854227,
    4251.601238035671,
    4432.472312068082,
    4556.9950234631715,
    4574.214277347327,
    4737.498567624823,
    4834.455145060828,
    4815.177715662644,
    4845.7640679903625,
    4857.374263721605,
    4905.766428701962,
    4899.712102236522,
    4979.289246842408,
    4944.318720381761,
    4974.882562647789,
    4971.232572291208,
    4916.73204401398,
    4898.290978849197,
    4870.218104501521,
    4828.1463572850835,
    4011.479727284127,
    4146.7346181930525,
    4234.528890079354,
    4345.4032408993235,
    4414.564582632992,
    4473.080514344329,
    4568.289853295666,
    4640.815615111752,
    4708.242300753265,
    4786.3504820906555,
    4821.670689133394,
    4909.697706252944,
    4965.3903737469245,
    4964.314111626163,
    5004.315804083564,
    5072.744998531069,
    5111.135338691073,
    5139.080339013389,
    5167.224320389004,
    5185.560696691255,
    5222.748806813347,
    5207.531522982016,
    5196.979156189559,
    5197.2874486037035,
    5195.565953702351,
    5187.6974919561835,
    5170.282871744272,
    5159.02424063901,
    5124.146846293713,
    5128.75004761826
  ],
  "speed": [
    9.205721491882647,
    9.025262691494826,
    9.00241462353638,
    9.06723783221729,
    9.0840792859997,
    9.084248402783993,
    9.114586178237023,
    9.087162536986641,
    9.089050015333614,
    9.111164301438182,
    9.132660811430531,
    9.157300781111564,
    9.165708849861113,
    9.188364220285113,
    9.205007774814497,
    9.21531054001527,
    9.216905839911233,
    9.2267973055996,
    9.238902107772036,
    9.25403253330952,
    9.252505891307663,
    9.26571064653873,
    9.277266782122911,
    9.283759428436767,
    9.28814924945551,
    9.292672902133752,
    9.29093245624675,
    9.293816304551425,
    9.30079414625152,
    9.303568646613947,
    9.315507958274896,
    9.301132673500078,
    9.294664750724463,
    9.286722397889557,
    9.290509172053156,
    9.295200028264063,
    9.291267738993211,
    9.296536962995182,
    9.290914881036674,
    9.29951343986414,
    9.302818185713312,
    9.30553151630417,
    9.311090184467544,
    9.31935943931917,
    9.322250191839174,
    9.323903329435417,
    9.328518377404599,
    9.332230309327505,
    9.33878543032549,
    9.337618944686023,
    9.341956557880536,
    9.340896241771881,
    9.344293986524487,
    9.345882085079166,
    9.34786875578869,
    9.348763174610466,
    9.349973126541403,
    9.353457635557813,
    9.354066097036068
  ],
  "throuput": [
    16,
    48,
    97,
    150,
    220,
    275,
    347,
    413,
    490,
    580,
    673,
    778,
    858,
    963,
    1059,
    1147,
    1237,
    1315,
    1398,
    1482,
    1573,
    1660,
    1753,
    1838,
    1913,
    1972,
    2035,
    2104,
    2183,
    2251,
    2329,
    2394,
    2459,
    2527,
    2577,
    2654,
    2727,
    2799,
    2870,
    2947,
    3025,
    3118,
    3195,
    3286,
    3371,
    3465,
    3579,
    3667,
    3775,
    3862,
    3947,
    4021,
    4105,
    4210,
    4285,
    4344,
    4407,
    4488,
    4561
  ],
  "runningtime": [
    2.9586379408836363
  ]
}