{
  "distance": [
    1094.790790487051,
    1606.4740834236718,
    2100.1594238534535,
    2534.44821310164,
    2870.3030859968735,
    3161.9830996498295,
    3458.811708238803,
    3676.6170017640497,
    3887.4998489291656,
    4121.874922959494,
    4296.659114975984,
    4469.108487611247,
    4591.1876833127435,
    4607.928541108434,
    4763.9002369880245,
    4859.590957849743,
    4839.851753346865,
    4865.311079886955,
    4876.723564165164,
    4922.995998321265,
    4919.845805870226,
    4995.591418499244,
    4955.54968480606,
    4985.232316303899,
    4986.8504218979115,
    4930.452837469799,
    4910.6209516579665,
    4878.191330113846,
    4834.975967595017,
    4017.063030918199,
    4149.286260992812,
    4239.531723538837,
    4350.913795773608,
    4423.092602067382,
    4481.492777526176,
    4577.126843109756,
    4654.360726374871,
    4721.327931416907,
    4807.830625955698,
    4844.320915926306,
    4933.700168185542,
    4990.423318949922,
    4987.957510963908,
    5022.066243279721,
    5087.285040575299,
    5123.956109155583,
    5147.80125607383,
    5177.689954490143,
    5193.812889590379,
    5230.665238036552,
    5213.570259028401,
    5203.861310363543,
    5202.394300489054,
    5201.897031560899,
    5195.8194385787565,
    5178.833749385256,
    5166.735649154421,
    5129.494996466717,
    5133.490838316889
  ],
  "speed": [
    9.231738549723607,
    9.126153463400126,
    9.108634413221457,
    9.15956993253817,
    9.176501601512916,
    9.19733574279353,
    9.238716243326799,
    9.240106319685415,
    9.24356655277541,
    9.274362617360834,
    9.27861907631071,
    9.284581338093492,
    9.29210209125977,
    9.320055732835462,
    9.326783334127937,
    9.334454751019098,
    9.338318125640777,
    9.341266780153617,
    9.356208965967141,
    9.369071428357103,
    9.37465342767873,
    9.384105065977211,
    9.392010341314473,
    9.396424122386227,
    9.407410387596608,
    9.408742065030966,
    9.410225374303481,
    9.409215311353721,
    9.412416108152955,
    9.416184888951285,
    9.41971943416617,
    9.407593169883443,
    9.398025672689554,
    9.392990884266311,
    9.397017002178965,
    9.399926156950322,
    9.404547336760432,
    9.40809428765867,
    9.41630442285053,
    9.427788530335691,
    9.434198146896533,
    9.439956841823276,
    9.445183874190269,
    9.447327219415046,
    9.447550190769338,
    9.448952755210907,
    9.449380516816587,
    9.456456674759409,
    9.45869544841985,
    9.457703948677105,
    9.459985054062477,
    9.462351619370523,
    9.463893493838277,
    9.4661804798877,
    9.46879577953,
    9.47003711040177,
    9.472065917763041,
    9.47329160762327,
    9.47471370262933
  ],
  "throuput": [
    16,
    51,
    103,
    153,
    220,
    280,
    354,
    410,
    506,
    595,
    693,
    784,
    875,
    974,
    1071,
    1152,
    1251,
    1329,
    1405,
    1489,
    1581,
    1674,
    1773,
    1837,
    1910,
    1982,
    2060,
    2109,
    2186,
    2260,
    2334,
    2390,
    2465,
    2526,
    2593,
    2655,
    2738,
    2802,
    2880,
    2963,
    3034,
    3133,
    3220,
    3313,
    3398,
    3488,
    3591,
    3675,
    3785,
    3875,
    3959,
    4038,
    4107,
    4199,
    4281,
    4349,
    4427,
    4503,
    4573
  ],
  "runningtime": [
    2.8197333931922914
  ]
}