{
  "distance": [
    967.4962935408674,
    1280.1736643916583,
    1563.6431152302391,
    1863.1885239365083,
    1849.661696447175,
    2126.0397576849714,
    2347.293682459167,
    2574.292370872303,
    2734.971907901963,
    2861.9869378324274,
    2846.0336082889085,
    3010.351661229108,
    3112.0131266923927,
    3249.3062084172416,
    3354.7476363371375,
    3437.5089988233804,
    3384.6697533344645,
    3467.0871914093664,
    3562.927314786368,
    3636.9627377457373,
    3691.957348532905,
    3746.388190282778,
    3684.385617736702,
    3760.540661313371,
    3810.6843963687406,
    3865.8916212233758,
    3894.6696296386326,
    3942.61534224432,
    3870.5295917470394,
    3934.478625334812,
    3975.9950248125247,
    4005.0908364333063,
    4048.87931912235,
    4078.000487313441,
    4021.2493579323327,
    4063.3891130368056,
    4086.6582346228993,
    4126.1540923327575,
    4138.192204125163,
    4165.152668765965,
    4122.854109532238,
    4150.096790305082,
    4178.898910764085,
    4198.330154431415,
    4216.938447269117,
    4240.706073227926,
    4201.781943411441,
    4216.308290024005,
    4241.216514819855,
    4263.008158308653,
    4283.158655135898,
    4292.917072837999,
    4262.027549160972,
    4272.255715776767,
    4288.988946078038,
    4308.512738315232,
    4323.256069297697,
    4340.038796509142,
    4293.4548213875605
  ],
  "speed": [
    10.288336265431742,
    10.23587613036602,
    10.131988905847239,
    10.065551986673063,
    10.011467082932706,
    10.034106089476914,
    10.007577617600331,
    9.96581711952795,
    9.937071220971923,
    9.935158744579516,
    9.913017606960942,
    9.909941326384565,
    9.90620339749429,
    9.898347092173022,
    9.907108641569806,
    9.906243105306407,
    9.900047318509918,
    9.900638096942567,
    9.898805135864615,
    9.891601195947134,
    9.883907619804857,
    9.866906706550871,
    9.868491257834734,
    9.86565837986153,
    9.860691252877178,
    9.85635830837768,
    9.853639636697274,
    9.848270168441273,
    9.847731439198775,
    9.841882874911581,
    9.840570062495248,
    9.84160216248466,
    9.842090641052819,
    9.839673493070157,
    9.837925420628252,
    9.842463128673206,
    9.836045523196306,
    9.835916636688387,
    9.835920339779543,
    9.833323846148982,
    9.833817483949575,
    9.834691015284951,
    9.834289637336044,
    9.833328013366975,
    9.829659791191071,
    9.827103603309796,
    9.82981906721128,
    9.828644222047894,
    9.826499269299397,
    9.82677160328422,
    9.82542236944165,
    9.823737319175795,
    9.823927201050905,
    9.821608398025795,
    9.821146471680198,
    9.81718507527701,
    9.815439134641002,
    9.815213255165723,
    9.814251445089686
  ],
  "throuput": [
    8,
    38,
    88,
    154,
    283,
    433,
    604,
    772,
    966,
    1168,
    1375,
    1583,
    1838,
    2059,
    2295,
    2534,
    2792,
    3005,
    3252,
    3506,
    3742,
    3984,
    4224,
    4463,
    4729,
    4969,
    5203,
    5449,
    5705,
    5941,
    6199,
    6433,
    6689,
    6949,
    7192,
    7437,
    7677,
    7934,
    8193,
    8429,
    8675,
    8929,
    9159,
    9414,
    9659,
    9892,
    10145,
    10400,
    10639,
    10903,
    11151,
    11390,
    11628,
    11881,
    12130,
    12381,
    12628,
    12867,
    13118
  ],
  "runningtime": [
    4.672272058327993
  ]
}