{
  "distance": [
    980.1641139375307,
    1291.817464933478,
    1578.8417700333725,
    1882.930456667884,
    1866.2302138816706,
    2139.5908075140383,
    2362.319886443821,
    2597.241548102178,
    2759.9283991651814,
    2885.7688912238464,
    2866.6085748629557,
    3026.7943394721333,
    3125.9743103685673,
    3262.2775606532873,
    3364.434275801955,
    3441.6144168261735,
    3390.876163556117,
    3473.8618948904204,
    3567.884278754453,
    3641.783420899762,
    3700.71406954054,
    3759.7306513777044,
    3694.428581867758,
    3772.6873749127963,
    3824.0773912671148,
    3881.0426222317406,
    3907.2245843641113,
    3954.227650127596,
    3880.4656350745377,
    3945.7423333174243,
    3987.3041869959043,
    4015.7281928794455,
    4058.998409582927,
    4087.1669492317596,
    4031.5023184271536,
    4072.6088725569425,
    4096.8793814520295,
    4135.72476680529,
    4147.6604157978145,
    4175.712624256288,
    4132.7799498103695,
    4160.291478405386,
    4187.344453014475,
    4205.552712845827,
    4225.025618361661,
    4250.187067455805,
    4211.242020143329,
    4225.112739707551,
    4251.619207538512,
    4274.615615200411,
    4293.635978919746,
    4303.783508268658,
    4272.062595441388,
    4281.817058736222,
    4297.470473396155,
    4317.367994751026,
    4333.371056199554,
    4349.505352174097,
    4302.632838406134
  ],
  "speed": [
    10.426995554704533,
    10.32415423362489,
    10.224968850735072,
    10.175433356937175,
    10.117521234075111,
    10.120758352009952,
    10.100161220674115,
    10.08300258355618,
    10.062085673949433,
    10.057133270441236,
    10.02448618876866,
    10.012122915908503,
    10.002407638088787,
    9.987446366796465,
    9.986973875549111,
    9.96995879511581,
    9.962589758398154,
    9.960014771973338,
    9.952071909652288,
    9.941059469709197,
    9.941327942364708,
    9.935323397728245,
    9.933498656687519,
    9.938341145003406,
    9.938041792879337,
    9.940245946942417,
    9.935227979974679,
    9.932364806601587,
    9.930360525661653,
    9.928864207843581,
    9.927449370097555,
    9.928387153902387,
    9.92935750165825,
    9.92630548690932,
    9.929261610096336,
    9.931036456889592,
    9.929066151035954,
    9.928049690665407,
    9.929287240019496,
    9.93023685234988,
    9.931290896640927,
    9.934360856028215,
    9.93053783363431,
    9.929941729911162,
    9.931176675834493,
    9.933958719153459,
    9.938891704908169,
    9.938448198033788,
    9.94066299978489,
    9.945321826359084,
    9.943812153069818,
    9.945182036289486,
    9.945726349360847,
    9.943765971416767,
    9.944346439237629,
    9.943104075584145,
    9.945502004604046,
    9.945642108198246,
    9.947545692140036
  ],
  "throuput": [
    7,
    37,
    88,
    167,
    290,
    438,
    609,
    783,
    981,
    1173,
    1387,
    1617,
    1836,
    2070,
    2310,
    2537,
    2772,
    3017,
    3239,
    3505,
    3743,
    3988,
    4248,
    4487,
    4750,
    4991,
    5239,
    5483,
    5708,
    5976,
    6213,
    6460,
    6725,
    6973,
    7208,
    7457,
    7709,
    7960,
    8207,
    8452,
    8710,
    8937,
    9200,
    9454,
    9702,
    9938,
    10189,
    10424,
    10683,
    10927,
    11183,
    11441,
    11664,
    11926,
    12190,
    12418,
    12667,
    12916,
    13173
  ],
  "runningtime": [
    4.92287411292394
  ]
}