{
  "distance": [
    1069.6417282970317,
    1457.5412921780874,
    1828.418838465575,
    2146.8864804643363,
    2422.198788090984,
    2657.9489134063033,
    2902.947707143359,
    3070.2650060616606,
    3271.8990707841203,
    3448.571438650709,
    3609.5447667605354,
    3715.2192908406064,
    3852.4825442267056,
    3962.822179791933,
    4075.025715820823,
    4140.245859836733,
    4236.686591566282,
    3773.5358931454252,
    3936.5411154031804,
    4067.9094997039633,
    4189.748481843148,
    4312.427173753716,
    4403.4227970965385,
    4490.913400648757,
    4555.679892808674,
    4642.264755672147,
    4733.4117127391655,
    4795.061572057267,
    4842.0927109244,
    4886.240026465134,
    4968.90814596602,
    4998.917501370636,
    5032.437727953843,
    5078.942700263721,
    5112.529532645512,
    5153.942396017346,
    4825.089343705713,
    4907.025798289783,
    4958.921059937121,
    5015.751036750794,
    5077.306754709873,
    5097.352227595936,
    5148.9250746459575,
    5196.813498814243,
    5243.8981562279805,
    5255.904785562978,
    5312.539800396057,
    5336.284226739122,
    5368.975365931694,
    5389.004879655837,
    5414.341616464886,
    5429.632033474177,
    5448.297258285073,
    5464.798274588388,
    5209.01197798869,
    5256.478615078405,
    5293.601551247441,
    5323.547906091852,
    5357.6023215075265
  ],
  "speed": [
    9.533605550249431,
    9.382819904489784,
    9.313094472649235,
    9.244648678678255,
    9.137316646130335,
    9.05816856063268,
    9.008021950490079,
    8.953069306944615,
    8.900240342930985,
    8.85946535215166,
    8.82808982696717,
    8.813861893903466,
    8.78191299868105,
    8.75684168273359,
    8.732679632612884,
    8.719301429025606,
    8.714561883843649,
    8.702806969254187,
    8.701588199341034,
    8.698354788375436,
    8.680841013129626,
    8.65959435341227,
    8.6238674896753,
    8.595075140419487,
    8.579877460956821,
    8.565557719939807,
    8.558736581412798,
    8.550879346461857,
    8.53569495060284,
    8.522358460789835,
    8.508891139473207,
    8.492081558564909,
    8.47648752501322,
    8.460728679477254,
    8.451866790568037,
    8.44100684117033,
    8.435486739192775,
    8.425323943957858,
    8.41579302443648,
    8.40052917578301,
    8.382784150397253,
    8.359131504218091,
    8.340930021794208,
    8.329166126432783,
    8.316291313531117,
    8.304562686535473,
    8.290645113216296,
    8.275284020472384,
    8.261406691298868,
    8.247277502367918,
    8.227392275231482,
    8.21055775148627,
    8.197370902904574,
    8.180873870482916,
    8.166944148189135,
    8.157037567981924,
    8.143885347873812,
    8.129320478208435,
    8.115144363955341
  ],
  "throuput": [
    12,
    48,
    102,
    188,
    300,
    421,
    574,
    753,
    976,
    1162,
    1382,
    1619,
    1841,
    2104,
    2341,
    2591,
    2884,
    3193,
    3449,
    3716,
    4006,
    4299,
    4578,
    4869,
    5142,
    5414,
    5709,
    5991,
    6288,
    6564,
    6836,
    7146,
    7416,
    7737,
    8023,
    8314,
    8613,
    8924,
    9227,
    9532,
    9834,
    10109,
    10395,
    10692,
    10970,
    11261,
    11553,
    11832,
    12106,
    12425,
    12709,
    12989,
    13269,
    13572,
    13878,
    14187,
    14459,
    14773,
    15055
  ],
  "runningtime": [
    17.54552430709203
  ]
}