{
  "distance": [
    1071.764834942746,
    1468.701344273043,
    1840.4237306821515,
    2169.083506296774,
    2452.7923993465215,
    2701.739925699803,
    2955.148822506151,
    3128.851195480304,
    3336.715799489506,
    3518.024903178013,
    3688.296556695874,
    3793.860623873599,
    3933.1007643651483,
    4042.40928123884,
    4151.967904479605,
    4214.948466286586,
    4309.783390715242,
    3837.3940030550343,
    4002.287531290769,
    4135.112851818268,
    4256.003503541347,
    4377.892391202126,
    4473.8666704741945,
    4565.1326882291605,
    4633.281295969198,
    4722.7210563176695,
    4811.521698143868,
    4869.096526688665,
    4914.201736516681,
    4955.986951637608,
    5038.584276734761,
    5067.032791860585,
    5101.9565777952375,
    5152.15308636474,
    5184.244015178195,
    5224.198876931713,
    4889.704544259886,
    4970.20291692389,
    5021.366427194115,
    5077.4501946979,
    5142.066578188825,
    5165.2067389975555,
    5218.083919146754,
    5268.10509906925,
    5315.935171763212,
    5329.203620304484,
    5382.873817945759,
    5404.2911258002805,
    5436.750817055921,
    5458.856318438627,
    5489.596763677675,
    5506.807987460505,
    5524.135099702338,
    5539.886351944796,
    5279.374453749198,
    5326.836764226591,
    5362.4965018391695,
    5391.90057215626,
    5425.124459454748
  ],
  "speed": [
    9.552972271919261,
    9.45381826593632,
    9.373361242070375,
    9.341740878705899,
    9.25575967382372,
    9.21867443154852,
    9.188560751512602,
    9.149676957858189,
    9.110744488992623,
    9.080727729488165,
    9.071031159866417,
    9.062895783748447,
    9.039665906247176,
    9.01607482692765,
    8.989089892861436,
    8.981980350082885,
    8.982669961172961,
    8.977185628826902,
    8.977634663778804,
    8.9765782971043,
    8.95760298443834,
    8.93464590783102,
    8.909114505099353,
    8.889656111952094,
    8.883734950917649,
    8.877420085219647,
    8.870372650511525,
    8.858890091562955,
    8.843700484314285,
    8.830162253403419,
    8.81954489281187,
    8.804618144626492,
    8.795111179108202,
    8.788565539769873,
    8.782252968600817,
    8.774732974460104,
    8.771963952804796,
    8.760655634511814,
    8.75208685845474,
    8.73781348735647,
    8.727437741015143,
    8.711592016058285,
    8.697518560467046,
    8.69061191499359,
    8.680618765502302,
    8.674050083621959,
    8.657303261088419,
    8.641418055369966,
    8.630371837585816,
    8.621250480392478,
    8.611306758429311,
    8.600371309658737,
    8.588596482006238,
    8.575003501809313,
    8.563564811522477,
    8.556780157422924,
    8.544740297729824,
    8.533246520063495,
    8.521616774726093
  ],
  "throuput": [
    12,
    48,
    102,
    190,
    299,
    438,
    601,
    779,
    1009,
    1197,
    1425,
    1686,
    1915,
    2163,
    2431,
    2702,
    2999,
    3282,
    3529,
    3796,
    4107,
    4384,
    4677,
    4982,
    5256,
    5557,
    5834,
    6131,
    6406,
    6699,
    6977,
    7278,
    7576,
    7889,
    8197,
    8497,
    8776,
    9088,
    9399,
    9711,
    10010,
    10287,
    10563,
    10848,
    11147,
    11451,
    11735,
    12033,
    12307,
    12590,
    12893,
    13189,
    13509,
    13819,
    14137,
    14454,
    14734,
    15058,
    15337
  ],
  "runningtime": [
    7.143014315764109
  ]
}