{
  "distance": [
    1077.8794113459269,
    1476.9838749095802,
    1852.2276148750584,
    2180.6209130535276,
    2466.6915686638617,
    2721.8923746827177,
    2982.105852827207,
    3159.0445926034904,
    3369.278285818465,
    3559.2825172713347,
    3733.1604975559976,
    3838.5808791188815,
    3982.93312643229,
    4094.1107708037957,
    4213.127447315418,
    4276.467301417219,
    4364.42717731172,
    3882.8221378449202,
    4049.5847961488057,
    4177.953656272939,
    4299.910868591158,
    4423.109133965586,
    4522.200089180685,
    4615.643687148996,
    4683.155198829826,
    4772.963188693052,
    4859.313061206678,
    4916.854889083874,
    4961.605483209793,
    5001.795672502759,
    5079.893377460149,
    5108.863731594008,
    5143.1554096834925,
    5189.93508696608,
    5219.97079813998,
    5257.757583066895,
    4919.577995347345,
    4999.291703529553,
    5047.399956896647,
    5102.710731257666,
    5165.897521409342,
    5190.41582649082,
    5246.062516112303,
    5294.727556686594,
    5341.9759026469565,
    5353.487653605685,
    5408.405591535288,
    5430.792801836342,
    5463.47726941247,
    5483.5766518742885,
    5513.320238098131,
    5529.807565918719,
    5546.091918323555,
    5562.043822311277,
    5298.5560297922175,
    5344.610771131139,
    5380.338291820498,
    5409.186879145688,
    5442.982807027428
  ],
  "speed": [
    9.606134839140807,
    9.50577451412049,
    9.43305611509828,
    9.38943628367719,
    9.304255012948065,
    9.285009358793548,
    9.273335035903395,
    9.247882835608344,
    9.216304697427748,
    9.209165413514677,
    9.20789427565778,
    9.200228876835002,
    9.186502269584539,
    9.172422275247039,
    9.169432418871763,
    9.167707863020711,
    9.159720513416099,
    9.152613533862883,
    9.159412937274846,
    9.151452504821775,
    9.136905908832233,
    9.119258683360423,
    9.100198765528955,
    9.08325489707952,
    9.073853432549447,
    9.066395562198107,
    9.055101705980466,
    9.046242599014509,
    9.033181574577544,
    9.020567066867187,
    9.004472378748252,
    8.991513285009372,
    8.982869371176537,
    8.97268533398963,
    8.964553033494981,
    8.955925751873137,
    8.951615579323603,
    8.940712374228024,
    8.927722440174763,
    8.912427526574486,
    8.899841687079073,
    8.886381457018501,
    8.877094719360668,
    8.868123431083392,
    8.85667026627548,
    8.848628384901103,
    8.834822255559427,
    8.821444125471753,
    8.811888298129954,
    8.80205402856788,
    8.792997209366034,
    8.783073902804652,
    8.771790011635717,
    8.759937014211301,
    8.747287188517069,
    8.739536938651401,
    8.728826558272276,
    8.716822505912308,
    8.706665791851957
  ],
  "throuput": [
    11,
    50,
    102,
    187,
    300,
    436,
    612,
    794,
    1028,
    1221,
    1445,
    1698,
    1943,
    2207,
    2480,
    2761,
    3053,
    3345,
    3609,
    3875,
    4178,
    4458,
    4735,
    5023,
    5297,
    5597,
    5917,
    6196,
    6495,
    6788,
    7047,
    7359,
    7654,
    7958,
    8276,
    8569,
    8878,
    9181,
    9487,
    9787,
    10079,
    10367,
    10648,
    10912,
    11216,
    11546,
    11823,
    12125,
    12418,
    12709,
    13002,
    13319,
    13606,
    13918,
    14248,
    14566,
    14846,
    15144,
    15441
  ],
  "runningtime": [
    7.553525237242381
  ]
}