{
  "distance": [
    1080.455632839281,
    1485.6834033536852,
    1868.0232390929089,
    2201.083423131276,
    2498.2008867327077,
    2756.294921997939,
    3013.453707059148,
    3195.839711518221,
    3412.7177856835488,
    3605.3309427100876,
    3781.5935689853827,
    3890.1987037958293,
    4032.8564943990805,
    4150.07556844267,
    4267.484920469804,
    4327.206952449149,
    4414.711726782747,
    3924.9401143511286,
    4087.9887503996315,
    4215.628170891293,
    4339.720201349235,
    4462.372969845652,
    4560.750146340994,
    4653.766695743631,
    4720.696883201976,
    4807.231211789683,
    4891.603200290102,
    4953.265205455335,
    4998.937567099399,
    5039.308787924887,
    5120.218968585726,
    5150.318030881871,
    5184.961037843243,
    5230.8543298209115,
    5258.77869758772,
    5295.272252204085,
    4952.504372980827,
    5030.60252320174,
    5079.3662965922385,
    5133.218760497668,
    5195.189041761247,
    5218.219029508723,
    5271.926572440453,
    5319.520314169867,
    5366.155264693587,
    5375.9785717249,
    5432.424194333416,
    5455.722012993538,
    5486.979917409332,
    5506.389215412766,
    5534.493887008457,
    5549.105606434755,
    5564.792947518886,
    5581.187229640767,
    5317.1569713674335,
    5363.872953576166,
    5399.898766981711,
    5430.055860755579,
    5463.013891912677
  ],
  "speed": [
    9.629183739009958,
    9.561451324193378,
    9.513520643403188,
    9.477513923029102,
    9.428929321152935,
    9.413626666728407,
    9.391412047942607,
    9.380969469098828,
    9.364846675581614,
    9.363118810406146,
    9.369263673283832,
    9.371908854019871,
    9.355010005979643,
    9.351345269336004,
    9.347717719109669,
    9.34484098335141,
    9.341501785104422,
    9.330405675234237,
    9.327681243259384,
    9.320672997314045,
    9.312485685774043,
    9.294546161645394,
    9.275495955620864,
    9.261011868654142,
    9.253869965392555,
    9.243260461224406,
    9.229561675504234,
    9.22682743663156,
    9.213902985623585,
    9.201025483084257,
    9.189890310317077,
    9.179743571098104,
    9.17221981219026,
    9.162411701739972,
    9.154052678666487,
    9.145153465327065,
    9.140607132232008,
    9.128057551240428,
    9.11851011922808,
    9.102636753526681,
    9.089305410653699,
    9.075202145701246,
    9.063882505719508,
    9.055429892044968,
    9.044872382687414,
    9.034088327313775,
    9.022607498161952,
    9.011051754763377,
    9.000560109822503,
    8.990313244688954,
    8.979410861961874,
    8.967222490589089,
    8.955504469255693,
    8.94524677217328,
    8.933498704480014,
    8.925953526756574,
    8.915605978302976,
    8.9056956472437,
    8.893543704681495
  ],
  "throuput": [
    11,
    50,
    100,
    192,
    309,
    459,
    632,
    822,
    1040,
    1243,
    1483,
    1730,
    1970,
    2242,
    2539,
    2827,
    3108,
    3377,
    3656,
    3951,
    4234,
    4524,
    4796,
    5110,
    5362,
    5684,
    5952,
    6230,
    6538,
    6836,
    7107,
    7405,
    7712,
    8053,
    8358,
    8663,
    8970,
    9287,
    9589,
    9880,
    10175,
    10444,
    10736,
    11028,
    11303,
    11605,
    11900,
    12209,
    12501,
    12783,
    13097,
    13393,
    13680,
    13997,
    14315,
    14638,
    14937,
    15220,
    15513
  ],
  "runningtime": [
    7.973907268047332
  ]
}