{
  "distance": [
    1092.0102029949433,
    1501.8308810623496,
    1890.3342703521967,
    2228.4242743126324,
    2532.7399361003613,
    2791.0876361362525,
    3054.4908885686855,
    3247.917206884521,
    3468.7783169415106,
    3665.2914626457587,
    3837.9859203134615,
    3940.121776305158,
    4081.3293590305766,
    4194.5737870021785,
    4307.266269534095,
    4368.151807285039,
    4456.768584166117,
    3960.5397125627246,
    4126.839076785125,
    4253.8526876638725,
    4377.61816558146,
    4502.545829930018,
    4604.761161762046,
    4698.911213284945,
    4762.238061304006,
    4848.827543523558,
    4934.573414776465,
    4992.912506119858,
    5037.471528199125,
    5074.674435360353,
    5154.334394668462,
    5183.615209242111,
    5215.090751753285,
    5260.492687240653,
    5286.14421674361,
    5318.773878076635,
    4974.584235335219,
    5056.223575593379,
    5104.70426715557,
    5161.194531046235,
    5224.202613411763,
    5249.065934495033,
    5302.14997439075,
    5349.67720474177,
    5397.726832580507,
    5407.0313985724715,
    5463.528165644263,
    5487.963617619177,
    5519.730776323317,
    5537.420186304408,
    5564.681154604216,
    5579.494871496839,
    5594.006363461692,
    5609.177679370533,
    5341.6152430651955,
    5390.7189223289415,
    5426.510004038082,
    5455.715083936095,
    5488.549507733809
  ],
  "speed": [
    9.734148920230846,
    9.668707610756858,
    9.62821553860677,
    9.600365320141108,
    9.56724704043667,
    9.54898425102938,
    9.541895369055075,
    9.554959340823139,
    9.542980750159582,
    9.551179141427587,
    9.557451097829636,
    9.552871097990977,
    9.540187586982121,
    9.538883083154687,
    9.530536417637506,
    9.53353872956475,
    9.531688911404865,
    9.52063304999408,
    9.525669079122217,
    9.517029701861844,
    9.507413438616387,
    9.49352052449754,
    9.483111668947082,
    9.471520342714967,
    9.460318727230689,
    9.45175368740488,
    9.440016816728775,
    9.433497931438874,
    9.42097728112056,
    9.404578328623508,
    9.393706039387496,
    9.38404289231835,
    9.373088688532121,
    9.36474804726836,
    9.353626664311825,
    9.339089104971578,
    9.334148529190886,
    9.327139367301418,
    9.315348683838552,
    9.302011926920544,
    9.288681179870057,
    9.276998683954991,
    9.26416371755618,
    9.253961732592636,
    9.24521629034557,
    9.234068119303764,
    9.222586283101611,
    9.21326187646212,
    9.203339183659587,
    9.191356272815279,
    9.18010518942379,
    9.170133016092812,
    9.157744649984773,
    9.14572452218515,
    9.131360075211504,
    9.127655007084561,
    9.116436260457844,
    9.105287831538442,
    9.093820072643275
  ],
  "throuput": [
    11,
    51,
    102,
    193,
    320,
    477,
    639,
    835,
    1055,
    1286,
    1552,
    1775,
    2046,
    2311,
    2588,
    2859,
    3149,
    3450,
    3722,
    4007,
    4290,
    4578,
    4869,
    5170,
    5467,
    5749,
    6021,
    6310,
    6608,
    6924,
    7200,
    7478,
    7798,
    8129,
    8418,
    8733,
    9036,
    9344,
    9633,
    9927,
    10220,
    10513,
    10799,
    11072,
    11367,
    11680,
    11971,
    12278,
    12563,
    12883,
    13179,
    13485,
    13760,
    14062,
    14401,
    14700,
    15006,
    15321,
    15607
  ],
  "runningtime": [
    9.668219641844432
  ]
}