{
  "distance": [
    1092.0445689956653,
    1513.0680069102805,
    1912.8388405648277,
    2253.4231714292337,
    2555.750795792061,
    2814.52643064517,
    3074.0074176587314,
    3259.20745953171,
    3483.673476161424,
    3675.7626802223804,
    3849.510302694895,
    3950.087471207388,
    4095.457440838639,
    4212.528304668704,
    4326.167336867107,
    4384.040108801356,
    4473.011777171185,
    3974.6295287997677,
    4140.52345495216,
    4265.898943788719,
    4387.5548782000615,
    4511.401545582577,
    4612.952140266726,
    4702.626041310307,
    4766.807537367256,
    4854.329542815036,
    4941.4547967727985,
    5000.728637121058,
    5046.815083456348,
    5087.086911597731,
    5167.932407631333,
    5196.184989352715,
    5227.343543160833,
    5271.4505185846865,
    5296.7108390922585,
    5330.642128062953,
    4985.278446335993,
    5065.648137558117,
    5114.604874135541,
    5172.107981936553,
    5235.959979347512,
    5258.16469377503,
    5312.0379651333415,
    5359.599734609774,
    5406.674359631455,
    5415.263939607343,
    5471.6031792536105,
    5494.486885011643,
    5525.449983799093,
    5543.325526127958,
    5571.1445287405,
    5585.407171629758,
    5600.875617705679,
    5615.2849350458455,
    5347.658311793481,
    5393.90233224061,
    5429.148449796276,
    5458.215944786154,
    5490.25217340555
  ],
  "speed": [
    9.733596198322713,
    9.739342120859412,
    9.74469153833833,
    9.714396488232575,
    9.663558074165561,
    9.636921240932741,
    9.614133210664287,
    9.607762467114936,
    9.605938594797417,
    9.598499369465396,
    9.599972590810921,
    9.588225560992594,
    9.583387264034346,
    9.589066300798159,
    9.584492179347617,
    9.580907878279273,
    9.582811024075763,
    9.571238325766265,
    9.5762569253016,
    9.565614851557715,
    9.555783505774425,
    9.544331994106697,
    9.534685219603592,
    9.51752712278618,
    9.508558223753788,
    9.501602262951193,
    9.492169066363227,
    9.48744790901525,
    9.477750725497556,
    9.466724849250916,
    9.456396473723007,
    9.447024981081686,
    9.438195870932374,
    9.428438225817223,
    9.418273284207743,
    9.40779682361896,
    9.402856625238995,
    9.39297902568878,
    9.382874216318273,
    9.37198160725457,
    9.360146032873587,
    9.34503028199589,
    9.334958943786171,
    9.326906531183582,
    9.31791573938968,
    9.306489784372234,
    9.2961648843423,
    9.2849781725673,
    9.27412585775821,
    9.262277016072243,
    9.251987998893657,
    9.240525783334185,
    9.230266014515085,
    9.21846894121806,
    9.206171268341107,
    9.198207048840446,
    9.1865664652153,
    9.175114217965868,
    9.162152189595341
  ],
  "throuput": [
    10,
    52,
    107,
    202,
    317,
    484,
    654,
    857,
    1059,
    1285,
    1531,
    1773,
    2036,
    2318,
    2604,
    2864,
    3171,
    3463,
    3740,
    4042,
    4348,
    4610,
    4906,
    5204,
    5486,
    5767,
    6025,
    6336,
    6619,
    6934,
    7222,
    7524,
    7822,
    8173,
    8452,
    8772,
    9050,
    9370,
    9656,
    9958,
    10262,
    10562,
    10855,
    11130,
    11410,
    11718,
    12026,
    12302,
    12596,
    12899,
    13217,
    13517,
    13808,
    14132,
    14457,
    14755,
    15049,
    15338,
    15647
  ],
  "runningtime": [
    10.212151710192362
  ]
}