{
  "distance": [
    1096.0127093298913,
    1517.6366442753344,
    1914.8930176417905,
    2262.9231655613153,
    2566.1246150502125,
    2825.8914203363406,
    3087.28729708709,
    3277.086315578658,
    3495.7582747948136,
    3688.739027504419,
    3860.0589274442455,
    3962.0906968164218,
    4108.297105842139,
    4221.25511358934,
    4338.15713349789,
    4398.688338005015,
    4487.080131386578,
    3986.3080956889885,
    4148.764218706747,
    4271.681312340524,
    4394.190785285755,
    4520.22429732944,
    4621.158422479055,
    4712.660831614868,
    4774.268228493577,
    4862.575341634291,
    4949.154734505723,
    5007.694557962008,
    5054.877472908377,
    5093.894628798878,
    5174.990999384228,
    5199.33095745466,
    5229.0033299801335,
    5274.084166052339,
    5299.5565777367665,
    5333.875343465003,
    4986.277831211145,
    5069.13963655079,
    5119.658382025725,
    5177.336114938342,
    5242.103196659642,
    5266.2905809369595,
    5321.029406169601,
    5368.36021275305,
    5414.191852677105,
    5423.717666730915,
    5479.936144778352,
    5502.817801148574,
    5534.375187509155,
    5551.099177748319,
    5579.164772305176,
    5592.158286384732,
    5608.302111729005,
    5622.711412221696,
    5354.81358070944,
    5403.147756808223,
    5438.911383802829,
    5467.976449998195,
    5501.357586817626
  ],
  "speed": [
    9.767377140646909,
    9.769795773413525,
    9.756385281492097,
    9.753787843636095,
    9.699557398618735,
    9.672128284695106,
    9.65212897288033,
    9.652359625552107,
    9.633547843440372,
    9.627834802709772,
    9.625130965355746,
    9.622168138006826,
    9.621934694499256,
    9.617073777385487,
    9.617820956283897,
    9.620097911097854,
    9.6201851623573,
    9.611699267457505,
    9.609306059393198,
    9.595642827693569,
    9.586549510173754,
    9.576907621718492,
    9.567632218388422,
    9.554416851332228,
    9.541362372495051,
    9.53549150487576,
    9.525139006168674,
    9.52059450188267,
    9.513891601345897,
    9.500777022002817,
    9.49223082240636,
    9.477538190613426,
    9.466400946400576,
    9.4587309659847,
    9.44850390149546,
    9.43883547562634,
    9.431050105130142,
    9.4258634673952,
    9.418171743994595,
    9.40697469747072,
    9.397353734295043,
    9.385551901503684,
    9.376692936511427,
    9.368161259631751,
    9.357528585573096,
    9.347464066643552,
    9.33664095989433,
    9.325209686654464,
    9.31632267828403,
    9.30348441894076,
    9.294198850570355,
    9.28152505898608,
    9.272369240022675,
    9.260718971544279,
    9.248297440236481,
    9.244005882169864,
    9.233198065949653,
    9.2217580010689,
    9.21081824925378
  ],
  "throuput": [
    10,
    54,
    106,
    194,
    312,
    478,
    653,
    843,
    1071,
    1293,
    1551,
    1783,
    2048,
    2327,
    2600,
    2872,
    3190,
    3491,
    3760,
    4060,
    4333,
    4617,
    4933,
    5224,
    5487,
    5766,
    6059,
    6356,
    6635,
    6943,
    7261,
    7540,
    7847,
    8169,
    8479,
    8782,
    9078,
    9369,
    9674,
    9970,
    10272,
    10571,
    10869,
    11131,
    11440,
    11723,
    12012,
    12336,
    12633,
    12931,
    13233,
    13528,
    13819,
    14143,
    14464,
    14774,
    15057,
    15366,
    15649
  ],
  "runningtime": [
    10.855346540609995
  ]
}