{
  "distance": [
    1097.2301342882265,
    1522.9537743771036,
    1920.1246588609454,
    2260.766853510599,
    2560.3963401768556,
    2817.998742605541,
    3077.6236483927432,
    3264.372378428892,
    3485.1105032725713,
    3676.3698284344455,
    3845.102901863163,
    3946.00326091474,
    4090.17435703317,
    4201.337665505039,
    4320.290226262708,
    4378.209192847586,
    4468.352467279772,
    3972.657004484014,
    4137.430907178676,
    4267.28790824056,
    4388.562981809199,
    4514.919936277838,
    4614.424316740655,
    4707.967039004171,
    4772.700326449545,
    4861.60071677806,
    4948.822813849739,
    5005.805523170995,
    5052.621923316402,
    5093.793572875076,
    5174.454992511225,
    5200.255006066509,
    5230.306016968093,
    5274.148141503161,
    5301.830062018534,
    5335.35533663559,
    4989.7947750762305,
    5071.543685008442,
    5120.877381129978,
    5177.745440939149,
    5242.028335162284,
    5266.6583651836945,
    5320.795096236494,
    5367.695029763111,
    5412.94810833143,
    5421.810550197873,
    5478.594873676818,
    5501.303575154635,
    5531.205110621421,
    5548.961078209743,
    5576.558748573668,
    5590.830604471508,
    5607.29412982497,
    5620.932437980242,
    5354.180547388577,
    5402.5470108147565,
    5438.06805524813,
    5467.642424947119,
    5501.701343856385
  ],
  "speed": [
    9.778771457162327,
    9.803645700221473,
    9.7808683835011,
    9.74345838794669,
    9.678096126781487,
    9.647571013431246,
    9.622806782986345,
    9.619557100167825,
    9.607326465231141,
    9.597614826829496,
    9.589607666576443,
    9.577529246619518,
    9.569114993426322,
    9.561377390526834,
    9.565923017122735,
    9.560045325841006,
    9.56518774260477,
    9.562305116572103,
    9.567088302630717,
    9.56632210750764,
    9.553256916107964,
    9.544856033589602,
    9.529831343759389,
    9.519463310888788,
    9.511721954539787,
    9.507011517382827,
    9.500306328464477,
    9.49321710764136,
    9.486578907929877,
    9.478363354296327,
    9.46924298265722,
    9.456982085624924,
    9.44730954973964,
    9.43825920199802,
    9.43191622996776,
    9.421668859713803,
    9.419058956890584,
    9.413776135552157,
    9.405203707314756,
    9.394001924367583,
    9.38266943644861,
    9.371369152804332,
    9.362343441359995,
    9.353606980041436,
    9.341069440913836,
    9.329986215133811,
    9.319617040652776,
    9.308076629466221,
    9.295796466871483,
    9.28467863349311,
    9.273015088113178,
    9.261548972290841,
    9.252707758497037,
    9.240625788318178,
    9.22937941588108,
    9.225201128497854,
    9.21422051666321,
    9.20423869069178,
    9.195242473459462
  ],
  "throuput": [
    11,
    53,
    102,
    198,
    316,
    479,
    645,
    852,
    1065,
    1302,
    1535,
    1771,
    2034,
    2322,
    2587,
    2868,
    3172,
    3486,
    3750,
    4030,
    4323,
    4613,
    4881,
    5202,
    5471,
    5785,
    6056,
    6344,
    6648,
    6940,
    7245,
    7540,
    7856,
    8158,
    8465,
    8794,
    9080,
    9383,
    9684,
    9965,
    10257,
    10565,
    10877,
    11141,
    11419,
    11717,
    12015,
    12315,
    12619,
    12912,
    13211,
    13519,
    13833,
    14127,
    14445,
    14773,
    15049,
    15371,
    15659
  ],
  "runningtime": [
    13.235794786612193
  ]
}