{
  "distance": [
    974.3805943164964,
    1179.4836092053822,
    1336.470831048522,
    1650.736775693297,
    1844.2286088934386,
    2129.7374528937394,
    2059.135939101694,
    2277.4072674431413,
    2418.1368410299906,
    2543.5345173133037,
    2539.1218740915765,
    2596.537892191255,
    2705.0786134729224,
    2768.369720528203,
    2728.955606989799,
    2817.7747231332582,
    2886.2260059582145,
    2945.297037098691,
    2901.0010679695483,
    2964.73774127248,
    2995.12097043561,
    3026.164615878749,
    2984.662547555125,
    3046.0450176626177,
    3066.7530705801837,
    3107.1660751360787,
    3074.556452638329,
    3096.320458183075,
    3128.245005306573,
    3173.0594038315435,
    3109.18609428161,
    3152.2387978100214,
    3172.0746993066186,
    3185.8307931313275,
    3189.048400711977,
    3183.9273488355366,
    3210.342094052488,
    3223.304626394459,
    3203.45933483467,
    3228.77153016533,
    3245.001606965603,
    3263.061516578677,
    3220.2303808492697,
    3251.4771930282604,
    3257.851103047548,
    3286.7316722832743,
    3258.7900372558224,
    3276.3640800725584,
    3292.2461774313506,
    3290.8330042716084,
    3280.3797195504994,
    3283.50908046571,
    3307.865007848689,
    3314.580348476972,
    3292.375302314307,
    3307.16155964372,
    3311.947178053926,
    3327.5472801813626,
    3309.0115130969175
  ],
  "speed": [
    10.110492712349703,
    10.20596818749102,
    10.19460784508289,
    10.15397871770201,
    10.138486882100036,
    10.12394784328732,
    10.105783919047438,
    10.08534014099297,
    10.078208163479717,
    10.087897380903817,
    10.035029041416745,
    10.026127867871397,
    10.008183940246624,
    10.008573769297534,
    9.983506476721326,
    9.986377574261711,
    9.982342622613007,
    9.981045963422469,
    9.97893245363928,
    9.974789718528516,
    9.972751552511138,
    9.970400076605555,
    9.948930957344661,
    9.950277577917342,
    9.947459406951962,
    9.941702839204785,
    9.94271218194036,
    9.928695149424598,
    9.923075518401514,
    9.917914014805365,
    9.909864091553315,
    9.894797717336315,
    9.893509188244902,
    9.89587975456431,
    9.895248817742699,
    9.901395337519215,
    9.90372374370757,
    9.903921837727852,
    9.906267519692053,
    9.893309982694895,
    9.891616056326953,
    9.895215290284726,
    9.89000338471437,
    9.897370510151113,
    9.888091868765871,
    9.89863891104084,
    9.896429426653981,
    9.883654968729557,
    9.878581427316627,
    9.87705285973123,
    9.877474721795199,
    9.868238200311698,
    9.860500625388548,
    9.859944109803143,
    9.858975870975375,
    9.853431472309309,
    9.850641211346822,
    9.844210706005668,
    9.841877317618929
  ],
  "throuput": [
    9,
    28,
    52,
    86,
    129,
    180,
    246,
    299,
    369,
    444,
    512,
    577,
    646,
    714,
    785,
    844,
    925,
    1000,
    1065,
    1134,
    1201,
    1282,
    1344,
    1410,
    1479,
    1548,
    1615,
    1689,
    1759,
    1828,
    1900,
    1962,
    2038,
    2117,
    2184,
    2261,
    2334,
    2396,
    2468,
    2533,
    2603,
    2669,
    2749,
    2821,
    2879,
    2958,
    3028,
    3094,
    3158,
    3225,
    3299,
    3364,
    3445,
    3507,
    3575,
    3649,
    3725,
    3797,
    3851
  ],
  "runningtime": [
    1.0093491395314536
  ]
}