{
  "distance": [
    985.4894210815504,
    1195.5094917255942,
    1351.7711759811946,
    1685.5678126680407,
    1880.1873805588991,
    2168.378050680047,
    2104.0616328226233,
    2324.040617897151,
    2451.623280881656,
    2571.5814161580356,
    2572.30607045504,
    2625.800436462186,
    2728.975055000567,
    2788.9126157300416,
    2745.7152421704413,
    2825.644327227013,
    2895.0494252356157,
    2952.926167605367,
    2906.6186411906474,
    2969.459688692979,
    3002.6704285306305,
    3034.620627856724,
    2999.6736216478303,
    3055.361029676006,
    3077.2215719345104,
    3118.2081391764345,
    3081.7546983459174,
    3106.845314782753,
    3140.251817718368,
    3184.9195652207995,
    3120.694674441783,
    3165.3517284188833,
    3186.229429612136,
    3198.2929344424524,
    3199.9687883162333,
    3193.3575952108304,
    3220.5270855553144,
    3230.7943292890204,
    3209.3311223872506,
    3236.989410612947,
    3255.2175293770483,
    3272.349041431437,
    3227.836632106847,
    3258.8052589243157,
    3268.1802793556612,
    3291.467646108789,
    3263.27128228006,
    3283.600869617525,
    3302.0598270014198,
    3298.6555256869424,
    3284.834928355466,
    3290.1266651688734,
    3315.795833456984,
    3320.017639424324,
    3298.0058148564412,
    3311.497810769236,
    3317.394404585341,
    3334.7484545307257,
    3314.428626814984
  ],
  "speed": [
    10.225761543344456,
    10.351341203573101,
    10.32764629829466,
    10.371029966823851,
    10.371114976694948,
    10.370834054583968,
    10.390351688249698,
    10.388081291764385,
    10.358017729069866,
    10.360057626066343,
    10.33273757756707,
    10.305572418709827,
    10.286597887194736,
    10.287908478292955,
    10.253739657542951,
    10.232768920358655,
    10.236647311805825,
    10.223934281986008,
    10.211907007684722,
    10.202949869878312,
    10.204696290975273,
    10.203729261732574,
    10.197816197011598,
    10.180461617195524,
    10.180591135527493,
    10.176409854550982,
    10.169420032965423,
    10.171378205217831,
    10.173818714250322,
    10.173007814629603,
    10.165679235054123,
    10.159566051183974,
    10.164274876615291,
    10.162353301586242,
    10.154415565726325,
    10.155161270355032,
    10.15469331209068,
    10.14850113010268,
    10.148677589760231,
    10.143047629698676,
    10.148104432269422,
    10.15302505792048,
    10.14581747982997,
    10.151162601646897,
    10.153128512542525,
    10.150670608858738,
    10.14847345977215,
    10.146349712860525,
    10.149101203335869,
    10.143888098862707,
    10.138136391421472,
    10.137566825761953,
    10.138816251577026,
    10.133302371900003,
    10.134795775871755,
    10.13141868961918,
    10.133012879054862,
    10.131809113213437,
    10.125908311124604
  ],
  "throuput": [
    9,
    28,
    50,
    87,
    135,
    185,
    251,
    312,
    380,
    463,
    513,
    585,
    662,
    730,
    791,
    863,
    927,
    1005,
    1070,
    1136,
    1210,
    1288,
    1345,
    1420,
    1489,
    1559,
    1637,
    1704,
    1775,
    1845,
    1913,
    1979,
    2054,
    2126,
    2195,
    2265,
    2342,
    2402,
    2483,
    2544,
    2610,
    2688,
    2753,
    2825,
    2901,
    2976,
    3039,
    3106,
    3171,
    3247,
    3317,
    3389,
    3460,
    3524,
    3600,
    3660,
    3734,
    3808,
    3869
  ],
  "runningtime": [
    1.1420432209968567
  ]
}