{
  "distance": [
    1032.2888160752575,
    1237.4520293618527,
    1520.4112697965827,
    1821.4964643151677,
    1984.0319291398375,
    2113.126536027912,
    2297.0553746928813,
    2401.200497479152,
    2502.1648179866293,
    2455.9549093940063,
    2643.5950030131758,
    2743.4747351778497,
    2834.8014976013633,
    2951.9204042472884,
    2968.1423906626337,
    3032.838271028275,
    3086.9046074971716,
    3142.2703862396907,
    3185.042171620406,
    3283.0512107436057,
    3177.1178830252516,
    3230.6718848060686,
    3303.1794237297713,
    3283.9993100239262,
    3340.3430718911227,
    3361.9794015284297,
    3385.563193169431,
    3418.743505453659,
    3444.3304395757295,
    3446.527256809657,
    3405.335822243654,
    3440.1890910873685,
    3438.841681748893,
    3479.7321550745014,
    3512.974056520143,
    3525.241715185378,
    3542.1958950684875,
    3579.0545002688436,
    3585.3682389235228,
    3605.751352190929,
    3658.207548836199,
    3586.7539806967957,
    3615.8380138287057,
    3667.470578767718,
    3658.6623273054643,
    3673.9960921293195,
    3700.0918185752885,
    3706.5234733441785,
    3704.39789614584,
    3722.7566259158566,
    3739.8308153088856,
    3678.263265704113,
    3699.015237672594,
    3731.2901795930075,
    3733.6507143049344,
    3732.625692603728,
    3758.5466810730604,
    3753.390859501115,
    3758.2237788625207
  ],
  "speed": [
    9.776162437862054,
    9.553029877062048,
    9.486242178468244,
    9.495695356061105,
    9.418641272772684,
    9.375795580845818,
    9.309581817812916,
    9.252364791620721,
    9.248268152135049,
    9.218897583836192,
    9.19445785642276,
    9.23386967749629,
    9.231447700424205,
    9.189378942435953,
    9.1534206958919,
    9.139688212433976,
    9.115022539333614,
    9.124660917038605,
    9.124194247770046,
    9.119429356459008,
    9.126940523752504,
    9.117335486310825,
    9.100127140020634,
    9.042271666776474,
    9.010565063396545,
    8.998603741661457,
    8.972934402749106,
    8.962952794133082,
    8.956578604065829,
    8.933812911390268,
    8.920493529196177,
    8.90457038219103,
    8.890378503213011,
    8.868721882080115,
    8.85193905764461,
    8.828019522829534,
    8.818854073815261,
    8.821464184229013,
    8.828560391690392,
    8.846008202986168,
    8.849111017307735,
    8.859602330101321,
    8.877776974482153,
    8.889451497470247,
    8.891349676823191,
    8.901553655704172,
    8.900230500428336,
    8.903150689333557,
    8.902438817373444,
    8.907460130198004,
    8.916073580352755,
    8.93021861839237,
    8.937965182465023,
    8.943978025895616,
    8.951900786240863,
    8.953817848066933,
    8.963211261388183,
    8.962370937440703,
    8.970238084811081
  ],
  "throuput": [
    7,
    24,
    43,
    77,
    110,
    150,
    200,
    255,
    306,
    361,
    422,
    480,
    551,
    608,
    679,
    738,
    798,
    869,
    925,
    988,
    1074,
    1131,
    1192,
    1254,
    1328,
    1388,
    1449,
    1511,
    1571,
    1634,
    1701,
    1773,
    1831,
    1888,
    1950,
    2018,
    2083,
    2144,
    2217,
    2291,
    2361,
    2443,
    2512,
    2576,
    2664,
    2730,
    2795,
    2865,
    2930,
    2988,
    3059,
    3116,
    3191,
    3273,
    3340,
    3408,
    3466,
    3534,
    3592
  ],
  "runningtime": [
    2.0561839938163757
  ]
}