{
  "distance": [
    1061.2630833853898,
    1294.9021268767667,
    1627.956448427089,
    1933.7605682369742,
    2114.335337488774,
    2260.7694228466266,
    2460.335337311989,
    2570.6339722858797,
    2675.078342200847,
    2626.311341257395,
    2805.684069453249,
    2882.7613902033027,
    2964.568736981861,
    3088.5380851354903,
    3100.9694433504033,
    3166.0702795021757,
    3224.738965331331,
    3269.505550813573,
    3305.609253456315,
    3397.464928806324,
    3278.023834229176,
    3334.7138770390184,
    3412.20135937611,
    3408.8059944921315,
    3468.2943881893807,
    3489.282618484328,
    3517.5552715893828,
    3545.9070935467157,
    3565.926194997969,
    3569.730955107329,
    3524.452818949225,
    3560.611707592714,
    3559.5719417430705,
    3601.0200026191087,
    3628.997729814713,
    3640.0916858351006,
    3653.5485729524776,
    3683.4505568494774,
    3675.9714159513983,
    3682.406666893793,
    3726.152201713375,
    3648.33267233032,
    3670.456690993491,
    3714.6974497817387,
    3702.756265661406,
    3716.0986882610378,
    3743.553860287147,
    3750.0662967078542,
    3751.4803685286165,
    3769.7619833729696,
    3784.205379783221,
    3717.3169244869123,
    3737.9773604587704,
    3767.6924474435205,
    3768.904805767363,
    3769.654441933489,
    3793.88242981275,
    3790.086038861214,
    3792.5583060880826
  ],
  "speed": [
    10.06457657976262,
    10.04717852774481,
    10.246646107568685,
    10.19754172917113,
    10.18233364130371,
    10.239672233377878,
    10.265140186043565,
    10.256054967307694,
    10.286058230109797,
    10.31571355264176,
    10.286202070272036,
    10.287533358033155,
    10.278719040768433,
    10.284238129532708,
    10.264746917502524,
    10.268063967861643,
    10.277389183122136,
    10.272327091472855,
    10.268963698389188,
    10.267862512963529,
    10.275835359196986,
    10.282878866390826,
    10.29134527640709,
    10.302924156775696,
    10.299978281489329,
    10.301045126841856,
    10.303582393499736,
    10.294568981264659,
    10.290175244183347,
    10.301142469463834,
    10.306464635880396,
    10.315872596457675,
    10.32395392223709,
    10.331042205298592,
    10.330078590590963,
    10.331125514494301,
    10.33543487675432,
    10.34396145707183,
    10.340884871257996,
    10.342122166536354,
    10.339367121782567,
    10.349096945438864,
    10.353561543513683,
    10.351749655445195,
    10.35062835826619,
    10.35199264541534,
    10.353111107492865,
    10.353026659935772,
    10.357246176850783,
    10.360152711711757,
    10.360533140363724,
    10.36341350181649,
    10.372370655843909,
    10.369615510254697,
    10.37219537098531,
    10.37208905079345,
    10.37068113894875,
    10.368297225906193,
    10.36720680400163
  ],
  "throuput": [
    10,
    26,
    48,
    86,
    127,
    174,
    231,
    283,
    337,
    407,
    474,
    536,
    605,
    670,
    727,
    794,
    855,
    918,
    982,
    1054,
    1126,
    1185,
    1258,
    1330,
    1393,
    1450,
    1523,
    1580,
    1648,
    1728,
    1786,
    1864,
    1923,
    2002,
    2062,
    2129,
    2188,
    2260,
    2322,
    2383,
    2457,
    2526,
    2595,
    2661,
    2721,
    2791,
    2853,
    2920,
    2987,
    3045,
    3116,
    3184,
    3257,
    3329,
    3388,
    3448,
    3515,
    3586,
    3649
  ],
  "runningtime": [
    1.6847739060719809
  ]
}