{
  "distance": [
    1056.2354026739495,
    1282.838992551639,
    1595.2518122534443,
    1911.7979294139468,
    2089.309560562959,
    2239.4437243965185,
    2431.6005434185936,
    2548.797956733904,
    2643.583431923991,
    2583.5499586132164,
    2771.971264665415,
    2857.359906187076,
    2940.7293165125284,
    3065.091308466433,
    3086.850176408486,
    3160.1705475290955,
    3210.517950359181,
    3263.932253148279,
    3296.1260961497774,
    3390.211993265488,
    3268.2941837476424,
    3321.8040732127774,
    3390.965662051664,
    3385.3759965230674,
    3446.8262053011977,
    3468.3593056416407,
    3495.08108272257,
    3527.5820944329007,
    3546.9759212302483,
    3547.6206093432056,
    3502.256646911174,
    3538.233010534301,
    3534.5710018294035,
    3574.343388917097,
    3605.504886453384,
    3618.1151031980044,
    3630.7978530296828,
    3659.207332716245,
    3657.3025335846405,
    3667.0587936150187,
    3711.5313523363534,
    3631.820324934018,
    3654.870947991339,
    3703.030733564876,
    3692.817804017052,
    3706.87689484405,
    3732.060856222547,
    3738.4332480093976,
    3738.4723990588154,
    3754.5053555697705,
    3768.248712281935,
    3702.0799054281943,
    3719.615290352361,
    3751.7428739882193,
    3751.3555947885197,
    3752.4612122932826,
    3776.529458234779,
    3774.6765226948814,
    3778.3853351745106
  ],
  "speed": [
    10.001751644640725,
    9.897816636636966,
    9.974490976891886,
    10.002788796788838,
    10.012401802986338,
    10.102563406375824,
    10.083181500743297,
    10.093511255645362,
    10.098072875098811,
    10.07293384241507,
    10.067125369984193,
    10.087666002866511,
    10.083566324235772,
    10.083486645147334,
    10.084002161872402,
    10.105491722576954,
    10.09008701079718,
    10.111537538904448,
    10.100320376114823,
    10.107729489433654,
    10.095156441854721,
    10.091171761770285,
    10.077535625106773,
    10.073498079645622,
    10.067888598102819,
    10.069633258984984,
    10.069019234003164,
    10.074216690420524,
    10.073523987938971,
    10.073960783786008,
    10.07303277704045,
    10.074725268102268,
    10.069328702899224,
    10.060151757830285,
    10.055262175189952,
    10.051622208394212,
    10.050119760788133,
    10.04885609676175,
    10.055738476447722,
    10.06166279656697,
    10.053279322148512,
    10.049200941785879,
    10.05055728005906,
    10.054700984051307,
    10.055582036310142,
    10.055209181348621,
    10.04693767823194,
    10.045306365378362,
    10.04242427903741,
    10.03824865540388,
    10.03423283261138,
    10.033109643207347,
    10.027492537368499,
    10.023682319329874,
    10.01627736891238,
    10.013482574983001,
    10.008744420436525,
    10.007192407318337,
    10.006557712560761
  ],
  "throuput": [
    7,
    26,
    44,
    82,
    123,
    174,
    220,
    278,
    336,
    398,
    462,
    527,
    595,
    656,
    712,
    783,
    844,
    914,
    978,
    1043,
    1117,
    1179,
    1248,
    1316,
    1377,
    1450,
    1511,
    1577,
    1651,
    1712,
    1776,
    1847,
    1906,
    1970,
    2039,
    2105,
    2171,
    2233,
    2308,
    2368,
    2432,
    2498,
    2562,
    2643,
    2708,
    2770,
    2840,
    2901,
    2975,
    3035,
    3093,
    3163,
    3229,
    3300,
    3367,
    3427,
    3489,
    3554,
    3629
  ],
  "runningtime": [
    1.5926046172777812
  ]
}