{
  "distance": [
    1058.117381467383,
    1291.8741579401676,
    1612.9413628106252,
    1932.464289212,
    2117.2004114588444,
    2264.2880564685393,
    2457.555965195608,
    2576.514063803271,
    2675.01736550935,
    2620.2707415055243,
    2805.218909263067,
    2884.1476650259056,
    2968.014526537308,
    3091.9004075409052,
    3106.105198941858,
    3165.887247251442,
    3223.9280832799573,
    3270.7865522781667,
    3307.9343693433084,
    3395.88587217368,
    3277.8960203487954,
    3333.958542850277,
    3407.798360004831,
    3401.78393497971,
    3463.519556883238,
    3482.480690800412,
    3508.9787531836046,
    3539.4777342221773,
    3560.1591846829506,
    3561.64925290839,
    3513.550393160795,
    3550.411940625004,
    3546.7483230537273,
    3583.6946711503124,
    3609.982588875499,
    3621.6606414253115,
    3636.6971983129233,
    3666.307355937861,
    3662.9584493013713,
    3670.5785746011734,
    3716.002552319131,
    3637.912278208908,
    3659.562309948578,
    3703.81151803506,
    3692.633362099753,
    3704.739283172167,
    3732.264016866686,
    3736.077682911512,
    3737.923671759528,
    3755.0603687533526,
    3769.792868160959,
    3702.9780510646187,
    3720.4928451732276,
    3750.573833320329,
    3753.3250714522214,
    3755.1543340975704,
    3783.0027349872885,
    3782.3710198371814,
    3785.3806494296364
  ],
  "speed": [
    10.02475764456977,
    10.00119540417191,
    10.131166882608767,
    10.16384280650007,
    10.184602715229062,
    10.258019479422266,
    10.25550800931289,
    10.276062901750956,
    10.289907673074216,
    10.302725242815077,
    10.284454944335476,
    10.290065078708722,
    10.28293801646087,
    10.28114604221974,
    10.272149180686972,
    10.267062305453441,
    10.274396828299702,
    10.276543577305159,
    10.282706739653744,
    10.274641068548567,
    10.284977050927743,
    10.29026563695467,
    10.289694280395624,
    10.286934843946442,
    10.278862078828244,
    10.273398298785425,
    10.271436258900353,
    10.271163476688626,
    10.266187993707334,
    10.267243661681562,
    10.265904480636037,
    10.277745583373061,
    10.274368789765665,
    10.266446954032702,
    10.254531258675852,
    10.24924762571412,
    10.249636518841106,
    10.250687216483552,
    10.253430204355448,
    10.253400229174984,
    10.249131423191749,
    10.248569923178609,
    10.249846052228541,
    10.244947637720363,
    10.242724119622359,
    10.235964473164449,
    10.233906371661249,
    10.222544233637628,
    10.223302947596236,
    10.221331003791562,
    10.217809860689457,
    10.213956839866572,
    10.210348482727811,
    10.2039762395768,
    10.203167084592987,
    10.200069659542331,
    10.203706345958874,
    10.205200059985126,
    10.20433653893402
  ],
  "throuput": [
    10,
    25,
    48,
    85,
    127,
    176,
    230,
    282,
    338,
    407,
    470,
    536,
    595,
    662,
    733,
    793,
    856,
    916,
    989,
    1050,
    1126,
    1189,
    1254,
    1318,
    1385,
    1451,
    1517,
    1580,
    1654,
    1719,
    1794,
    1863,
    1921,
    1996,
    2051,
    2112,
    2184,
    2240,
    2314,
    2377,
    2439,
    2509,
    2587,
    2649,
    2713,
    2777,
    2839,
    2904,
    2975,
    3035,
    3102,
    3165,
    3248,
    3312,
    3372,
    3431,
    3503,
    3572,
    3644
  ],
  "runningtime": [
    1.5968799074490865
  ]
}