{
  "distance": [
    1109.6487790746626,
    1459.1586728234931,
    1809.70355158285,
    2129.447367031795,
    2339.911251325558,
    2654.63812365473,
    2835.47198012566,
    2977.282458647372,
    3118.928935330751,
    3239.7860957247494,
    3322.568009578364,
    3427.9048113408503,
    3534.561724072641,
    3568.799438942914,
    3638.3063460344565,
    3686.122712591103,
    3711.314566678792,
    3753.3058673579035,
    3681.2790232341295,
    3779.4502102391616,
    3799.57228025327,
    3831.0067285262667,
    3894.6476765367893,
    3933.691509695372,
    3946.348870730174,
    4003.8306384392968,
    4030.67718121169,
    4043.966155417819,
    4077.2349681809387,
    4106.713679613937,
    4103.518852490955,
    4122.254688825775,
    4155.891554656124,
    4169.180754929278,
    4173.545762185558,
    4193.8767333018895,
    4185.9227364773005,
    4141.72206824725,
    4158.559986313035,
    4167.986335499217,
    4217.031699681888,
    4212.547927222413,
    4231.2676831708595,
    4254.543568562816,
    4240.124543322491,
    4261.81176478281,
    4276.992278435092,
    4289.810042594046,
    4308.774667068903,
    4312.978124727593,
    4316.16548687285,
    4314.345199084926,
    4336.131213282529,
    4322.340465093404,
    4339.696935437102,
    4341.0454511261905,
    4296.797563972521,
    4304.75399457618,
    4313.218696428729
  ],
  "speed": [
    11.338662502749136,
    11.313906199021973,
    11.194695846934199,
    11.192387242504203,
    11.215243772906428,
    11.242709233543833,
    11.248419676770167,
    11.21070848465721,
    11.19258132388989,
    11.196165795482337,
    11.199935732039913,
    11.181409953755523,
    11.171701954607311,
    11.1580189817618,
    11.149659713508438,
    11.130880856922627,
    11.137256878409422,
    11.128293684755352,
    11.10150486226837,
    11.105453038284402,
    11.10390502563292,
    11.084408578437316,
    11.075860871144426,
    11.06734774254746,
    11.047975157259062,
    11.03775377303137,
    11.03034339554999,
    11.024416610085089,
    11.018357703764428,
    11.020273276697234,
    11.015150703261018,
    11.003323430797806,
    11.000319134302302,
    10.991592467781166,
    10.98789916772116,
    10.985467739925022,
    10.982881929382394,
    10.980571279568393,
    10.979947100982328,
    10.971230747745924,
    10.962465550395986,
    10.960407618372532,
    10.954409044738576,
    10.951322623845291,
    10.944617174857978,
    10.932593844867704,
    10.928332969644678,
    10.926610368038006,
    10.920367603641905,
    10.913161144711008,
    10.901800688460174,
    10.894553654285422,
    10.889415905293566,
    10.881614750223283,
    10.873073908005967,
    10.865956100412271,
    10.861286554406062,
    10.850702919075047,
    10.843101262111436
  ],
  "throuput": [
    5,
    20,
    54,
    106,
    159,
    237,
    320,
    416,
    504,
    625,
    737,
    844,
    960,
    1065,
    1182,
    1292,
    1412,
    1510,
    1608,
    1721,
    1826,
    1938,
    2057,
    2168,
    2278,
    2382,
    2488,
    2617,
    2722,
    2822,
    2934,
    3053,
    3166,
    3277,
    3401,
    3510,
    3624,
    3749,
    3851,
    3957,
    4077,
    4179,
    4290,
    4393,
    4503,
    4611,
    4719,
    4833,
    4953,
    5063,
    5170,
    5283,
    5398,
    5510,
    5628,
    5746,
    5851,
    5950,
    6074
  ],
  "runningtime": [
    2.2891530275344847
  ]
}