{
  "distance": [
    1115.3277776891025,
    1466.9556604853144,
    1828.417848779292,
    2155.582270430583,
    2365.989849152512,
    2682.235910902848,
    2858.901596195623,
    3000.6393678723057,
    3139.9768318097986,
    3252.582762768591,
    3331.1876565010266,
    3434.383256224435,
    3543.6212766062113,
    3581.9014410697314,
    3646.4932824607104,
    3695.4180783792435,
    3713.2550403284,
    3754.467285850604,
    3683.4642781349853,
    3775.9617364825476,
    3793.595041734869,
    3826.4585500834974,
    3891.8747162712434,
    3931.0147167801256,
    3943.215570552277,
    3999.465871109127,
    4023.809722393745,
    4038.244750725519,
    4073.224215840393,
    4102.713098333268,
    4098.329395401109,
    4115.624871751469,
    4147.017573789088,
    4160.806328888257,
    4162.6947133653475,
    4182.245715745911,
    4176.525230776138,
    4133.230118233089,
    4150.217269654938,
    4163.091703047599,
    4216.965018886785,
    4212.221822373298,
    4231.451251121541,
    4254.404371108245,
    4238.952232905971,
    4262.962754255617,
    4276.550260965772,
    4285.823437769111,
    4307.335326179958,
    4313.721657808824,
    4319.483575944798,
    4318.564574187626,
    4338.235803336763,
    4325.916527618877,
    4343.218531856869,
    4346.180199092884,
    4303.175930234246,
    4310.665141242673,
    4319.434316096326
  ],
  "speed": [
    11.392329946255066,
    11.378936690733017,
    11.313762373751068,
    11.338475661894167,
    11.35467135482407,
    11.389407464720648,
    11.380648829403825,
    11.349114155272078,
    11.339196471839923,
    11.314684993031118,
    11.300072708471566,
    11.267329320406029,
    11.26657800091448,
    11.263003744791726,
    11.245105542528092,
    11.229798427169282,
    11.212615803552415,
    11.19665903995605,
    11.173067716779975,
    11.15658323640168,
    11.146877042098604,
    11.1264364171481,
    11.11928720511249,
    11.103547839055505,
    11.080926459523209,
    11.065300490981292,
    11.044161102949962,
    11.030706897207658,
    11.016263549826075,
    11.01020818441857,
    10.99970595379589,
    10.98426397620561,
    10.970607375679553,
    10.959343482249842,
    10.94548964525913,
    10.933369481948981,
    10.928084115467804,
    10.919569153115285,
    10.913079956914745,
    10.909673110202872,
    10.910919437525543,
    10.905687066333604,
    10.901122333784606,
    10.894860753439232,
    10.884376304657,
    10.87900816073365,
    10.872648576498337,
    10.86353822065831,
    10.861529596921043,
    10.858423073350389,
    10.85528513705933,
    10.85446168821799,
    10.84858397745014,
    10.845448784182135,
    10.837742496434009,
    10.835290967220823,
    10.83603299082838,
    10.828676420678487,
    10.825700870976233
  ],
  "throuput": [
    5,
    21,
    56,
    108,
    165,
    241,
    327,
    428,
    519,
    629,
    738,
    848,
    963,
    1072,
    1192,
    1297,
    1407,
    1518,
    1614,
    1721,
    1824,
    1934,
    2047,
    2159,
    2281,
    2373,
    2476,
    2589,
    2696,
    2820,
    2938,
    3050,
    3160,
    3271,
    3388,
    3486,
    3606,
    3726,
    3837,
    3946,
    4071,
    4179,
    4278,
    4375,
    4500,
    4610,
    4730,
    4828,
    4943,
    5066,
    5173,
    5303,
    5406,
    5516,
    5629,
    5747,
    5863,
    5970,
    6084
  ],
  "runningtime": [
    2.4352102677027383
  ]
}