{
  "distance": [
    1120.1460393152188,
    1471.1459055203784,
    1835.5066981393138,
    2159.8751630954093,
    2365.9924493217973,
    2679.144021461186,
    2849.367425613937,
    2993.0536198063605,
    3133.6367379240032,
    3241.51996146745,
    3327.0939063236438,
    3435.5817552994004,
    3544.9515732907603,
    3580.0817860387715,
    3645.754280521636,
    3696.1188117943934,
    3718.4084510884286,
    3760.9008467339927,
    3695.3698140630113,
    3790.1096486656775,
    3808.225866160113,
    3838.5298125743698,
    3903.3221016107677,
    3943.1906502849274,
    3958.9453865010164,
    4017.3304238410087,
    4038.789342889608,
    4051.002276993202,
    4084.5523293833794,
    4107.68777333297,
    4103.635864173791,
    4121.049211559454,
    4151.932937082937,
    4164.508506941342,
    4167.019777841458,
    4189.603098693826,
    4181.847484787621,
    4141.804764313278,
    4158.539352842052,
    4167.840871105117,
    4217.587503536587,
    4213.582586933511,
    4233.576365833673,
    4258.463994788972,
    4243.353154899938,
    4268.502925188283,
    4282.277965467183,
    4293.814308276611,
    4314.21169505795,
    4318.902919637637,
    4323.109144600184,
    4320.963347172535,
    4340.96607188134,
    4327.258327612741,
    4344.627268959922,
    4346.182152747053,
    4302.620266531783,
    4311.078353247102,
    4319.3263032154355
  ],
  "speed": [
    11.446199985344686,
    11.414391059815,
    11.364923966749778,
    11.374151688778667,
    11.354620174244442,
    11.360594198006382,
    11.31919750575881,
    11.286185353665948,
    11.273413572941823,
    11.237280049167342,
    11.236944794592077,
    11.217848867453084,
    11.220065536314124,
    11.208571389631523,
    11.193358254710551,
    11.178117768843201,
    11.16929617050802,
    11.161192117236201,
    11.160295000022037,
    11.157565710212634,
    11.15709638848531,
    11.14427054458864,
    11.146057494463209,
    11.139221421511577,
    11.128587094536634,
    11.117628052046937,
    11.100532681901788,
    11.09316399136795,
    11.085723866443196,
    11.072149404539303,
    11.065523299045736,
    11.053783750416487,
    11.044877975187436,
    11.037111739357583,
    11.025961357413513,
    11.023157043828354,
    11.017055174591821,
    11.017726756871602,
    11.012764469390662,
    11.002040916025088,
    10.995017440618696,
    10.98921532318355,
    10.984896079386601,
    10.983576034047996,
    10.975134794780072,
    10.973139727258406,
    10.968393173958745,
    10.96503528498691,
    10.962336971603635,
    10.95757256944241,
    10.951563720108263,
    10.946878043107032,
    10.941548859256171,
    10.935969104672417,
    10.928509562418666,
    10.921619756935078,
    10.920095471266748,
    10.914702392527554,
    10.9070196030057
  ],
  "throuput": [
    5,
    20,
    57,
    108,
    156,
    240,
    320,
    421,
    520,
    629,
    727,
    846,
    959,
    1071,
    1188,
    1286,
    1400,
    1520,
    1615,
    1731,
    1836,
    1958,
    2063,
    2166,
    2277,
    2382,
    2498,
    2615,
    2722,
    2827,
    2948,
    3061,
    3179,
    3287,
    3389,
    3507,
    3619,
    3738,
    3851,
    3956,
    4071,
    4179,
    4279,
    4390,
    4510,
    4620,
    4729,
    4833,
    4964,
    5078,
    5180,
    5304,
    5413,
    5524,
    5631,
    5755,
    5864,
    5971,
    6073
  ],
  "runningtime": [
    2.548621400197347
  ]
}