{
  "distance": [
    1019.1965370712956,
    1492.5880877192037,
    1960.8919274172206,
    2412.275894383247,
    2836.1565131304646,
    3254.305925661196,
    3637.9013806749062,
    3972.830024733282,
    4281.216161098738,
    4531.294689343595,
    4782.9685896977435,
    5001.450539225872,
    5221.261439142603,
    5441.580639531845,
    5638.733807019503,
    5801.463219592585,
    5974.114705391027,
    6045.777719421022,
    6155.86029058342,
    6214.057975391278,
    6302.459458579872,
    6386.85148730093,
    6359.357110005095,
    6458.309940008142,
    6530.096814475383,
    6579.089830328443,
    6652.112718606739,
    6643.021801994945,
    6688.636594403616,
    6713.8749400208,
    6720.766915456672,
    6744.310143928944,
    6750.697309550173,
    6752.501798223217,
    6815.8099019200345,
    6797.168057005473,
    6744.109588849777,
    6707.7562927134795,
    6705.302603870191,
    6695.203117815542,
    6642.269248902346,
    6660.625714301503,
    6628.861653956557,
    6618.335744092077,
    6583.462816161602,
    6486.53623827172,
    6480.236636865546,
    6477.648060582878,
    6433.5629705318925,
    6442.866965382888,
    6398.554995428735,
    6402.567354906901,
    6379.645059113485,
    4935.471522118322,
    5044.739384809403,
    5142.551643329231,
    5239.261309761896,
    5349.373454356126,
    5472.311107932159
  ],
  "speed": [
    8.595364519035352,
    8.432802471696737,
    8.389266457037781,
    8.35880315339917,
    8.33244140957918,
    8.343049615564285,
    8.321418415035424,
    8.300058602097817,
    8.30737386513874,
    8.330611291871907,
    8.341723535019206,
    8.350598582786253,
    8.367848693223504,
    8.384913671857888,
    8.392300009281982,
    8.398815334144523,
    8.398987645876666,
    8.40657466597609,
    8.418899571765813,
    8.426075081031238,
    8.43789397967973,
    8.439435207057032,
    8.445414539597284,
    8.448171022134037,
    8.451498848336701,
    8.4521175582517,
    8.458740783543139,
    8.4646662306396,
    8.464399799822216,
    8.469313720276103,
    8.472585832337517,
    8.474857627247234,
    8.481180348041923,
    8.483372700739052,
    8.488800449453478,
    8.493438040231846,
    8.49949163599854,
    8.503054912119001,
    8.506883833358126,
    8.508373213470316,
    8.511649129854563,
    8.513881467670592,
    8.515456643571715,
    8.518943169346178,
    8.519541760321015,
    8.520763291690185,
    8.520425821293003,
    8.52131304198651,
    8.522479852575806,
    8.52404371421924,
    8.5245333595157,
    8.525547094752735,
    8.526697565942733,
    8.536589211368295,
    8.533134414557322,
    8.523109476183977,
    8.52527347632664,
    8.523894110563564,
    8.52216507350354
  ],
  "throuput": [
    31,
    92,
    157,
    239,
    345,
    429,
    531,
    639,
    743,
    823,
    911,
    984,
    1074,
    1177,
    1283,
    1382,
    1483,
    1596,
    1699,
    1803,
    1887,
    1974,
    2070,
    2162,
    2263,
    2353,
    2461,
    2556,
    2654,
    2740,
    2830,
    2911,
    2998,
    3067,
    3133,
    3199,
    3261,
    3326,
    3402,
    3457,
    3519,
    3586,
    3652,
    3743,
    3808,
    3866,
    3916,
    3980,
    4030,
    4093,
    4156,
    4220,
    4280,
    4333,
    4397,
    4456,
    4508,
    4565,
    4618
  ],
  "runningtime": [
    4.573359934488932
  ]
}