{
  "distance": [
    1039.8779999523156,
    1525.8262913466572,
    2003.3682214486253,
    2467.8083868736685,
    2906.645649232357,
    3330.7282098677415,
    3719.9623264024513,
    4062.2098849917247,
    4373.68851747367,
    4613.59476704013,
    4865.713426785159,
    5088.1415658524365,
    5303.286410840528,
    5524.421737911459,
    5724.0612003251745,
    5888.191823005719,
    6064.7978429867035,
    6133.1390610768685,
    6238.926065183128,
    6292.854133589151,
    6370.91713702504,
    6451.041289150035,
    6423.5804564335685,
    6516.239007109066,
    6584.254341273011,
    6638.75217496938,
    6708.483156465042,
    6692.384154775999,
    6739.46448002095,
    6761.045861545317,
    6766.510318323974,
    6788.507673046243,
    6790.9949569676855,
    6792.175796516477,
    6851.048768269495,
    6829.66634909639,
    6773.649319859311,
    6736.243573323719,
    6729.8766568329565,
    6719.958048622872,
    6666.108852238637,
    6681.513642976261,
    6647.965998106732,
    6633.470300767251,
    6597.511315118406,
    6501.105854817591,
    6494.654413326689,
    6491.793973764634,
    6447.390082450492,
    6455.14821429833,
    6407.628690691851,
    6411.497452826144,
    6388.04641227341,
    4940.533363773465,
    5053.323335273591,
    5156.611627636849,
    5254.758947103763,
    5370.102596795791,
    5495.877335954859
  ],
  "speed": [
    8.774033656448642,
    8.625736326466349,
    8.585440878086322,
    8.573947813033154,
    8.562907900231243,
    8.56717744750205,
    8.547393109436753,
    8.535651688120707,
    8.54067704458021,
    8.53832290893466,
    8.546758209470529,
    8.560640394782824,
    8.571146008072551,
    8.588836874362975,
    8.599732091433681,
    8.605783389512112,
    8.610887531479396,
    8.617704868977594,
    8.628409789419429,
    8.633859219343032,
    8.633825241516716,
    8.633760284114995,
    8.645387719436911,
    8.642019059036633,
    8.644326559000206,
    8.652787628305008,
    8.65788145126341,
    8.660076766092626,
    8.665064960329113,
    8.66843740204336,
    8.672596799136798,
    8.677646279687481,
    8.680622010234003,
    8.683591334270016,
    8.68452610853475,
    8.686708297414572,
    8.690166718862976,
    8.694882958963563,
    8.694407614280255,
    8.697652804373023,
    8.701301567319488,
    8.701847807333982,
    8.704304838419745,
    8.70500793790027,
    8.705628365083237,
    8.708669069927776,
    8.708545937995996,
    8.710063356570677,
    8.712910066911144,
    8.714627512856898,
    8.712357805652571,
    8.715895894441353,
    8.718653934985879,
    8.725337333342235,
    8.724726471406443,
    8.71963965756213,
    8.720634621181329,
    8.72504684939057,
    8.72496365045133
  ],
  "throuput": [
    34,
    96,
    173,
    249,
    343,
    452,
    563,
    669,
    754,
    845,
    935,
    1014,
    1108,
    1197,
    1303,
    1394,
    1524,
    1628,
    1739,
    1832,
    1913,
    2007,
    2098,
    2195,
    2287,
    2375,
    2495,
    2589,
    2683,
    2767,
    2861,
    2946,
    3015,
    3089,
    3146,
    3216,
    3276,
    3352,
    3418,
    3475,
    3537,
    3608,
    3678,
    3759,
    3830,
    3883,
    3931,
    3992,
    4056,
    4113,
    4181,
    4243,
    4307,
    4352,
    4413,
    4468,
    4528,
    4587,
    4638
  ],
  "runningtime": [
    6.961956397692362
  ]
}