{
  "distance": [
    964.180251064264,
    1287.8955655628336,
    1572.3159012013004,
    1816.0675175666522,
    2073.3130769231266,
    2154.509182760555,
    2373.081083560941,
    2546.528809018828,
    2710.5814196184874,
    2809.061182436962,
    2950.9871389368254,
    2929.3811130839426,
    3049.8826922669746,
    3125.436419871025,
    3223.375300646172,
    3273.0363966790783,
    3348.341611458598,
    3320.058533564725,
    3378.4093690251693,
    3436.102004713923,
    3491.989556350983,
    3513.3587989202724,
    3565.738184198109,
    3519.8169064541266,
    3566.91370718041,
    3607.9763500404006,
    3640.852998130748,
    3670.5837849908853,
    3690.806326898203,
    3723.1163524835083,
    3695.765628567555,
    3728.049671453762,
    3749.1390287919244,
    3768.9812470669867,
    3798.1185864572963,
    3805.753249663619,
    3780.481606889216,
    3787.04035065199,
    3815.135665610899,
    3829.2959848136766,
    3858.455761451846,
    3865.5897074760737,
    3841.4074757546023,
    3855.407512699861,
    3868.2980585964447,
    3877.957682765358,
    3901.1311034900164,
    3910.0723467081575,
    3885.1842263144877,
    3897.687294648033,
    3913.114704988378,
    3925.289075763724,
    3934.3833523073845,
    3943.380525372966,
    3920.548396633347,
    3925.5481062568238,
    3934.3485987870135,
    3948.262862340399,
    3967.153573846378
  ],
  "speed": [
    10.737940114671646,
    10.586926995667154,
    10.493633605512418,
    10.438794453542734,
    10.34690626271647,
    10.269508237408212,
    10.233850053455278,
    10.206726637989117,
    10.165509033544888,
    10.118658478635059,
    10.075536877199093,
    10.038284297085932,
    10.016372120801584,
    9.988530624426934,
    9.95959924883599,
    9.925659334676485,
    9.895991583945237,
    9.86680453370476,
    9.836600729728689,
    9.813851507218702,
    9.778887345044097,
    9.756945621722782,
    9.726344634478815,
    9.691265731645535,
    9.671052412832505,
    9.65060889279106,
    9.622242894764659,
    9.597168961289137,
    9.570008206862626,
    9.545216550063342,
    9.525750920779279,
    9.504125327027287,
    9.477832160164988,
    9.453365383952418,
    9.429530146102865,
    9.399538767545014,
    9.376190870111234,
    9.34797226731164,
    9.327718336823283,
    9.306635953300097,
    9.281992877764615,
    9.260267128374096,
    9.239189690209072,
    9.219300072121966,
    9.19549984889467,
    9.171889642867285,
    9.151725529415765,
    9.129937733983967,
    9.108827059185474,
    9.087216775009827,
    9.063444795095075,
    9.041513999298115,
    9.018312579985716,
    8.99500609215052,
    8.969955681903205,
    8.950524894674547,
    8.928493236925247,
    8.907146545374735,
    8.88912928842533
  ],
  "throuput": [
    8,
    25,
    62,
    108,
    190,
    294,
    415,
    551,
    695,
    829,
    964,
    1128,
    1270,
    1428,
    1589,
    1746,
    1910,
    2064,
    2212,
    2380,
    2546,
    2693,
    2855,
    3004,
    3178,
    3339,
    3502,
    3655,
    3824,
    3982,
    4136,
    4290,
    4464,
    4631,
    4789,
    4948,
    5089,
    5249,
    5405,
    5572,
    5738,
    5907,
    6068,
    6220,
    6382,
    6537,
    6699,
    6863,
    7031,
    7180,
    7335,
    7510,
    7656,
    7819,
    7972,
    8131,
    8271,
    8445,
    8608
  ],
  "runningtime": [
    2.7739924510320026
  ]
}