{
  "distance": [
    963.3957220309452,
    1289.2504072737815,
    1573.165243526709,
    1821.6068897824675,
    2074.9995435071796,
    2161.3795892912694,
    2379.557003427798,
    2553.1537618661764,
    2717.693694122821,
    2820.8039483071475,
    2960.6141118921623,
    2944.199544592026,
    3063.7692840770783,
    3142.7861117828074,
    3241.537846754104,
    3292.724718834697,
    3363.0170193664962,
    3336.8944022753285,
    3394.6072215864256,
    3448.0732759016914,
    3502.7538945682827,
    3521.0648220758935,
    3571.7827765543652,
    3526.5703980502717,
    3572.6447498254415,
    3614.549205630759,
    3648.6664792061642,
    3676.0229075376187,
    3696.3105008633183,
    3727.160024117601,
    3698.681996494642,
    3729.3420881476527,
    3752.275068251731,
    3773.5953240310896,
    3804.5992787063747,
    3815.066836372029,
    3789.825170356802,
    3796.3755423677267,
    3822.217546973631,
    3834.598179789688,
    3865.893297410944,
    3871.1205346052643,
    3845.4909726691635,
    3858.1004423142836,
    3871.4476667275535,
    3881.5840357971015,
    3902.717107050212,
    3910.35618461465,
    3884.950987000988,
    3897.0374962655765,
    3913.097758615073,
    3926.1290289733797,
    3936.534079580179,
    3947.574187943512,
    3925.173979799848,
    3930.2218672580293,
    3939.448170835109,
    3951.7315836632765,
    3970.0164050651656
  ],
  "speed": [
    10.730168584598651,
    10.597929174684115,
    10.503446390450598,
    10.474084141562713,
    10.364303640597646,
    10.312870739440768,
    10.268183688260905,
    10.242012727633233,
    10.207161358325376,
    10.18574811037122,
    10.143468988556945,
    10.12498743506054,
    10.099705113964017,
    10.086623454017275,
    10.059410144880273,
    10.032097811077085,
    9.995562580616756,
    9.978806629507101,
    9.950676878429984,
    9.918674166041686,
    9.881579625471911,
    9.855584840457858,
    9.82093883429006,
    9.788301474475729,
    9.766395566758758,
    9.744245612506168,
    9.715993888345315,
    9.68388762681678,
    9.655291656890043,
    9.62325365379915,
    9.594882390411065,
    9.56547602662889,
    9.539364035088635,
    9.5128069964745,
    9.488767292880935,
    9.462642718360465,
    9.439618115663057,
    9.411888612864486,
    9.387758245675291,
    9.36175280994686,
    9.342973224522158,
    9.316121897322903,
    9.292140226411364,
    9.269630861007563,
    9.246643654719277,
    9.225082234176604,
    9.202255117060758,
    9.17826837593826,
    9.156897853046004,
    9.134859230126445,
    9.114347666627678,
    9.093277964273318,
    9.071069569341224,
    9.052002069073113,
    9.027641594872613,
    9.007710556138226,
    8.986967129741654,
    8.96393880143608,
    8.945469150649565
  ],
  "throuput": [
    7,
    24,
    64,
    111,
    191,
    294,
    414,
    554,
    701,
    839,
    979,
    1133,
    1281,
    1439,
    1592,
    1764,
    1929,
    2081,
    2230,
    2396,
    2566,
    2714,
    2865,
    3021,
    3181,
    3342,
    3497,
    3672,
    3822,
    3980,
    4126,
    4299,
    4450,
    4615,
    4780,
    4941,
    5113,
    5254,
    5416,
    5584,
    5749,
    5914,
    6070,
    6238,
    6388,
    6553,
    6720,
    6870,
    7036,
    7199,
    7342,
    7493,
    7658,
    7830,
    7978,
    8135,
    8297,
    8474,
    8635
  ],
  "runningtime": [
    2.843805905183156
  ]
}