{
  "distance": [
    965.2760318503865,
    1293.466987032286,
    1576.6707412182855,
    1822.8392882849369,
    2074.7645349295176,
    2162.252395379354,
    2379.6894244592636,
    2552.8862459717475,
    2722.0591583094238,
    2818.494146383797,
    2960.956491912129,
    2944.813842284123,
    3067.430636668455,
    3143.8170362435744,
    3240.1705343241897,
    3288.0773939212745,
    3362.5152971889083,
    3334.3612664034813,
    3394.8279900385633,
    3450.109082725535,
    3507.788466907092,
    3529.4018775430295,
    3581.487439904764,
    3535.1267788102027,
    3582.4084544148814,
    3622.3117968742263,
    3658.2113403130074,
    3685.0410957295253,
    3704.57720340832,
    3734.65951022336,
    3706.561086318333,
    3739.914800630386,
    3760.2986058204087,
    3779.412814930441,
    3807.238249216939,
    3816.7888348618453,
    3789.29019490639,
    3796.1832155359384,
    3822.1312754551655,
    3833.1460524104577,
    3863.2255110609076,
    3868.9506794570893,
    3842.5902424728088,
    3855.794684151244,
    3868.9870658694954,
    3878.3902080074795,
    3901.8115225239458,
    3909.747099110213,
    3884.435089076122,
    3896.6050479993883,
    3911.5632903503606,
    3923.5127334071894,
    3933.128305211285,
    3942.62558093439,
    3919.7578514669895,
    3926.223491972917,
    3935.2585159206574,
    3949.526850904865,
    3967.3884061374483
  ],
  "speed": [
    10.750385541239737,
    10.632590411467845,
    10.527204952367864,
    10.479663898441993,
    10.366848612853486,
    10.330247795303825,
    10.281295119955553,
    10.254402170169103,
    10.238948066966577,
    10.188909592312337,
    10.14867703111102,
    10.13441218103356,
    10.12168135524461,
    10.10300227057119,
    10.07433896783019,
    10.042651886793053,
    10.01199118439858,
    9.984675861746936,
    9.960931594602828,
    9.930099174106177,
    9.896792369356083,
    9.877582423996905,
    9.84848768714374,
    9.816335647893471,
    9.799189201797079,
    9.772941890706536,
    9.751908482190757,
    9.722602522169629,
    9.694886572653902,
    9.663188706362565,
    9.640700359113074,
    9.622532158977,
    9.593574884344246,
    9.565693683339964,
    9.536183787438505,
    9.509663906559048,
    9.481447622926629,
    9.453508067439751,
    9.428923290687859,
    9.39990486907237,
    9.376275711876154,
    9.347936734878614,
    9.318660103273158,
    9.29367150493294,
    9.265692817035026,
    9.238612544551737,
    9.215541485902019,
    9.189029361972253,
    9.166038491916698,
    9.141400613891381,
    9.115365807707281,
    9.090385219446588,
    9.064858726364658,
    9.040896695916025,
    9.01419594874039,
    8.996294613376614,
    8.973970576680067,
    8.953091173830137,
    8.932694773924265
  ],
  "throuput": [
    7,
    25,
    62,
    110,
    193,
    299,
    417,
    549,
    712,
    829,
    968,
    1140,
    1283,
    1444,
    1600,
    1765,
    1921,
    2076,
    2224,
    2387,
    2551,
    2720,
    2877,
    3027,
    3192,
    3348,
    3514,
    3689,
    3836,
    3996,
    4159,
    4308,
    4484,
    4634,
    4802,
    4954,
    5110,
    5251,
    5434,
    5578,
    5740,
    5904,
    6060,
    6203,
    6368,
    6520,
    6691,
    6866,
    7030,
    7182,
    7331,
    7494,
    7650,
    7816,
    7970,
    8128,
    8275,
    8457,
    8617
  ],
  "runningtime": [
    3.2461172024408977
  ]
}