{"total_trips": 3931.659, "trip_mean": 4000.991622902071, "trip_var": 3983087.8560316735}