{
  "distance": [
    1113.462879893856,
    1621.4055731889666,
    2075.6434675968335,
    2499.006925027165,
    2889.6604420718427,
    3243.444844199723,
    3582.9292833213826,
    3914.2708109669156,
    4255.508765485358,
    4538.794273895855,
    4793.259990446992,
    5023.854101966979,
    5249.560979687622,
    5458.505786046226,
    5620.915402937452,
    5774.819288992531,
    5933.192018955284,
    6094.86676003316,
    6186.960602445937,
    6266.577181186896,
    6361.358752130954,
    6431.791885845208,
    6512.719132364549,
    6547.603800228181,
    6597.534980335827,
    6612.590110976869,
    6669.670456725023,
    6679.39301125648,
    6713.5365286813585,
    6711.121289953707,
    6716.932740970163,
    6723.418901775141,
    6707.571148904272,
    6700.937389195669,
    6668.105945748651,
    6635.026885113804,
    6656.068013690101,
    6601.116948794778,
    6586.379534463147,
    6588.292539321254,
    6539.2567608542495,
    6509.6073710951,
    6501.256119027528,
    6475.774213150426,
    5286.098388680989,
    5378.4705398136875,
    5488.53992301641,
    5564.858298411605,
    5650.370374812601,
    5730.7298114745045,
    5822.012984348888,
    5900.457661028702,
    5968.061553039965,
    6042.304832433852,
    6122.523691090761,
    6203.1942459128895,
    6243.740713337867,
    6310.991064106112,
    6376.3974832378335
  ],
  "speed": [
    9.385525779237017,
    9.231586798259729,
    9.07938582480855,
    8.992036262335356,
    8.961825909979432,
    8.954048693094482,
    8.940386030515956,
    8.92263480663488,
    8.930294623345992,
    8.931944185243514,
    8.935865800845276,
    8.93497961599541,
    8.95111890796567,
    8.97513748452092,
    8.981846394456808,
    8.988070873788562,
    9.000023698460385,
    9.014227959202234,
    9.02258943874161,
    9.036372176657288,
    9.045665011182388,
    9.049303870741761,
    9.053587969914945,
    9.061751326735871,
    9.06813093287188,
    9.072828594945177,
    9.081365291909899,
    9.08877057264445,
    9.096593334294075,
    9.104152746164782,
    9.111737075774661,
    9.116750697338002,
    9.1233298535844,
    9.133530932800012,
    9.1367620665462,
    9.142033703570759,
    9.146821254146522,
    9.155694719894207,
    9.16160553433984,
    9.168951769983792,
    9.174484694229955,
    9.177510407560547,
    9.18409461315128,
    9.191427283585693,
    9.198723744779278,
    9.21092283792264,
    9.211410166850783,
    9.209578606660358,
    9.205180734448147,
    9.20049330961218,
    9.19654052086892,
    9.194431293020868,
    9.191336427766982,
    9.190355463580353,
    9.189915222745093,
    9.186707276934152,
    9.183887620882743,
    9.181078945788045,
    9.183466239790802
  ],
  "throuput": [
    22,
    74,
    163,
    250,
    379,
    526,
    682,
    875,
    1080,
    1313,
    1564,
    1813,
    2113,
    2397,
    2687,
    2975,
    3291,
    3582,
    3862,
    4165,
    4466,
    4771,
    5068,
    5396,
    5718,
    6017,
    6328,
    6640,
    6921,
    7242,
    7545,
    7833,
    8082,
    8361,
    8618,
    8866,
    9108,
    9359,
    9605,
    9851,
    10117,
    10326,
    10538,
    10773,
    10975,
    11200,
    11406,
    11608,
    11797,
    12016,
    12217,
    12424,
    12610,
    12828,
    13037,
    13280,
    13508,
    13767,
    14040
  ],
  "runningtime": [
    8.61931626399358
  ]
}