{
  "distance": [
    1165.587476322669,
    1714.3552195360617,
    2210.331469739221,
    2672.208076299741,
    3090.96769589792,
    3462.853280586904,
    3824.8686381880784,
    4180.485279643597,
    4531.756787607785,
    4827.541726004962,
    5087.070735477236,
    5324.129443274833,
    5546.602592511641,
    5748.120227123296,
    5907.086581689637,
    6061.755784244088,
    6217.006199857708,
    6372.556493515595,
    6453.318114319187,
    6520.079009003187,
    6602.894680528724,
    6665.483848105558,
    6736.215509542723,
    6755.5881780297705,
    6792.513698601195,
    6795.998671753146,
    6840.635749684172,
    6836.51218371428,
    6861.5835319027765,
    6849.5531626976435,
    6845.307773619786,
    6844.850958147519,
    6818.7226780506335,
    6800.03869126528,
    6760.266400353205,
    6718.417189254033,
    6733.882608858465,
    6669.89686987986,
    6646.815119736016,
    6643.924914522078,
    6590.98886795032,
    6558.345321578921,
    6544.368408439577,
    6514.478778870797,
    5315.445953046672,
    5408.947864176208,
    5525.551690505678,
    5606.173595259861,
    5697.026585192522,
    5785.346496738162,
    5883.053613317766,
    5966.139979811823,
    6039.664446330111,
    6118.450994915458,
    6202.57738037888,
    6288.935769245223,
    6334.273210726623,
    6407.219030843569,
    6475.225011826084
  ],
  "speed": [
    9.823269200763514,
    9.765457593232476,
    9.679618938983893,
    9.636517947771809,
    9.621330287254674,
    9.609591888963728,
    9.605329940132865,
    9.60698544353077,
    9.60220466018048,
    9.608668809034155,
    9.61062909849905,
    9.613330565498106,
    9.618497616944044,
    9.628681400547675,
    9.633301984797932,
    9.64667951939204,
    9.65895996900416,
    9.671257099550012,
    9.677641055044596,
    9.688710919795803,
    9.69675177282482,
    9.707448800315435,
    9.715100569066099,
    9.721079170995294,
    9.726985073613026,
    9.734809914203694,
    9.741667235624003,
    9.746027431705324,
    9.755474253340253,
    9.762643953570741,
    9.768451307198793,
    9.776523827591012,
    9.78240208337119,
    9.789149130169188,
    9.793824711237923,
    9.797018519717646,
    9.802674810626698,
    9.808048483236616,
    9.809517659348167,
    9.815845167086227,
    9.820879182765125,
    9.824285744765142,
    9.827224753752331,
    9.832295024163578,
    9.833638706280631,
    9.839136019105732,
    9.841089763964098,
    9.836797292014063,
    9.832037504671415,
    9.831131927469745,
    9.827960695720412,
    9.825535605513702,
    9.824342333920546,
    9.824078301064626,
    9.823361417255413,
    9.823081998046039,
    9.82282443119605,
    9.823562232849246,
    9.824910387050714
  ],
  "throuput": [
    23,
    89,
    174,
    291,
    430,
    589,
    757,
    979,
    1203,
    1436,
    1722,
    1999,
    2278,
    2580,
    2917,
    3204,
    3523,
    3841,
    4137,
    4450,
    4765,
    5101,
    5406,
    5703,
    6038,
    6343,
    6634,
    6921,
    7194,
    7496,
    7809,
    8100,
    8350,
    8623,
    8859,
    9102,
    9338,
    9567,
    9791,
    10031,
    10270,
    10486,
    10703,
    10906,
    11100,
    11336,
    11530,
    11721,
    11924,
    12115,
    12340,
    12537,
    12759,
    12965,
    13195,
    13424,
    13671,
    13922,
    14197
  ],
  "runningtime": [
    19.621685536702476
  ]
}