{
  "distance": [
    1136.2446088205745,
    1658.7448654946616,
    2134.561249449499,
    2575.6659838913833,
    2976.5423595220714,
    3342.8069663557567,
    3696.940567261202,
    4044.271839182453,
    4391.898440961364,
    4676.460735034616,
    4933.364565555059,
    5170.427635452869,
    5395.589436735067,
    5599.2534447873795,
    5761.782011603137,
    5910.764223383646,
    6065.500845369289,
    6221.948848074198,
    6310.013224337102,
    6379.508163408922,
    6469.6869601412345,
    6533.585891299551,
    6611.769388292657,
    6641.064233706976,
    6685.151776121538,
    6693.918098389501,
    6740.737933227829,
    6745.363311336757,
    6775.685800817033,
    6770.326004109222,
    6771.360343199922,
    6778.073605621524,
    6757.388368866101,
    6744.296774683494,
    6707.627111024052,
    6671.107456569769,
    6689.8269131689385,
    6631.030434622277,
    6611.309967089198,
    6610.387208904579,
    6560.113301688926,
    6530.033947377256,
    6519.311674327859,
    6492.188398323013,
    5298.0294103356755,
    5389.800301180456,
    5501.325130239707,
    5579.997603246975,
    5668.891705327068,
    5752.789094619126,
    5848.933305341553,
    5930.254272432739,
    6002.002132921999,
    6079.194147222893,
    6161.542085704455,
    6246.597585015887,
    6288.518893267039,
    6359.033584536853,
    6425.579572265542
  ],
  "speed": [
    9.576756185925095,
    9.446780279387367,
    9.342758225666863,
    9.280205303955336,
    9.248507390814137,
    9.249186507690496,
    9.25013888321509,
    9.25308110805529,
    9.258586214130744,
    9.253654411079381,
    9.258505974585404,
    9.266334555131321,
    9.278266952266506,
    9.294890007526545,
    9.306851733350229,
    9.31061404516973,
    9.32115461522305,
    9.329322447118773,
    9.336720292071552,
    9.340446811928604,
    9.34851780701581,
    9.35000483590495,
    9.35782332276085,
    9.366743505445775,
    9.371259982935387,
    9.37498883390984,
    9.375862876784966,
    9.382415401494999,
    9.38983826932921,
    9.397458070477912,
    9.402533099574175,
    9.411429807513736,
    9.416814732065536,
    9.424117169389941,
    9.426612965626244,
    9.431308430061026,
    9.436462716446654,
    9.444698002595048,
    9.447383719977278,
    9.453030665104535,
    9.45806347024399,
    9.460728315732432,
    9.465762983684618,
    9.472167718374497,
    9.475913546385733,
    9.48289933545211,
    9.480336319812022,
    9.47719075374683,
    9.47430508505972,
    9.47087761557369,
    9.470539447809639,
    9.469744542961044,
    9.470513645681969,
    9.471357951472319,
    9.470940034158636,
    9.47076008010945,
    9.467845653030277,
    9.468208175997848,
    9.470000732374888
  ],
  "throuput": [
    24,
    79,
    172,
    268,
    396,
    547,
    724,
    919,
    1148,
    1377,
    1641,
    1912,
    2207,
    2512,
    2821,
    3109,
    3415,
    3691,
    3975,
    4273,
    4602,
    4922,
    5229,
    5531,
    5850,
    6166,
    6463,
    6748,
    7038,
    7330,
    7642,
    7941,
    8217,
    8470,
    8730,
    8959,
    9200,
    9475,
    9693,
    9930,
    10166,
    10378,
    10624,
    10813,
    11036,
    11253,
    11438,
    11643,
    11846,
    12056,
    12264,
    12484,
    12685,
    12879,
    13101,
    13331,
    13590,
    13842,
    14120
  ],
  "runningtime": [
    11.214566135406494
  ]
}