{
  "distance": [
    1144.5217943071677,
    1681.7453563568404,
    2168.2770389688635,
    2621.6427445786817,
    3036.3910398422845,
    3407.912569642153,
    3766.308369602639,
    4117.077767302972,
    4464.2860475337875,
    4754.157118750188,
    5011.020233372388,
    5249.210794761832,
    5472.936736530925,
    5675.214805272936,
    5837.816543160907,
    5992.382459210614,
    6145.354682114553,
    6301.905233751172,
    6391.398701238395,
    6459.555217576109,
    6544.009139534947,
    6608.547561879492,
    6687.269555560462,
    6712.298875698198,
    6756.248075808696,
    6761.8874139189775,
    6808.2004026513405,
    6804.578846160964,
    6828.826202586092,
    6818.483624165429,
    6813.990960452948,
    6815.1303500230215,
    6792.389875570243,
    6778.339713422984,
    6740.116073440162,
    6700.559456250058,
    6716.8266805492,
    6654.024481611665,
    6631.1622210813775,
    6627.395622675901,
    6576.195292297532,
    6545.668374055479,
    6531.811286160588,
    6503.589861701364,
    5305.690887604968,
    5398.569438901636,
    5513.6868980295685,
    5594.029475490272,
    5682.65012013365,
    5767.959992521265,
    5864.29725455828,
    5947.137894437954,
    6018.232372983247,
    6098.0510918967575,
    6182.877093786646,
    6267.228384996022,
    6310.966109461937,
    6382.97744048305,
    6449.514613361851
  ],
  "speed": [
    9.645395948792794,
    9.577041035545177,
    9.491650297744084,
    9.448344658925715,
    9.439088594774377,
    9.440489699810922,
    9.441260355556883,
    9.438142538414176,
    9.432547867596712,
    9.429719052235546,
    9.42769332759294,
    9.436277400424947,
    9.44517467081228,
    9.458214461427227,
    9.468862473535742,
    9.481700259491669,
    9.490777455753381,
    9.502019790769399,
    9.5166632701196,
    9.523976379034107,
    9.528576189448922,
    9.536392412530276,
    9.549312661223116,
    9.558502541208183,
    9.569429661231663,
    9.575056745564632,
    9.581540381405,
    9.58487397823926,
    9.59172618217151,
    9.6002270157565,
    9.603615940398708,
    9.610670960393255,
    9.617351742729156,
    9.626270895293159,
    9.629852534994058,
    9.63375271887762,
    9.639649036975362,
    9.646014907530086,
    9.648728004028664,
    9.65423714314147,
    9.660813979586974,
    9.665218684314775,
    9.66737728568918,
    9.673569938632962,
    9.673899640304505,
    9.679740517179575,
    9.680835241573526,
    9.678454307772288,
    9.672046709394467,
    9.668375574730478,
    9.665778478637753,
    9.664190779007749,
    9.660298544680378,
    9.661519964030967,
    9.661984183847165,
    9.659053886520963,
    9.657080738764982,
    9.657874345001533,
    9.65885154128215
  ],
  "throuput": [
    22,
    82,
    172,
    275,
    408,
    577,
    745,
    945,
    1163,
    1400,
    1676,
    1966,
    2244,
    2542,
    2868,
    3156,
    3458,
    3764,
    4048,
    4360,
    4687,
    5006,
    5311,
    5635,
    5957,
    6267,
    6578,
    6878,
    7170,
    7439,
    7748,
    8030,
    8274,
    8556,
    8786,
    9046,
    9303,
    9541,
    9787,
    10005,
    10228,
    10437,
    10655,
    10864,
    11079,
    11285,
    11499,
    11697,
    11883,
    12100,
    12303,
    12505,
    12701,
    12895,
    13125,
    13381,
    13621,
    13890,
    14176
  ],
  "runningtime": [
    13.74827078183492
  ]
}