{
  "distance": [
    1153.595370273742,
    1693.287221922915,
    2188.1408879646096,
    2647.4979289133526,
    3064.2383405693527,
    3435.1118824571877,
    3792.6817015693086,
    4140.038048217814,
    4491.397763170603,
    4785.7246309358425,
    5049.864488674934,
    5286.06107423245,
    5511.176852736336,
    5713.646737735062,
    5875.5067053888815,
    6027.091376119634,
    6182.778195167827,
    6341.012763223521,
    6426.193906754532,
    6493.457177085089,
    6576.789952602382,
    6638.232808844801,
    6711.739098830518,
    6734.946885200576,
    6774.3437448137165,
    6776.6155309289115,
    6821.785288409706,
    6816.8386925057275,
    6840.4699208178845,
    6828.334973593045,
    6822.152921210702,
    6822.610316828994,
    6797.989219813646,
    6782.886635326668,
    6744.714642601216,
    6706.668966369663,
    6721.42964468142,
    6658.69121002793,
    6635.483499006274,
    6632.632810602967,
    6580.678520086497,
    6548.685918118932,
    6535.023354240213,
    6505.968571290539,
    5308.644224812726,
    5400.386204974747,
    5515.701390567304,
    5597.282299759447,
    5688.758709103715,
    5775.30496645305,
    5872.752553610567,
    5955.01757294517,
    6028.712754255878,
    6107.520145316639,
    6191.117732015794,
    6277.285271128147,
    6321.826685192644,
    6393.985608869316,
    6462.539540754044
  ],
  "speed": [
    9.72324131158208,
    9.643615914281543,
    9.57883602061239,
    9.541202488111292,
    9.530082694966163,
    9.522242422922307,
    9.515998336767526,
    9.505007506971916,
    9.505858050096146,
    9.509106647087462,
    9.520555956330492,
    9.524618749781094,
    9.537944392090438,
    9.550926542855063,
    9.559818728272727,
    9.567477145713235,
    9.578566351867824,
    9.59381910253795,
    9.605082484315421,
    9.614722886504708,
    9.620831918382462,
    9.62708259177247,
    9.635579259893262,
    9.64366380155796,
    9.649653171294998,
    9.65379182360078,
    9.660475373751382,
    9.66283879494794,
    9.669615315667794,
    9.676058873353016,
    9.678916645190315,
    9.686126263466958,
    9.690725182229837,
    9.698545504700661,
    9.702392003123515,
    9.709789249075493,
    9.713524424471588,
    9.719499415522014,
    9.719952745508502,
    9.726632469755447,
    9.732890218009304,
    9.73686969094795,
    9.739733263134845,
    9.744366095091989,
    9.745918922088691,
    9.749204378613824,
    9.74928931233945,
    9.747172138951944,
    9.744160442059277,
    9.741750665452482,
    9.739693100852875,
    9.736937287522966,
    9.736703696548513,
    9.73660873809782,
    9.735022184510159,
    9.734407238214438,
    9.733648990115322,
    9.73417466681732,
    9.737493561499416
  ],
  "throuput": [
    26,
    81,
    169,
    278,
    422,
    583,
    766,
    961,
    1181,
    1404,
    1699,
    1996,
    2273,
    2561,
    2880,
    3172,
    3481,
    3794,
    4111,
    4410,
    4731,
    5052,
    5348,
    5657,
    6000,
    6313,
    6607,
    6906,
    7175,
    7465,
    7791,
    8047,
    8307,
    8553,
    8816,
    9078,
    9303,
    9552,
    9768,
    10027,
    10261,
    10463,
    10677,
    10869,
    11096,
    11297,
    11502,
    11695,
    11897,
    12122,
    12318,
    12527,
    12735,
    12921,
    13146,
    13405,
    13653,
    13898,
    14185
  ],
  "runningtime": [
    15.176824164390563
  ]
}