{
  "distance": [
    1052.3974797794867,
    1445.6432231861852,
    1762.8483065752025,
    2069.9150260501337,
    2360.4715569465084,
    2568.1960005859733,
    2400.10015778274,
    2665.261956544839,
    2882.706336118181,
    3068.5215063912356,
    3270.08971177964,
    3377.31002994248,
    3503.693313571251,
    3289.725415679148,
    3450.921630430951,
    3590.7616563994434,
    3706.0205832268216,
    3781.433268178391,
    3849.519080140031,
    3944.281554791518,
    3733.8342624944953,
    3843.6683683666038,
    3930.737396972824,
    3994.576743223239,
    4051.1049086517583,
    4108.896397778903,
    4167.254785694723,
    4205.8342940609355,
    4058.3584995120514,
    4119.370661259974,
    4181.751671069105,
    4228.272193055106,
    4269.210424795086,
    4311.458737757516,
    4359.101253089728,
    4202.066602412127,
    4260.142116462753,
    4301.668534922721,
    4336.259098741553,
    4368.938942971514,
    4413.438979305682,
    4421.722957569783,
    4304.428952198447,
    4353.963302471278,
    4390.827835497141,
    4413.409893034541,
    4454.8829641449975,
    4478.973412732407,
    4499.336847164327,
    4389.946404160919,
    4427.742309528917,
    4454.302169955019,
    4486.3099827670685,
    4506.835974934804,
    4532.855217148415,
    4556.8480464944805,
    4570.1886626460255,
    4477.798025787978,
    4497.51985714179
  ],
  "speed": [
    10.712025587670606,
    10.48940138455242,
    10.475559809413504,
    10.507182873350931,
    10.44602843639597,
    10.457207310471366,
    10.487626826596415,
    10.441583126944204,
    10.359891290030632,
    10.34920936733851,
    10.289601627334626,
    10.253109342584777,
    10.224905022172825,
    10.189489543670996,
    10.206477847872577,
    10.147221934558186,
    10.081610026490324,
    10.027656028653226,
    10.00930495396937,
    9.985389452208322,
    9.96766449898928,
    9.960980036550039,
    9.9026644600235,
    9.872899241563928,
    9.842443019512114,
    9.820757464858715,
    9.792631031497166,
    9.766021452572533,
    9.751055377658965,
    9.725340022753208,
    9.698246660734847,
    9.671768591463684,
    9.651831224192541,
    9.623608577160978,
    9.601088438496337,
    9.58586825257774,
    9.569494561621932,
    9.540806600278698,
    9.511595338110698,
    9.489650581375303,
    9.460881980893426,
    9.437712014761814,
    9.42649819123454,
    9.41171621453246,
    9.38589083720063,
    9.359792837668097,
    9.332906043499975,
    9.31522517748471,
    9.296997357038139,
    9.272532814533237,
    9.26282571840628,
    9.240072756344375,
    9.222453290348476,
    9.205580583399056,
    9.186921704976362,
    9.16950838357327,
    9.149127938790105,
    9.135526096500135,
    9.105013598862323
  ],
  "throuput": [
    5,
    22,
    61,
    102,
    152,
    225,
    320,
    409,
    511,
    615,
    741,
    861,
    959,
    1064,
    1191,
    1303,
    1417,
    1567,
    1685,
    1815,
    1935,
    2055,
    2171,
    2295,
    2445,
    2578,
    2695,
    2814,
    2941,
    3060,
    3181,
    3313,
    3442,
    3556,
    3688,
    3821,
    3941,
    4041,
    4187,
    4326,
    4445,
    4571,
    4686,
    4822,
    4945,
    5057,
    5197,
    5322,
    5456,
    5587,
    5702,
    5835,
    5953,
    6090,
    6221,
    6357,
    6486,
    6611,
    6724
  ],
  "runningtime": [
    1.6999443650245667
  ]
}