{
  "distance": [
    1090.8158365496267,
    1510.7838232831061,
    1845.1102365803845,
    2165.4350264910004,
    2464.479603368385,
    2655.0560967535444,
    2469.2037580862966,
    2738.4535116568486,
    2964.996381664669,
    3140.5930762724556,
    3348.8347381019003,
    3469.247543522783,
    3597.0436962927306,
    3376.2568228454156,
    3521.2174309351904,
    3661.382129416971,
    3782.9894579448037,
    3865.997852283772,
    3929.493724112077,
    4021.313881108692,
    3801.5506078554176,
    3914.024001140357,
    4003.7448926667507,
    4063.8587581453303,
    4121.20935543117,
    4180.148805959718,
    4239.272803145538,
    4275.420067747222,
    4123.34418522458,
    4181.787715681835,
    4240.007876111412,
    4283.700886398305,
    4320.709245505171,
    4362.265374932765,
    4406.351130231388,
    4244.6427297397095,
    4301.405890610602,
    4341.218013672207,
    4376.339389184333,
    4407.724315367205,
    4454.44732141782,
    4463.283622710391,
    4339.514729516348,
    4387.652227115121,
    4426.06642994898,
    4447.542075971638,
    4491.7311486885355,
    4512.848338683875,
    4530.098636638306,
    4418.648409027061,
    4455.942033821058,
    4482.159092098175,
    4514.02344132996,
    4533.273036282361,
    4557.635557902328,
    4582.328291489967,
    4597.260932956446,
    4504.199730349787,
    4528.978764198049
  ],
  "speed": [
    11.094926670164364,
    10.97847341842785,
    10.980824058908274,
    11.031804009592737,
    10.990929024496525,
    10.934661513496275,
    10.944220911780427,
    10.911675587166657,
    10.852276208386943,
    10.8196623211511,
    10.788384393158898,
    10.794992997146375,
    10.78167397245779,
    10.76273295016657,
    10.742139540538226,
    10.69330945884438,
    10.658731203032941,
    10.634745166407503,
    10.6185547231396,
    10.592638672785258,
    10.568907459461277,
    10.572619727826309,
    10.52438850506432,
    10.493490760627456,
    10.467635156730626,
    10.45110450249031,
    10.429120834600171,
    10.403345281099766,
    10.385644944673148,
    10.354102078266427,
    10.321522230283051,
    10.293266163026644,
    10.267554106305447,
    10.239716108162689,
    10.214360686028767,
    10.193373716703787,
    10.171290795757095,
    10.140059015899855,
    10.113276448864797,
    10.086914730165882,
    10.061881394492953,
    10.041953373787504,
    10.02064487462523,
    9.999971795401867,
    9.974005259650333,
    9.946695344794414,
    9.926568072387594,
    9.905192307191253,
    9.883288093912688,
    9.855442939994381,
    9.843244185621717,
    9.818552848759978,
    9.797467267005908,
    9.777182234368775,
    9.753506744615404,
    9.735870560267058,
    9.714525143467274,
    9.697283082308445,
    9.674659665707086
  ],
  "throuput": [
    5,
    27,
    61,
    112,
    172,
    250,
    340,
    441,
    540,
    663,
    781,
    900,
    1010,
    1127,
    1247,
    1364,
    1491,
    1634,
    1761,
    1867,
    1997,
    2127,
    2256,
    2370,
    2494,
    2645,
    2762,
    2883,
    3003,
    3136,
    3268,
    3387,
    3512,
    3632,
    3762,
    3887,
    4007,
    4131,
    4257,
    4393,
    4516,
    4654,
    4766,
    4893,
    5021,
    5149,
    5274,
    5412,
    5535,
    5650,
    5776,
    5897,
    6025,
    6158,
    6283,
    6411,
    6540,
    6671,
    6801
  ],
  "runningtime": [
    2.084520157178243
  ]
}