{
  "distance": [
    1005.2797756618405,
    1283.9524865323633,
    1468.0835123653212,
    1698.1514408919013,
    1896.5019799051051,
    2097.0630342885047,
    2165.5436848276886,
    2346.381435887284,
    2344.95237269269,
    2497.066854150059,
    2604.7890695688366,
    2746.290841171076,
    2893.990379180236,
    2918.3197452710738,
    2946.3343793781523,
    3069.171756452692,
    3140.492332641747,
    3102.500415452425,
    3144.19943113701,
    3222.047925012448,
    3281.9822189938773,
    3309.8301628816985,
    3367.036331275747,
    3404.8172129402,
    3464.868483031584,
    3470.391599025039,
    3427.2187910660627,
    3460.970492245558,
    3497.6171772292637,
    3528.960426550989,
    3531.6677377551887,
    3600.9703061440105,
    3624.9128228140908,
    3643.7060470847714,
    3683.586425622126,
    3580.635351045864,
    3613.98848864171,
    3639.76706002536,
    3670.371012938859,
    3721.7961425128883,
    3734.995366862129,
    3729.710524100838,
    3750.004017930896,
    3766.926645467837,
    3690.940921496281,
    3717.790984102107,
    3757.0754912137836,
    3763.182197544245,
    3782.2391949557295,
    3806.895437680101,
    3805.459039190013,
    3816.1475297782313,
    3829.449252403713,
    3772.0432579875637,
    3805.641857127854,
    3834.560314274335,
    3823.5393739748065,
    3823.665232985501,
    3846.008506119712
  ],
  "speed": [
    8.806700280191333,
    8.68196122166129,
    8.53456764922457,
    8.521441657017089,
    8.532565259684745,
    8.515862979412681,
    8.543366686759363,
    8.552858025391114,
    8.579193688639792,
    8.586650997319474,
    8.567762688876178,
    8.552307280481193,
    8.562613494884738,
    8.577248276490264,
    8.589664776515718,
    8.583081422041035,
    8.5796953253659,
    8.583191652026798,
    8.595355953437663,
    8.606927218327968,
    8.603586628688943,
    8.61522696088739,
    8.620144567265681,
    8.612599800309123,
    8.619259936731156,
    8.614976014445853,
    8.625564781882888,
    8.640006561446723,
    8.638461743980068,
    8.637450594799342,
    8.645824024780946,
    8.64719033383603,
    8.65372216377931,
    8.659107744625556,
    8.65780426424862,
    8.657267149967675,
    8.663619754836738,
    8.663454425771523,
    8.672033797242827,
    8.67707242683397,
    8.679933978128687,
    8.686569741846624,
    8.685593408875649,
    8.68774552793245,
    8.686402700833037,
    8.68757205427778,
    8.690625371152773,
    8.692596203660365,
    8.693961943820334,
    8.695246991464717,
    8.70237912620556,
    8.702798765939043,
    8.70444921332316,
    8.7082272395425,
    8.707227525593856,
    8.707914525737968,
    8.707160972680162,
    8.711768518322955,
    8.717047093142432
  ],
  "throuput": [
    15,
    38,
    75,
    117,
    178,
    235,
    300,
    378,
    461,
    557,
    641,
    735,
    825,
    915,
    1007,
    1105,
    1212,
    1308,
    1406,
    1521,
    1614,
    1723,
    1832,
    1917,
    2027,
    2124,
    2227,
    2323,
    2424,
    2534,
    2624,
    2737,
    2830,
    2940,
    3033,
    3142,
    3249,
    3361,
    3472,
    3577,
    3673,
    3761,
    3867,
    3974,
    4053,
    4171,
    4270,
    4376,
    4465,
    4570,
    4662,
    4769,
    4883,
    4982,
    5077,
    5190,
    5290,
    5392,
    5488
  ],
  "runningtime": [
    2.3682545026143393
  ]
}