{
  "distance": [
    1020.3313322240548,
    1302.1943551224049,
    1496.7807013092558,
    1725.796172184693,
    1926.6569049462723,
    2127.632047975764,
    2189.995147629073,
    2371.0519835969976,
    2366.7382580027797,
    2526.453604921508,
    2631.7384246507313,
    2774.4735740597484,
    2923.4537518370744,
    2945.963500054123,
    2968.833077582643,
    3088.8838999323166,
    3160.5145242992794,
    3116.2606480306245,
    3152.243425605056,
    3226.7041247146312,
    3290.0263159373603,
    3319.305036732482,
    3378.238908111625,
    3413.5817365259995,
    3472.463438503871,
    3477.4237463940785,
    3428.909231945428,
    3461.2230149916213,
    3500.7323764612515,
    3535.2626721664324,
    3535.522136410105,
    3604.607611500063,
    3630.579742965591,
    3649.1406484886797,
    3692.0187781865598,
    3587.699514424766,
    3618.772039544163,
    3645.6934032801223,
    3676.8608028764083,
    3728.2268408827463,
    3743.6537023971537,
    3737.298031627031,
    3760.213040287501,
    3778.0573941939365,
    3700.451527394433,
    3726.039234684882,
    3765.3781154586004,
    3770.324437557564,
    3788.4822872495215,
    3813.5915845435375,
    3809.2362112954065,
    3820.746640137373,
    3834.1705043761235,
    3773.768015125014,
    3807.248367547204,
    3835.4604653615024,
    3824.5401966155587,
    3823.55580155001,
    3844.120803626536
  ],
  "speed": [
    8.930465382645147,
    8.80369267076295,
    8.716786660179034,
    8.687970204070421,
    8.70676842039748,
    8.692440717035225,
    8.703894599050173,
    8.710095206912683,
    8.723592200734558,
    8.751414614268327,
    8.7304859939992,
    8.722272717303344,
    8.738023947191504,
    8.748543886559945,
    8.753493868723,
    8.742978992275903,
    8.742492746702975,
    8.731137235087706,
    8.735963154256414,
    8.743103406893523,
    8.745238766472303,
    8.755911064737852,
    8.76368471689238,
    8.752097890273072,
    8.754743862878163,
    8.751705807789705,
    8.75194143487343,
    8.760346947279979,
    8.766186342724472,
    8.773971383653702,
    8.780080363222737,
    8.78185828490103,
    8.796020163993306,
    8.801718841762158,
    8.808928822336371,
    8.808948074064551,
    8.811154500404477,
    8.81352116168179,
    8.820749067039799,
    8.82248024504454,
    8.826850105884533,
    8.831570565278406,
    8.836200770160486,
    8.837587412638031,
    8.834319806450015,
    8.833785274285564,
    8.837936200936678,
    8.839841525513988,
    8.84123231298372,
    8.846081672475417,
    8.847915152125154,
    8.85181414659755,
    8.85419149477145,
    8.850635397177623,
    8.84968866074742,
    8.849496863834753,
    8.848437278921361,
    8.848179408410783,
    8.847239860851774
  ],
  "throuput": [
    14,
    40,
    80,
    119,
    182,
    249,
    308,
    381,
    467,
    568,
    660,
    748,
    841,
    916,
    1032,
    1122,
    1229,
    1325,
    1434,
    1528,
    1616,
    1730,
    1837,
    1933,
    2038,
    2139,
    2238,
    2330,
    2439,
    2543,
    2651,
    2749,
    2857,
    2949,
    3057,
    3164,
    3261,
    3376,
    3481,
    3577,
    3677,
    3776,
    3871,
    3974,
    4086,
    4178,
    4291,
    4395,
    4489,
    4588,
    4683,
    4790,
    4898,
    4992,
    5093,
    5198,
    5297,
    5394,
    5488
  ],
  "runningtime": [
    2.3981503367424013
  ]
}