{
  "distance": [
    1144.0652244408977,
    1691.83465616249,
    2146.3910060166377,
    2498.252782722152,
    2769.6565285735683,
    2943.786763957599,
    3163.8184538559585,
    3383.520344838595,
    3546.3542564961817,
    3647.237360438875,
    3823.3709680008155,
    3702.048373033727,
    3844.4274056417426,
    3940.3961181133664,
    3937.390929868046,
    4007.2962135071703,
    4129.7616808614985,
    4119.17110744382,
    4116.674481592295,
    4124.136332819402,
    4181.92579202193,
    4198.245412791739,
    4243.226478533994,
    4171.385075366002,
    4052.2580398249456,
    4044.3906007073824,
    4098.027141930619,
    3689.3231867192876,
    3795.0775685627036,
    3838.5661951247685,
    3884.464374246747,
    3959.3972469298615,
    3997.9363595774676,
    4101.608315577103,
    4165.462723920714,
    4185.772586860573,
    4217.37075500258,
    4187.709193724212,
    4242.141763372695,
    4309.033873045313,
    4322.765005893226,
    4352.928077123836,
    4382.493649170334,
    4398.15312715867,
    4407.6523694400685,
    4412.301003526735,
    4427.038702536017,
    4422.560337357298,
    4426.362427683351,
    4412.645275646757,
    4372.473667211442,
    4363.82451325734,
    4393.102603087463,
    4389.991924242204,
    4392.54632190749,
    4389.115705192968,
    4134.631070260208,
    4180.201348582179,
    4223.6535963763745
  ],
  "speed": [
    9.663553227995907,
    9.687020850681705,
    9.563804609876808,
    9.499795919967381,
    9.491306614439214,
    9.423627704529663,
    9.371624051519989,
    9.348264411608515,
    9.365214827477763,
    9.342935869174774,
    9.366122412446488,
    9.35088896558267,
    9.346396848010839,
    9.339346546196552,
    9.354058094172869,
    9.35485799000073,
    9.357117348817406,
    9.365995465394908,
    9.391094608966181,
    9.412115869055755,
    9.4051354620716,
    9.408531220909131,
    9.420802239451335,
    9.428034395977194,
    9.442988759611993,
    9.445426008671642,
    9.442688588336575,
    9.43315859707703,
    9.45025191209213,
    9.455020622954855,
    9.451029962597158,
    9.457290273882602,
    9.452982441155978,
    9.459733680588656,
    9.452210782812177,
    9.458003201867978,
    9.452518385287819,
    9.447857797510892,
    9.453492567877197,
    9.456813761889366,
    9.460109334480748,
    9.458847116541614,
    9.45730979578932,
    9.459575247143292,
    9.456877671488423,
    9.455224362351153,
    9.462097899109018,
    9.46825741036888,
    9.469513716915,
    9.471243684820463,
    9.481830519433135,
    9.48133695639111,
    9.47728996742673,
    9.478104270212228,
    9.480983625844704,
    9.487678965297933,
    9.487497076164964,
    9.495072403502148,
    9.49699330994566
  ],
  "throuput": [
    12,
    39,
    68,
    104,
    151,
    198,
    237,
    287,
    332,
    390,
    441,
    493,
    549,
    596,
    654,
    721,
    774,
    830,
    898,
    951,
    993,
    1043,
    1099,
    1145,
    1193,
    1231,
    1272,
    1317,
    1373,
    1424,
    1467,
    1515,
    1554,
    1597,
    1645,
    1702,
    1751,
    1795,
    1846,
    1901,
    1950,
    2013,
    2087,
    2138,
    2191,
    2240,
    2291,
    2349,
    2404,
    2456,
    2500,
    2550,
    2601,
    2653,
    2701,
    2743,
    2792,
    2834,
    2889
  ],
  "runningtime": [
    1.8291955232620238
  ]
}