{
  "distance": [
    1200.2228403292818,
    1767.2914037273003,
    2238.206641171921,
    2610.8545109144343,
    2881.6522032221715,
    3054.5158190880165,
    3295.0288082894394,
    3533.519778642614,
    3689.092376528386,
    3780.858836768701,
    3943.689478887863,
    3821.6332634975465,
    3961.949613275249,
    4052.204434299381,
    4027.9275380846248,
    4086.416110504792,
    4205.249353860688,
    4193.692423377529,
    4185.435818800635,
    4179.176329470105,
    4234.574143344009,
    4245.868897397286,
    4281.022110627808,
    4208.736769442391,
    4082.1767429998554,
    4075.981876684489,
    4130.727272698732,
    3717.5228377098188,
    3826.966163109992,
    3869.313196778876,
    3918.870354509515,
    3988.434865304411,
    4028.4566877283955,
    4131.8494442213405,
    4198.555028558377,
    4223.852735454681,
    4260.635789076505,
    4230.768220694226,
    4283.806150374944,
    4349.854961409678,
    4363.839190057252,
    4391.749617610439,
    4419.510913340161,
    4434.047602289916,
    4441.277141798734,
    4446.884304176054,
    4459.079840743262,
    4450.464750853613,
    4456.041523449439,
    4443.308840286347,
    4396.749150282961,
    4385.281956182426,
    4415.257994335523,
    4412.193422352683,
    4412.673012448181,
    4406.3588781650005,
    4151.288218919662,
    4196.943439713376,
    4238.644722000606
  ],
  "speed": [
    10.141047855664906,
    10.11103826570785,
    9.976485207595621,
    9.962833938625112,
    9.942708553331093,
    9.854719693702451,
    9.84701678674717,
    9.86145270877873,
    9.875406077737326,
    9.850703969785833,
    9.860398919183861,
    9.868512415946272,
    9.86991180736692,
    9.86695567674283,
    9.866835453207328,
    9.858184643467876,
    9.864275666111855,
    9.895966220381133,
    9.918643602270096,
    9.919449058889807,
    9.908887798176984,
    9.915812940279961,
    9.917942989320682,
    9.931060956995271,
    9.935242230562574,
    9.945495296890003,
    9.943514236227651,
    9.933120191209015,
    9.958689604891733,
    9.95428968957043,
    9.95448142759603,
    9.93921041273413,
    9.940890930237483,
    9.944888235560754,
    9.942537258714962,
    9.954702835247224,
    9.957964202037758,
    9.95233935955096,
    9.952437606561856,
    9.949000776505478,
    9.951070829385953,
    9.950240429913721,
    9.948924304896808,
    9.951955825552202,
    9.949964347797277,
    9.954876472503981,
    9.966509542727712,
    9.97232359842991,
    9.976520761685418,
    9.98265500711494,
    9.98836127094887,
    9.990929845991083,
    9.99266111073148,
    9.993787797625195,
    9.998160441595637,
    10.004570259493507,
    10.006353183650896,
    10.016456593304559,
    10.012825650355877
  ],
  "throuput": [
    12,
    38,
    75,
    113,
    165,
    204,
    250,
    304,
    352,
    412,
    460,
    515,
    572,
    636,
    690,
    747,
    811,
    855,
    922,
    974,
    1014,
    1073,
    1119,
    1164,
    1208,
    1247,
    1284,
    1334,
    1388,
    1440,
    1480,
    1532,
    1580,
    1620,
    1659,
    1714,
    1763,
    1808,
    1868,
    1911,
    1973,
    2054,
    2106,
    2167,
    2217,
    2270,
    2330,
    2369,
    2415,
    2482,
    2529,
    2577,
    2625,
    2669,
    2726,
    2772,
    2809,
    2865,
    2908
  ],
  "runningtime": [
    1.936516527334849
  ]
}