{
  "distance": [
    1201.6020503906852,
    1770.4055265145987,
    2232.4768024480286,
    2601.6529866401556,
    2883.7341334356265,
    3053.410101801923,
    3303.949087037447,
    3543.8710562888546,
    3697.6753828805545,
    3799.2879458489583,
    3973.873949067608,
    3851.561038382735,
    3983.787770706021,
    4074.924511697713,
    4050.37681123822,
    4113.032003651177,
    4226.277589533385,
    4209.110890633916,
    4191.5952006145335,
    4187.723815209534,
    4245.089855016155,
    4255.03056779011,
    4289.2657095708955,
    4211.1382792208215,
    4082.8480555107044,
    4077.883790949971,
    4134.504606126551,
    3722.6125280562724,
    3831.587760021469,
    3875.7760339282436,
    3920.0727467275683,
    3993.4075991957025,
    4032.925389128339,
    4137.858627843648,
    4206.258309626012,
    4227.748587824579,
    4263.571768692279,
    4236.67587359001,
    4289.1957899939725,
    4355.817237671424,
    4366.258444264995,
    4391.6306260825395,
    4424.692203527107,
    4439.643176266318,
    4445.607575078145,
    4448.807395889554,
    4459.729677732521,
    4452.239554656161,
    4455.231529560631,
    4442.19453095429,
    4395.954359125004,
    4383.423533570177,
    4412.256747406018,
    4410.629717068646,
    4409.224029907261,
    4403.573356557906,
    4147.565402816925,
    4195.096919828557,
    4237.621616425397
  ],
  "speed": [
    10.148760505713994,
    10.12885480382945,
    9.96291965008205,
    9.929522819575906,
    9.93538653757845,
    9.846594142177242,
    9.876350253298186,
    9.905497697564531,
    9.923391585470261,
    9.921212924055771,
    9.961383697579393,
    9.985011964360135,
    9.969301536078158,
    9.974363041738147,
    9.969288381653532,
    9.973335188836662,
    9.970121932408532,
    9.991002146004556,
    9.995963857595665,
    10.008012427919406,
    10.009918645679116,
    10.018676567769415,
    10.020169689145725,
    10.028143515451767,
    10.031374393278828,
    10.03961237029,
    10.039700607465724,
    10.030809135678862,
    10.050239035736917,
    10.048021669800644,
    10.03672174672721,
    10.033273140067054,
    10.02984927097341,
    10.03809758235613,
    10.038575122980735,
    10.043714764400109,
    10.041899123544212,
    10.038964266329824,
    10.037662752764465,
    10.037598695912035,
    10.032326534484536,
    10.027370896551586,
    10.032460139144113,
    10.034977239662735,
    10.030023022324855,
    10.032190277880455,
    10.04088714029048,
    10.048050418933183,
    10.051067647890859,
    10.058787832126704,
    10.064350316064342,
    10.063197608674315,
    10.06266849064489,
    10.066404584829284,
    10.065691845012177,
    10.07088089411621,
    10.069502429491646,
    10.081172837371136,
    10.077970237964404
  ],
  "throuput": [
    11,
    40,
    75,
    109,
    165,
    205,
    254,
    309,
    357,
    413,
    465,
    527,
    581,
    635,
    691,
    755,
    806,
    863,
    925,
    980,
    1024,
    1076,
    1132,
    1171,
    1210,
    1242,
    1288,
    1335,
    1395,
    1443,
    1486,
    1529,
    1580,
    1618,
    1663,
    1714,
    1766,
    1810,
    1871,
    1919,
    1984,
    2044,
    2104,
    2162,
    2220,
    2275,
    2326,
    2381,
    2427,
    2480,
    2536,
    2581,
    2625,
    2680,
    2725,
    2767,
    2813,
    2860,
    2913
  ],
  "runningtime": [
    1.9813352942466735
  ]
}