{
  "distance": [
    1234.8878318464801,
    1801.6049092873734,
    2272.8661598685335,
    2647.0658483622756,
    2923.6144020079055,
    3090.8819986491862,
    3340.852882701394,
    3578.209487996034,
    3727.453129450699,
    3823.9033382321886,
    3993.7731327158704,
    3866.248365459588,
    4002.4653777447875,
    4086.597948518503,
    4067.8241887640897,
    4127.3657098825,
    4237.469402993019,
    4217.415310295809,
    4200.264200514313,
    4196.292128889775,
    4251.045302292186,
    4261.044903146371,
    4298.836713553848,
    4223.454353327797,
    4092.749075954578,
    4085.501387196965,
    4139.5551841595425,
    3726.5639648074975,
    3841.0871484106046,
    3887.052032032721,
    3939.383873937038,
    4007.2205254532983,
    4051.429409141677,
    4156.79075574699,
    4227.877287402882,
    4247.355103451645,
    4282.410821520706,
    4251.229158919907,
    4300.929472012959,
    4366.324722270823,
    4380.5489693826,
    4408.240746674025,
    4436.50346831112,
    4447.711150824123,
    4454.627365699664,
    4457.918677275789,
    4469.2488633958765,
    4459.33614066858,
    4461.066351038192,
    4444.564430374905,
    4397.566740887585,
    4387.589504031437,
    4417.6408144911,
    4413.372803730783,
    4413.470632649241,
    4409.084512048168,
    4154.033562596162,
    4202.066774500349,
    4244.095416999337
  ],
  "speed": [
    10.425037330257844,
    10.305093578513446,
    10.138479947160144,
    10.112216631548302,
    10.105949665656812,
    10.009779019906942,
    10.035953917140029,
    10.058611563254972,
    10.060671333666138,
    10.041972158895712,
    10.073424509359278,
    10.08606798067972,
    10.076291764465832,
    10.061662019182002,
    10.074256511446288,
    10.075303602944073,
    10.066469864386685,
    10.082349235338373,
    10.084814281449,
    10.094833372886002,
    10.090175029754905,
    10.102064687349408,
    10.108933254146207,
    10.122813968931892,
    10.124735779901734,
    10.130812639309248,
    10.130192211461056,
    10.11824362055298,
    10.148476780161918,
    10.15073975242683,
    10.16039461955581,
    10.145360941281623,
    10.15189377446682,
    10.15937613668621,
    10.165115816905578,
    10.165345453835544,
    10.163326177410063,
    10.159018896540285,
    10.156933101357192,
    10.15511934597281,
    10.16243795483012,
    10.16832675179743,
    10.168129813118183,
    10.16626161791401,
    10.165306397385507,
    10.165813946679455,
    10.172194422610563,
    10.177709465686096,
    10.178472621886344,
    10.178598724990655,
    10.17820608135627,
    10.178972944109015,
    10.179440604296538,
    10.178120565444159,
    10.176898587679895,
    10.18397378572255,
    10.184181985680322,
    10.196812865512989,
    10.193646757728846
  ],
  "throuput": [
    11,
    38,
    78,
    114,
    172,
    213,
    258,
    311,
    362,
    412,
    477,
    528,
    586,
    639,
    702,
    761,
    815,
    861,
    927,
    984,
    1031,
    1077,
    1128,
    1172,
    1216,
    1248,
    1295,
    1337,
    1393,
    1450,
    1494,
    1532,
    1582,
    1621,
    1674,
    1714,
    1777,
    1827,
    1882,
    1926,
    1991,
    2057,
    2113,
    2177,
    2227,
    2271,
    2327,
    2388,
    2436,
    2478,
    2529,
    2577,
    2631,
    2678,
    2718,
    2775,
    2814,
    2872,
    2915
  ],
  "runningtime": [
    2.0875787059466044
  ]
}