{
  "distance": [
    999.3236122479112,
    1270.6212189989867,
    1528.4151484735935,
    1806.1302278923292,
    2037.0129036177962,
    2198.195858126971,
    2329.7018294137474,
    2568.294564027685,
    2678.9256822248494,
    2529.3588298584777,
    2741.857903741614,
    2879.8404082199786,
    2995.6434881163354,
    3106.4105106139777,
    3205.613348441148,
    3288.059782982081,
    3380.0036540865176,
    3463.808174385449,
    3527.2324485341996,
    3584.842028541292,
    3453.9193778913573,
    3531.2305992128013,
    3594.9214171189938,
    3660.839733863754,
    3735.094074745389,
    3781.6051405611793,
    3837.267749933122,
    3875.1021048219927,
    3909.492060164067,
    3936.690493472988,
    3968.5068875692377,
    3873.782866265022,
    3920.2382684679164,
    3968.7483228783553,
    4003.6484413077183,
    4029.5584307063086,
    4070.95208849838,
    4092.308472834746,
    4109.807981349879,
    4131.760132161806,
    4167.935439488567,
    4065.828902132975,
    4096.777427207077,
    4133.5568258618605,
    4147.93235970637,
    4171.496379076712,
    4196.8503857281785,
    4223.342194640667,
    4232.588692509396,
    4248.923666405581,
    4274.837612995529,
    4291.116891507876,
    4196.387234259349,
    4224.84053069269,
    4246.10004785111,
    4269.665274597159,
    4278.296706823138,
    4294.608504253108,
    4317.679038282591
  ],
  "speed": [
    8.966128686726407,
    8.959739397653992,
    8.924060166175343,
    8.81592906213052,
    8.758590810848126,
    8.748145459522117,
    8.714864714133633,
    8.693980069242196,
    8.678673635423,
    8.650872003046674,
    8.643358470954377,
    8.61202906480804,
    8.597179645530918,
    8.57996094715177,
    8.56895993838957,
    8.547692302822096,
    8.548236218912425,
    8.544075280858685,
    8.541428456918673,
    8.530843819724408,
    8.533935923807489,
    8.532480325648795,
    8.529678015411132,
    8.525730925089148,
    8.52702008916987,
    8.52713412938182,
    8.525309605499498,
    8.520692140338019,
    8.521275674381926,
    8.521637156440457,
    8.519899269175681,
    8.527665660088118,
    8.527948162102412,
    8.523698672356902,
    8.527727966652833,
    8.526611275503353,
    8.533159202875513,
    8.536148328045405,
    8.53947852279323,
    8.540352350163474,
    8.540793475056082,
    8.545978973311065,
    8.549216296224222,
    8.550733602056955,
    8.548520684459428,
    8.546013290700484,
    8.543819437409432,
    8.545318067596629,
    8.542265094662609,
    8.543043035950772,
    8.543660265351761,
    8.543454538248122,
    8.546249516681279,
    8.544879724857516,
    8.543616710899114,
    8.539296098026627,
    8.539003979917565,
    8.538668049156904,
    8.53790988237941
  ],
  "throuput": [
    24,
    58,
    114,
    206,
    302,
    433,
    601,
    766,
    942,
    1148,
    1346,
    1551,
    1789,
    2009,
    2226,
    2479,
    2723,
    2950,
    3203,
    3438,
    3682,
    3913,
    4168,
    4422,
    4652,
    4935,
    5177,
    5431,
    5681,
    5944,
    6173,
    6450,
    6712,
    6948,
    7205,
    7473,
    7722,
    7958,
    8230,
    8478,
    8717,
    8980,
    9243,
    9504,
    9749,
    9982,
    10251,
    10505,
    10744,
    10965,
    11238,
    11505,
    11752,
    12015,
    12255,
    12496,
    12732,
    13005,
    13270
  ],
  "runningtime": [
    5.293233966827392
  ]
}