{
  "distance": [
    1135.6086017927503,
    1664.5298419344206,
    2155.9144703697198,
    2601.4715591321774,
    2988.1562799874173,
    3371.8116859083766,
    3759.932574851769,
    4112.770168119369,
    4472.497524802672,
    4747.657632834236,
    5078.5622965190805,
    5351.093279433653,
    5604.967669051667,
    5872.6392447353355,
    6063.833724767833,
    6257.516611458746,
    6450.290954137088,
    6649.684324684885,
    6812.609131240019,
    6917.060746327685,
    7055.492340326686,
    7222.561310823443,
    7358.403536593335,
    7460.686183594487,
    7528.338733194379,
    7628.558857433926,
    7690.633641786987,
    7755.172840801261,
    7884.349490361711,
    7923.792344182764,
    7971.8335502997925,
    8012.108085325889,
    8018.641418847311,
    8073.946916324512,
    8110.03558997275,
    8152.726695641493,
    8159.191502250258,
    8173.452831550209,
    8225.635040104953,
    8216.184719535553,
    8234.21904194273,
    8213.758441835806,
    8227.724283221236,
    8246.80754418451,
    8261.322148207315,
    8242.323869049505,
    8242.614434958814,
    8228.324574703982,
    8264.188330870562,
    8227.790470700165,
    8221.703161707488,
    8226.496570755433,
    8220.52897801172,
    8172.121887254737,
    8176.831751552097,
    8182.089396713284,
    8148.671133198804,
    8162.354713543317,
    8159.956155305369
  ],
  "speed": [
    9.582243990175156,
    9.47819414432536,
    9.412049924804233,
    9.366897891083319,
    9.332952099126887,
    9.294230635936128,
    9.25677431870438,
    9.225147237774209,
    9.209286824755088,
    9.192557224877318,
    9.181193284518866,
    9.17626709373998,
    9.169694995841729,
    9.163822998515114,
    9.161698812077239,
    9.164023021502683,
    9.1605142761577,
    9.159919759060278,
    9.1551742229742,
    9.150112167856918,
    9.141676107235584,
    9.141027515044415,
    9.139024422942992,
    9.134895310776141,
    9.13284079296119,
    9.129757970166473,
    9.130033905836555,
    9.129650211991246,
    9.13089423621921,
    9.129961009847207,
    9.128226607600856,
    9.128495445377165,
    9.12933016002541,
    9.131353099018934,
    9.133659339031373,
    9.134283428326297,
    9.135253916676218,
    9.134946453764867,
    9.137631209991659,
    9.137848412096425,
    9.137007475227607,
    9.13816114506779,
    9.14055364413375,
    9.140489002961722,
    9.140972970097998,
    9.141434299756517,
    9.14238211543476,
    9.144117851885852,
    9.144057267651467,
    9.144267017066674,
    9.145508823434806,
    9.146115380359456,
    9.146423484067475,
    9.148095564688234,
    9.14950204762204,
    9.15095645608208,
    9.15227483055684,
    9.153731217444248,
    9.153969114001667
  ],
  "throuput": [
    26,
    88,
    171,
    279,
    395,
    562,
    736,
    958,
    1158,
    1426,
    1700,
    1991,
    2310,
    2608,
    2954,
    3319,
    3673,
    4060,
    4408,
    4800,
    5156,
    5553,
    5941,
    6329,
    6733,
    7099,
    7502,
    7893,
    8294,
    8729,
    9153,
    9533,
    9931,
    10353,
    10773,
    11166,
    11543,
    11952,
    12330,
    12706,
    13102,
    13476,
    13852,
    14242,
    14612,
    14966,
    15310,
    15681,
    16034,
    16361,
    16734,
    17107,
    17425,
    17738,
    18105,
    18455,
    18780,
    19117,
    19468
  ],
  "runningtime": [
    30.233517034848532
  ]
}