{
  "distance": [
    1121.1669245152561,
    1640.8338500849302,
    2127.0847444843553,
    2567.453327966479,
    2948.6744141235577,
    3324.791692075019,
    3712.8758160272964,
    4070.4469976044097,
    4429.083614135617,
    4707.535215700476,
    5038.183769632058,
    5311.37334695841,
    5568.437489437977,
    5837.796434608175,
    6027.293368558205,
    6219.480691289617,
    6411.338190291831,
    6609.710789437812,
    6776.83331365142,
    6882.658143473656,
    7020.702735002399,
    7187.278886154542,
    7321.990190350298,
    7425.491247365965,
    7493.906556187354,
    7596.946541630702,
    7660.678938903942,
    7723.780163468742,
    7849.794192671403,
    7888.10207076024,
    7935.666891772371,
    7974.331275012416,
    7980.570320262101,
    8035.130641360187,
    8072.432581396073,
    8116.320863642771,
    8124.468793913538,
    8139.988552176542,
    8193.09504441167,
    8185.6059532801755,
    8205.129702184102,
    8186.495888187808,
    8199.123084663326,
    8219.991806722004,
    8235.306489984254,
    8216.29414359716,
    8218.051040024973,
    8202.706673510904,
    8239.055038504588,
    8203.776324525004,
    8198.234753880864,
    8204.279400574807,
    8199.584800430108,
    8152.216957222149,
    8157.144235596547,
    8164.204955991544,
    8131.864461194184,
    8146.95924165095,
    8146.000149300237
  ],
  "speed": [
    9.460152235292256,
    9.34061551754362,
    9.28207812160833,
    9.238895407853368,
    9.204638495299625,
    9.158278500290532,
    9.132651719490534,
    9.119694506312712,
    9.108437911842538,
    9.103831693336437,
    9.095590876234779,
    9.092512792199992,
    9.091372339655724,
    9.090025612575065,
    9.087506459568013,
    9.08761900186573,
    9.082503358289031,
    9.078592476964598,
    9.078097687209869,
    9.074456309607157,
    9.065976181335746,
    9.064169533606425,
    9.058978695823358,
    9.0543595891943,
    9.050314381583759,
    9.0489683429227,
    9.050098654557724,
    9.047249181212779,
    9.044770799802068,
    9.042434345220546,
    9.039880814775549,
    9.038201437175868,
    9.037074356560542,
    9.036079060190838,
    9.037558535996231,
    9.037440582407255,
    9.03807412323638,
    9.03635388450656,
    9.036842460317656,
    9.03703383212092,
    9.035417387944312,
    9.036138461579633,
    9.035707691894194,
    9.03580851876017,
    9.035333478689482,
    9.03465014882314,
    9.036646958772613,
    9.036347475334903,
    9.035498926549039,
    9.035187988086227,
    9.035251677582904,
    9.035429312349503,
    9.035735036646125,
    9.0376397014245,
    9.038243652452953,
    9.040007908610113,
    9.041371225314851,
    9.043091611628668,
    9.043376415502022
  ],
  "throuput": [
    21,
    79,
    163,
    274,
    391,
    548,
    713,
    944,
    1154,
    1401,
    1667,
    1953,
    2272,
    2598,
    2932,
    3274,
    3614,
    3992,
    4362,
    4754,
    5127,
    5490,
    5875,
    6239,
    6634,
    7038,
    7454,
    7865,
    8268,
    8699,
    9117,
    9497,
    9852,
    10272,
    10679,
    11083,
    11464,
    11814,
    12211,
    12613,
    12994,
    13386,
    13763,
    14136,
    14516,
    14898,
    15254,
    15592,
    15937,
    16276,
    16623,
    16990,
    17358,
    17681,
    18006,
    18364,
    18698,
    19035,
    19382
  ],
  "runningtime": [
    24.535310856501262
  ]
}