{
  "distance": [
    1126.5879945070765,
    1648.9295591980856,
    2138.7259735233542,
    2583.579549715164,
    2967.3668052409103,
    3348.9804214866963,
    3739.0424960034584,
    4094.3577401372518,
    4451.522157706142,
    4726.541578764536,
    5060.594150923299,
    5334.104715280446,
    5592.448237636759,
    5861.850045486533,
    6053.496793230807,
    6244.99619855296,
    6439.051176691979,
    6635.415714008067,
    6798.353125163754,
    6904.405089865813,
    7044.572754404724,
    7210.630143754655,
    7348.398761846233,
    7450.680902301578,
    7518.591925054265,
    7621.163031517046,
    7680.005273002792,
    7745.272475978048,
    7873.169646473959,
    7909.508488289974,
    7958.730489272223,
    7999.227370656532,
    8006.092957497498,
    8058.6266476544915,
    8094.9791127293865,
    8137.591759038083,
    8144.370911886842,
    8158.489984022796,
    8209.220205932948,
    8198.86781942101,
    8216.97203810841,
    8196.107776502331,
    8210.525237683776,
    8229.409864520656,
    8244.697314337405,
    8224.830264468625,
    8225.388685055383,
    8211.161087839917,
    8247.513894188878,
    8212.49649334688,
    8206.674195893855,
    8212.093451397153,
    8207.268514944184,
    8158.303165866319,
    8162.894963356921,
    8169.872327775791,
    8136.650441495581,
    8151.490129631198,
    8149.467264649092
  ],
  "speed": [
    9.505980307275921,
    9.388254250443369,
    9.335171763948507,
    9.300681811548555,
    9.265795079244617,
    9.228344005654126,
    9.202037772287612,
    9.178377817203236,
    9.160170575275416,
    9.146706551533393,
    9.141663578056619,
    9.137805877170234,
    9.137065431645231,
    9.134301856212815,
    9.134479981337417,
    9.134933780819411,
    9.134476098160707,
    9.130016157466411,
    9.125486420084188,
    9.121866480251668,
    9.115544855064917,
    9.113203354594777,
    9.112469912325121,
    9.108083139226517,
    9.1051285664539,
    9.103628373447107,
    9.099449677256091,
    9.099097137641794,
    9.098966034044869,
    9.0942999260579,
    9.092491774939454,
    9.091893302301369,
    9.091911489882289,
    9.090289374429158,
    9.091467136211767,
    9.090329449230167,
    9.090390535770556,
    9.088688952918599,
    9.088532135060497,
    9.086804123064663,
    9.084464795725989,
    9.083732578804769,
    9.085352789623318,
    9.083883717636239,
    9.084310563384992,
    9.082838601860185,
    9.083122545839416,
    9.084176803714117,
    9.08399417007487,
    9.084297928239012,
    9.085377001197653,
    9.085479905850068,
    9.086051125604962,
    9.086833006669725,
    9.087712015385634,
    9.090001898863463,
    9.091199661232217,
    9.094070121329617,
    9.09394973031275
  ],
  "throuput": [
    23,
    84,
    168,
    277,
    387,
    559,
    728,
    944,
    1157,
    1418,
    1664,
    1961,
    2264,
    2606,
    2954,
    3325,
    3669,
    4062,
    4405,
    4765,
    5146,
    5526,
    5910,
    6324,
    6688,
    7071,
    7469,
    7878,
    8299,
    8696,
    9097,
    9491,
    9896,
    10320,
    10706,
    11119,
    11519,
    11893,
    12295,
    12660,
    13048,
    13432,
    13784,
    14188,
    14556,
    14914,
    15274,
    15626,
    15968,
    16315,
    16691,
    17039,
    17378,
    17726,
    18057,
    18403,
    18767,
    19096,
    19423
  ],
  "runningtime": [
    26.52045879761378
  ]
}