{
  "distance": [
    1077.1184226987614,
    1552.323183395365,
    2004.8922070547405,
    2408.757203089758,
    2753.4639371696694,
    3049.2318106574785,
    3316.335242374086,
    3385.582736683464,
    3447.4481821798863,
    3491.911893845122,
    3587.928674703422,
    3543.802212036744,
    3505.505508784045,
    3511.343989328807,
    3521.3031799492987,
    3523.0757314114176,
    3633.9418193012925,
    3733.5791554514285,
    3789.3039479255935,
    3792.932731371141,
    3764.526358482693,
    3764.600732418337,
    3854.780383667531,
    3506.378440275882,
    3529.741822336389,
    3557.8910001480895,
    3630.5900416351187,
    3620.1583102225177,
    3625.7048206349677,
    3684.9680284108017,
    3747.0324253334543,
    3755.227795820466,
    3826.4441894861543,
    3905.735016504919,
    3985.836752557052,
    4040.6058908093705,
    4099.08697206605,
    4074.5932351781034,
    4098.228414789027,
    4051.081854581137,
    4044.717431107982,
    4060.6030179123427,
    3975.7134911206017,
    3979.9190623906616,
    3991.3637050844923,
    4027.4848139090723,
    4041.91744841379,
    3851.865925039698,
    3857.620221648015,
    3889.80228216136,
    3934.0597201432274,
    3969.6814214328124,
    4001.4172538288162,
    4017.2844335310087,
    4059.770815391591,
    4083.2331164253637,
    4065.437125525042,
    4071.163220888145,
    4087.517831766607
  ],
  "speed": [
    9.109477367478847,
    8.841777588206755,
    8.760409179773108,
    8.747882447918531,
    8.746872266072014,
    8.752740681602221,
    8.749870415192913,
    8.760354122523815,
    8.7639149450007,
    8.75191309098114,
    8.751937832519701,
    8.748860119172061,
    8.770177966816293,
    8.798161686959222,
    8.806176663729596,
    8.805392958062862,
    8.811993753440806,
    8.816176110517533,
    8.82339443715852,
    8.842367862436276,
    8.854922355415685,
    8.856725163808305,
    8.850847721691874,
    8.861503688884099,
    8.860619698645051,
    8.85918477268279,
    8.864298509110425,
    8.842208219386992,
    8.839126065171113,
    8.826526656879219,
    8.81594952070019,
    8.81791792078205,
    8.840888007025319,
    8.849993335016487,
    8.859430169746387,
    8.859346933026087,
    8.87800386492197,
    8.87925056508044,
    8.885225511648086,
    8.887207694388268,
    8.88938261550436,
    8.895954095151312,
    8.896869708119759,
    8.89830688912361,
    8.901871506419534,
    8.898234980391525,
    8.896525771656181,
    8.902714742458945,
    8.91086526521142,
    8.907144819732196,
    8.91329216562135,
    8.907195980121735,
    8.90324267429334,
    8.912874024793709,
    8.910000007864667,
    8.904507603716581,
    8.902865030969163,
    8.898249839958103,
    8.89762349205107
  ],
  "throuput": [
    12,
    36,
    75,
    119,
    162,
    210,
    259,
    294,
    345,
    371,
    397,
    422,
    453,
    479,
    515,
    543,
    585,
    618,
    657,
    689,
    741,
    775,
    808,
    838,
    859,
    891,
    912,
    940,
    972,
    1005,
    1045,
    1087,
    1120,
    1177,
    1203,
    1244,
    1287,
    1327,
    1367,
    1394,
    1427,
    1466,
    1496,
    1531,
    1558,
    1591,
    1630,
    1665,
    1688,
    1720,
    1748,
    1782,
    1816,
    1855,
    1893,
    1929,
    1961,
    1978,
    2007
  ],
  "runningtime": [
    1.7152117411295573
  ]
}