{
  "distance": [
    1079.7195140550261,
    1562.2783653788347,
    2016.6757146477769,
    2420.805368575863,
    2760.100540345856,
    3049.388899211697,
    3314.2558140096125,
    3390.6608041308846,
    3452.4681362727397,
    3506.498363141252,
    3602.558632493817,
    3554.8638569137634,
    3526.92454311648,
    3523.2153995850636,
    3533.135878559875,
    3531.783660774281,
    3642.744877238371,
    3738.5243175918413,
    3800.0098737590038,
    3799.281390578498,
    3767.140400679645,
    3766.670302934731,
    3857.8327103637575,
    3505.718367991488,
    3529.5374684225603,
    3554.007274602437,
    3630.781814649484,
    3617.310245888853,
    3627.4663209790947,
    3689.0628293861396,
    3756.6103235024293,
    3762.8432772907618,
    3833.5327691532175,
    3909.3660960024413,
    3987.980957137385,
    4043.4464204696874,
    4101.411234058677,
    4074.498629551454,
    4098.722683873879,
    4053.3945362485565,
    4047.0163950358356,
    4059.177726963517,
    3975.5492801873083,
    3980.101129894738,
    3989.604532698074,
    4026.947512296657,
    4041.8034489124743,
    3853.9388164625448,
    3860.3695987052147,
    3893.954162791012,
    3939.2277576567058,
    3976.25247060985,
    4007.7386264411584,
    4021.153518719312,
    4063.979768497517,
    4090.5233801662775,
    4075.0549364394874,
    4081.4379577868076,
    4095.2492296659016
  ],
  "speed": [
    9.128085529126542,
    8.900302032667312,
    8.822207860697636,
    8.806232538630908,
    8.782999161267776,
    8.766988854061402,
    8.76435677682133,
    8.804213492347396,
    8.805995246307063,
    8.819322459409344,
    8.818402974416594,
    8.81299905162036,
    8.8663819809912,
    8.86803333887158,
    8.875846084466785,
    8.865068238986789,
    8.878654654777973,
    8.87473763998459,
    8.891132785740167,
    8.904133828656853,
    8.91336568079992,
    8.911986109196462,
    8.908425552566285,
    8.912018909472888,
    8.910692563438982,
    8.904413939641946,
    8.9163555357224,
    8.883239051269303,
    8.884286880200106,
    8.875030026128634,
    8.87820088909909,
    8.878076375719754,
    8.900565578658444,
    8.906992664857569,
    8.913748256052248,
    8.914681280303933,
    8.931243863252362,
    8.929293387434173,
    8.93243618064486,
    8.937272137278146,
    8.939892464391333,
    8.938387271531322,
    8.941206607525478,
    8.941935272545203,
    8.940808618073586,
    8.93835534875118,
    8.936810603416168,
    8.946279610826842,
    8.954482684603098,
    8.95520385926474,
    8.96547011146136,
    8.962968452363063,
    8.957016509826536,
    8.960229022408667,
    8.957257833516785,
    8.95707282602394,
    8.95919672167213,
    8.95594520929944,
    8.952170160518508
  ],
  "throuput": [
    12,
    39,
    78,
    121,
    160,
    212,
    260,
    301,
    346,
    373,
    399,
    426,
    456,
    481,
    513,
    547,
    591,
    617,
    652,
    699,
    741,
    774,
    810,
    838,
    863,
    893,
    910,
    936,
    969,
    1006,
    1048,
    1088,
    1127,
    1182,
    1207,
    1243,
    1288,
    1329,
    1363,
    1393,
    1427,
    1469,
    1497,
    1531,
    1560,
    1592,
    1625,
    1660,
    1692,
    1722,
    1754,
    1781,
    1817,
    1856,
    1890,
    1926,
    1961,
    1982,
    2016
  ],
  "runningtime": [
    1.5677403569221497
  ]
}