{
  "distance": [
    1138.7001470773207,
    1669.6028982886469,
    2136.7571445289295,
    2575.315215824085,
    2956.227011790585,
    3362.1717403417833,
    3713.689912003403,
    4076.738035602371,
    4380.418383558232,
    4640.112879752778,
    4850.033452474904,
    5093.133966603763,
    5328.820965707002,
    5503.732459828932,
    5687.979925996964,
    5885.719162075862,
    6040.714356321788,
    6149.567129426283,
    6296.619319731413,
    6407.4871069268265,
    6492.326999581622,
    6587.1314905893705,
    6647.017605466964,
    6663.1136723993895,
    6732.540646919454,
    6787.532730580824,
    6818.117978722249,
    6873.403172800733,
    6861.367852741692,
    6869.932326410701,
    6893.178188836822,
    6895.504166173775,
    6928.241931921151,
    6895.411981495561,
    6893.8787835625835,
    6890.793116780074,
    6832.470120971892,
    6842.518167426503,
    6864.712033009696,
    5511.239297682679,
    5642.995219406177,
    5747.813752534321,
    5858.350969248182,
    5963.441042253923,
    6046.830189084639,
    6130.539340341228,
    6223.740268159094,
    6268.497047452907,
    6354.185693156029,
    6444.022144306541,
    6516.396354371599,
    6589.49942366432,
    6659.899512532908,
    6710.950327395686,
    6765.259706507616,
    6829.523030772015,
    6907.716751778787,
    6922.269973216902,
    6970.4204443124545
  ],
  "speed": [
    9.663578606796921,
    9.575824993292132,
    9.525341225737813,
    9.507889976812779,
    9.470716136185779,
    9.42455235212172,
    9.385675032624228,
    9.369069609145726,
    9.37480285053041,
    9.386542623993776,
    9.38829201564929,
    9.386518742037596,
    9.388121327512364,
    9.39378912603425,
    9.406800287052015,
    9.419734992254243,
    9.435178584728035,
    9.449659582491675,
    9.466695422301326,
    9.487406875790008,
    9.495776877154418,
    9.504494118813993,
    9.514549221539934,
    9.526145927107988,
    9.529134357126308,
    9.52637906308765,
    9.529802643278167,
    9.533407914852056,
    9.541415372930496,
    9.558274024232919,
    9.570038625449905,
    9.581439193288293,
    9.591062087226348,
    9.601171016426155,
    9.609271919855312,
    9.612582312263601,
    9.616170660792813,
    9.621254432604356,
    9.623071509717867,
    9.610159411415738,
    9.624371690537666,
    9.633622274029726,
    9.631669364631234,
    9.63125754123716,
    9.621118342818846,
    9.608494094994086,
    9.601337561511459,
    9.592108041069595,
    9.582051728465975,
    9.577211258875058,
    9.57121786031437,
    9.568115512475417,
    9.568457623885841,
    9.571945249983113,
    9.57239093645591,
    9.573018825791102,
    9.572144742105786,
    9.570993873957148,
    9.569587176703855
  ],
  "throuput": [
    15,
    53,
    115,
    199,
    283,
    370,
    501,
    652,
    803,
    970,
    1133,
    1286,
    1481,
    1655,
    1845,
    2033,
    2267,
    2460,
    2669,
    2861,
    3079,
    3303,
    3514,
    3728,
    3933,
    4141,
    4328,
    4551,
    4762,
    4975,
    5167,
    5360,
    5558,
    5738,
    5922,
    6094,
    6256,
    6411,
    6610,
    6796,
    6943,
    7128,
    7291,
    7455,
    7604,
    7777,
    7956,
    8098,
    8257,
    8417,
    8597,
    8774,
    8965,
    9133,
    9333,
    9564,
    9765,
    9959,
    10171
  ],
  "runningtime": [
    13.248992196718852
  ]
}