{
  "distance": [
    1145.5924839727145,
    1689.3358910130935,
    2165.745143359517,
    2607.2333505676493,
    2998.719202168978,
    3420.810812569083,
    3783.080563260532,
    4165.160127942478,
    4485.482452383997,
    4761.1936425570275,
    4983.699672062751,
    5240.001387878287,
    5490.156461969832,
    5673.793297833458,
    5862.082554338939,
    6064.524155943785,
    6214.042814522941,
    6316.701601408178,
    6459.632534112956,
    6558.218526916801,
    6633.086622153718,
    6721.412547886121,
    6770.150375679393,
    6774.743688873489,
    6834.024407976056,
    6880.1879923351435,
    6900.184081773649,
    6949.68344468176,
    6930.800640927589,
    6927.74644171669,
    6944.005317082542,
    6943.602419700516,
    6974.841841058049,
    6941.3994936011995,
    6934.413391712381,
    6929.139678210528,
    6870.826319219507,
    6877.7953982128465,
    6899.148942374455,
    5538.804038840425,
    5669.575268974288,
    5773.511495257428,
    5885.740635339034,
    5992.037601736196,
    6078.439059107018,
    6165.174097964026,
    6261.288549394771,
    6310.65097549135,
    6403.626743970852,
    6498.298226327625,
    6575.761164683853,
    6654.416198956294,
    6726.827423913621,
    6777.489355319407,
    6834.542137974886,
    6902.211524283907,
    6985.93167049708,
    7003.321594134256,
    7053.096789497524
  ],
  "speed": [
    9.722186100697414,
    9.694490816942043,
    9.663944273534803,
    9.639468565041382,
    9.624557237036148,
    9.609027051869605,
    9.585973117741705,
    9.603002559872461,
    9.637866301611718,
    9.675193042164238,
    9.696176786508751,
    9.71539220066192,
    9.738795956466358,
    9.76161881802275,
    9.783729033564944,
    9.809899688870741,
    9.82574452677448,
    9.839621079527769,
    9.856551758968234,
    9.868596921728267,
    9.873099847462404,
    9.8815644431269,
    9.884965038721528,
    9.889534711060568,
    9.8904545514453,
    9.88602051195112,
    9.884692843500241,
    9.887826352762781,
    9.8945549711839,
    9.901960111407005,
    9.910360815004852,
    9.920971631711799,
    9.93134459188909,
    9.943983953697122,
    9.947924940088088,
    9.950424715858697,
    9.957111621143344,
    9.962972921225703,
    9.966776691769482,
    9.953718183713034,
    9.962408404399982,
    9.966036652325307,
    9.96367131133573,
    9.961957498899615,
    9.953180627367765,
    9.94166602405374,
    9.935554594679198,
    9.930776616545028,
    9.928160198172682,
    9.928011924360211,
    9.926588538056572,
    9.928747816377197,
    9.930373623855164,
    9.932950721008801,
    9.93715018981016,
    9.941647317055914,
    9.947662508014423,
    9.950976590862375,
    9.952423837814349
  ],
  "throuput": [
    16,
    59,
    122,
    206,
    289,
    387,
    519,
    681,
    832,
    994,
    1174,
    1341,
    1540,
    1731,
    1936,
    2147,
    2375,
    2558,
    2777,
    2980,
    3212,
    3412,
    3618,
    3856,
    4083,
    4268,
    4449,
    4658,
    4868,
    5074,
    5256,
    5417,
    5614,
    5806,
    5989,
    6158,
    6332,
    6510,
    6669,
    6862,
    7016,
    7189,
    7358,
    7511,
    7673,
    7834,
    8017,
    8160,
    8321,
    8489,
    8653,
    8830,
    9037,
    9224,
    9420,
    9642,
    9849,
    10042,
    10266
  ],
  "runningtime": [
    6.437671069304148
  ]
}