{
  "distance": [
    1148.9244718196294,
    1703.088355689188,
    2183.6681848229045,
    2631.8785478856958,
    3021.5613775615548,
    3449.4910314377694,
    3815.781670174342,
    4205.134399834637,
    4524.9947901209125,
    4798.33578849482,
    5019.005561021427,
    5275.766293433473,
    5522.845989126284,
    5709.735572603642,
    5901.127663926562,
    6102.488449836334,
    6254.439468399385,
    6356.338111301469,
    6496.250703437462,
    6598.78529554614,
    6673.753368425504,
    6759.365571532782,
    6808.579780629591,
    6811.8201002318365,
    6871.902169495474,
    6923.117117696293,
    6945.484844714196,
    6995.973344992988,
    6975.6827810558925,
    6973.7050027957275,
    6992.040588409719,
    6991.51655472904,
    7017.9272637026625,
    6980.413365717156,
    6974.3596283409,
    6965.847069179283,
    6902.324420363013,
    6904.9120618319885,
    6923.281499701083,
    5556.403420394511,
    5686.444187986086,
    5789.794340728313,
    5902.3185426807,
    6007.821624524164,
    6094.767672266234,
    6181.521360741156,
    6280.016946533419,
    6330.873880626616,
    6424.564895629694,
    6521.365715846452,
    6602.26255545945,
    6683.572955731425,
    6759.207758486471,
    6810.669571461672,
    6867.254192682272,
    6932.711571244722,
    7015.88076269517,
    7032.564964955107,
    7081.029353443583
  ],
  "speed": [
    9.750376340357555,
    9.771964467914103,
    9.744523423042804,
    9.733267244291635,
    9.704094004332658,
    9.70026497699845,
    9.683139919273332,
    9.712325225744632,
    9.742998912057278,
    9.778622918301355,
    9.800357253344576,
    9.823326159723289,
    9.843573870611383,
    9.871927881286762,
    9.901991244101989,
    9.929787451813816,
    9.950985210507548,
    9.966079868356442,
    9.979179134897635,
    9.997831654944797,
    10.00484153717746,
    10.009525491514779,
    10.016600843952892,
    10.023305439567425,
    10.02541249884536,
    10.025689375622534,
    10.028441106588065,
    10.037013536810566,
    10.046182108999085,
    10.058293523450324,
    10.070626398500325,
    10.083050319638435,
    10.089321147686078,
    10.09886506586223,
    10.106151089666026,
    10.108345342056282,
    10.11057135929656,
    10.111455201289369,
    10.113565979145632,
    10.099122933725015,
    10.106675465498869,
    10.110073020315738,
    10.106655660025124,
    10.101759007203157,
    10.092545467992677,
    10.079086413665419,
    10.07476362330486,
    10.071264256543389,
    10.068339005494728,
    10.069065487924155,
    10.071413700249519,
    10.076450802867466,
    10.081135155834616,
    10.085035818930654,
    10.090759840070112,
    10.092770636847574,
    10.09870681622894,
    10.102988626662079,
    10.104032845971508
  ],
  "throuput": [
    15,
    62,
    121,
    210,
    299,
    404,
    525,
    690,
    856,
    1024,
    1210,
    1371,
    1562,
    1756,
    1972,
    2182,
    2412,
    2594,
    2794,
    3014,
    3234,
    3442,
    3664,
    3883,
    4093,
    4269,
    4493,
    4705,
    4909,
    5100,
    5277,
    5458,
    5652,
    5835,
    6044,
    6193,
    6354,
    6546,
    6703,
    6893,
    7060,
    7223,
    7383,
    7531,
    7704,
    7855,
    8038,
    8185,
    8333,
    8497,
    8680,
    8856,
    9052,
    9287,
    9470,
    9685,
    9903,
    10098,
    10330
  ],
  "runningtime": [
    6.85983407497406
  ]
}