{
  "distance": [
    1166.6403098242308,
    1744.412842514462,
    2247.8533644865565,
    2707.577392393312,
    3108.589030722122,
    3544.9703920052875,
    3925.1627107701324,
    4321.226203273977,
    4642.8662577977975,
    4919.294578136571,
    5145.935199921171,
    5406.928153221007,
    5655.736053699107,
    5836.97465980715,
    6019.85584455773,
    6219.3802931836935,
    6367.211447464345,
    6469.03123433373,
    6605.987321406709,
    6699.539667585558,
    6773.061158837985,
    6857.958156799664,
    6903.79344626711,
    6900.329265540362,
    6956.250576003746,
    7001.247529851132,
    7017.384512083437,
    7063.071282186855,
    7037.944014324941,
    7032.964678262548,
    7046.291749189622,
    7038.399900479484,
    7060.941902891711,
    7020.209817108106,
    7012.0077877602,
    7002.710368962392,
    6938.0162797083385,
    6938.783272440931,
    6955.2607944128295,
    5578.231523657882,
    5706.420234774977,
    5807.744946362642,
    5923.6028445391285,
    6031.612218975199,
    6121.337678682794,
    6214.014453449012,
    6313.58704001002,
    6366.548968198334,
    6464.870201714106,
    6562.060521618941,
    6644.600037622065,
    6725.180748403452,
    6800.3368948593325,
    6852.599804443842,
    6907.538251296821,
    6977.5808605693255,
    7061.036177303798,
    7078.553116353491,
    7128.23793195045
  ],
  "speed": [
    9.89986824840659,
    10.011407444853523,
    10.040568257250968,
    10.030124957291102,
    10.008032133340969,
    10.001356065246895,
    9.995670615751095,
    10.020754919041655,
    10.046308306428518,
    10.078405774411632,
    10.105298119781523,
    10.127463844567059,
    10.145539255566565,
    10.162066219453127,
    10.180130871353438,
    10.20455725805828,
    10.220571940318518,
    10.238067217917894,
    10.251356668372475,
    10.261527863621708,
    10.27038492641787,
    10.279123960499742,
    10.288933118762879,
    10.291563706030974,
    10.294250129483043,
    10.293815269825881,
    10.296373385935905,
    10.304576465739135,
    10.312148984687285,
    10.323737915573235,
    10.333242890826014,
    10.34089466241095,
    10.34615764365124,
    10.3570889455878,
    10.364915472407288,
    10.366863373833457,
    10.371138867678722,
    10.372837758336,
    10.375960107306694,
    10.35740787013991,
    10.359460120980184,
    10.357688476439426,
    10.358974249652261,
    10.354913194915428,
    10.34738749049813,
    10.341024110513382,
    10.336488419209388,
    10.333359410334827,
    10.335583341441165,
    10.335944553451698,
    10.340548575718383,
    10.3444783989066,
    10.348715311689935,
    10.353287118913931,
    10.355203978573755,
    10.363171929532896,
    10.368419511852712,
    10.37308951680065,
    10.376856334460598
  ],
  "throuput": [
    16,
    64,
    131,
    224,
    321,
    425,
    543,
    724,
    882,
    1053,
    1241,
    1406,
    1601,
    1803,
    2029,
    2236,
    2440,
    2656,
    2869,
    3082,
    3294,
    3523,
    3738,
    3954,
    4169,
    4369,
    4567,
    4782,
    4968,
    5154,
    5344,
    5525,
    5727,
    5904,
    6074,
    6239,
    6422,
    6600,
    6764,
    6950,
    7110,
    7288,
    7435,
    7570,
    7743,
    7906,
    8080,
    8226,
    8393,
    8561,
    8751,
    8924,
    9121,
    9320,
    9525,
    9728,
    9936,
    10147,
    10379
  ],
  "runningtime": [
    8.632838376363118
  ]
}