{
  "distance": [
    1009.2505466387717,
    1361.3423657314888,
    1638.6266470107155,
    1934.7106213760685,
    2192.1623753103986,
    2335.9877841351986,
    2556.2345117736913,
    2755.527292524622,
    2838.551177896205,
    2968.7084917807288,
    3134.0564159483456,
    3231.354388279873,
    3284.580129398671,
    3040.1050086320924,
    3187.192632728872,
    3291.6913495852946,
    3434.6205500548203,
    3516.950772567072,
    3602.396527513135,
    3680.7372732386316,
    3751.7522707681087,
    3806.6895802249624,
    3883.757820025945,
    3923.379116217641,
    3990.306010849499,
    4009.894587275614,
    4046.7749288746127,
    4100.3862051034475,
    3881.452896657088,
    3961.9845018299966,
    4018.9687334618134,
    4052.6003207671984,
    4090.6074331114564,
    4151.948474760604,
    4183.741060724905,
    4207.376923329394,
    4236.994144998604,
    4274.079511214007,
    4297.562238299985,
    4303.895335377229,
    4339.356122932957,
    4339.828911887745,
    4177.112211791495,
    4229.728652035292,
    4254.613848452891,
    4291.38761493317,
    4324.788895786067,
    4335.319486723188,
    4360.073519011399,
    4393.892967844666,
    4420.771060198816,
    4416.814934668187,
    4446.21221418132,
    4460.248576177145,
    4467.1793962594365,
    4478.795952086209,
    4495.773119620545,
    4355.055002313814,
    4394.895478832413
  ],
  "speed": [
    9.241850990061145,
    9.212361063715583,
    9.159004646060913,
    9.08190337929477,
    8.97976185323878,
    8.937358586307676,
    8.885938823223894,
    8.867388030640758,
    8.849036626834565,
    8.825316275015307,
    8.816423554035985,
    8.81189179253381,
    8.818228120628623,
    8.826838151798727,
    8.853041342201418,
    8.868669667639463,
    8.865731932538987,
    8.864546895915737,
    8.868828481945293,
    8.864898985562581,
    8.870184370874481,
    8.873801175647738,
    8.876743863935324,
    8.8726569884082,
    8.86909697691307,
    8.864593764973463,
    8.863858543604445,
    8.862312723616228,
    8.86763642147286,
    8.875311240625884,
    8.875564690045389,
    8.875163643994322,
    8.871154722150564,
    8.867508664926644,
    8.860765333692177,
    8.856545507535742,
    8.84887118979592,
    8.844881579608007,
    8.841533139168082,
    8.833602665105813,
    8.82955988861,
    8.82474448619695,
    8.815233656005372,
    8.816201173421161,
    8.815061332037857,
    8.811858850435314,
    8.806869146425433,
    8.800508048322317,
    8.792925085149157,
    8.788970995956296,
    8.781421105785173,
    8.774244133296806,
    8.76360745650075,
    8.755035605069322,
    8.746878827637234,
    8.738288303416367,
    8.7322030774226,
    8.729869346705089,
    8.729091510129653
  ],
  "throuput": [
    17,
    48,
    108,
    198,
    303,
    436,
    579,
    773,
    957,
    1131,
    1368,
    1580,
    1799,
    2037,
    2266,
    2481,
    2714,
    2956,
    3195,
    3420,
    3656,
    3889,
    4122,
    4378,
    4615,
    4835,
    5103,
    5330,
    5572,
    5826,
    6068,
    6318,
    6548,
    6807,
    7026,
    7278,
    7508,
    7739,
    7990,
    8248,
    8475,
    8713,
    8951,
    9201,
    9445,
    9683,
    9932,
    10171,
    10393,
    10641,
    10857,
    11121,
    11350,
    11582,
    11847,
    12088,
    12337,
    12558,
    12811
  ],
  "runningtime": [
    7.574665800730387
  ]
}