{
  "distance": [
    1013.255484929434,
    1364.514471611531,
    1638.511575794175,
    1930.9435194230368,
    2189.857897195888,
    2326.4465851845634,
    2541.837571224794,
    2739.393610466068,
    2826.054549616421,
    2954.5656313022537,
    3115.362064295508,
    3210.3302844757172,
    3260.061657259017,
    3020.8237677844763,
    3167.2480821592276,
    3269.726881751709,
    3412.090451752092,
    3492.8385451374065,
    3578.9087566092558,
    3657.8956668341993,
    3728.9438941026547,
    3784.589995299076,
    3859.3287400745203,
    3901.1184379842903,
    3969.559032918036,
    3990.9337335355035,
    4029.1021936933857,
    4086.87988242593,
    3870.384367507835,
    3946.9553015867095,
    4003.6580964712343,
    4034.21102766269,
    4073.0337380107176,
    4132.581219090442,
    4165.795805375953,
    4191.173815844049,
    4221.28350971223,
    4258.727365487911,
    4282.13700786153,
    4290.346912853118,
    4327.529869115713,
    4327.738190209965,
    4166.236573225708,
    4220.166313439026,
    4244.9379440579705,
    4281.4297467719325,
    4314.19169111829,
    4324.626887717137,
    4350.92569036537,
    4383.227538671359,
    4410.766771551846,
    4407.192920537851,
    4438.261660714803,
    4452.387527127284,
    4459.844720486483,
    4472.633206245527,
    4489.922387568728,
    4349.5532870044835,
    4387.671879564128
  ],
  "speed": [
    9.28381576312782,
    9.237976659340871,
    9.162373215225001,
    9.063352567988963,
    8.958930916310187,
    8.897635333787392,
    8.828889230751322,
    8.807809917202762,
    8.79131825052303,
    8.76848051467542,
    8.755081981135184,
    8.741404189916102,
    8.732137070093207,
    8.745113797679496,
    8.763901179417557,
    8.770572803774,
    8.768551304669362,
    8.762140130344116,
    8.762541654369974,
    8.755463993113509,
    8.75488578053344,
    8.756444539861324,
    8.75403338277616,
    8.750012378168886,
    8.74395903817629,
    8.740368386798865,
    8.740066314216289,
    8.744682745637911,
    8.754501439433966,
    8.755357652716185,
    8.755384340934206,
    8.746467677436579,
    8.742247238434707,
    8.7335787212091,
    8.726194414515511,
    8.723460150685973,
    8.714952170328033,
    8.709856530536928,
    8.704209806580213,
    8.698669160227034,
    8.695987646788897,
    8.689879274317478,
    8.683721497368603,
    8.6874109792832,
    8.686063398014563,
    8.681869486417973,
    8.675622254553232,
    8.669778317424283,
    8.66577032590177,
    8.65873385597894,
    8.652081700557057,
    8.644104260827046,
    8.636642559589525,
    8.629252838129233,
    8.622572672048438,
    8.616598584892145,
    8.610982800486521,
    8.609127163155488,
    8.606054182206913
  ],
  "throuput": [
    19,
    48,
    107,
    191,
    300,
    437,
    571,
    753,
    937,
    1133,
    1367,
    1563,
    1773,
    2014,
    2234,
    2463,
    2698,
    2925,
    3154,
    3386,
    3607,
    3867,
    4105,
    4334,
    4559,
    4810,
    5063,
    5305,
    5561,
    5812,
    6034,
    6271,
    6511,
    6754,
    6977,
    7226,
    7461,
    7688,
    7955,
    8199,
    8432,
    8687,
    8927,
    9176,
    9409,
    9655,
    9909,
    10135,
    10366,
    10610,
    10809,
    11071,
    11319,
    11560,
    11808,
    12047,
    12290,
    12525,
    12782
  ],
  "runningtime": [
    6.134481171766917
  ]
}