{
  "distance": [
    1012.0004442155534,
    1363.734446740025,
    1638.478385135427,
    1935.6611998758951,
    2190.514612685934,
    2332.4143517692414,
    2547.2446577724145,
    2747.1678897415904,
    2831.5809771143254,
    2963.664011144007,
    3127.8886460565,
    3224.884299044433,
    3276.761826916562,
    3034.5236825192956,
    3180.440970513975,
    3285.7331441982815,
    3429.851981884847,
    3516.07516465014,
    3601.5873952690076,
    3679.7606607760704,
    3748.7631129839933,
    3802.042379791398,
    3877.987114034696,
    3917.196258448575,
    3986.035247285995,
    4005.4123425202174,
    4043.6242984637815,
    4097.663445080334,
    3878.4342968525684,
    3958.187204384572,
    4013.567183405028,
    4045.431046197999,
    4083.7298034897503,
    4145.734695964928,
    4179.627716927197,
    4203.616237067812,
    4232.637424586253,
    4268.335233030387,
    4290.247983320537,
    4298.9766932578195,
    4333.465834911943,
    4334.001716424537,
    4173.934434819112,
    4226.778194065423,
    4252.345044287066,
    4290.55512901454,
    4322.581089254555,
    4332.017122598794,
    4357.458211795919,
    4389.185029035529,
    4417.62185974055,
    4413.188016483681,
    4441.55910527584,
    4454.987136224317,
    4461.648729425845,
    4473.517732781202,
    4490.010632343115,
    4349.464290023225,
    4387.156047813777
  ],
  "speed": [
    9.272173721390539,
    9.23310167493845,
    9.162657964610116,
    9.092032695512115,
    8.972310648440182,
    8.928441721888166,
    8.860164482849102,
    8.844571810887356,
    8.824119759961793,
    8.806020318532328,
    8.792947792615978,
    8.78721258328546,
    8.7858352523914,
    8.797239800016476,
    8.816129019228075,
    8.832284049846718,
    8.831171623213285,
    8.83938157689149,
    8.842182413787883,
    8.835897047565654,
    8.8338905626766,
    8.832727388054142,
    8.83731179315404,
    8.831687378869784,
    8.83022905675747,
    8.827921437629882,
    8.829533866343397,
    8.827317519162998,
    8.833544547924681,
    8.842612058277325,
    8.840824464186861,
    8.836273346645598,
    8.830132799778653,
    8.825298576952171,
    8.819700441525185,
    8.81530614851215,
    8.805674861544826,
    8.798986831475654,
    8.791381801800862,
    8.786988126562353,
    8.780218922103591,
    8.77435323302965,
    8.769128254870367,
    8.770155396228155,
    8.770150160590656,
    8.770087007916448,
    8.7627455501351,
    8.75477734530578,
    8.748650563245091,
    8.741887982812948,
    8.737877845661723,
    8.730769909041221,
    8.718746589486685,
    8.710195057896991,
    8.701889872581212,
    8.693987129353237,
    8.687065607992242,
    8.684701340629296,
    8.68091662661313
  ],
  "throuput": [
    19,
    48,
    108,
    196,
    304,
    438,
    587,
    765,
    940,
    1127,
    1362,
    1565,
    1790,
    2017,
    2259,
    2468,
    2694,
    2957,
    3169,
    3411,
    3641,
    3894,
    4130,
    4355,
    4606,
    4849,
    5082,
    5333,
    5584,
    5831,
    6067,
    6296,
    6526,
    6762,
    7002,
    7259,
    7495,
    7740,
    7972,
    8231,
    8474,
    8694,
    8937,
    9174,
    9430,
    9679,
    9918,
    10156,
    10382,
    10636,
    10855,
    11102,
    11343,
    11586,
    11819,
    12081,
    12312,
    12567,
    12801
  ],
  "runningtime": [
    6.319205447038015
  ]
}