{
  "distance": [
    1142.863077099287,
    1633.0382981282735,
    2077.2376729369466,
    2497.0630883963213,
    2844.463122896719,
    3033.0239601262383,
    3143.5195075427378,
    3314.887110886528,
    3303.1637553985365,
    3417.291861235712,
    3560.5090523742715,
    3627.8084780814856,
    3771.799753738424,
    3825.9625318524472,
    3895.5466704469954,
    3959.540048600714,
    3990.394420560837,
    3962.08204357892,
    3924.562780794883,
    3958.920219477076,
    3938.210793557054,
    3946.0837943015854,
    3937.5404916918146,
    3968.3002771812135,
    3939.5177772539005,
    3521.100569295521,
    3603.407990457729,
    3623.3154675445044,
    3699.1051315225345,
    3772.824683639811,
    3867.247990212886,
    3893.5188609071006,
    3951.5226080079437,
    4014.0047648983214,
    4058.56185311188,
    4111.088905775067,
    4111.0927495775395,
    4088.3593886382773,
    4134.264755337739,
    4185.210686539675,
    4206.4001769069655,
    4220.8542955195635,
    4198.0581143214595,
    4200.5525649683705,
    4223.72411564829,
    4221.176567607022,
    4180.9934354914985,
    4191.174003815204,
    4181.60652243377,
    4209.228578354897,
    4195.886899701011,
    3918.9709517885017,
    3961.7419143474076,
    3982.2835874922102,
    4012.7507810583775,
    4044.5342295089968,
    4059.9725904426004,
    4099.130525825324,
    4144.919737978146
  ],
  "speed": [
    9.655507820722612,
    9.361559726714273,
    9.380411437456551,
    9.427055633031102,
    9.38943595685836,
    9.403488970054259,
    9.380783980306477,
    9.331264570509793,
    9.298521137964608,
    9.282003485930947,
    9.26119324915088,
    9.24309722981268,
    9.2409075558409,
    9.233226740547948,
    9.238423653135815,
    9.237140490938305,
    9.228261609840025,
    9.257965036732472,
    9.276110244210084,
    9.254402848750892,
    9.264200660838501,
    9.270147792873205,
    9.263298675519097,
    9.24910628207713,
    9.265150393253641,
    9.294465873362759,
    9.2926997783718,
    9.283855830825043,
    9.269042820731764,
    9.271249822044881,
    9.282696973058544,
    9.272809069825843,
    9.277490420105448,
    9.28125736405194,
    9.280139720405435,
    9.271892957079258,
    9.280810001067145,
    9.290919755810071,
    9.298296241290037,
    9.304853970849306,
    9.29411886315501,
    9.27937637504286,
    9.291989110348839,
    9.289476755035334,
    9.289809665790184,
    9.288117652636268,
    9.285313737688705,
    9.28303591383932,
    9.286968622111061,
    9.292301319223293,
    9.295509114435085,
    9.310085368504426,
    9.302886776829173,
    9.299386857804695,
    9.297719371133097,
    9.305869553587986,
    9.304232722699165,
    9.303251179702402,
    9.302585768982086
  ],
  "throuput": [
    8,
    25,
    56,
    90,
    128,
    172,
    202,
    240,
    278,
    311,
    346,
    394,
    440,
    489,
    547,
    581,
    624,
    654,
    691,
    729,
    777,
    815,
    858,
    888,
    924,
    965,
    990,
    1019,
    1071,
    1100,
    1138,
    1173,
    1219,
    1259,
    1300,
    1333,
    1381,
    1417,
    1464,
    1514,
    1553,
    1593,
    1633,
    1667,
    1714,
    1763,
    1795,
    1834,
    1872,
    1907,
    1941,
    1975,
    2012,
    2056,
    2096,
    2120,
    2155,
    2196,
    2231
  ],
  "runningtime": [
    1.7349435289700825
  ]
}