{
  "distance": [
    1183.4596322065104,
    1731.8515052005453,
    2187.007833165836,
    2617.6174332586907,
    2980.476176452437,
    3164.7455386061374,
    3285.5431795498243,
    3453.5888548450935,
    3444.4993036448122,
    3561.0102605457687,
    3698.0962703639198,
    3758.3719683177624,
    3885.5014326475466,
    3921.5117202769993,
    3980.3880315866254,
    4037.6174338952346,
    4073.718693688669,
    4031.005973058959,
    3985.0261876271343,
    4017.879150597303,
    3980.3590837247043,
    3985.708376741243,
    3978.351841237531,
    4014.1812025747818,
    3975.6978428134094,
    3549.119537032112,
    3638.0598456549474,
    3660.9382265170893,
    3736.3602144918605,
    3815.658964798631,
    3908.4275729746064,
    3943.9953007432255,
    4003.998256103658,
    4067.1992587411505,
    4110.819411379923,
    4162.784297449313,
    4161.428737829841,
    4133.834274924415,
    4174.126443081391,
    4224.484719651686,
    4249.067901330397,
    4264.225443961681,
    4233.711858616513,
    4233.708987507798,
    4251.634126978086,
    4247.8899099719665,
    4205.690555041112,
    4214.827397729325,
    4203.87569047317,
    4231.995711966064,
    4212.070755066619,
    3929.585238901228,
    3974.590721187037,
    3998.0398083677187,
    4030.176338824675,
    4060.1052102133,
    4075.4788251385653,
    4116.075021613516,
    4165.2334709109155
  ],
  "speed": [
    10.006426836829355,
    9.951975237542966,
    9.941348160013542,
    9.946998143764644,
    9.922194447305097,
    9.907355764161897,
    9.938636870201409,
    9.882275383737646,
    9.877807946248272,
    9.870761666644148,
    9.853537091615962,
    9.849821239937643,
    9.833505568421556,
    9.817487560995543,
    9.814139487222812,
    9.80679026347395,
    9.817834404270835,
    9.827171534182787,
    9.840411306699297,
    9.838392802921785,
    9.830923849212652,
    9.83676168518907,
    9.841069499395077,
    9.849105967692935,
    9.851820409400538,
    9.874423304334854,
    9.884920287902284,
    9.88885413568454,
    9.868138157992831,
    9.880906421274823,
    9.880983390772448,
    9.890917348609129,
    9.897836892466893,
    9.896433103634541,
    9.889298297826858,
    9.882778869811588,
    9.893430889604451,
    9.89482957899881,
    9.88680914818134,
    9.88944605418015,
    9.887405582065268,
    9.883733123099951,
    9.887584622244546,
    9.884932641247442,
    9.881128292591864,
    9.879702320714005,
    9.872456266901265,
    9.867203246823475,
    9.869738653958613,
    9.87750850866837,
    9.873427067750109,
    9.879136234365681,
    9.871297751004406,
    9.87181352396838,
    9.868155514655127,
    9.866689474208192,
    9.861881600217643,
    9.858241911688728,
    9.859270558657123
  ],
  "throuput": [
    8,
    32,
    62,
    95,
    135,
    180,
    218,
    254,
    287,
    329,
    368,
    427,
    466,
    515,
    566,
    603,
    636,
    679,
    711,
    757,
    794,
    832,
    873,
    908,
    941,
    982,
    1009,
    1049,
    1084,
    1119,
    1149,
    1192,
    1234,
    1271,
    1317,
    1360,
    1396,
    1435,
    1477,
    1525,
    1573,
    1622,
    1653,
    1691,
    1739,
    1774,
    1809,
    1847,
    1884,
    1928,
    1969,
    1993,
    2023,
    2065,
    2106,
    2140,
    2171,
    2199,
    2243
  ],
  "runningtime": [
    1.5376325607299806
  ]
}