{
  "distance": [
    1201.3769961841951,
    1753.9879174530156,
    2214.0304657460356,
    2643.965057843236,
    3000.8009849040304,
    3205.3957813676107,
    3316.2428142007825,
    3496.1315547665445,
    3485.5186781328243,
    3608.808731409055,
    3752.171685154744,
    3811.2753346865093,
    3936.0903605870367,
    3972.8006715004863,
    4033.886320047134,
    4090.20786082757,
    4111.263929174303,
    4056.436798254775,
    4000.540956750613,
    4038.3836582648237,
    3997.9624789466666,
    3994.8736621568473,
    3980.336178587445,
    4016.668002965021,
    3975.9709250813344,
    3552.4849782322594,
    3643.15359438201,
    3666.506131178618,
    3756.8003269291735,
    3832.7744312691384,
    3919.1809015574454,
    3951.5929366980054,
    4011.902085585551,
    4072.1284850266393,
    4116.323347843583,
    4171.628750795743,
    4172.175427666048,
    4141.929414764061,
    4182.393863563658,
    4230.501742987894,
    4256.857675933939,
    4278.76460356298,
    4243.028501680938,
    4242.3911062185025,
    4260.141267387932,
    4256.192857369725,
    4212.07513637148,
    4222.05780022608,
    4208.511406347678,
    4234.788159070244,
    4217.720104207872,
    3936.9495865311055,
    3980.674040693933,
    4004.2955455048495,
    4039.6606692152322,
    4070.8337425831273,
    4086.9295325508915,
    4128.790138759189,
    4175.77443254332
  ],
  "speed": [
    10.151072066455107,
    10.089808237977813,
    10.069393925731932,
    10.0521850931713,
    10.016505291732106,
    10.063133374325849,
    10.071234275925907,
    10.05062442312208,
    10.046323233544358,
    10.060908532572853,
    10.076038303230762,
    10.083503229797948,
    10.07511112837139,
    10.081687806876209,
    10.097353016223627,
    10.099338325738378,
    10.089808928568162,
    10.085654293230439,
    10.094013104415229,
    10.114924629342076,
    10.112071531566897,
    10.106758422496993,
    10.097264705560507,
    10.105616049456794,
    10.103628051547208,
    10.12985399225791,
    10.136331490183219,
    10.129351132722759,
    10.14094849235362,
    10.13393189400779,
    10.109389933827153,
    10.106960616279647,
    10.10890531438836,
    10.100328752487208,
    10.095293300853163,
    10.095058573287291,
    10.108000496781052,
    10.103179528288884,
    10.098319312349348,
    10.097291761582987,
    10.097923065248274,
    10.104930540313935,
    10.099627971065248,
    10.100173101973155,
    10.102967284073912,
    10.107611504752134,
    10.10328565809945,
    10.101294510505427,
    10.097645126221027,
    10.10155316117917,
    10.10099567830185,
    10.10904053474863,
    10.099256313551948,
    10.09701622681084,
    10.097072020420239,
    10.098296228917475,
    10.096882167520175,
    10.09571577669813,
    10.089375649205135
  ],
  "throuput": [
    8,
    32,
    60,
    99,
    137,
    184,
    223,
    254,
    292,
    338,
    384,
    431,
    485,
    528,
    576,
    615,
    649,
    690,
    729,
    769,
    813,
    842,
    879,
    913,
    949,
    984,
    1013,
    1046,
    1086,
    1115,
    1153,
    1195,
    1236,
    1277,
    1324,
    1363,
    1404,
    1445,
    1485,
    1532,
    1573,
    1625,
    1659,
    1708,
    1752,
    1788,
    1823,
    1853,
    1890,
    1932,
    1963,
    1996,
    2033,
    2072,
    2106,
    2147,
    2177,
    2206,
    2243
  ],
  "runningtime": [
    1.6426707744598388
  ]
}