{
  "distance": [
    1211.263915191693,
    1765.8448747811858,
    2223.9076077777722,
    2655.3276767676766,
    3010.579957372738,
    3214.185774362075,
    3326.567353943648,
    3507.759498616788,
    3505.9563880167625,
    3620.5798259519074,
    3769.3827022454807,
    3826.7948909517786,
    3951.136442732995,
    3987.8868636552443,
    4042.4458438668726,
    4097.11113408833,
    4122.261238406065,
    4067.473955251698,
    4009.630363660131,
    4039.337862289648,
    3997.345043839827,
    3994.6942696706774,
    3985.8295048112595,
    4021.725027501501,
    3980.03275896124,
    3552.786811073734,
    3636.4217126389376,
    3659.625611558051,
    3749.882858324172,
    3828.302770606491,
    3922.926911247362,
    3954.9853299513356,
    4018.456025504124,
    4079.606496305622,
    4123.130714843022,
    4182.613247725498,
    4177.799113330496,
    4148.1540131933325,
    4192.1154208701855,
    4242.212882519716,
    4265.648674009624,
    4283.627366190752,
    4247.823041770926,
    4242.783656054046,
    4261.43391132644,
    4259.715805485145,
    4217.677286846625,
    4227.195769877614,
    4213.739465753416,
    4237.49913659207,
    4218.66209256675,
    3939.2737369746387,
    3985.1721188924735,
    4005.2316818989243,
    4038.798228926497,
    4067.763224363356,
    4086.447895941267,
    4130.764040045134,
    4178.427604010393
  ],
  "speed": [
    10.231162070659897,
    10.15476251575347,
    10.117293637885798,
    10.114612592750403,
    10.06327917626448,
    10.104431484120738,
    10.108069014783716,
    10.092983875462389,
    10.118915340734777,
    10.111533334737565,
    10.130985857882743,
    10.144995949538522,
    10.142066866123562,
    10.145521229294589,
    10.137036936361126,
    10.132873729311102,
    10.135966678189959,
    10.136853378348448,
    10.137162652896079,
    10.143212847247403,
    10.134712567445229,
    10.125967730470665,
    10.122883376598763,
    10.130059655946662,
    10.132914927618831,
    10.146027415069165,
    10.134823322627414,
    10.126964545039261,
    10.137169063999181,
    10.140241341848649,
    10.143375526384649,
    10.14189575821799,
    10.152005459948551,
    10.14847972577506,
    10.145275341454242,
    10.158089315556925,
    10.162529485112252,
    10.160488446863091,
    10.165727495315913,
    10.168920757186925,
    10.162120179026477,
    10.161132238416352,
    10.1597884307169,
    10.151517975164092,
    10.152329694655402,
    10.157935724277475,
    10.156830320427643,
    10.156723173838476,
    10.155856071138496,
    10.157047452991177,
    10.1559747796401,
    10.16802107996022,
    10.164043171528554,
    10.154918053995946,
    10.15223750590407,
    10.145667847727283,
    10.147280302865395,
    10.150025460231722,
    10.144799791507152
  ],
  "throuput": [
    8,
    33,
    62,
    102,
    138,
    183,
    224,
    254,
    297,
    330,
    384,
    439,
    488,
    524,
    574,
    614,
    653,
    689,
    734,
    774,
    808,
    835,
    874,
    916,
    953,
    982,
    1014,
    1046,
    1085,
    1122,
    1153,
    1197,
    1233,
    1284,
    1328,
    1367,
    1405,
    1452,
    1487,
    1536,
    1579,
    1626,
    1676,
    1703,
    1745,
    1783,
    1826,
    1863,
    1892,
    1938,
    1969,
    2000,
    2033,
    2077,
    2110,
    2145,
    2176,
    2208,
    2243
  ],
  "runningtime": [
    1.5973521908124289
  ]
}