{"total_trips": 4381.779395183093, "trip_mean": 4146.218626049804, "trip_var": 4938607.123450981}