{
  "distance": [
    1047.9436425304623,
    1549.83388130126,
    2019.09442138931,
    2438.8229210325694,
    2795.691898667571,
    3100.7867680750473,
    3304.0871411358507,
    3434.5911530590824,
    3518.989826005412,
    3585.946355003826,
    3658.636897945368,
    3801.5422428478605,
    3919.439974242058,
    3939.890303224523,
    3866.1886106930488,
    3933.8271670590557,
    4006.5982957917304,
    4024.112330041918,
    4092.8385555347586,
    4179.650510926049,
    4206.9484006813145,
    4192.66687192658,
    4252.98228345909,
    4322.453826905844,
    4302.821423675897,
    4348.5228739759,
    4319.210932057122,
    4324.357437107502,
    4298.627373524281,
    4275.095601138514,
    4230.329287886298,
    4233.135619894644,
    4234.906804611433,
    4223.773650001898,
    3927.8275400478797,
    4003.462996830675,
    4044.0637825651074,
    4093.2040529665815,
    4138.265989396828,
    4191.601843974074,
    4253.50273869048,
    4270.654809342029,
    4291.975443922648,
    4314.466918343174,
    4307.669816926975,
    4330.698899173933,
    4367.905956907352,
    4423.7054178514545,
    4463.441753307724,
    4464.669821945387,
    4483.603077033404,
    4527.265601471301,
    4536.800139780865,
    4531.799367021292,
    4537.10443009837,
    4485.31777575133,
    4516.388792590862,
    4546.439272922129,
    4538.420456121124
  ],
  "speed": [
    8.851865494343677,
    8.804820108608313,
    8.745622452401983,
    8.722400970188419,
    8.715027003838838,
    8.703841361285532,
    8.672283037533179,
    8.688316344721075,
    8.702384281385012,
    8.7150940623765,
    8.733690374159988,
    8.753666928044167,
    8.767885092292264,
    8.768576660519145,
    8.7738036575407,
    8.764446921975896,
    8.759182381353396,
    8.751745886469001,
    8.760361963990041,
    8.768167951574968,
    8.774782465469896,
    8.785967651351774,
    8.799265808799541,
    8.802244968608633,
    8.807255328413179,
    8.814884581691498,
    8.822656642373449,
    8.826536467629866,
    8.831506183728713,
    8.830471844525198,
    8.834244658673883,
    8.846308157797024,
    8.854002891941517,
    8.857430156154606,
    8.86598556809291,
    8.861138751031705,
    8.869758850861073,
    8.873546295971035,
    8.880445687097138,
    8.882104907804406,
    8.889363428836834,
    8.899575774844216,
    8.903753067378167,
    8.906173170962086,
    8.911924677304734,
    8.923411768465396,
    8.924556341003093,
    8.923536518581114,
    8.922264729830111,
    8.92131768496433,
    8.923384619134525,
    8.92944438951602,
    8.933584673295965,
    8.93641179528567,
    8.934157871563583,
    8.931484538737191,
    8.929022059185792,
    8.930773596811804,
    8.933821952575482
  ],
  "throuput": [
    23,
    51,
    116,
    191,
    259,
    349,
    416,
    505,
    569,
    644,
    713,
    791,
    873,
    955,
    1032,
    1119,
    1193,
    1265,
    1353,
    1441,
    1535,
    1617,
    1697,
    1780,
    1865,
    1963,
    2032,
    2105,
    2176,
    2234,
    2301,
    2366,
    2445,
    2519,
    2596,
    2680,
    2750,
    2831,
    2900,
    2971,
    3035,
    3098,
    3177,
    3238,
    3305,
    3376,
    3455,
    3539,
    3625,
    3727,
    3816,
    3897,
    3983,
    4058,
    4164,
    4236,
    4321,
    4388,
    4456
  ],
  "runningtime": [
    3.313285533587138
  ]
}