{
  "distance": [
    1052.3791108319228,
    1552.6873104015976,
    2027.3024482317821,
    2455.054544342546,
    2812.0555275324473,
    3119.5488714010303,
    3324.0045151514246,
    3451.2413072331283,
    3535.7583911255674,
    3594.537281362512,
    3667.0539758278687,
    3805.0226228491783,
    3922.078815492422,
    3936.997641985104,
    3861.807776118896,
    3935.6923329599454,
    4009.161017185159,
    4025.7908758868225,
    4093.748010921494,
    4182.672524265588,
    4208.850096048854,
    4194.821801865113,
    4250.12900400379,
    4321.593257987107,
    4305.281639603039,
    4351.086287755894,
    4321.966772395327,
    4328.442174168349,
    4301.2266110688,
    4274.322488096594,
    4230.20029040633,
    4230.835107225883,
    4234.42801588753,
    4224.136225081593,
    3929.7096213366854,
    4008.795661927011,
    4051.6488841646305,
    4105.22101246771,
    4151.315302610666,
    4204.870345996901,
    4265.35184060533,
    4282.020908704485,
    4301.8410686907955,
    4324.092524779089,
    4317.019458965526,
    4339.847241280712,
    4377.135752101871,
    4434.759206861876,
    4475.004716294103,
    4477.745912944364,
    4495.201614530948,
    4538.226469783314,
    4547.400742667856,
    4543.1706090281095,
    4550.4166248312895,
    4499.196718685967,
    4530.5026030747,
    4560.194729812743,
    4549.307033957202
  ],
  "speed": [
    8.887530259084352,
    8.81824762848849,
    8.772320110837462,
    8.766985544973819,
    8.756609855475205,
    8.750376753817049,
    8.724600199712558,
    8.737573606256285,
    8.761202247752726,
    8.756346747384393,
    8.774844106237824,
    8.784627486042224,
    8.798482108605578,
    8.78872255751858,
    8.78785588063129,
    8.784614829471067,
    8.778331039921746,
    8.768912118269348,
    8.777426059604075,
    8.78984171446965,
    8.796022339482082,
    8.807928669153345,
    8.815755186028793,
    8.826457791306753,
    8.835980911727935,
    8.841058478363882,
    8.845717148196316,
    8.853075552502492,
    8.853671209380282,
    8.844889731136073,
    8.84996552075774,
    8.857912985987893,
    8.86819179441839,
    8.875640543236015,
    8.887787126039669,
    8.888291528132436,
    8.9013668885199,
    8.913847584069472,
    8.925803394130696,
    8.931387288391988,
    8.93575826765637,
    8.947429551554539,
    8.948679183631853,
    8.95037801704259,
    8.955885195926616,
    8.965965091869357,
    8.96659371582114,
    8.970316775897128,
    8.973264146970005,
    8.977187368719521,
    8.979015209771454,
    8.986285862863063,
    8.991591953782185,
    8.996707355880961,
    8.998898622196538,
    9.00049821455048,
    9.000251682424487,
    9.002911515873992,
    9.002748694053498
  ],
  "throuput": [
    23,
    47,
    115,
    187,
    258,
    352,
    419,
    514,
    581,
    648,
    725,
    788,
    873,
    959,
    1031,
    1109,
    1191,
    1271,
    1354,
    1448,
    1536,
    1625,
    1708,
    1783,
    1863,
    1941,
    2033,
    2105,
    2175,
    2230,
    2302,
    2369,
    2440,
    2523,
    2598,
    2671,
    2755,
    2840,
    2917,
    2981,
    3042,
    3110,
    3177,
    3241,
    3308,
    3387,
    3454,
    3550,
    3645,
    3737,
    3831,
    3910,
    3985,
    4072,
    4170,
    4252,
    4332,
    4400,
    4480
  ],
  "runningtime": [
    3.577427581946055
  ]
}