{
  "distance": [
    1142.148912063811,
    1650.2669260088612,
    2096.820568023379,
    2541.188878099175,
    2948.1106622379457,
    3275.929362963668,
    3616.5077852627746,
    3961.665570858987,
    4255.022535039269,
    4487.710315542537,
    4716.455957333642,
    4932.512737309977,
    5089.458303040839,
    5311.632255143553,
    5424.402233993703,
    5585.0614757823505,
    5752.195116984192,
    5818.191018065216,
    5927.179009632586,
    5995.762883891256,
    6108.888021095085,
    6161.487824308422,
    6235.981064558549,
    6263.210236480077,
    6342.400554145032,
    6368.237862886431,
    6393.341030328129,
    6467.072492539316,
    6523.100251872172,
    6459.037048461642,
    6487.352545678514,
    6509.914054898805,
    6532.596161852679,
    6552.347262292379,
    6535.6151507934765,
    6558.1310664383345,
    6557.073171437428,
    6601.341014639475,
    5545.143069562364,
    5645.9046026325395,
    5730.170646031801,
    5843.631584403413,
    5941.590860465523,
    6041.409484347588,
    6095.939753073027,
    6181.303045712417,
    6273.393589948152,
    6333.387554959782,
    6407.675360139606,
    6455.778412354406,
    6528.356086207652,
    6580.106549664968,
    6641.012076131218,
    6682.6478463751055,
    6689.200547962727,
    6758.281613811327,
    6807.985414873193,
    6828.777383699146,
    6877.357567190407
  ],
  "speed": [
    9.684935972723208,
    9.500995402649528,
    9.401195808904808,
    9.383016928417895,
    9.38487156338908,
    9.336289974220728,
    9.301182933518245,
    9.285846905778374,
    9.261521021092982,
    9.246110737094384,
    9.239515414559445,
    9.222083458107152,
    9.211383286135542,
    9.209115529163723,
    9.206260472598881,
    9.207606583753558,
    9.207365670580918,
    9.192725409856203,
    9.186192284517551,
    9.176952847963719,
    9.162246457417815,
    9.15024231822034,
    9.143807746192367,
    9.13276956891217,
    9.126946000573973,
    9.122954511940211,
    9.121415748543331,
    9.122371189409211,
    9.115975586275127,
    9.113648884082318,
    9.112041600687691,
    9.109278584093717,
    9.111174320184169,
    9.10846852496017,
    9.108280390504154,
    9.102748706523714,
    9.09952376814262,
    9.099891924344076,
    9.114257523414807,
    9.117709488245028,
    9.108519002656136,
    9.102664582783996,
    9.09407427534253,
    9.079624536492762,
    9.065604858517746,
    9.056560310076987,
    9.040248341025874,
    9.023699094184861,
    9.009384026614322,
    8.994704689344237,
    8.976862135530231,
    8.961860043404904,
    8.949041678626386,
    8.935849031772122,
    8.925494284066662,
    8.911534519010393,
    8.897704527360942,
    8.884471356187742,
    8.871051923053752
  ],
  "throuput": [
    10,
    48,
    88,
    158,
    251,
    348,
    458,
    589,
    736,
    884,
    1043,
    1216,
    1377,
    1530,
    1700,
    1881,
    2069,
    2253,
    2423,
    2608,
    2788,
    2963,
    3154,
    3341,
    3518,
    3701,
    3881,
    4051,
    4230,
    4413,
    4566,
    4716,
    4882,
    5066,
    5232,
    5401,
    5581,
    5726,
    5885,
    6063,
    6210,
    6369,
    6535,
    6689,
    6838,
    6985,
    7141,
    7305,
    7487,
    7664,
    7834,
    8007,
    8182,
    8369,
    8549,
    8729,
    8926,
    9105,
    9317
  ],
  "runningtime": [
    5.541630744934082
  ]
}