{
  "distance": [
    1161.9592958040037,
    1693.0571211330862,
    2162.076938443896,
    2610.845581947385,
    3012.014181560218,
    3349.24343955415,
    3699.5373225768863,
    4048.9687160594253,
    4343.373509661068,
    4576.934689819575,
    4804.436620884376,
    5030.602059983453,
    5188.734430470351,
    5417.885543745806,
    5526.012761640374,
    5679.07972456949,
    5846.412726143446,
    5914.540615913221,
    6020.161317451829,
    6083.846586426872,
    6200.90110248791,
    6248.965243865412,
    6318.468358220393,
    6348.647775383209,
    6425.612152482111,
    6447.032486689606,
    6467.816761552989,
    6536.121756211165,
    6591.394878290868,
    6524.093525351592,
    6552.2214384698,
    6570.775758613312,
    6584.273859001654,
    6599.396141434016,
    6576.240215049453,
    6596.074450878079,
    6595.434289651014,
    6636.85544770646,
    5571.883226965766,
    5673.431458434583,
    5759.973909617278,
    5872.611125894826,
    5971.469054081756,
    6073.498395487947,
    6129.0748220142705,
    6210.526427199113,
    6302.844898041918,
    6364.157255793235,
    6439.696451547447,
    6490.255688297676,
    6568.367510749085,
    6620.953656584862,
    6679.524278037888,
    6719.678439924032,
    6721.847821270704,
    6791.996004749878,
    6839.867597987855,
    6857.935323360085,
    6903.371201351117
  ],
  "speed": [
    9.8524521075981,
    9.751182354869742,
    9.699092140952198,
    9.65218049109218,
    9.604468665449877,
    9.563287130750433,
    9.533972216588834,
    9.51427952429806,
    9.480063711426242,
    9.46136232369828,
    9.445407050606827,
    9.438157199937505,
    9.428042684209156,
    9.436592140116632,
    9.43013532909354,
    9.420569831956247,
    9.42107871243396,
    9.413015949034762,
    9.402925497652868,
    9.391108487237336,
    9.385033011466213,
    9.370889472786128,
    9.361075344978236,
    9.358401495308003,
    9.353648901966492,
    9.347847998471716,
    9.343510956899506,
    9.339271469196234,
    9.333916981887011,
    9.32939676414105,
    9.327905543090516,
    9.323597444882777,
    9.31721664921716,
    9.312568476965836,
    9.307310295493494,
    9.300689286479706,
    9.297922203548625,
    9.294513542797707,
    9.303652045843139,
    9.307420596783935,
    9.299672131242577,
    9.291174207363255,
    9.281336065023051,
    9.267424579755666,
    9.253154893935303,
    9.237256624816421,
    9.220555488652156,
    9.204909922259452,
    9.191971435154223,
    9.179937000287312,
    9.167799559590458,
    9.15377409941041,
    9.137896759384926,
    9.123168613594961,
    9.10713043052016,
    9.093666370729656,
    9.078082398040644,
    9.062791735931956,
    9.046768007640608
  ],
  "throuput": [
    9,
    49,
    93,
    168,
    261,
    358,
    470,
    599,
    749,
    905,
    1044,
    1231,
    1412,
    1560,
    1745,
    1905,
    2118,
    2298,
    2481,
    2656,
    2843,
    3023,
    3206,
    3399,
    3585,
    3763,
    3936,
    4103,
    4271,
    4443,
    4614,
    4787,
    4954,
    5136,
    5299,
    5451,
    5594,
    5772,
    5929,
    6101,
    6252,
    6416,
    6558,
    6719,
    6877,
    7034,
    7189,
    7339,
    7534,
    7704,
    7875,
    8063,
    8243,
    8423,
    8584,
    8784,
    8996,
    9184,
    9379
  ],
  "runningtime": [
    7.117263917128245
  ]
}