{
  "distance": [
    1177.1834439314928,
    1703.952983395973,
    2173.73285215532,
    2572.739988919626,
    2932.2102937324776,
    3268.2557657085954,
    3591.825884958885,
    3798.5145589388944,
    4110.85476082241,
    4377.3638573716125,
    4524.994179032431,
    4666.597643992146,
    4844.657908145036,
    5003.697734627351,
    5137.054894872422,
    5188.669866999781,
    5284.485295171366,
    5384.342704285796,
    5465.780728993238,
    5523.580646532261,
    5593.920589568988,
    5667.61513464354,
    5681.742899480805,
    5686.357805726442,
    5669.575596843862,
    5671.041343616492,
    5713.440889523633,
    5703.172678189417,
    5730.156414912315,
    5687.80017423587,
    5723.874600078051,
    5726.869865084444,
    5678.964863718511,
    5669.763032945661,
    5674.139137306179,
    5669.096922415416,
    4978.461253389859,
    5075.026213622493,
    5154.140481242857,
    5223.453694588585,
    5286.04031420598,
    5334.859734107685,
    5427.748080108527,
    5506.7338836139925,
    5562.52106184749,
    5583.788795277142,
    5668.180004391281,
    5719.038235178743,
    5761.51837552588,
    5780.793120961783,
    5824.212184246251,
    5868.399225133827,
    5907.899387886235,
    5955.963381115665,
    5979.401000773916,
    6000.205832688009,
    6006.700721727658,
    5998.813002606608,
    6027.892188060971
  ],
  "speed": [
    9.945311933303342,
    9.831473611006773,
    9.784431125116267,
    9.771006577750589,
    9.758333317747907,
    9.74241414042494,
    9.731572043929132,
    9.729597197328086,
    9.71968134244234,
    9.709750808335897,
    9.710605417477108,
    9.698842281334182,
    9.702429038897105,
    9.7011461658891,
    9.70995129005711,
    9.71399175927638,
    9.716821212637687,
    9.717477152838022,
    9.719336241877082,
    9.71956321927978,
    9.722063889519875,
    9.7250782755834,
    9.73185487634886,
    9.731485649496422,
    9.733212572440246,
    9.735197677984194,
    9.733527789916126,
    9.733576572721919,
    9.738956890619932,
    9.740383463270941,
    9.736569464715826,
    9.739860193381748,
    9.743898219091829,
    9.739444602466694,
    9.739406920746745,
    9.735799365734588,
    9.740744740949836,
    9.740759431559317,
    9.736945585840866,
    9.733854339577524,
    9.729281754211852,
    9.721606305854383,
    9.717934389556378,
    9.714375670761067,
    9.711531916179883,
    9.70451820665848,
    9.699875566950151,
    9.693613089370244,
    9.68460379106925,
    9.677765845528683,
    9.673124873222882,
    9.671820632605423,
    9.67072793359247,
    9.66804278547525,
    9.666591854948104,
    9.659603133795962,
    9.656460632981558,
    9.654402838905598,
    9.65126227325843
  ],
  "throuput": [
    19,
    55,
    105,
    171,
    262,
    358,
    462,
    588,
    703,
    841,
    995,
    1138,
    1304,
    1459,
    1607,
    1788,
    1958,
    2129,
    2299,
    2467,
    2639,
    2783,
    2974,
    3141,
    3295,
    3466,
    3643,
    3784,
    3941,
    4104,
    4234,
    4373,
    4522,
    4655,
    4804,
    4931,
    5069,
    5210,
    5340,
    5489,
    5608,
    5733,
    5879,
    6021,
    6151,
    6292,
    6436,
    6585,
    6737,
    6901,
    7055,
    7221,
    7378,
    7556,
    7735,
    7910,
    8079,
    8254,
    8412
  ],
  "runningtime": [
    7.13011425336202
  ]
}