{
  "distance": [
    1166.7128645240841,
    1690.556230715712,
    2145.446667019496,
    2540.5624634213696,
    2899.6335534689733,
    3233.3312696049493,
    3554.6192364268654,
    3747.4695126767388,
    4049.585063187033,
    4313.353041436477,
    4464.119767421826,
    4612.393309218985,
    4782.824081314076,
    4942.897825009445,
    5080.592059807369,
    5135.065724065525,
    5230.244479968794,
    5337.992249782424,
    5421.927615969004,
    5485.424120197276,
    5560.38177260348,
    5639.479111247421,
    5652.338064472775,
    5663.184885273555,
    5648.980140636428,
    5658.0896444410855,
    5702.138773523576,
    5692.138648705741,
    5719.444953756477,
    5682.211092010113,
    5719.115875823517,
    5719.6913354723365,
    5671.948820489853,
    5664.274719785753,
    5668.6077059282725,
    5665.430093862268,
    4975.341480828299,
    5070.362991894299,
    5148.523265714648,
    5214.095260848806,
    5273.552624864353,
    5322.9619054911545,
    5417.6303016689135,
    5494.216594985524,
    5546.704119924258,
    5567.692334681712,
    5652.375747724923,
    5701.031749146806,
    5743.040167511409,
    5762.449201228661,
    5807.750611338713,
    5848.5695397923255,
    5886.684257812662,
    5935.540595670644,
    5958.594374007984,
    5981.224215069967,
    5988.794311435516,
    5980.539252073427,
    6010.056978289845
  ],
  "speed": [
    9.856759495908674,
    9.756378531699156,
    9.659802527438918,
    9.641361495196117,
    9.6339987157245,
    9.618359874416615,
    9.610057936373183,
    9.574583426434963,
    9.539884068616951,
    9.524820314504012,
    9.532482756201427,
    9.534146740390675,
    9.526995607568672,
    9.529437908205718,
    9.543432965860092,
    9.552579358839012,
    9.550474110507869,
    9.561580412811294,
    9.564206439993674,
    9.572632828340183,
    9.580060122202134,
    9.590268411430817,
    9.591976008717477,
    9.596668162343445,
    9.598286821204198,
    9.609521178521874,
    9.608140775803369,
    9.609203871263393,
    9.615604541800204,
    9.62380990154058,
    9.622343866977442,
    9.622619058397277,
    9.62764747663941,
    9.6250569421138,
    9.623369167954515,
    9.621175560482436,
    9.626670109995459,
    9.627448097468964,
    9.624576177567409,
    9.615075235866117,
    9.605472404303816,
    9.599935012453805,
    9.599506722031332,
    9.592963158171482,
    9.583836340522595,
    9.577279075855724,
    9.573601707476376,
    9.563873034837052,
    9.554101469726122,
    9.54600222451159,
    9.54432524994645,
    9.53705442440186,
    9.534636320975817,
    9.532418840648068,
    9.5284461078457,
    9.522377672505641,
    9.519795949782072,
    9.515518214030557,
    9.510492649696605
  ],
  "throuput": [
    19,
    57,
    103,
    159,
    254,
    347,
    461,
    569,
    671,
    825,
    962,
    1135,
    1284,
    1431,
    1594,
    1768,
    1925,
    2099,
    2275,
    2442,
    2600,
    2774,
    2935,
    3101,
    3262,
    3445,
    3613,
    3776,
    3922,
    4087,
    4231,
    4371,
    4509,
    4637,
    4776,
    4919,
    5054,
    5209,
    5335,
    5462,
    5591,
    5712,
    5849,
    5997,
    6122,
    6270,
    6407,
    6566,
    6706,
    6873,
    7032,
    7197,
    7356,
    7514,
    7689,
    7874,
    8048,
    8214,
    8370
  ],
  "runningtime": [
    5.638896854718526
  ]
}