{
  "distance": [
    1161.0216210721649,
    1680.4759967693938,
    2139.105229278627,
    2533.072429383925,
    2892.9425964730294,
    3235.53242833574,
    3551.842601552289,
    3759.4509875357026,
    4065.5958643417193,
    4334.432911217047,
    4480.109828319821,
    4622.005717202755,
    4795.1697890927635,
    4955.542370097695,
    5095.575781266424,
    5148.4312595793435,
    5247.265014202824,
    5354.71643065597,
    5431.862086842426,
    5493.899655191162,
    5563.71050041822,
    5642.336271863271,
    5653.677338389597,
    5659.093098427437,
    5646.194907848297,
    5649.958275700705,
    5696.59679374624,
    5689.012323605064,
    5717.048962653744,
    5679.733758008329,
    5717.423558636816,
    5719.5206149171,
    5671.8030666425675,
    5667.035086784144,
    5671.066152786407,
    5668.630056120738,
    4975.979809199702,
    5071.272626143424,
    5150.1368631566,
    5216.572120507546,
    5278.8419687050855,
    5326.900972760409,
    5421.674889144816,
    5500.67833607326,
    5554.053743219881,
    5576.924055479872,
    5661.971447054741,
    5709.789159523001,
    5750.858807632473,
    5769.554857599523,
    5813.433796128385,
    5856.090505042656,
    5895.807398544541,
    5942.676250951783,
    5965.900550770309,
    5989.0773122674445,
    5996.0902177973385,
    5987.680143613657,
    6016.27415874728
  ],
  "speed": [
    9.808862838025975,
    9.697353266774872,
    9.628542312563395,
    9.616616877513497,
    9.612947190269994,
    9.621323879016446,
    9.597099132856819,
    9.59686266322653,
    9.574365024897505,
    9.572908459693506,
    9.571297983284342,
    9.563359559116222,
    9.55990211277344,
    9.562733869489179,
    9.580677794751777,
    9.587752354984065,
    9.595380314380892,
    9.610602872490025,
    9.603809399174905,
    9.6111630800791,
    9.61077058824329,
    9.620266870691161,
    9.619433026249995,
    9.618070814967856,
    9.624397321040071,
    9.627900933913908,
    9.631019303913058,
    9.635276291940267,
    9.641195876157262,
    9.648317815445987,
    9.646529960739878,
    9.64864561891634,
    9.651867886360646,
    9.652872736561973,
    9.65074022387908,
    9.650795777333608,
    9.654231010661427,
    9.655255150253936,
    9.65386212472689,
    9.645842191495987,
    9.641477208202907,
    9.633496665009565,
    9.632742640897806,
    9.630172657163403,
    9.622144998340511,
    9.617467954077703,
    9.614234808881362,
    9.602685633737627,
    9.592163350140947,
    9.583692346615292,
    9.57992378383535,
    9.575015288591189,
    9.573748053503289,
    9.568092483232045,
    9.56428175762645,
    9.558945964156118,
    9.556191570989414,
    9.551486882572192,
    9.545764510889892
  ],
  "throuput": [
    20,
    55,
    104,
    163,
    248,
    347,
    448,
    569,
    685,
    829,
    977,
    1143,
    1285,
    1438,
    1591,
    1772,
    1947,
    2125,
    2288,
    2446,
    2611,
    2782,
    2943,
    3117,
    3273,
    3449,
    3617,
    3772,
    3917,
    4082,
    4226,
    4364,
    4495,
    4646,
    4785,
    4923,
    5066,
    5215,
    5337,
    5467,
    5588,
    5723,
    5845,
    6003,
    6116,
    6267,
    6424,
    6569,
    6719,
    6886,
    7032,
    7198,
    7349,
    7522,
    7694,
    7875,
    8066,
    8211,
    8387
  ],
  "runningtime": [
    5.954501076539358
  ]
}