{
  "distance": [
    1168.6128497848003,
    1689.1791829909482,
    2148.6599944267705,
    2549.380279524058,
    2907.0258125347214,
    3246.2206356609,
    3566.2586391988334,
    3772.1952444473245,
    4085.109860572052,
    4354.925028172088,
    4495.168436221152,
    4641.040917625777,
    4815.7450500615105,
    4983.324749867415,
    5126.414563663993,
    5176.382720836294,
    5275.818708439864,
    5381.882905066061,
    5458.94934828455,
    5517.980995893067,
    5587.069309552984,
    5659.450359958118,
    5669.2668237403595,
    5675.647411657753,
    5659.541623637819,
    5661.441242849811,
    5705.676527250467,
    5696.2578533103215,
    5722.097013427457,
    5681.7767062205985,
    5720.956846817295,
    5722.329134567728,
    5672.256605237693,
    5664.300219998225,
    5666.9415067471555,
    5661.527536530644,
    4973.561575851988,
    5072.0555667662375,
    5151.158780384492,
    5215.683538193712,
    5277.172700052844,
    5326.47888879749,
    5418.733852462179,
    5496.812107190007,
    5552.686266571025,
    5571.945669206977,
    5657.7320127539915,
    5708.555764490826,
    5750.485245239057,
    5769.95778402821,
    5816.650705314023,
    5861.368682999329,
    5900.413613448617,
    5948.49248813421,
    5970.784958708807,
    5994.3724016942215,
    6001.106652521105,
    5991.889602938043,
    6019.884771235602
  ],
  "speed": [
    9.87448520829494,
    9.748248092957677,
    9.668582426327635,
    9.676406600330791,
    9.662974419967268,
    9.664456315735304,
    9.648906984355266,
    9.645611625076812,
    9.642951437240667,
    9.642205068832354,
    9.626356371010614,
    9.623141972462802,
    9.621834654740685,
    9.637663055459711,
    9.66378380858418,
    9.669184087535902,
    9.68055092946625,
    9.694053220170497,
    9.68858683712157,
    9.692557250705432,
    9.694213011311277,
    9.69594846582894,
    9.695895447655369,
    9.697653584531013,
    9.701102188964766,
    9.703457795805267,
    9.705031977695244,
    9.705204729286315,
    9.707777516893014,
    9.71038718848699,
    9.711955181270236,
    9.712874395161144,
    9.712521924222678,
    9.71027051913615,
    9.706979066104658,
    9.701294290013285,
    9.708236153038804,
    9.71201095403363,
    9.70828978486814,
    9.695840845976527,
    9.687171981139718,
    9.680862742203498,
    9.676482136796718,
    9.670833362198968,
    9.665987177139366,
    9.653953043152628,
    9.650606914955182,
    9.643579859560406,
    9.633136833446862,
    9.625148008714048,
    9.624750936745887,
    9.622653299402948,
    9.621645103257968,
    9.618684554767846,
    9.615489865762042,
    9.612467399496802,
    9.610485784674198,
    9.606182540046376,
    9.600562400304906
  ],
  "throuput": [
    20,
    53,
    100,
    164,
    258,
    353,
    455,
    577,
    697,
    833,
    980,
    1141,
    1296,
    1443,
    1611,
    1790,
    1959,
    2137,
    2294,
    2471,
    2633,
    2800,
    2966,
    3135,
    3300,
    3465,
    3633,
    3777,
    3929,
    4086,
    4238,
    4370,
    4511,
    4662,
    4797,
    4918,
    5054,
    5206,
    5343,
    5460,
    5592,
    5729,
    5861,
    5997,
    6114,
    6273,
    6420,
    6572,
    6724,
    6887,
    7033,
    7215,
    7367,
    7536,
    7726,
    7904,
    8076,
    8237,
    8401
  ],
  "runningtime": [
    6.269833608468374
  ]
}