{
  "distance": [
    1178.1838399539708,
    1707.7024157841015,
    2176.1522058329106,
    2572.313460775494,
    2929.7358044060966,
    3271.8825491929642,
    3587.401707303272,
    3792.319424545857,
    4103.665068394595,
    4368.1078078081155,
    4510.996704912034,
    4657.369224078429,
    4831.748296201106,
    4990.962192502177,
    5129.952898156635,
    5187.307152024549,
    5283.687306427483,
    5388.188032260883,
    5468.095589641066,
    5526.0313585710865,
    5596.0390851827215,
    5667.93536745092,
    5680.371864245474,
    5685.889725355957,
    5668.113744704654,
    5673.470451928818,
    5717.711114322689,
    5709.2728455716515,
    5735.525117880039,
    5690.817094558945,
    5728.332845776763,
    5732.897932237428,
    5684.282488124911,
    5673.361004294479,
    5676.995565436438,
    5672.946444103769,
    4979.944503737296,
    5076.30439124525,
    5157.6912484863215,
    5228.670353575654,
    5292.326132191043,
    5340.871176361333,
    5434.181611819759,
    5512.814787212486,
    5566.888624174502,
    5589.537820942914,
    5670.821308305247,
    5719.761555403479,
    5764.094063481269,
    5783.830868282341,
    5830.231526234846,
    5873.796107037624,
    5913.0999016291225,
    5960.712734012128,
    5982.542693003325,
    6006.166680589069,
    6010.381952183543,
    6001.554068489814,
    6030.489761260671
  ],
  "speed": [
    9.954795026880475,
    9.855763513658875,
    9.797318379526494,
    9.772420513841318,
    9.74839156120138,
    9.747805651677377,
    9.716092294795914,
    9.709260106547516,
    9.697160624351417,
    9.682649425425737,
    9.67557013157174,
    9.678250208458472,
    9.678039775704415,
    9.677673979740602,
    9.695617424070177,
    9.710795280420701,
    9.711957048174328,
    9.720335275718549,
    9.717285123068146,
    9.720735589679101,
    9.724760910382843,
    9.726180931632747,
    9.728998567479103,
    9.73190333163318,
    9.73416188084464,
    9.743059024166627,
    9.744103181226498,
    9.748448416737164,
    9.755483596691496,
    9.754463627505688,
    9.752892956902462,
    9.75936524291974,
    9.762679819104493,
    9.757234743097232,
    9.756881471176607,
    9.754383221621454,
    9.755702837444645,
    9.755622303858964,
    9.754963887308005,
    9.753643062112351,
    9.749869197260942,
    9.742936169557588,
    9.740654863550665,
    9.736708862426518,
    9.729762426056405,
    9.725337657132245,
    9.715400728346971,
    9.705577073598683,
    9.69901145543614,
    9.691537269435097,
    9.69087925587554,
    9.686442101454958,
    9.684232054389541,
    9.681206867606605,
    9.676747070344703,
    9.67350276500842,
    9.667595439709155,
    9.663129211470753,
    9.65873653024446
  ],
  "throuput": [
    20,
    54,
    106,
    172,
    257,
    357,
    464,
    582,
    701,
    840,
    992,
    1147,
    1308,
    1444,
    1603,
    1787,
    1959,
    2113,
    2301,
    2474,
    2643,
    2791,
    2971,
    3147,
    3299,
    3459,
    3647,
    3800,
    3958,
    4108,
    4242,
    4381,
    4529,
    4678,
    4805,
    4935,
    5068,
    5212,
    5334,
    5481,
    5601,
    5748,
    5879,
    6012,
    6145,
    6290,
    6438,
    6579,
    6740,
    6893,
    7048,
    7212,
    7376,
    7559,
    7727,
    7911,
    8090,
    8239,
    8431
  ],
  "runningtime": [
    7.095771849155426
  ]
}