{
  "distance": [
    1107.8845842519954,
    1591.4889701431255,
    1963.6565154444797,
    2286.720653059216,
    2556.0774756682663,
    2862.353782711759,
    3144.794928982808,
    3429.2506849263154,
    3603.635609602941,
    3758.2967971805733,
    3881.558215573006,
    4054.337991086262,
    4171.225338083012,
    4264.939400405309,
    4363.294930278066,
    4481.10419420841,
    4541.719073130254,
    4598.626939077479,
    4667.588880120521,
    4725.602546096756,
    4724.043870886009,
    4749.063648907216,
    4765.894866649159,
    4814.119663706955,
    4818.552778415476,
    4831.49080692929,
    4835.282378950489,
    4257.954089654184,
    4333.38723970727,
    4417.205823768567,
    4492.275984664881,
    4568.612639897028,
    4621.161418335748,
    4684.453998257936,
    4728.66331434699,
    4787.520547601512,
    4828.1648028145,
    4900.007878845785,
    4938.440313525081,
    4964.4425857165115,
    5012.114660590015,
    5033.61422302871,
    5078.709192550004,
    5101.918236871495,
    5130.549964759058,
    5162.53547139944,
    5137.190678716175,
    5170.108844471054,
    5191.101011259463,
    5209.253828799072,
    5184.628974890652,
    5186.129109820119,
    5185.269586611533,
    5182.305273599999,
    5193.424431208147,
    4805.659432504692,
    4857.727272989915,
    4897.061475697598,
    4926.892806444909
  ],
  "speed": [
    9.397473461931698,
    9.237084153528807,
    9.124350286116323,
    9.120314082447157,
    9.124456924712664,
    9.126599564147115,
    9.10958661684597,
    9.1190677609665,
    9.123109201792557,
    9.122139468772652,
    9.134272610569775,
    9.141488991862403,
    9.134581951300866,
    9.135551079269748,
    9.133823504689557,
    9.149367242659135,
    9.161427736220126,
    9.165726168597825,
    9.18297448329919,
    9.201069030774551,
    9.207193546200191,
    9.218181888363153,
    9.236512222747029,
    9.255454974260592,
    9.273172523399676,
    9.28794038252481,
    9.296361580664609,
    9.312326635666643,
    9.327174189191592,
    9.33610749516778,
    9.337199575963558,
    9.333509849294973,
    9.33283938574732,
    9.3336591571061,
    9.33549960578852,
    9.342417749419118,
    9.339180927725785,
    9.339520025279343,
    9.338902649593209,
    9.336593374380303,
    9.341669470131905,
    9.346977257960107,
    9.35135508138798,
    9.353631880758908,
    9.360709501032698,
    9.36682503641348,
    9.369342676797297,
    9.376395838149335,
    9.381470385422684,
    9.382275700852198,
    9.385944866077448,
    9.39018240518296,
    9.391735528661675,
    9.394911190746331,
    9.40031020391768,
    9.398311090620002,
    9.409951506740711,
    9.409446910077266,
    9.405223279359209
  ],
  "throuput": [
    23,
    65,
    118,
    192,
    264,
    365,
    487,
    590,
    729,
    884,
    1019,
    1170,
    1330,
    1495,
    1676,
    1856,
    2020,
    2218,
    2404,
    2563,
    2727,
    2893,
    3070,
    3262,
    3437,
    3593,
    3752,
    3921,
    4073,
    4221,
    4368,
    4520,
    4669,
    4807,
    4939,
    5093,
    5238,
    5398,
    5534,
    5695,
    5863,
    6025,
    6237,
    6407,
    6592,
    6761,
    6929,
    7116,
    7288,
    7437,
    7628,
    7804,
    7949,
    8118,
    8281,
    8449,
    8590,
    8744,
    8911
  ],
  "runningtime": [
    4.406800643603007
  ]
}