{
  "distance": [
    1135.8675877945814,
    1634.086044385748,
    2029.7754144919409,
    2364.7897979435484,
    2649.442322849355,
    2951.985651503482,
    3243.444486563284,
    3529.7164898641113,
    3703.035992220589,
    3857.0475366496444,
    3975.8586234714116,
    4146.362127818077,
    4264.314576697563,
    4355.196056781576,
    4450.533021806323,
    4561.314708129101,
    4609.000499633777,
    4669.1312220969885,
    4736.158479189877,
    4789.976038292963,
    4787.506892644472,
    4807.881265014877,
    4817.915157204851,
    4855.2440858704695,
    4852.26788615896,
    4859.012508867553,
    4858.654977151845,
    4274.664369594423,
    4347.27632171746,
    4429.34387311606,
    4503.910328478905,
    4585.494682873132,
    4642.161169976708,
    4706.329496140498,
    4753.276814447144,
    4811.20308826245,
    4856.1518885550795,
    4929.555587262636,
    4970.970545710956,
    4999.067287617111,
    5044.028915438322,
    5065.552974606472,
    5106.439408204985,
    5131.281331581564,
    5159.023324867313,
    5191.14593154357,
    5167.836164883518,
    5199.989509201602,
    5218.377357343173,
    5234.388934633372,
    5207.293671034289,
    5208.196636841209,
    5206.452818062349,
    5202.322853842814,
    5209.600269966524,
    4818.732017249618,
    4870.548180355539,
    4912.220741212242,
    4943.7700200020445
  ],
  "speed": [
    9.63920680861947,
    9.490239119862515,
    9.441342734651466,
    9.44606956355773,
    9.475151086661642,
    9.437908690418952,
    9.430150342139678,
    9.431893561063456,
    9.438116677675882,
    9.43766227106005,
    9.444569954903683,
    9.445293710377722,
    9.44494932146393,
    9.445553580966923,
    9.447517823553289,
    9.454094870553464,
    9.450588257874424,
    9.467434850635987,
    9.481656577000146,
    9.496449067579375,
    9.508336949926912,
    9.517277250636157,
    9.528559006128026,
    9.533771840124915,
    9.54446533429235,
    9.554672363089852,
    9.559933349794722,
    9.56838206882421,
    9.57592787587289,
    9.577433771625174,
    9.574930228302048,
    9.577354990825803,
    9.580806700006663,
    9.580070987302465,
    9.582250277420039,
    9.585818465282685,
    9.58867629286207,
    9.589242305567408,
    9.594044192283334,
    9.596765569118471,
    9.59788487462428,
    9.60515112115868,
    9.604015283736196,
    9.60974879091422,
    9.614829714410002,
    9.621904828860954,
    9.627392339566653,
    9.633554293876903,
    9.636946443351215,
    9.639134976488966,
    9.643118355352886,
    9.647693279085562,
    9.650473981314304,
    9.654571865989213,
    9.657716123141618,
    9.655480248903295,
    9.666302696465209,
    9.670668353064382,
    9.66862139448255
  ],
  "throuput": [
    24,
    68,
    126,
    193,
    275,
    383,
    496,
    626,
    768,
    912,
    1056,
    1209,
    1374,
    1544,
    1727,
    1913,
    2087,
    2254,
    2437,
    2607,
    2773,
    2940,
    3126,
    3305,
    3488,
    3644,
    3794,
    3963,
    4106,
    4259,
    4386,
    4541,
    4689,
    4823,
    4970,
    5123,
    5265,
    5427,
    5575,
    5735,
    5911,
    6090,
    6272,
    6440,
    6616,
    6790,
    6947,
    7155,
    7352,
    7507,
    7673,
    7834,
    7997,
    8187,
    8351,
    8493,
    8643,
    8795,
    8944
  ],
  "runningtime": [
    6.834915097554525
  ]
}