{
  "distance": [
    1127.3668645846851,
    1618.5182777277455,
    1996.7460854329174,
    2325.6863244045285,
    2602.09239472699,
    2908.746414340422,
    3201.309405712697,
    3476.480123342118,
    3650.83104179877,
    3809.9296124358093,
    3934.6009677472307,
    4101.617812500416,
    4218.381783606491,
    4313.872579730405,
    4412.4962548066815,
    4521.915308711844,
    4577.403260209736,
    4630.510529260726,
    4700.812720308626,
    4757.874082830095,
    4756.090885471375,
    4776.16358265846,
    4789.31349445897,
    4837.314269343201,
    4838.386145640123,
    4848.897068094807,
    4849.999083763802,
    4267.226626368953,
    4343.729399540073,
    4424.989949889893,
    4498.224917901742,
    4579.07231427584,
    4635.0450677513845,
    4699.128054976016,
    4747.075951514246,
    4803.529490372201,
    4844.831859179972,
    4919.66210372425,
    4958.5037184269495,
    4986.172931663179,
    5032.810204074969,
    5051.803567043027,
    5096.870325477788,
    5120.069406621437,
    5145.331698148162,
    5175.414498008126,
    5150.168143117546,
    5181.658021630484,
    5201.881738426974,
    5218.340790393999,
    5193.894921782568,
    5195.110456271655,
    5193.538506215899,
    5188.237799343956,
    5197.952957442606,
    4809.471782106074,
    4861.179229166192,
    4901.920966083146,
    4930.967568500542
  ],
  "speed": [
    9.564871251222506,
    9.39663091437496,
    9.284626460002324,
    9.286956956848087,
    9.304432167968013,
    9.292736355931545,
    9.29170578524085,
    9.27258706934981,
    9.280069491640448,
    9.292257384555821,
    9.312813134462127,
    9.30456683534647,
    9.299895218191333,
    9.305295657865928,
    9.310281378551922,
    9.314509609967152,
    9.324700514407244,
    9.325158098669139,
    9.344761156826149,
    9.363914051034758,
    9.375017454970733,
    9.382150246002416,
    9.395481565736274,
    9.415111690591834,
    9.42983583557227,
    9.443972769538515,
    9.451899291821258,
    9.462945368461162,
    9.479156550831105,
    9.479809580502296,
    9.475392000182444,
    9.476745798022346,
    9.480940137850089,
    9.481480681079809,
    9.489529665515548,
    9.491336253818027,
    9.487549427588588,
    9.493803690624752,
    9.494609279388413,
    9.49710337194474,
    9.501984117531077,
    9.502944382544294,
    9.507369076270804,
    9.510204271436582,
    9.511987535143898,
    9.515229817097753,
    9.518125042998685,
    9.522466839015808,
    9.52698399302761,
    9.527384104057196,
    9.532723910801835,
    9.536217277362294,
    9.538951060905735,
    9.540040811942838,
    9.544795088089586,
    9.543767924761454,
    9.553814406550412,
    9.555749961233982,
    9.549613108291751
  ],
  "throuput": [
    25,
    67,
    123,
    196,
    270,
    376,
    493,
    614,
    753,
    902,
    1043,
    1182,
    1351,
    1520,
    1711,
    1899,
    2071,
    2230,
    2417,
    2604,
    2769,
    2928,
    3083,
    3279,
    3469,
    3624,
    3789,
    3947,
    4102,
    4233,
    4382,
    4529,
    4683,
    4824,
    4966,
    5100,
    5258,
    5421,
    5564,
    5727,
    5894,
    6061,
    6250,
    6426,
    6615,
    6785,
    6950,
    7131,
    7322,
    7483,
    7650,
    7826,
    7988,
    8159,
    8316,
    8470,
    8610,
    8772,
    8925
  ],
  "runningtime": [
    5.278919394810995
  ]
}