{
  "distance": [
    1130.073005354378,
    1623.024786724264,
    2017.3193874019455,
    2348.8813540053684,
    2627.4207661498613,
    2935.6475939707198,
    3228.7605147260088,
    3505.1386547294037,
    3678.767654147068,
    3844.1399580656507,
    3967.374380767391,
    4140.4245018429365,
    4253.2584939769,
    4340.952685765365,
    4435.404618578825,
    4544.842549398405,
    4598.462483137339,
    4657.449395945302,
    4726.213620062555,
    4779.443874205823,
    4776.177719190219,
    4795.597497831488,
    4805.693004302976,
    4850.256049305267,
    4846.360390850831,
    4854.861248050106,
    4856.187795384339,
    4272.59513361359,
    4347.508693078215,
    4430.578991294357,
    4506.643884778075,
    4586.016797394232,
    4643.350622448316,
    4707.737626933062,
    4752.613987682685,
    4811.817625990543,
    4855.411708131295,
    4929.547204961868,
    4967.578226530996,
    4995.0331103995695,
    5040.87313429349,
    5062.155551896825,
    5105.479697939399,
    5127.740297787738,
    5153.90359427779,
    5183.993435075388,
    5160.6325513980555,
    5192.893135418459,
    5214.25176348819,
    5231.1495595340475,
    5203.350912435375,
    5205.212394109151,
    5201.90873601282,
    5195.334628037954,
    5204.412226905864,
    4814.513662545714,
    4866.008797071026,
    4905.868318621498,
    4936.553284921028
  ],
  "speed": [
    9.592988194721144,
    9.42740824098912,
    9.38770038272196,
    9.391284526052873,
    9.40496637582997,
    9.388586350441113,
    9.383290818515956,
    9.359979008967798,
    9.364080048148526,
    9.389901200789092,
    9.401773817375714,
    9.409369937064842,
    9.397164568168796,
    9.391655087764162,
    9.393264250206348,
    9.402794852656479,
    9.409886961411496,
    9.423100748421474,
    9.44184641670308,
    9.455886216647816,
    9.465049433902657,
    9.472156713582624,
    9.48417854403563,
    9.502055723399524,
    9.511839957939197,
    9.523159588101574,
    9.530980143498066,
    9.540225037814889,
    9.55207154136946,
    9.557271076511292,
    9.55944529536315,
    9.558437282235648,
    9.56365790758401,
    9.564417054963734,
    9.566577308326604,
    9.573292194672025,
    9.572132577185172,
    9.576290171966628,
    9.576498045234645,
    9.57700191562429,
    9.578641122145168,
    9.5828129655018,
    9.584708458859858,
    9.586256943917785,
    9.590371735044805,
    9.592596287373778,
    9.597111694211424,
    9.602113005047968,
    9.608897432635143,
    9.611089805590302,
    9.612333723577692,
    9.61871407799401,
    9.61970452752395,
    9.619702158574656,
    9.624381671067251,
    9.621544935560465,
    9.63143104032213,
    9.631438367797445,
    9.627878420601746
  ],
  "throuput": [
    25,
    69,
    127,
    198,
    271,
    381,
    492,
    619,
    751,
    903,
    1050,
    1208,
    1366,
    1540,
    1732,
    1917,
    2071,
    2247,
    2433,
    2614,
    2770,
    2945,
    3117,
    3306,
    3482,
    3637,
    3791,
    3954,
    4112,
    4253,
    4397,
    4531,
    4686,
    4842,
    4976,
    5111,
    5266,
    5433,
    5575,
    5735,
    5896,
    6070,
    6264,
    6448,
    6621,
    6776,
    6942,
    7129,
    7337,
    7494,
    7673,
    7851,
    7994,
    8173,
    8338,
    8485,
    8630,
    8779,
    8935
  ],
  "runningtime": [
    5.977679757277171
  ]
}