{
  "distance": [
    1129.5507904053484,
    1629.0345530819677,
    2021.247799596095,
    2354.589764303227,
    2635.373318864517,
    2946.2742977144853,
    3237.1313881509714,
    3514.6277888894674,
    3688.646081781436,
    3846.8835047761495,
    3968.1513537254036,
    4139.783809934777,
    4257.014961330654,
    4349.329209643569,
    4446.297270948423,
    4553.836252974692,
    4601.5644103485065,
    4659.5606006488615,
    4727.43965472283,
    4781.158975958733,
    4778.358072841272,
    4800.342228354746,
    4811.818708900185,
    4853.961550257014,
    4851.9772058373455,
    4860.887199386828,
    4860.975687417205,
    4278.2012816247225,
    4349.419837040651,
    4433.579894079655,
    4506.329144195916,
    4584.1973010964975,
    4641.439898294547,
    4708.151772843684,
    4753.287615302456,
    4809.897425323756,
    4853.537006370539,
    4927.335355676412,
    4965.280368544877,
    4994.359476534544,
    5041.617093708878,
    5061.409128962744,
    5106.829257587855,
    5130.011548673251,
    5157.228849355253,
    5188.374570472023,
    5165.233559504671,
    5195.525768791471,
    5214.373519264879,
    5231.7464234592835,
    5206.4054209858805,
    5207.686443957386,
    5205.672758628791,
    5199.767813817296,
    5205.763074732721,
    4816.681876320492,
    4867.99455385044,
    4908.135928518908,
    4940.964939013814
  ],
  "speed": [
    9.586245525334865,
    9.463448142985655,
    9.406716719552561,
    9.411608949189583,
    9.431107030669805,
    9.42203900034808,
    9.408674344101602,
    9.38811728378965,
    9.396171904761317,
    9.406942344982424,
    9.416673571340187,
    9.421892440460198,
    9.421153291276015,
    9.42302229054416,
    9.428291075351037,
    9.43207607180808,
    9.431602685468816,
    9.445294335070109,
    9.462902258903537,
    9.476458201584052,
    9.487349320428903,
    9.500781551385689,
    9.51468536796158,
    9.528089423412592,
    9.541497962535937,
    9.55386979294699,
    9.559280008431758,
    9.573714188904683,
    9.578257101223999,
    9.58488998912352,
    9.579816167588016,
    9.577655053366314,
    9.582661775802949,
    9.587077826806313,
    9.58827048266933,
    9.592309650684667,
    9.591878478732733,
    9.593688914369107,
    9.591072995684915,
    9.594510884521629,
    9.597752141400283,
    9.598646004360125,
    9.603520896466478,
    9.606035576949568,
    9.611969700560246,
    9.616890139135924,
    9.622338375752328,
    9.624653992400987,
    9.628208221394715,
    9.631218457274493,
    9.635909289700075,
    9.640247851936753,
    9.644574493483654,
    9.646949231182969,
    9.648259802802551,
    9.648747979295278,
    9.659681687271913,
    9.660808059913435,
    9.661239990597434
  ],
  "throuput": [
    25,
    71,
    126,
    196,
    271,
    389,
    493,
    617,
    767,
    908,
    1057,
    1209,
    1376,
    1548,
    1730,
    1919,
    2094,
    2250,
    2441,
    2609,
    2786,
    2938,
    3113,
    3309,
    3477,
    3639,
    3801,
    3966,
    4117,
    4254,
    4407,
    4544,
    4689,
    4834,
    4987,
    5124,
    5267,
    5423,
    5574,
    5729,
    5896,
    6070,
    6262,
    6443,
    6630,
    6787,
    6942,
    7149,
    7341,
    7491,
    7659,
    7851,
    8023,
    8196,
    8348,
    8499,
    8643,
    8780,
    8941
  ],
  "runningtime": [
    6.2702017267545065
  ]
}