{
  "distance": [
    1039.6898081974616,
    1529.9942871084438,
    2015.382240152221,
    2482.4625425266972,
    2915.9626980704375,
    3330.5291822876734,
    3714.208245372797,
    4057.0785851111204,
    4371.912452117146,
    4616.819047256607,
    4868.3505384525415,
    5092.039888343668,
    5305.18287479704,
    5522.9287383011,
    5718.375888484445,
    5882.5110122826,
    6060.69273710166,
    6132.273749409476,
    6242.55728007767,
    6300.103659250842,
    6383.349487029354,
    6470.074797771075,
    6441.063992791239,
    6538.782371382995,
    6609.649043994703,
    6661.492753750223,
    6730.7466827703,
    6720.020093285147,
    6766.7910234933715,
    6789.566189954843,
    6793.2232517209195,
    6815.631888843761,
    6814.914552115762,
    6815.026968693948,
    6872.4851760715965,
    6849.992590775066,
    6791.403158796935,
    6749.242487185338,
    6739.89132957626,
    6726.672363149157,
    6671.199959399198,
    6686.971609294565,
    6652.636844804626,
    6640.9428196324525,
    6605.902883619407,
    6509.09303961415,
    6503.94319339147,
    6502.145608077108,
    6456.380957226852,
    6463.030460228521,
    6417.481671637045,
    6420.230995443574,
    6396.86780146157,
    4947.986485673671,
    5061.688287137783,
    5165.4398019634555,
    5265.695209749869,
    5378.988789877072,
    5505.029529154153
  ],
  "speed": [
    8.763851852025642,
    8.622012499952582,
    8.599337143257532,
    8.588280374661938,
    8.567088348965592,
    8.551367532578452,
    8.523297397619467,
    8.517447576700555,
    8.531978154298452,
    8.540107858224644,
    8.545774009758198,
    8.558342516990507,
    8.563761445456814,
    8.571573216922589,
    8.573334683098237,
    8.578764058478964,
    8.584766420125456,
    8.591683228781411,
    8.603161858644945,
    8.604736493413396,
    8.606311465540331,
    8.611732895100621,
    8.618038861191186,
    8.616921794474118,
    8.619898595229753,
    8.626460129023908,
    8.633195965981745,
    8.639706583259082,
    8.643137046056745,
    8.649059510177057,
    8.651667874850189,
    8.656794827269897,
    8.658171348292932,
    8.662618587461044,
    8.664973594233562,
    8.668645204767405,
    8.675756604206592,
    8.679454973060436,
    8.680178469916902,
    8.680557587434762,
    8.684210172270761,
    8.686694198756582,
    8.688442207932946,
    8.692752721129883,
    8.693267921680555,
    8.6947166658063,
    8.69534754063187,
    8.698224790929649,
    8.698192000394274,
    8.698430777985843,
    8.69892937041799,
    8.699154582763438,
    8.701324280932662,
    8.706984055212072,
    8.70967253639073,
    8.705477465546625,
    8.711018364006424,
    8.712761010942426,
    8.71577270059545
  ],
  "throuput": [
    23,
    80,
    156,
    254,
    360,
    467,
    567,
    673,
    765,
    845,
    923,
    998,
    1090,
    1188,
    1291,
    1399,
    1499,
    1605,
    1704,
    1794,
    1892,
    1996,
    2089,
    2160,
    2278,
    2386,
    2479,
    2581,
    2680,
    2772,
    2855,
    2952,
    3030,
    3100,
    3173,
    3251,
    3318,
    3374,
    3426,
    3488,
    3556,
    3618,
    3686,
    3746,
    3818,
    3876,
    3929,
    3988,
    4051,
    4120,
    4168,
    4236,
    4304,
    4353,
    4409,
    4470,
    4528,
    4594,
    4653
  ],
  "runningtime": [
    6.481925086180369
  ]
}