{
  "distance": [
    1009.5360200841405,
    1477.1308007583252,
    1939.3028418918875,
    2387.1357480844736,
    2806.680973987741,
    3201.4203701713955,
    3578.6357752819945,
    3914.7838679163233,
    4213.207333244485,
    4452.459564913917,
    4703.344006537047,
    4911.149826773176,
    5127.575283403117,
    5349.269209858141,
    5552.899118917786,
    5710.508791449298,
    5883.5602040231415,
    5962.096494191747,
    6073.090846661632,
    6139.504374867378,
    6227.133155850464,
    6319.5343947444235,
    6302.004802008793,
    6406.933489059,
    6486.66019548462,
    6540.645050833512,
    6619.613533389076,
    6612.023150134598,
    6664.775164800825,
    6695.318646636563,
    6705.202302392361,
    6736.608981706077,
    6744.000890050648,
    6747.436892618847,
    6810.594301291146,
    6793.985758133796,
    6739.483823197734,
    6702.033688909892,
    6697.173159200291,
    6686.572699517888,
    6631.154496530134,
    6650.19194349038,
    6616.306241259717,
    6603.829252243338,
    6574.886234028865,
    6483.976166336231,
    6479.3707943027875,
    6476.257518123785,
    6431.976239776208,
    6439.762498792265,
    6396.039454873971,
    6400.775797077625,
    6380.502862599902,
    4935.997459686058,
    5045.385385546576,
    5147.55371991503,
    5243.437404314066,
    5350.906643572569,
    5468.677866994984
  ],
  "speed": [
    8.511570377043261,
    8.324009814272397,
    8.262965350647452,
    8.237812393349731,
    8.212907537465679,
    8.173104721100428,
    8.155409375157008,
    8.149835734389793,
    8.145169539202215,
    8.15225188701872,
    8.165160251969485,
    8.161823141934384,
    8.179607359322658,
    8.198087605816195,
    8.211468352228914,
    8.204058599225148,
    8.202711154008034,
    8.213279681816642,
    8.223708840702162,
    8.234565372201677,
    8.239849785895045,
    8.247797892235099,
    8.259258668767275,
    8.262798892372938,
    8.270896633449816,
    8.272678449802353,
    8.28393697554214,
    8.28646584965232,
    8.29081445984356,
    8.300027942475014,
    8.304859749031888,
    8.31526721465121,
    8.319566590567948,
    8.32258708348146,
    8.327681990252225,
    8.332639838449692,
    8.337542652737248,
    8.341112810849568,
    8.343720394063995,
    8.345629736995335,
    8.346896225165002,
    8.350864554385355,
    8.351074350797735,
    8.351819017653108,
    8.355834677415624,
    8.360108199897027,
    8.36054251066561,
    8.360861124041326,
    8.361728027441378,
    8.361032044412687,
    8.361072292726819,
    8.361964009284197,
    8.364989173960156,
    8.376679344430864,
    8.378244698149844,
    8.377258077143916,
    8.380635475734316,
    8.379858253592989,
    8.37656871179411
  ],
  "throuput": [
    26,
    75,
    143,
    232,
    333,
    432,
    531,
    638,
    731,
    807,
    888,
    983,
    1047,
    1151,
    1231,
    1349,
    1450,
    1559,
    1656,
    1758,
    1850,
    1936,
    2025,
    2113,
    2219,
    2313,
    2413,
    2510,
    2620,
    2715,
    2807,
    2890,
    2981,
    3051,
    3130,
    3203,
    3259,
    3329,
    3393,
    3465,
    3520,
    3587,
    3655,
    3721,
    3768,
    3847,
    3908,
    3969,
    4025,
    4080,
    4142,
    4201,
    4267,
    4330,
    4390,
    4440,
    4509,
    4582,
    4625
  ],
  "runningtime": [
    4.409440207481384
  ]
}