{"total_trips": 7273.2626029411995, "trip_mean": 4400.611170402794, "trip_var": 5796532.585970611}