{
  "distance": [
    941.3247752607386,
    1229.7455959142787,
    1522.8051497897002,
    1702.444655821149,
    1986.8588938659113,
    2107.699102422967,
    2147.846481983557,
    2377.7785834270917,
    2488.3351698394035,
    2660.8327712212767,
    2769.002662301399,
    2897.2368203669744,
    2962.0664534347843,
    3046.2578958279087,
    3047.979490040691,
    3121.5032889076,
    3219.0553167085814,
    3275.127924121785,
    3322.1575279021495,
    3358.1595879005545,
    3419.8969248841418,
    3460.7988304728483,
    3419.8634463899994,
    3453.225803395635,
    3509.5440149023852,
    3546.069408341252,
    3563.530214311726,
    3593.614128279498,
    3624.136346793226,
    3662.5615304158637,
    3626.8870015607363,
    3644.0329762924407,
    3683.8603253573415,
    3696.03452880248,
    3742.5864678536163,
    3744.3763979447212,
    3776.568725807549,
    3812.5675184648453,
    3751.493857912011,
    3795.172932418741,
    3804.210168226455,
    3817.825955196376,
    3846.5765805658943,
    3857.2954060189027,
    3872.5655072132095,
    3879.3572828402266,
    3844.078698666715,
    3858.917350558876,
    3869.9374658059496,
    3875.377806202662,
    3895.374839059316,
    3908.6970537044576,
    3913.216405495476,
    3929.946986608562,
    3894.1562685520385,
    3924.312342052584,
    3916.2660319558054,
    3929.028660427501,
    3948.7031592249464
  ],
  "speed": [
    10.028796122380342,
    9.937391683572265,
    9.851647057802795,
    9.799421886758191,
    9.746239970231805,
    9.680036272899182,
    9.543658800579408,
    9.513048478371372,
    9.505272686337749,
    9.474702285182271,
    9.471192312334498,
    9.46657353359842,
    9.422692432513257,
    9.375651444089161,
    9.374307346361114,
    9.386880685376424,
    9.355687185588268,
    9.318428909387332,
    9.281956767188452,
    9.257478044751213,
    9.216621305861208,
    9.180748644981323,
    9.172970301869348,
    9.161957555068907,
    9.138561224389411,
    9.09392549187674,
    9.06689108579138,
    9.035757829399492,
    9.028492997617606,
    9.024439369280376,
    9.008332690501229,
    8.997051818402433,
    8.977184296902925,
    8.974183304579679,
    8.957160224349291,
    8.938706136361372,
    8.93351710676713,
    8.917646570419093,
    8.908032697072096,
    8.899256155267658,
    8.877508402353007,
    8.860841661091456,
    8.846346292102254,
    8.837292780764292,
    8.822135443609854,
    8.804260992632146,
    8.782823302566225,
    8.766644531458567,
    8.747874020146243,
    8.740885966624713,
    8.722328412611612,
    8.702550124452287,
    8.681893200191796,
    8.672575064690248,
    8.659024624628278,
    8.64839868195308,
    8.633288865989948,
    8.620773307828062,
    8.606896854263614
  ],
  "throuput": [
    7,
    17,
    40,
    74,
    121,
    173,
    225,
    290,
    367,
    442,
    520,
    592,
    660,
    749,
    825,
    922,
    993,
    1082,
    1168,
    1255,
    1335,
    1420,
    1510,
    1597,
    1680,
    1775,
    1854,
    1941,
    2025,
    2117,
    2204,
    2290,
    2376,
    2462,
    2549,
    2628,
    2721,
    2808,
    2880,
    2980,
    3062,
    3156,
    3239,
    3336,
    3429,
    3515,
    3601,
    3674,
    3756,
    3859,
    3937,
    4022,
    4109,
    4196,
    4274,
    4355,
    4446,
    4543,
    4625
  ],
  "runningtime": [
    1.8174249251683554
  ]
}