{
  "distance": [
    983.563642785191,
    1349.1185038115536,
    1587.7755888318566,
    1805.0101739551853,
    2042.8231501878,
    2201.1106887889314,
    2300.1402254219197,
    2235.4611941463077,
    2386.5763799775054,
    2516.70204112626,
    2619.152039868362,
    2695.3170688101077,
    2780.7675919569842,
    2843.6378782735023,
    2932.185853651159,
    2979.693974929687,
    2870.7784433623237,
    2946.9611753055988,
    2994.4059711334235,
    3020.575973682463,
    3084.7208633929204,
    3117.019551440852,
    3148.7605578413704,
    3168.4731268588216,
    3202.4094580090896,
    3120.877349396903,
    3162.708115043574,
    3195.373032392744,
    3212.490808710661,
    3250.2840992335528,
    3264.037526509638,
    3281.8785262463607,
    3308.257754472097,
    3306.461613353697,
    3249.260261923041,
    3278.8073262373323,
    3299.5337725988106,
    3315.2710160879806,
    3326.283051075091,
    3360.9246734649505,
    3351.285355600037,
    3375.1462017007448,
    3386.5084932331592,
    3330.1426056487903,
    3353.672754709901,
    3369.3657872881104,
    3386.877813458755,
    3396.620455878296,
    3407.6801077082882,
    3422.391446226007,
    3425.4760266962494,
    3436.407348817894,
    3391.41778591685,
    3403.8582871811286,
    3411.854437988708,
    3427.0608078411624,
    3434.6507991776466,
    3433.1843068693283,
    3448.288129467228
  ],
  "speed": [
    10.262569426917517,
    10.247210857943658,
    10.219578354890986,
    10.305801883482651,
    10.347671410510683,
    10.353370811733585,
    10.24027092922195,
    10.233825047957609,
    10.229599075211251,
    10.174593682203199,
    10.13749709389533,
    10.123680122343087,
    10.124125230893169,
    10.108611581082446,
    10.12094661507709,
    10.136179319486576,
    10.125406616623584,
    10.119270024199233,
    10.106295157893777,
    10.09142906975238,
    10.091110741706773,
    10.078126687600683,
    10.087434732602935,
    10.083111413376884,
    10.0717914208281,
    10.067608192856628,
    10.074540891551703,
    10.066623774999824,
    10.056990145880912,
    10.055246474977862,
    10.059913293869577,
    10.06148953603323,
    10.056304603397079,
    10.045194503398736,
    10.034062157966513,
    10.029147762673375,
    10.030549293997488,
    10.028967133369763,
    10.028475310609846,
    10.02403267876838,
    10.014360371246447,
    10.016691749856829,
    10.014264926475159,
    10.013436928605916,
    10.014898651158802,
    10.007209144926989,
    10.008058070005701,
    10.00755029394256,
    10.009192358989493,
    10.006215063167271,
    10.002080026006203,
    10.000181509193572,
    9.99232854266175,
    9.98902931371802,
    9.985244524633604,
    9.980188188287105,
    9.976125536004666,
    9.969685536018858,
    9.968230422232455
  ],
  "throuput": [
    8,
    38,
    80,
    153,
    228,
    324,
    423,
    519,
    613,
    712,
    823,
    918,
    1026,
    1142,
    1249,
    1380,
    1490,
    1612,
    1709,
    1812,
    1911,
    2037,
    2161,
    2249,
    2374,
    2495,
    2608,
    2715,
    2821,
    2932,
    3043,
    3165,
    3268,
    3386,
    3502,
    3618,
    3719,
    3826,
    3931,
    4038,
    4152,
    4282,
    4397,
    4503,
    4616,
    4729,
    4840,
    4946,
    5059,
    5163,
    5264,
    5395,
    5505,
    5610,
    5723,
    5829,
    5933,
    6062,
    6171
  ],
  "runningtime": [
    1.9633921146392823
  ]
}