{
  "distance": [
    1063.578940083693,
    1418.8092764907294,
    1714.6807007436391,
    2045.6941648748923,
    2343.8631159017823,
    2535.6760557388557,
    2780.2805649849734,
    2982.8370498651507,
    3146.3095116037275,
    3310.202315148692,
    3485.3064960692805,
    3607.628218910686,
    3687.3487435995457,
    3819.1095221747314,
    3908.6150503015438,
    3978.1241067542987,
    3599.0213702537,
    3723.252733316934,
    3864.1074315525852,
    3968.789841278161,
    4065.7915340905874,
    4156.1903971193515,
    4265.094331880857,
    4320.690598815564,
    4405.515832831299,
    4467.602435705861,
    4518.578845375711,
    4582.065026031483,
    4622.9699846680705,
    4660.1267037820135,
    4688.890574650625,
    4718.779606376197,
    4757.027288297208,
    4431.242759418042,
    4519.469453222697,
    4579.98436205581,
    4627.601643273029,
    4691.356481825827,
    4729.119588388602,
    4774.864683660677,
    4817.432219759848,
    4853.201631264157,
    4888.4886460148555,
    4931.0044290047,
    4930.95576945084,
    4976.507620108173,
    4995.911333169616,
    5005.747916683118,
    5022.3731097864065,
    5046.672267457952,
    5067.354631604284,
    4845.999632679682,
    4888.789138782872,
    4913.68321920031,
    4946.745658505686,
    4985.976355570965,
    5018.179535863945,
    5018.100121592785,
    5058.440673139567
  ],
  "speed": [
    9.311133353274275,
    9.040013522881019,
    8.950131892086425,
    8.878340395262338,
    8.82864600157415,
    8.821228555910725,
    8.821244650763147,
    8.790129413657656,
    8.762014772434034,
    8.73285089250061,
    8.732984560327857,
    8.73077091815211,
    8.712048638331522,
    8.722805253699763,
    8.729422785050202,
    8.746208329051253,
    8.765657019348392,
    8.77349558921058,
    8.774905944652769,
    8.769057707268784,
    8.753622700626595,
    8.751843779777657,
    8.751553514133839,
    8.75645861715752,
    8.764204385090137,
    8.7615320851884,
    8.75419842041147,
    8.745335927276615,
    8.742993592073102,
    8.740493234670524,
    8.74370728516464,
    8.744685032255136,
    8.753243125804953,
    8.751051232775303,
    8.766987293933113,
    8.769664374544377,
    8.770257477084314,
    8.767300001979738,
    8.76899038428794,
    8.770048308678009,
    8.77077797280212,
    8.77025505601081,
    8.769296566624384,
    8.766848965500547,
    8.765989057443823,
    8.768033905486,
    8.765295821833677,
    8.767736020454226,
    8.770825057546599,
    8.770724372927152,
    8.771238358045101,
    8.77558642563055,
    8.78091756688598,
    8.779171735649472,
    8.779266569719507,
    8.776343906265382,
    8.77375637493229,
    8.771193403550493,
    8.767178234869533
  ],
  "throuput": [
    13,
    52,
    104,
    174,
    266,
    383,
    514,
    700,
    877,
    1067,
    1294,
    1499,
    1737,
    1972,
    2225,
    2497,
    2727,
    2981,
    3227,
    3486,
    3743,
    4004,
    4252,
    4522,
    4784,
    5035,
    5286,
    5537,
    5806,
    6048,
    6325,
    6595,
    6863,
    7130,
    7397,
    7666,
    7922,
    8189,
    8459,
    8723,
    8963,
    9223,
    9482,
    9742,
    10004,
    10275,
    10551,
    10803,
    11071,
    11339,
    11605,
    11880,
    12149,
    12408,
    12654,
    12923,
    13172,
    13440,
    13689
  ],
  "runningtime": [
    11.477127798398335
  ]
}