{
  "distance": [
    1064.975210983833,
    1428.3371602412717,
    1726.703507494669,
    2070.4817166332664,
    2374.366690839884,
    2566.758909908654,
    2809.790717970929,
    3020.557868099056,
    3193.2726112212463,
    3364.6696387894667,
    3543.8921207308563,
    3661.011468275383,
    3739.076088163936,
    3868.718952149278,
    3955.2838391986866,
    4020.9191567384237,
    3636.2969483457427,
    3763.1187321300245,
    3902.318686392466,
    4003.8669328710484,
    4102.501998874958,
    4193.240908981104,
    4302.33168108127,
    4358.8272406205015,
    4443.145205141284,
    4504.028754389425,
    4556.170778664363,
    4619.608474670988,
    4663.364981249499,
    4700.073615676806,
    4727.673312604341,
    4755.654583362897,
    4790.622008010737,
    4461.275119874859,
    4547.658501391647,
    4607.669583918336,
    4652.636229419,
    4714.903467266509,
    4751.535093243268,
    4797.142735548288,
    4839.60818148722,
    4873.906265975014,
    4908.67321316257,
    4950.315951152371,
    4951.670632233711,
    4997.945490298302,
    5017.423161051925,
    5026.096690416595,
    5043.023499301544,
    5068.061263735904,
    5090.048263362777,
    4867.287769991737,
    4910.643872342243,
    4936.98760872997,
    4968.7375632069925,
    5008.313613951501,
    5040.891143436798,
    5040.824642176341,
    5081.882558732627
  ],
  "speed": [
    9.323047103091998,
    9.101242741675769,
    9.015455492122404,
    8.992240636877392,
    8.952741041569276,
    8.940429009060468,
    8.931802370208983,
    8.924966698583757,
    8.91939601262203,
    8.909532314173203,
    8.91811187919078,
    8.90301153770494,
    8.885638093830387,
    8.897126158837505,
    8.903095861975276,
    8.91564450957002,
    8.935504501761894,
    8.950095332148006,
    8.95293619108396,
    8.944864537272569,
    8.937248139518408,
    8.938819095510194,
    8.941298081819319,
    8.948891009042264,
    8.955038717819715,
    8.95276057349068,
    8.950818348316451,
    8.944960327259793,
    8.951667705567674,
    8.951787520405412,
    8.956190804729978,
    8.95660905829948,
    8.962173630944198,
    8.959887874095296,
    8.97302120615417,
    8.977596240820386,
    8.976790422064338,
    8.972101231589686,
    8.97224363021453,
    8.974327357465615,
    8.97579570969077,
    8.974577843945992,
    8.97530495018439,
    8.972515633703779,
    8.975389932485502,
    8.979337962786364,
    8.977020202625521,
    8.977172607175156,
    8.98127857890232,
    8.983887909883807,
    8.988351664692189,
    8.99349765658229,
    8.999290946965163,
    8.999945089974783,
    8.998432572813526,
    8.996534851376124,
    8.995961900850824,
    8.995278796403921,
    8.994161716160892
  ],
  "throuput": [
    12,
    53,
    105,
    180,
    267,
    395,
    527,
    710,
    899,
    1088,
    1319,
    1530,
    1784,
    2018,
    2272,
    2520,
    2773,
    3041,
    3304,
    3559,
    3816,
    4059,
    4311,
    4560,
    4840,
    5097,
    5363,
    5605,
    5872,
    6126,
    6397,
    6675,
    6926,
    7192,
    7481,
    7755,
    8004,
    8258,
    8527,
    8784,
    9049,
    9296,
    9574,
    9807,
    10071,
    10337,
    10589,
    10849,
    11148,
    11409,
    11689,
    11943,
    12201,
    12475,
    12741,
    12992,
    13264,
    13535,
    13774
  ],
  "runningtime": [
    6.1122152725855505
  ]
}