{
  "distance": [
    1063.0083641372291,
    1431.9391101890367,
    1739.8442099721765,
    2084.282021181764,
    2393.771825887333,
    2584.2723363946316,
    2830.365529670832,
    3041.4053852569727,
    3217.5931200447653,
    3389.4642138971026,
    3567.3542770707086,
    3690.5755306741808,
    3772.212813332175,
    3902.1716315231065,
    3986.3808563437897,
    4052.4620036406427,
    3662.8142420763415,
    3788.654517044318,
    3927.1110239773084,
    4028.2782351625265,
    4124.862549862892,
    4213.892553126372,
    4324.899071862754,
    4378.282719834278,
    4460.588678413229,
    4519.68387294514,
    4571.505976335116,
    4634.718680856147,
    4676.137872599818,
    4712.487157279559,
    4739.286191299017,
    4770.914180741556,
    4806.768152978787,
    4476.684570076978,
    4561.744744837917,
    4622.454541479995,
    4666.781360977506,
    4728.266647901732,
    4766.144486841301,
    4810.354670808499,
    4852.2655687857705,
    4886.827055380565,
    4920.25583894677,
    4962.1122640165795,
    4962.079952813888,
    5007.108496249171,
    5026.823322689292,
    5035.516627870761,
    5050.949494254568,
    5074.183635199547,
    5095.84503389859,
    4873.553070736197,
    4917.19893314482,
    4942.83724185038,
    4975.631266113474,
    5013.9014977645065,
    5047.360739129246,
    5047.740972769324,
    5088.660842383747
  ],
  "speed": [
    9.306808607413195,
    9.122265234600665,
    9.08579155177361,
    9.057266865023168,
    9.034600914527731,
    9.014502162007373,
    9.0138529667642,
    9.004452274994183,
    9.008522270441784,
    8.998354671988318,
    9.004822812945347,
    9.007981617116732,
    8.999525453317412,
    9.01556417814013,
    9.018182568847847,
    9.03409027518731,
    9.055114944378992,
    9.070649407556553,
    9.071284339268214,
    9.062774429992755,
    9.051672518932179,
    9.051232653688643,
    9.058721622347107,
    9.063159094213596,
    9.066825968113552,
    9.06324961209071,
    9.060460089866403,
    9.054390352935286,
    9.056259131993638,
    9.05590818801518,
    9.060390797976735,
    9.06950731766718,
    9.076466121654288,
    9.076039253277646,
    9.08633742522634,
    9.092202732459834,
    9.090897103665313,
    9.085448687450283,
    9.090130981171624,
    9.089783123992104,
    9.090550777071838,
    9.090311093125782,
    9.089315296875078,
    9.086741292059246,
    9.088550441970005,
    9.09198274968851,
    9.09107404661317,
    9.091763126276168,
    9.094059455728821,
    9.09393385885549,
    9.09820987078739,
    9.104356657237975,
    9.110620100436398,
    9.110280766966792,
    9.110161296563072,
    9.105878048209647,
    9.106614924199645,
    9.105891269800205,
    9.103949021755856
  ],
  "throuput": [
    12,
    52,
    113,
    182,
    270,
    405,
    537,
    722,
    913,
    1099,
    1338,
    1548,
    1813,
    2059,
    2303,
    2557,
    2813,
    3079,
    3328,
    3589,
    3849,
    4095,
    4358,
    4609,
    4887,
    5132,
    5388,
    5640,
    5893,
    6160,
    6447,
    6698,
    6956,
    7223,
    7498,
    7796,
    8053,
    8305,
    8559,
    8827,
    9083,
    9334,
    9609,
    9847,
    10125,
    10392,
    10626,
    10895,
    11170,
    11442,
    11712,
    11972,
    12232,
    12499,
    12768,
    13031,
    13285,
    13540,
    13799
  ],
  "runningtime": [
    6.519751902421316
  ]
}