{
  "distance": [
    966.912147332825,
    1238.7432111037208,
    1584.2917037456664,
    1809.646551574071,
    2001.941346670515,
    2250.8971043627535,
    2414.929111393029,
    2586.8044612144886,
    2701.8789006750712,
    2934.958585287051,
    3068.3076588022873,
    3199.449026954782,
    3356.8405632612394,
    3289.4075535257866,
    3453.516718244941,
    3599.1009080045696,
    3692.417502412744,
    3773.784063121927,
    3850.0383150605303,
    3960.0546328302553,
    3949.4482582036144,
    4033.540923047001,
    4128.408311116455,
    4156.381035220189,
    4215.482932897339,
    4286.205640910163,
    4340.73937385115,
    4402.138127668605,
    4343.22844141902,
    4409.616193039742,
    4456.166481991091,
    4504.537962412088,
    4552.806977072268,
    4567.751688920893,
    4621.332627039724,
    4573.390756137971,
    4613.0300940858815,
    4658.690937679652,
    4683.575258931338,
    4718.925764009033,
    4759.810263363376,
    4785.066194249239,
    4768.072370095665,
    4774.190848028744,
    4806.791719790711,
    4829.399770633378,
    4871.215373100441,
    4906.540551285304,
    4909.671610019035,
    4885.37421739193,
    4905.275883655373,
    4924.032574338761,
    4940.44161907838,
    4973.435207860206,
    4995.549750285603,
    4993.620153681895,
    5038.100917523328,
    4996.638469155058,
    5000.004246635237
  ],
  "speed": [
    9.84134501102112,
    9.836971284567841,
    9.89194837355834,
    9.910430679352986,
    9.791477069241331,
    9.744329685566157,
    9.772124042825787,
    9.724218110822429,
    9.635142147621035,
    9.575568626024035,
    9.539172306906595,
    9.48095303564742,
    9.415485287448684,
    9.373515629849079,
    9.322988483396154,
    9.27632169247009,
    9.241452534899631,
    9.205374024195056,
    9.176092434229624,
    9.150971688910275,
    9.123077408096663,
    9.10347624216045,
    9.060507300408023,
    9.01569378477318,
    8.98147443136459,
    8.933843345301417,
    8.893480990692208,
    8.854545403850853,
    8.820483751677513,
    8.793162335869619,
    8.74471704788104,
    8.703028255719683,
    8.668567667143279,
    8.634929988234644,
    8.599681356516001,
    8.564592453083776,
    8.52820787406951,
    8.495598900021566,
    8.467517276535046,
    8.435669329958802,
    8.409329310161901,
    8.384135671079534,
    8.35841622579306,
    8.321679814531306,
    8.283786452566748,
    8.254900627603284,
    8.227209836033769,
    8.203916071419851,
    8.180708753638926,
    8.148455190630132,
    8.117297570370104,
    8.091779007418436,
    8.067605804959056,
    8.043437168924786,
    8.017722109064838,
    7.991178557242538,
    7.96101906949617,
    7.938416593919693,
    7.914868218336911
  ],
  "throuput": [
    9,
    22,
    60,
    111,
    164,
    238,
    337,
    433,
    539,
    642,
    753,
    878,
    1003,
    1125,
    1253,
    1385,
    1530,
    1671,
    1804,
    1948,
    2102,
    2252,
    2415,
    2559,
    2711,
    2847,
    3012,
    3156,
    3319,
    3466,
    3600,
    3744,
    3908,
    4066,
    4213,
    4351,
    4507,
    4674,
    4812,
    4965,
    5140,
    5301,
    5452,
    5595,
    5731,
    5887,
    6044,
    6218,
    6380,
    6550,
    6704,
    6850,
    7016,
    7168,
    7322,
    7485,
    7633,
    7792,
    7956
  ],
  "runningtime": [
    7.577488132317861
  ]
}