{
  "distance": [
    966.6948511250256,
    1243.0621685021038,
    1593.5476560315788,
    1823.571662388295,
    2026.8033956095694,
    2290.9124039787066,
    2448.486307999934,
    2625.769446508395,
    2745.200225602735,
    2987.440180817084,
    3118.5482454323533,
    3252.4919431270423,
    3413.0195998568056,
    3348.543733279617,
    3511.234502338917,
    3648.5411597402153,
    3741.1758447791753,
    3826.736499607945,
    3904.222144730413,
    4015.7190438737634,
    4000.677287939471,
    4084.167810801815,
    4183.3412225525235,
    4210.951960087181,
    4271.3582730009775,
    4350.418249303051,
    4407.854712340569,
    4475.082584831544,
    4421.144878239196,
    4487.26779501169,
    4539.3415605205855,
    4591.129905622887,
    4637.494188322676,
    4648.550509855193,
    4702.7232720380625,
    4654.376136186907,
    4696.815896692217,
    4741.940674009431,
    4759.732963070417,
    4792.323935235136,
    4832.0687270767485,
    4855.536947280307,
    4834.416667616391,
    4840.609420448559,
    4876.542482160459,
    4896.995037026818,
    4937.124224894168,
    4968.4388461811,
    4970.643614239914,
    4947.647040082934,
    4968.970898261891,
    4986.756843712431,
    5001.582712916667,
    5033.440597166842,
    5052.614152938632,
    5052.571778767885,
    5100.874970579093,
    5057.9112558652,
    5062.122771172128
  ],
  "speed": [
    9.830617840185255,
    9.876002058023188,
    9.952617319979211,
    9.995339329684754,
    9.915875883286512,
    9.927655045594495,
    9.923993412165824,
    9.898064306922867,
    9.833077224768475,
    9.795356746717555,
    9.751780610206014,
    9.705290007700377,
    9.65059969910076,
    9.623382622876948,
    9.570938146018626,
    9.503353953736424,
    9.465647847722888,
    9.43894534254187,
    9.412345965206123,
    9.39380875120851,
    9.358959848933756,
    9.336010423467272,
    9.299505872397697,
    9.254399703205413,
    9.224179353869085,
    9.19458739484927,
    9.165756160571616,
    9.139744385036696,
    9.120016040974955,
    9.09450774925076,
    9.059510443214148,
    9.028179714412833,
    8.99685899866361,
    8.96241107323354,
    8.931821478928821,
    8.90277739265778,
    8.876610640625476,
    8.846738826569194,
    8.812589114431624,
    8.780260412213734,
    8.75377174818586,
    8.727896485861292,
    8.699469122094364,
    8.667803037726303,
    8.6399926335083,
    8.612682535503826,
    8.586297584188001,
    8.558500338028473,
    8.53601596477827,
    8.508982792457232,
    8.48227224129644,
    8.45793579396913,
    8.43380653866667,
    8.410187941215842,
    8.382088578923137,
    8.360482164488618,
    8.33732027462175,
    8.315434857949313,
    8.29509015569193
  ],
  "throuput": [
    8,
    25,
    60,
    111,
    163,
    243,
    350,
    455,
    551,
    659,
    772,
    903,
    1021,
    1152,
    1288,
    1419,
    1554,
    1695,
    1839,
    1977,
    2127,
    2286,
    2437,
    2601,
    2747,
    2900,
    3060,
    3201,
    3372,
    3527,
    3661,
    3832,
    3996,
    4149,
    4290,
    4446,
    4606,
    4780,
    4923,
    5058,
    5214,
    5398,
    5556,
    5711,
    5841,
    6013,
    6156,
    6317,
    6489,
    6655,
    6812,
    6971,
    7133,
    7293,
    7445,
    7586,
    7760,
    7907,
    8071
  ],
  "runningtime": [
    3.442208504676819
  ]
}