{
  "distance": [
    978.4435274275567,
    1252.869975441082,
    1605.5797211448469,
    1826.2335439039948,
    2038.26178578527,
    2309.7412383795254,
    2468.176262531102,
    2648.733135824772,
    2770.597335987996,
    3020.2388786786496,
    3151.8833310436376,
    3288.1934302124278,
    3454.086252832534,
    3380.076489412648,
    3544.4242770657916,
    3683.6707116914936,
    3777.230208540431,
    3859.3134910681883,
    3934.894696800038,
    4041.2414787501207,
    4024.1548174033846,
    4104.789565899207,
    4205.371482504946,
    4239.281525807816,
    4300.804285382788,
    4378.445183351255,
    4437.5013168853875,
    4502.147378105912,
    4442.202590973115,
    4509.452443884364,
    4559.841015185444,
    4611.0093552825865,
    4658.179323393758,
    4669.301456156301,
    4724.072008622438,
    4674.252622590809,
    4712.981286135244,
    4759.6017253098125,
    4782.049084666493,
    4817.3605098812695,
    4854.759951916591,
    4878.3517550683255,
    4857.583411621841,
    4865.647009430186,
    4901.769387972095,
    4921.10029530239,
    4960.356562787175,
    4990.557969985999,
    4990.268579031166,
    4967.388676252448,
    4989.389601500645,
    5006.736223292888,
    5022.141232502617,
    5053.99416607014,
    5076.0773915358795,
    5074.0127891612,
    5120.049466230508,
    5074.4874570845905,
    5076.805360480896
  ],
  "speed": [
    9.95727521100561,
    9.959459709250744,
    10.030519732965637,
    10.010299620698042,
    9.976360711938296,
    10.013243825082348,
    10.007072922290462,
    9.983912497566672,
    9.93475809357234,
    9.920800588524353,
    9.884561565674442,
    9.852739608610793,
    9.81074069924496,
    9.774158899158374,
    9.731841926439888,
    9.676575571741521,
    9.64672614305855,
    9.614950674311613,
    9.589372655291688,
    9.5611769599276,
    9.525997833801519,
    9.501480450625762,
    9.469468319649868,
    9.439798135846832,
    9.411840859631317,
    9.379935128692386,
    9.353240903464686,
    9.322956181466338,
    9.293823099188934,
    9.272837183137604,
    9.23895118796508,
    9.21107045751659,
    9.182510979541064,
    9.149311681445445,
    9.1209093832059,
    9.09144566950566,
    9.059185546836163,
    9.030694140328572,
    9.00331717040411,
    8.975757259155573,
    8.945485176145194,
    8.921607807045495,
    8.895694470906987,
    8.868020733884826,
    8.840934382083509,
    8.810725561614714,
    8.78264875166082,
    8.75535755650966,
    8.729740364443389,
    8.703575959027024,
    8.678699250339205,
    8.654192667727083,
    8.63007197787598,
    8.60463756463356,
    8.579387319775469,
    8.554177451599971,
    8.527634767827557,
    8.502471374307508,
    8.47979913479795
  ],
  "throuput": [
    8,
    26,
    57,
    111,
    165,
    245,
    340,
    457,
    567,
    673,
    796,
    912,
    1051,
    1186,
    1319,
    1455,
    1578,
    1727,
    1876,
    2015,
    2168,
    2321,
    2474,
    2624,
    2784,
    2930,
    3092,
    3247,
    3413,
    3568,
    3729,
    3876,
    4033,
    4195,
    4345,
    4485,
    4649,
    4802,
    4957,
    5104,
    5263,
    5451,
    5609,
    5758,
    5902,
    6044,
    6218,
    6386,
    6534,
    6694,
    6876,
    7014,
    7165,
    7316,
    7485,
    7647,
    7813,
    7973,
    8129
  ],
  "runningtime": [
    3.6665150046348574
  ]
}