{
  "distance": [
    999.6314083802357,
    1276.0724210763472,
    1639.5150738140974,
    1866.9439120848706,
    2090.0500096903775,
    2354.7755307974144,
    2503.2076030216745,
    2683.635660316939,
    2809.2423939479736,
    3058.766317583676,
    3191.7456643885216,
    3325.0687080122298,
    3493.8795896035635,
    3421.525002216557,
    3587.39151529081,
    3733.772264770935,
    3832.227418993114,
    3915.5689319205594,
    3986.3045887609187,
    4093.1876348847804,
    4075.7480494627384,
    4150.126501896061,
    4249.024442098483,
    4283.317846597991,
    4344.427145363251,
    4418.8620416941085,
    4473.616509498321,
    4534.51994063093,
    4470.9782194782465,
    4531.827428102256,
    4582.206709294189,
    4631.723575741302,
    4675.416244984768,
    4689.3077631925735,
    4743.454185459152,
    4693.571231333569,
    4734.959724111834,
    4778.134634720057,
    4799.489607823842,
    4833.603894051437,
    4868.3303999924765,
    4887.086717568404,
    4865.732878733647,
    4871.886597252997,
    4906.440670737485,
    4924.570560728919,
    4959.759457517724,
    4989.623744735174,
    4988.4207942864,
    4965.871597963819,
    4989.921270413054,
    5006.595770014133,
    5020.406217300776,
    5052.877454660226,
    5076.049030684951,
    5075.03062548371,
    5123.566933538747,
    5078.747570321469,
    5080.499701490598
  ],
  "speed": [
    10.179692949704842,
    10.171743425342049,
    10.276183186978173,
    10.255382168700198,
    10.249153710197396,
    10.248785866182788,
    10.205779133279096,
    10.187515320902957,
    10.149784595010866,
    10.129988338773993,
    10.101210050428623,
    10.06391579796834,
    10.033479362984993,
    9.999979044938398,
    9.953081817286277,
    9.910402099221427,
    9.892903162558586,
    9.869805136366317,
    9.838105583145063,
    9.811808449461125,
    9.782131695426267,
    9.744775769170843,
    9.7124975675666,
    9.682736856441672,
    9.655373547912449,
    9.62073754855749,
    9.591056481415578,
    9.55624281337592,
    9.521068152997087,
    9.484756488007289,
    9.447459716141768,
    9.412858486661635,
    9.375304593738715,
    9.346588946383852,
    9.31504459921534,
    9.285276257804933,
    9.257656598202038,
    9.221988824424027,
    9.190410829648863,
    9.160239005532508,
    9.12693804478877,
    9.092167658090261,
    9.06169250607676,
    9.028741162048446,
    8.996769657025098,
    8.963107001657349,
    8.925719080290014,
    8.893656845493823,
    8.864594114420445,
    8.83513816561042,
    8.808342746889089,
    8.778681437408853,
    8.74925113376626,
    8.721353027415264,
    8.69534736431929,
    8.669333137996292,
    8.644083440475852,
    8.618493248655625,
    8.59313935538585
  ],
  "throuput": [
    9,
    30,
    57,
    107,
    170,
    256,
    363,
    472,
    573,
    685,
    818,
    947,
    1070,
    1199,
    1330,
    1463,
    1622,
    1767,
    1910,
    2052,
    2212,
    2361,
    2509,
    2663,
    2832,
    3002,
    3141,
    3298,
    3443,
    3598,
    3747,
    3901,
    4061,
    4213,
    4367,
    4533,
    4682,
    4822,
    4987,
    5149,
    5307,
    5466,
    5635,
    5780,
    5923,
    6079,
    6219,
    6390,
    6553,
    6692,
    6851,
    7021,
    7166,
    7319,
    7482,
    7637,
    7817,
    7979,
    8140
  ],
  "runningtime": [
    3.9999494671821596
  ]
}