{
  "distance": [
    1253.3058210416157,
    1806.0013948806768,
    2270.8252991438194,
    2606.652002618191,
    2941.6931178021,
    3286.7233280386185,
    3445.110135374495,
    3645.5206326348234,
    3871.3141590779783,
    4077.450749069288,
    4211.435562361886,
    4355.070292237835,
    4458.692829349582,
    4474.663360619401,
    4452.263762607884,
    4512.020235605843,
    4522.264833975514,
    4569.803942596333,
    4579.67333403284,
    4576.277017890491,
    4555.989057780283,
    4537.898394929634,
    3796.2494345828486,
    3945.7742865005303,
    4056.137590888047,
    4181.54989009601,
    4276.655783165308,
    4350.381266783962,
    4399.141402233339,
    4482.963718899544,
    4535.590331879245,
    4601.374679244122,
    4689.883137184589,
    4735.582206055166,
    4783.173813685849,
    4775.295529176442,
    4839.906190570695,
    4849.439413190407,
    4830.163304631138,
    4853.793626243311,
    4875.341569659452,
    4895.835243284282,
    4887.069047368996,
    4869.783226776296,
    4855.904676006253,
    4847.139323997173,
    4402.473762367112,
    4479.67310078106,
    4530.709866420792,
    4587.578134367282,
    4608.112960805655,
    4679.127918881565,
    4709.536272790259,
    4755.257388421418,
    4777.201390138943,
    4831.873377685336,
    4845.563034242672,
    4884.958464430915,
    4884.657314093978
  ],
  "speed": [
    10.595892733936541,
    10.456809559075936,
    10.401242137554599,
    10.360359496560497,
    10.340397359322774,
    10.348898811360113,
    10.33944586123287,
    10.305426113887957,
    10.301718282366151,
    10.311157209379276,
    10.313388688706965,
    10.3325137437775,
    10.327945414077227,
    10.329150698199888,
    10.330213671559816,
    10.309274643768289,
    10.3113583171594,
    10.319401912007349,
    10.318511784458243,
    10.313298164736576,
    10.314640759024527,
    10.327911980729093,
    10.32427373682068,
    10.34890658840458,
    10.344242177859261,
    10.350483307775054,
    10.35823484188736,
    10.358861113103641,
    10.359529402850713,
    10.362646659895093,
    10.363030589773327,
    10.364978955253395,
    10.361761902850652,
    10.363078460559796,
    10.365727273381921,
    10.364593147863463,
    10.361888416331798,
    10.357818037310999,
    10.35270989801907,
    10.350717031690525,
    10.347862943138919,
    10.346910693166949,
    10.347148843251096,
    10.347651638581407,
    10.350166356110883,
    10.351109604803188,
    10.342919877023064,
    10.350476126694435,
    10.345828802910034,
    10.350147773796822,
    10.349367665967716,
    10.351371986334248,
    10.35321996793677,
    10.35094925188541,
    10.352938523351765,
    10.356195993392362,
    10.354096253815204,
    10.356231015525019,
    10.35563277883558
  ],
  "throuput": [
    13,
    48,
    99,
    150,
    205,
    264,
    352,
    443,
    537,
    631,
    720,
    826,
    939,
    1031,
    1129,
    1216,
    1301,
    1414,
    1499,
    1582,
    1658,
    1745,
    1831,
    1921,
    2001,
    2078,
    2154,
    2215,
    2317,
    2396,
    2457,
    2571,
    2654,
    2741,
    2858,
    2933,
    3035,
    3137,
    3236,
    3338,
    3430,
    3524,
    3615,
    3703,
    3790,
    3884,
    3957,
    4034,
    4106,
    4190,
    4279,
    4347,
    4427,
    4500,
    4583,
    4683,
    4783,
    4877,
    4957
  ],
  "runningtime": [
    2.447341485818227
  ]
}