{
  "distance": [
    1263.7873239164055,
    1825.5328625690718,
    2292.201727848113,
    2633.1641942791343,
    2972.7966401635317,
    3313.847146182125,
    3471.1967781953063,
    3660.445898266409,
    3885.9861978656354,
    4092.39465635556,
    4234.661721230252,
    4369.094291321645,
    4474.013805717101,
    4483.456457652675,
    4457.675779498729,
    4521.534161220953,
    4532.176095783282,
    4572.156610584118,
    4580.474505009247,
    4579.36004138456,
    4557.856458166166,
    4534.296513916076,
    3793.491318706121,
    3942.965975411424,
    4054.503558240058,
    4176.622998173076,
    4269.502044355716,
    4345.906498670412,
    4394.165084343971,
    4478.864912683236,
    4529.47714765664,
    4595.975852046433,
    4687.324755038148,
    4731.208849476543,
    4779.936010815872,
    4775.303245103424,
    4839.329370971091,
    4850.776719643297,
    4832.729245642995,
    4856.303279052178,
    4881.03557140572,
    4904.347165982178,
    4894.68595412619,
    4876.957461093799,
    4862.761521587355,
    4852.606520145375,
    4407.939001779933,
    4486.228482182217,
    4538.434704956604,
    4592.801527532954,
    4614.1292415683665,
    4684.688232373943,
    4714.086110767111,
    4761.203940556413,
    4781.561684689326,
    4837.195547311222,
    4851.09815070835,
    4889.080018551085,
    4889.85220266556
  ],
  "speed": [
    10.686710723748037,
    10.569063888567735,
    10.503475858959748,
    10.477763315919587,
    10.471111812209848,
    10.466789045387003,
    10.449019442277178,
    10.378836619030595,
    10.3737524455138,
    10.382855270214424,
    10.404504927822279,
    10.407681111522848,
    10.408928209355413,
    10.39873268118492,
    10.39445080091567,
    10.379350093307123,
    10.384437053002786,
    10.380528280054065,
    10.379891368321099,
    10.379523015639876,
    10.378683123301121,
    10.38179154458818,
    10.377320633964782,
    10.395556038866893,
    10.387336627147183,
    10.383374191634655,
    10.38231553275802,
    10.388770456001872,
    10.38809712610868,
    10.391368333152004,
    10.38966623480437,
    10.394708663795067,
    10.394291178326023,
    10.393066914222679,
    10.395475495365014,
    10.39770444926412,
    10.398182838520698,
    10.396201246960967,
    10.394371097632266,
    10.389952766731891,
    10.392150869165993,
    10.39346169808258,
    10.393507020058989,
    10.397363168562038,
    10.40175525428801,
    10.401177379264476,
    10.394847241526646,
    10.402723144514075,
    10.400541518517077,
    10.402106574009965,
    10.404583749560791,
    10.405219787187919,
    10.406141215802913,
    10.408457717374603,
    10.40845424869108,
    10.415081016088083,
    10.415757845239474,
    10.41399386024801,
    10.415218043054512
  ],
  "throuput": [
    13,
    45,
    101,
    158,
    210,
    268,
    359,
    448,
    537,
    634,
    727,
    837,
    947,
    1037,
    1135,
    1212,
    1321,
    1421,
    1504,
    1582,
    1668,
    1750,
    1824,
    1912,
    2000,
    2082,
    2159,
    2228,
    2315,
    2393,
    2474,
    2561,
    2658,
    2748,
    2836,
    2942,
    3041,
    3134,
    3237,
    3320,
    3423,
    3517,
    3636,
    3714,
    3801,
    3885,
    3965,
    4036,
    4120,
    4210,
    4283,
    4354,
    4428,
    4513,
    4588,
    4702,
    4777,
    4871,
    4960
  ],
  "runningtime": [
    2.656385620435079
  ]
}