{
  "distance": [
    1263.1411273073352,
    1832.6246436676438,
    2297.128306835069,
    2637.55851948263,
    2974.2436091693357,
    3322.7023414278724,
    3484.51359504279,
    3686.6277468267954,
    3907.7406954261605,
    4121.1350710448,
    4257.262931718131,
    4393.242715049267,
    4499.480482591132,
    4512.947835894734,
    4483.740325088198,
    4542.375772366218,
    4550.763048861714,
    4594.163642800829,
    4602.550821507928,
    4604.275566658142,
    4580.863891957739,
    4555.5787284461485,
    3808.709877254593,
    3957.5421982934786,
    4070.933556765421,
    4194.171517071189,
    4286.27623888162,
    4359.78307731355,
    4410.166377885445,
    4496.460327353645,
    4550.144331086692,
    4612.431493492612,
    4703.255778785925,
    4751.520902703056,
    4795.179472486751,
    4788.714645994557,
    4853.298792454057,
    4865.997567306239,
    4844.914054445608,
    4867.457127386211,
    4890.5112231225385,
    4909.171480846589,
    4898.631288095798,
    4880.92413261458,
    4864.3978313566395,
    4853.355260362492,
    4406.28280815556,
    4484.649597636146,
    4537.587094691395,
    4589.338557661534,
    4611.682001525607,
    4682.478601499762,
    4714.183124525545,
    4764.597105484188,
    4786.432028821425,
    4840.1447725188145,
    4854.961595705845,
    4894.521168468302,
    4896.398160768574
  ],
  "speed": [
    10.68365974057797,
    10.610680137427178,
    10.534357160305346,
    10.507158912508324,
    10.484499522519142,
    10.501902096248145,
    10.499071155125412,
    10.461472484541705,
    10.446027322197319,
    10.472333928057406,
    10.48369849823906,
    10.49334873043926,
    10.50031455120804,
    10.504041452481292,
    10.49963256624654,
    10.47985504590961,
    10.484427585476938,
    10.491412936637909,
    10.485224673843325,
    10.49466429176937,
    10.496168071560884,
    10.500926189355125,
    10.498405102988926,
    10.519696397296977,
    10.517717954643775,
    10.518889927697467,
    10.516702511090218,
    10.514798648958534,
    10.517684128327724,
    10.521230377284082,
    10.524343368105434,
    10.518354899788003,
    10.519401354739069,
    10.526122242714646,
    10.518707589560309,
    10.517921800787127,
    10.517825856995406,
    10.517140323053727,
    10.509996062247541,
    10.506918015767301,
    10.509278872640396,
    10.508208389291434,
    10.507500794644223,
    10.509387045592868,
    10.509567639305864,
    10.50782830838972,
    10.495956952937176,
    10.503477582895597,
    10.501740113427209,
    10.493462258666924,
    10.495054688429057,
    10.492968417024247,
    10.495485193584445,
    10.5009117735111,
    10.501852743831936,
    10.502804655366454,
    10.50457346618831,
    10.505456300065104,
    10.50727252214166
  ],
  "throuput": [
    13,
    47,
    106,
    155,
    212,
    274,
    352,
    448,
    547,
    640,
    732,
    843,
    946,
    1047,
    1144,
    1225,
    1323,
    1426,
    1503,
    1596,
    1679,
    1763,
    1851,
    1929,
    2010,
    2098,
    2151,
    2237,
    2313,
    2399,
    2478,
    2577,
    2661,
    2757,
    2854,
    2949,
    3044,
    3151,
    3248,
    3339,
    3445,
    3532,
    3632,
    3715,
    3809,
    3891,
    3968,
    4045,
    4120,
    4195,
    4284,
    4344,
    4425,
    4507,
    4592,
    4697,
    4784,
    4868,
    4966
  ],
  "runningtime": [
    2.8199644366900127
  ]
}