{
  "distance": [
    950.5721941197023,
    1272.3052992307923,
    1599.2422284093825,
    1791.8383027357524,
    1988.8275331761952,
    2234.8861122504372,
    2437.710190113286,
    2510.999034400326,
    2671.306581599416,
    2862.977690980697,
    2921.700663890126,
    2910.853997512341,
    3032.345529088797,
    3135.5128260843508,
    3208.4418499313006,
    3239.584814181433,
    3287.5157924551327,
    3341.1982371878275,
    3388.7973568945154,
    3388.7330210383548,
    3424.17400355764,
    3461.8332286115133,
    3525.161159814648,
    3508.8799161506317,
    3515.462490830634,
    3528.3920126491403,
    3603.645811294369,
    3586.540056988417,
    3625.8516457859896,
    3650.061611937884,
    3680.8534564584415,
    3672.201605773504,
    3689.7772194403938,
    3700.514141325305,
    3719.9114956590784,
    3721.3463889081604,
    3743.2921451127727,
    3719.8825724069957,
    3756.5318122315807,
    3772.0134580842705,
    3757.4217488813747,
    3766.7259099072076,
    3787.6979687614653,
    3818.6393523480538,
    3783.210777749292,
    3787.8822462793437,
    3820.2822847731654,
    3830.016787743004,
    3809.506241617569,
    3840.0518519014286,
    3827.5100318851346,
    3845.0280837398523,
    3817.606466049866,
    3860.7122316572495,
    3853.022518436173,
    3866.104552409083,
    3848.6154420401945,
    3855.0331515123,
    3874.6579767682006
  ],
  "speed": [
    10.945424568898128,
    10.612292985834141,
    10.656043068837015,
    10.685160881213614,
    10.639523012328024,
    10.63376061613843,
    10.628984050031677,
    10.640442167442464,
    10.660460799081692,
    10.648137308533316,
    10.651595169134621,
    10.668015265278246,
    10.682581057122345,
    10.663365747805106,
    10.658113239363228,
    10.653108689430084,
    10.657809847727883,
    10.654844946667678,
    10.652676155032132,
    10.649644058586288,
    10.654263199214062,
    10.656460772640598,
    10.663398745260128,
    10.666758743608662,
    10.678413131976424,
    10.667068797806436,
    10.673055851117475,
    10.67564998715589,
    10.67891546763127,
    10.686584138826577,
    10.694031038655059,
    10.698526426050691,
    10.70730640964471,
    10.705964560044489,
    10.71350307496565,
    10.71554309426105,
    10.718390286263656,
    10.717792923913192,
    10.725413179879814,
    10.721818268764517,
    10.725377776141197,
    10.729893933426053,
    10.737611563954644,
    10.73734182667768,
    10.735635618346285,
    10.740396576398986,
    10.74043337930451,
    10.740087121033866,
    10.742921497564303,
    10.737384061066138,
    10.731084508119341,
    10.728062968335328,
    10.723188249936461,
    10.727644339367917,
    10.73015514059125,
    10.735249587823931,
    10.730650163685564,
    10.730019513106772,
    10.730967201415904
  ],
  "throuput": [
    7,
    14,
    29,
    60,
    93,
    135,
    194,
    255,
    312,
    370,
    429,
    496,
    560,
    627,
    682,
    751,
    816,
    866,
    938,
    1015,
    1075,
    1141,
    1210,
    1280,
    1342,
    1402,
    1468,
    1538,
    1601,
    1665,
    1732,
    1802,
    1866,
    1933,
    1993,
    2065,
    2117,
    2191,
    2268,
    2331,
    2390,
    2453,
    2526,
    2590,
    2650,
    2717,
    2786,
    2850,
    2914,
    2976,
    3027,
    3104,
    3167,
    3236,
    3304,
    3359,
    3429,
    3487,
    3562
  ],
  "runningtime": [
    1.2047383109728496
  ]
}