{
  "distance": [
    973.11514368444,
    1304.9175197653417,
    1622.5178548897766,
    1815.919496561312,
    2019.5786449468726,
    2260.952561259263,
    2455.458956890151,
    2534.8884598594723,
    2694.5493348404307,
    2881.6363616144154,
    2937.726746013488,
    2920.366862933528,
    3044.719650396767,
    3147.147699800377,
    3224.8051730488564,
    3257.1889465788,
    3301.18980111035,
    3347.99748507096,
    3396.769732979006,
    3396.9332105229123,
    3432.1049563217034,
    3465.400020575891,
    3525.5157272795436,
    3511.1354549791886,
    3520.2426910903464,
    3541.0817203474467,
    3612.781207559266,
    3594.4450609329915,
    3631.878736258221,
    3653.6172036073353,
    3683.751401373691,
    3672.9701046076398,
    3689.7845774710136,
    3700.453469807938,
    3718.655263599207,
    3721.589470509387,
    3744.3067877906697,
    3722.558506537297,
    3761.5322026201625,
    3778.8109296047382,
    3763.600386383131,
    3770.2963306335164,
    3792.341981337301,
    3822.137963503534,
    3788.5424264149015,
    3792.349418280002,
    3825.045942681814,
    3834.563415846073,
    3814.4323147914242,
    3847.793061996366,
    3835.4653048148216,
    3855.178976476151,
    3828.98678916694,
    3870.124455344649,
    3860.8823096180777,
    3869.6270069311076,
    3852.3668192843284,
    3855.6260166189927,
    3876.1015763276378
  ],
  "speed": [
    11.166170133166148,
    10.87930972298289,
    10.828345370793912,
    10.871593883316153,
    10.844514471033564,
    10.819663709124129,
    10.79699476869403,
    10.830398500057653,
    10.841616264586323,
    10.828244615016715,
    10.83849998860594,
    10.828377592141605,
    10.84544981535485,
    10.824087149741937,
    10.833158604195923,
    10.837440219700316,
    10.833985018777671,
    10.815578855060345,
    10.833020592875476,
    10.83254712452625,
    10.832937567665859,
    10.821519621689786,
    10.823469732187052,
    10.826722555150786,
    10.833001168632922,
    10.844525256980488,
    10.840504807846827,
    10.838443480454687,
    10.84213473321798,
    10.843526838930911,
    10.852770888889225,
    10.853632414087636,
    10.858103871127252,
    10.855133422623553,
    10.858657637839297,
    10.861206883545673,
    10.86856625122144,
    10.86903179124046,
    10.87777514526993,
    10.875680920150527,
    10.877390685424617,
    10.87429256858572,
    10.881335495156863,
    10.877668311662266,
    10.880610877375451,
    10.884545899164282,
    10.885952291130206,
    10.88384332182523,
    10.884035497729911,
    10.88731007413068,
    10.88515895275684,
    10.887738074759087,
    10.88563956714156,
    10.886405019902538,
    10.888039187280919,
    10.884577078499026,
    10.87999002287356,
    10.873213497786656,
    10.87503001673156
  ],
  "throuput": [
    6,
    14,
    34,
    62,
    99,
    144,
    200,
    254,
    318,
    376,
    439,
    497,
    563,
    627,
    686,
    757,
    821,
    884,
    953,
    1011,
    1081,
    1157,
    1220,
    1279,
    1342,
    1414,
    1480,
    1549,
    1615,
    1674,
    1742,
    1805,
    1872,
    1935,
    2005,
    2062,
    2130,
    2191,
    2269,
    2331,
    2395,
    2457,
    2525,
    2599,
    2655,
    2730,
    2791,
    2854,
    2916,
    2982,
    3042,
    3107,
    3169,
    3245,
    3318,
    3371,
    3432,
    3499,
    3561
  ],
  "runningtime": [
    1.2182316342989603
  ]
}