{
  "distance": [
    868.2445408859154,
    1186.0789740998612,
    1468.7551769903434,
    1685.3326311459339,
    1789.2518426450304,
    2027.3387586446447,
    2245.387303908047,
    2420.8280449927515,
    2567.997126474045,
    2709.3652928303104,
    2742.94334690585,
    2869.6432770813904,
    2982.749670459551,
    3091.0387724979864,
    3170.510758817819,
    3238.665654706935,
    3241.2330897602606,
    3325.4878350706463,
    3372.8349419170145,
    3437.039379680305,
    3499.8219468278303,
    3468.1398374332566,
    3527.18164334398,
    3558.303455964242,
    3608.001136911983,
    3640.8057455518788,
    3681.08254319558,
    3658.953795855521,
    3697.837686768187,
    3716.4578371984485,
    3760.666409587377,
    3779.616218195354,
    3805.9324602396846,
    3794.7004003403595,
    3820.41807325119,
    3843.3403538506186,
    3872.242572458677,
    3890.5059718402817,
    3850.20633907814,
    3880.2606910882123,
    3904.606261664233,
    3924.9969632723746,
    3947.450970671463,
    3963.909307064572,
    3940.6547519680125,
    3960.089118241783,
    3986.485605434543,
    3999.6545308310365,
    4010.1524203084186,
    4029.231574660611,
    4002.9766823673376,
    4013.6775180122227,
    4035.8662157574167,
    4047.5170051433315,
    4065.5438080878607,
    4069.726166455246,
    4044.1165220164753,
    4057.627019951748,
    4078.141055517674
  ],
  "speed": [
    10.366126643993562,
    10.17843915495774,
    10.076806707631496,
    9.847457275519599,
    9.687765847658095,
    9.601519658850828,
    9.556620604411522,
    9.436706534080397,
    9.381767228406005,
    9.295215587329782,
    9.250278534769057,
    9.18553374668272,
    9.142494667593876,
    9.106329172395037,
    9.05223447576332,
    9.012677668654357,
    8.978809768867322,
    8.955572048544546,
    8.933015402798704,
    8.905318831134716,
    8.892713846440929,
    8.863049279848749,
    8.83048075976086,
    8.784095559490446,
    8.752538307304095,
    8.727957242266411,
    8.69538441127745,
    8.677535096905242,
    8.641345902796477,
    8.610849092792947,
    8.581797607808184,
    8.552770392952608,
    8.535910706541545,
    8.520816471169274,
    8.500049252066903,
    8.47887081494851,
    8.449037756890286,
    8.424211572733451,
    8.388101053881973,
    8.370480225846615,
    8.355002960961093,
    8.341690885875545,
    8.326899319353283,
    8.309432886783547,
    8.300257571955312,
    8.293958301112848,
    8.2844698277012,
    8.272665862451044,
    8.260748858301268,
    8.246788881926108,
    8.234282191980911,
    8.220311116116285,
    8.210426371167465,
    8.200151724435349,
    8.188126224716608,
    8.179428105557685,
    8.166744242454687,
    8.15667315173062,
    8.141541303084932
  ],
  "throuput": [
    2,
    14,
    41,
    112,
    182,
    267,
    375,
    502,
    623,
    770,
    900,
    1065,
    1226,
    1395,
    1551,
    1760,
    1925,
    2094,
    2257,
    2421,
    2607,
    2814,
    2983,
    3146,
    3319,
    3492,
    3662,
    3849,
    4035,
    4213,
    4396,
    4561,
    4723,
    4907,
    5102,
    5261,
    5426,
    5632,
    5824,
    5988,
    6167,
    6330,
    6546,
    6755,
    6950,
    7162,
    7335,
    7525,
    7701,
    7880,
    8055,
    8225,
    8434,
    8614,
    8788,
    8965,
    9146,
    9316,
    9498
  ],
  "runningtime": [
    5.974361010392507
  ]
}