{
  "distance": [
    906.8959803803161,
    1252.704950615195,
    1547.6891788571957,
    1803.7688303112764,
    1932.9427193467034,
    2191.7474798007534,
    2413.7532625990725,
    2608.357196584026,
    2754.7843775418837,
    2906.6626540347006,
    2919.503401695023,
    3047.424066866195,
    3150.1494295815955,
    3249.364900119946,
    3329.9180544747182,
    3391.07597769776,
    3390.8475452595353,
    3471.4025602716442,
    3510.0941094486657,
    3566.586632717494,
    3618.8345376119496,
    3576.9065531157676,
    3638.0431994135247,
    3675.4059110086105,
    3722.898163678277,
    3749.4519311469226,
    3787.658316219045,
    3758.5845476162067,
    3799.4803573516883,
    3819.1853439953247,
    3864.106242193373,
    3881.683327828025,
    3901.8497117257266,
    3884.549804057259,
    3909.0416245446886,
    3928.3785309516866,
    3957.850749710101,
    3974.1613384107227,
    3935.601904175609,
    3963.964759467015,
    3984.2228928605205,
    3999.4925940322787,
    4018.634263409973,
    4033.257207594202,
    4005.295616782866,
    4020.5380559678333,
    4045.081841696084,
    4058.3042413047965,
    4069.360668467332,
    4088.4254970898123,
    4061.1650411946034,
    4071.540947568651,
    4092.728094779768,
    4102.515800685942,
    4121.082790787656,
    4122.48576194194,
    4096.924230407168,
    4108.6083422585825,
    4129.784631463871
  ],
  "speed": [
    10.829265999773783,
    10.78006325519567,
    10.685874464314043,
    10.657184414703062,
    10.609111030054962,
    10.564742643703848,
    10.513653681737404,
    10.478864215265054,
    10.438385600544478,
    10.41982910771696,
    10.371474327767475,
    10.346143350140057,
    10.302843071690942,
    10.271397600516902,
    10.258650121785992,
    10.227298563813791,
    10.211527889857113,
    10.19355214090489,
    10.171138889859547,
    10.144162109100664,
    10.123101146167924,
    10.088491043242655,
    10.062478047158354,
    10.039704391782543,
    10.013247708757453,
    9.985897029836106,
    9.958169734397782,
    9.938339175026007,
    9.915455292328934,
    9.89371013031954,
    9.871248330167198,
    9.846273852913784,
    9.826734790081828,
    9.80687796295126,
    9.786026710144533,
    9.765134667000682,
    9.74736412476055,
    9.729782886861791,
    9.707075169936859,
    9.693246624113199,
    9.677409677613927,
    9.661924946454297,
    9.646724749601951,
    9.629748045087773,
    9.614691646688176,
    9.598333533609972,
    9.582142970958495,
    9.568102421463779,
    9.55540791481067,
    9.538337373668044,
    9.523103426768037,
    9.508604984630416,
    9.495483022932692,
    9.477158185917355,
    9.46197534655825,
    9.445342028380198,
    9.431325455951091,
    9.414971207752599,
    9.399085941239372
  ],
  "throuput": [
    3,
    20,
    61,
    131,
    205,
    307,
    447,
    584,
    744,
    903,
    1066,
    1223,
    1406,
    1578,
    1759,
    1935,
    2111,
    2296,
    2475,
    2646,
    2838,
    3010,
    3168,
    3364,
    3544,
    3724,
    3893,
    4078,
    4266,
    4447,
    4626,
    4805,
    4994,
    5157,
    5343,
    5538,
    5725,
    5921,
    6083,
    6277,
    6455,
    6628,
    6822,
    7013,
    7194,
    7379,
    7555,
    7731,
    7918,
    8096,
    8286,
    8458,
    8646,
    8820,
    8980,
    9186,
    9362,
    9545,
    9732
  ],
  "runningtime": [
    3.1586417237917583
  ]
}