{
  "distance": [
    1074.7201922788574,
    1485.2699637594087,
    1834.1849555167123,
    2177.7562038236465,
    2457.1353308746156,
    2676.691892902846,
    2917.2743875937413,
    3129.9698328015666,
    3281.8103645343176,
    3451.3188298769674,
    3585.4106787660407,
    3680.0236877269126,
    3188.9188226819874,
    3403.7722566730185,
    3588.2643181344984,
    3744.3035538411473,
    3886.879506301132,
    4006.5883060162264,
    4115.847096020176,
    4205.367570871094,
    4303.194311491607,
    4384.718355692337,
    4461.86511507052,
    4493.639131116499,
    4582.720423694314,
    4627.29007536454,
    4278.064582536402,
    4374.073844925074,
    4464.777334528187,
    4530.404749917704,
    4617.341061060275,
    4665.063673260548,
    4729.741008391897,
    4773.108217386937,
    4823.192904073496,
    4858.613240821791,
    4897.67520231495,
    4927.378744507455,
    4958.145638242947,
    4654.156491059771,
    4720.453286365925,
    4780.698532665451,
    4835.816505793099,
    4892.927983946813,
    4925.061215125214,
    4961.733107210383,
    5007.21198912054,
    5041.794983906327,
    5056.037329636505,
    5097.431324496904,
    5121.82664585253,
    5135.872391219543,
    5161.654585322425,
    4928.448897121356,
    4978.700184585735,
    5015.447312402156,
    5052.663049395623,
    5083.454312564932,
    5119.362152362566
  ],
  "speed": [
    9.918724435921273,
    9.820192048287863,
    9.736502635842784,
    9.691386066797907,
    9.616209690311765,
    9.53522916019159,
    9.499469338052114,
    9.484980527717505,
    9.4533652101504,
    9.43845072478541,
    9.413021435928318,
    9.391085830293813,
    9.362021832661876,
    9.380315522400975,
    9.381973382312623,
    9.353262672838019,
    9.33345441203169,
    9.315002209344472,
    9.291131596743085,
    9.26519402028502,
    9.242809005663936,
    9.226878503251875,
    9.208699344098518,
    9.189404975469149,
    9.18019517857067,
    9.177351998436114,
    9.169932717650829,
    9.171399093103565,
    9.161073510563808,
    9.144786578314937,
    9.127034783286994,
    9.11247680206601,
    9.090749855692248,
    9.070059551200652,
    9.057890745464878,
    9.049707401279058,
    9.039835773069557,
    9.026889411828638,
    9.013993320750325,
    8.994209386838032,
    8.994519631214466,
    8.98738510150703,
    8.975955318698405,
    8.970182038728044,
    8.960077123903403,
    8.946973900957772,
    8.935584960996907,
    8.922509048731166,
    8.911213860395192,
    8.903218634831063,
    8.892440615970422,
    8.883474112809175,
    8.875761115750175,
    8.869144795537832,
    8.866585915587857,
    8.86042398008702,
    8.852383727942751,
    8.842738725071182,
    8.833797249643679
  ],
  "throuput": [
    22,
    79,
    159,
    273,
    422,
    609,
    826,
    1074,
    1358,
    1657,
    1968,
    2275,
    2590,
    2901,
    3225,
    3558,
    3915,
    4236,
    4604,
    4931,
    5275,
    5631,
    5978,
    6375,
    6716,
    7095,
    7470,
    7858,
    8243,
    8596,
    8958,
    9299,
    9694,
    10070,
    10437,
    10780,
    11163,
    11514,
    11888,
    12269,
    12661,
    13014,
    13394,
    13746,
    14112,
    14495,
    14894,
    15241,
    15575,
    15973,
    16333,
    16731,
    17081,
    17499,
    17891,
    18265,
    18634,
    18968,
    19338
  ],
  "runningtime": [
    19.61069138844808
  ]
}