{
  "distance": [
    1086.5805712702743,
    1512.8113501718592,
    1875.1695610123966,
    2229.5443620997357,
    2518.390092314331,
    2746.5101221358746,
    2987.0849655215984,
    3200.5227921031233,
    3357.702676659073,
    3530.9003910719166,
    3669.7267486773085,
    3768.5555122780465,
    3267.943471312923,
    3482.031401110248,
    3664.837977316016,
    3825.5953621194176,
    3965.532158519023,
    4084.373550361356,
    4189.904724149572,
    4280.269469181561,
    4377.977833026284,
    4460.20768709293,
    4541.152964532342,
    4574.630723857473,
    4660.460057621961,
    4700.351236215517,
    4342.049042185126,
    4434.73411537479,
    4527.722006684903,
    4594.950330846583,
    4682.546731788488,
    4730.717963541258,
    4797.982773167106,
    4842.9392208622585,
    4891.211059284413,
    4922.793128156385,
    4962.3916544769845,
    4992.6909572157965,
    5023.568734133116,
    4714.121550662284,
    4778.995100453471,
    4838.548966189554,
    4893.343444339621,
    4949.310822788556,
    4982.068305134189,
    5017.821890747575,
    5063.005774412938,
    5098.598984390075,
    5113.52102458973,
    5154.323237637094,
    5179.200858955866,
    5192.3706677493565,
    5216.002921160555,
    4977.973495400531,
    5026.161538666301,
    5063.507502500469,
    5099.5396359269425,
    5130.086654314805,
    5165.754253552755
  ],
  "speed": [
    10.029637151511388,
    10.003484517090465,
    9.957927874772926,
    9.925469242332301,
    9.865989252534442,
    9.804072332712105,
    9.762240207633909,
    9.747698598447021,
    9.73348683938048,
    9.722500375053157,
    9.709724747034373,
    9.703837499933373,
    9.688776373265949,
    9.701428406870322,
    9.699846619777183,
    9.689017091393067,
    9.668790868074469,
    9.657759893841513,
    9.63332041599402,
    9.61673450888475,
    9.59938513062331,
    9.59016800625824,
    9.587752042409226,
    9.580106224954989,
    9.572271785995367,
    9.567044614015877,
    9.559629073037165,
    9.558578903697835,
    9.55553493819685,
    9.544742857547048,
    9.529777742958053,
    9.52003364266705,
    9.506701892885973,
    9.491766759105445,
    9.479414574023929,
    9.46788628005133,
    9.461889809926399,
    9.454605152360687,
    9.446217904004481,
    9.428055759593425,
    9.427250412688002,
    9.420561467678723,
    9.410320377977136,
    9.402902844900643,
    9.395117238720589,
    9.38278252875422,
    9.371326340765712,
    9.360162931367876,
    9.352080305091441,
    9.345295192646073,
    9.337957739144398,
    9.33160220610396,
    9.324223995028749,
    9.31684886578158,
    9.310996422898873,
    9.305660035621736,
    9.295761666236027,
    9.286811514776547,
    9.278074085035174
  ],
  "throuput": [
    22,
    76,
    163,
    281,
    428,
    637,
    875,
    1119,
    1393,
    1700,
    2026,
    2325,
    2665,
    2999,
    3330,
    3687,
    4043,
    4400,
    4746,
    5087,
    5423,
    5783,
    6156,
    6540,
    6907,
    7271,
    7679,
    8046,
    8416,
    8778,
    9141,
    9507,
    9894,
    10263,
    10640,
    10966,
    11345,
    11736,
    12090,
    12477,
    12865,
    13243,
    13588,
    13922,
    14338,
    14700,
    15060,
    15421,
    15791,
    16174,
    16579,
    16956,
    17339,
    17708,
    18102,
    18458,
    18828,
    19197,
    19571
  ],
  "runningtime": [
    8.647888350486756
  ]
}