{
  "distance": [
    1034.4106456232846,
    1354.353021099399,
    1716.3953824994824,
    1961.589804827823,
    2216.28921111813,
    2447.046856014336,
    2644.3512035897597,
    2802.7937400404335,
    2924.691796729017,
    3065.5528065039416,
    3121.649135188891,
    3228.0783223399753,
    3319.7957125687312,
    3351.986387691645,
    3338.3378784373417,
    3408.1223712375477,
    3447.49820794623,
    3506.3295295087387,
    3558.0448564523626,
    3611.100106350416,
    3664.1840741711253,
    3701.0567339308645,
    3726.000411964259,
    3761.254184969685,
    3761.797463307807,
    3795.938355224629,
    3837.623160887956,
    3838.0625163266513,
    3862.145541480307,
    3871.3907006700656,
    3833.1648400933004,
    3854.3040945725947,
    3876.467533575287,
    3902.4376984842916,
    3914.0871872588777,
    3940.3304992504018,
    3946.2150123121596,
    3952.028390356991,
    3968.5553979043716,
    3993.8187210311285,
    4006.2369571833187,
    4010.3032616383857,
    4029.004391808058,
    4013.796182043579,
    4036.916640041929,
    3987.941465962344,
    4009.7738965659155,
    4025.7669347864394,
    4028.8030604043397,
    4042.4225837560434,
    4037.497360346587,
    4058.087681771137,
    4069.1595047422006,
    4078.412289886031,
    4090.6153481310707,
    4091.3925405394707,
    4095.747364822586,
    4099.177708047042,
    4113.395723494347
  ],
  "speed": [
    11.08041811137589,
    11.04778475653632,
    11.008842391694401,
    11.005572908619532,
    10.960567294088634,
    10.971526521188126,
    10.999649421171762,
    10.978212483290049,
    10.942095893412656,
    10.898940443473059,
    10.861065228886888,
    10.812732959437989,
    10.787019041871869,
    10.76397996065204,
    10.735899299982963,
    10.717541413241207,
    10.676232938394167,
    10.649753277197677,
    10.606911168183679,
    10.57988635141885,
    10.560255382833375,
    10.54107674746483,
    10.51592764254938,
    10.4873337506361,
    10.463566114956112,
    10.43675362287812,
    10.406167250363751,
    10.37982070359652,
    10.355958457847873,
    10.336061446985108,
    10.307001002216591,
    10.285232268285146,
    10.254720670802403,
    10.230649925017975,
    10.205821363031212,
    10.177856965791749,
    10.160113362904521,
    10.12879679589966,
    10.105429835076713,
    10.08483221767104,
    10.05501085048328,
    10.034458866137811,
    10.005545503237437,
    9.978737437618115,
    9.953304540652892,
    9.927214088361778,
    9.90444760446822,
    9.877652873077436,
    9.850701189974158,
    9.822836176907995,
    9.800008996597235,
    9.77540211019086,
    9.7535648454398,
    9.731629043890825,
    9.706333696157214,
    9.680163965252461,
    9.656797032513639,
    9.634668058282228,
    9.61316899586102
  ],
  "throuput": [
    7,
    26,
    61,
    123,
    193,
    275,
    380,
    491,
    608,
    724,
    859,
    977,
    1115,
    1257,
    1388,
    1529,
    1643,
    1771,
    1904,
    2033,
    2156,
    2288,
    2426,
    2568,
    2692,
    2827,
    2962,
    3086,
    3237,
    3373,
    3506,
    3618,
    3759,
    3884,
    4005,
    4141,
    4275,
    4399,
    4535,
    4674,
    4802,
    4938,
    5062,
    5193,
    5320,
    5459,
    5603,
    5722,
    5857,
    5982,
    6119,
    6240,
    6380,
    6507,
    6638,
    6762,
    6897,
    7015,
    7163
  ],
  "runningtime": [
    2.515323535601298
  ]
}