{
  "distance": [
    1041.7226088564955,
    1362.5027268807667,
    1720.001567228293,
    1964.5600733453598,
    2224.0997354557294,
    2451.8559911738803,
    2645.0228947844425,
    2803.111801494289,
    2934.064693837536,
    3071.064991121273,
    3129.1470376442367,
    3239.7187062880726,
    3333.43077289987,
    3365.7576981287198,
    3351.2987439436793,
    3417.531003034045,
    3460.156576680463,
    3517.880465545618,
    3571.3142401923956,
    3626.4667762362465,
    3674.0079522218075,
    3709.6933487782235,
    3739.2314750651612,
    3776.1196140453203,
    3776.093195265088,
    3809.8423506777763,
    3852.35488820001,
    3854.115096233107,
    3878.155316093205,
    3886.390425895647,
    3851.041999051758,
    3873.678854702555,
    3895.529094657384,
    3921.1540119264346,
    3932.5285251778287,
    3960.0683120560107,
    3965.412422760095,
    3970.6994501674817,
    3986.8877071991415,
    4010.7168158446143,
    4024.5639626004327,
    4027.848245129987,
    4047.277449133187,
    4031.0387605267656,
    4052.2831136132836,
    4001.1354226025883,
    4023.0781402844937,
    4040.848087912347,
    4045.158554438749,
    4057.560777925551,
    4050.1440622721857,
    4070.705769586279,
    4081.0541031826046,
    4088.903032645617,
    4101.139137398548,
    4101.724691503125,
    4103.754519908763,
    4106.147621461586,
    4117.683760379748
  ],
  "speed": [
    11.171352439248874,
    11.134580544678103,
    11.051375876157236,
    11.032025851482624,
    11.006510679709757,
    11.007042444196333,
    11.027969434560738,
    10.999963244443611,
    10.997571558310364,
    10.945148882322751,
    10.914782619629406,
    10.881714564109295,
    10.863587945552693,
    10.846022105258696,
    10.814596013337743,
    10.783225290887394,
    10.753737955558975,
    10.723795637804102,
    10.687452422412331,
    10.669282088490313,
    10.639922005132943,
    10.621158532600667,
    10.608500142970772,
    10.584732207889095,
    10.565780966809164,
    10.54218261820825,
    10.516500249307116,
    10.4953854794185,
    10.473019968804667,
    10.450068778352417,
    10.42844842549735,
    10.413037544715722,
    10.384587306409177,
    10.361261112822566,
    10.340852574338813,
    10.319693727583262,
    10.302930578230828,
    10.274747663681609,
    10.255719579692203,
    10.237242094922381,
    10.214102721554571,
    10.195810764048002,
    10.174189941368633,
    10.149731918811556,
    10.127683115872331,
    10.10097243686233,
    10.080342800421436,
    10.057329660719848,
    10.034045677761023,
    10.005164922234881,
    9.978293406127719,
    9.954033993375393,
    9.92912238844084,
    9.902638033151842,
    9.876633116206202,
    9.848644625679599,
    9.819184723541662,
    9.79406624327933,
    9.766668198405968
  ],
  "throuput": [
    10,
    26,
    62,
    118,
    196,
    279,
    383,
    491,
    609,
    731,
    857,
    980,
    1115,
    1266,
    1388,
    1531,
    1651,
    1774,
    1907,
    2053,
    2176,
    2299,
    2432,
    2581,
    2713,
    2839,
    2980,
    3099,
    3247,
    3372,
    3516,
    3633,
    3780,
    3899,
    4036,
    4154,
    4296,
    4431,
    4568,
    4704,
    4829,
    4970,
    5115,
    5238,
    5367,
    5487,
    5622,
    5744,
    5873,
    6016,
    6135,
    6258,
    6392,
    6514,
    6654,
    6777,
    6913,
    7035,
    7177
  ],
  "runningtime": [
    2.4942145188649496
  ]
}