{
  "distance": [
    1041.4480125102718,
    1363.1860418981994,
    1725.438478664817,
    1966.351000912388,
    2224.834253407618,
    2448.705956124714,
    2640.47952815682,
    2793.0802937000367,
    2915.8075109742854,
    3058.8023661193356,
    3120.532964907297,
    3233.6750491989687,
    3331.2330022352903,
    3365.2560963668193,
    3353.1775526517567,
    3424.5588052432818,
    3465.6059271582267,
    3520.305345639255,
    3572.79828590732,
    3628.6245112011648,
    3680.7020427090924,
    3714.5027088513116,
    3746.17002354748,
    3784.2741854447013,
    3784.779623542191,
    3820.5891319181637,
    3863.961989731148,
    3864.9889826742033,
    3887.6397527561817,
    3895.1500258544534,
    3860.6465595149475,
    3880.6119924306254,
    3902.331429083134,
    3925.868068945598,
    3934.9942994590883,
    3961.4852702941553,
    3967.7272739751606,
    3974.8193779191406,
    3992.2548009435386,
    4017.782206845905,
    4032.7674112239547,
    4034.817144870292,
    4053.099325319275,
    4037.3501525035317,
    4058.650547985004,
    4006.690967055464,
    4025.05693392962,
    4042.121643008163,
    4045.904297489222,
    4059.012463483939,
    4053.869703666118,
    4075.2389545590117,
    4086.2794404832725,
    4095.6701035422793,
    4107.327906079894,
    4107.330958594735,
    4108.969743719127,
    4112.1886810709175,
    4123.635039806942
  ],
  "speed": [
    11.157857375634219,
    11.12745171411451,
    11.073192588591791,
    11.060065277404895,
    11.030991961214996,
    11.01098570344036,
    11.016953844985991,
    10.9665031249113,
    10.93361744258295,
    10.901612348263386,
    10.878333749017335,
    10.84959320278865,
    10.845214448442126,
    10.831633033565348,
    10.808752001991811,
    10.797472759461984,
    10.768508561081875,
    10.737169735942961,
    10.702378169785579,
    10.685881281745727,
    10.6719215218868,
    10.653827603642045,
    10.651513702791853,
    10.636059972803492,
    10.6208146703758,
    10.609360181196305,
    10.592147131025543,
    10.578211138307449,
    10.560859018575178,
    10.54386523157693,
    10.530216121991574,
    10.511967695362081,
    10.487187991036203,
    10.462325856403144,
    10.441058033022207,
    10.419854810318053,
    10.408275491994983,
    10.382302215513546,
    10.363244023450738,
    10.34621098066788,
    10.324300787631584,
    10.30090247365694,
    10.275515628285724,
    10.252198754883953,
    10.229384767393721,
    10.19969171514379,
    10.170451233278127,
    10.143365781395879,
    10.118172988400481,
    10.090413073472968,
    10.067149682380863,
    10.044806382326636,
    10.024183653997861,
    10.003012270198692,
    9.977251360369957,
    9.950563109493096,
    9.922886343280629,
    9.902032443448325,
    9.875709821729364
  ],
  "throuput": [
    8,
    26,
    61,
    124,
    192,
    283,
    381,
    491,
    610,
    733,
    853,
    985,
    1121,
    1258,
    1389,
    1531,
    1657,
    1787,
    1912,
    2047,
    2186,
    2310,
    2444,
    2585,
    2737,
    2856,
    3002,
    3135,
    3276,
    3398,
    3539,
    3659,
    3794,
    3925,
    4059,
    4182,
    4305,
    4432,
    4562,
    4704,
    4836,
    4968,
    5115,
    5246,
    5371,
    5498,
    5624,
    5741,
    5881,
    6021,
    6135,
    6281,
    6405,
    6538,
    6675,
    6811,
    6935,
    7062,
    7198
  ],
  "runningtime": [
    2.4937843759854634
  ]
}