{
  "distance": [
    1089.9868695152259,
    1561.9674707145482,
    1957.7122468421674,
    2304.4695047641007,
    2622.0602420271325,
    2906.340711942203,
    3167.0615114917114,
    3380.5384170566495,
    3587.446855888694,
    3779.1386130017845,
    3944.256940999032,
    4094.5780694010978,
    4218.994629016784,
    4326.009648744786,
    4436.902870009387,
    4514.874000489418,
    3853.54005343939,
    4036.585811845544,
    4200.623678712991,
    4342.005082414482,
    4464.8297980251455,
    4562.6423583346,
    4675.354353397808,
    4759.621343839519,
    4837.038298058058,
    4920.683801185437,
    4992.761222701388,
    5055.982350550753,
    5116.186147782539,
    5167.976910283912,
    5229.995674775953,
    5256.10138943936,
    5308.368334132845,
    5349.102957280185,
    4912.503420297093,
    5001.020006229887,
    5069.085399914068,
    5148.854367553924,
    5204.914300075941,
    5255.588855714681,
    5312.993118011549,
    5361.318050199443,
    5421.718080172468,
    5450.67504303185,
    5485.39626092059,
    5516.429141443589,
    5562.841531380423,
    5584.325362604035,
    5614.225933650042,
    5632.60023076616,
    5653.315340427299,
    5304.578640829059,
    5366.549488739678,
    5419.583142746876,
    5469.256124160983,
    5507.509879795732,
    5550.47216011324,
    5564.586558626091,
    5621.053337802214
  ],
  "speed": [
    10.187269043695206,
    10.089858144104957,
    9.982246391226985,
    9.880041097858195,
    9.82003053314079,
    9.776884635482293,
    9.73406005684858,
    9.68582373345977,
    9.658495609004754,
    9.634728789377933,
    9.612712816776828,
    9.593179904471024,
    9.575639889041543,
    9.55327712680895,
    9.524333878154145,
    9.494754772679865,
    9.450202647133217,
    9.452491005076652,
    9.436226002393914,
    9.396477140654063,
    9.347175765763417,
    9.299088982640761,
    9.253300493053795,
    9.203282082208968,
    9.168427873186065,
    9.137905253884767,
    9.105941706590512,
    9.075149261672184,
    9.05458368721293,
    9.030289816657845,
    9.008397703556131,
    8.985214889638257,
    8.963686152715608,
    8.944682728429951,
    8.929183346398652,
    8.917448357929063,
    8.89911802485722,
    8.87166804083681,
    8.841057929136273,
    8.81086240898483,
    8.784052349320847,
    8.760746354946047,
    8.73973584069592,
    8.719070462029217,
    8.694027939793207,
    8.672933398562467,
    8.654764159735624,
    8.634329954194596,
    8.61687103342808,
    8.597115267009917,
    8.574881991759339,
    8.551340205361802,
    8.543921048390022,
    8.531926011031352,
    8.514993011376271,
    8.494820172721358,
    8.475779555111348,
    8.456965285490142,
    8.435571107738292
  ],
  "throuput": [
    9,
    42,
    131,
    242,
    401,
    601,
    836,
    1099,
    1385,
    1703,
    2017,
    2330,
    2688,
    3054,
    3404,
    3796,
    4172,
    4546,
    4965,
    5355,
    5720,
    6094,
    6465,
    6835,
    7221,
    7598,
    7984,
    8415,
    8803,
    9184,
    9593,
    10005,
    10412,
    10855,
    11253,
    11684,
    12064,
    12464,
    12868,
    13301,
    13676,
    14100,
    14509,
    14923,
    15307,
    15711,
    16101,
    16523,
    16941,
    17350,
    17739,
    18140,
    18589,
    19036,
    19446,
    19829,
    20284,
    20698,
    21091
  ],
  "runningtime": [
    32.92664007345835
  ]
}