{
  "distance": [
    1093.3482446958028,
    1571.9988637894198,
    1975.553169381968,
    2328.3372261412283,
    2648.6712887152294,
    2934.8517062126316,
    3204.3391121315854,
    3427.022728909784,
    3641.069604550436,
    3832.377712123176,
    3997.638947958579,
    4146.312951527078,
    4271.089634197155,
    4372.87826417691,
    4486.204361217335,
    4564.9533353091265,
    3892.465621832828,
    4073.666685318371,
    4236.39667579121,
    4380.388971984688,
    4504.502561545514,
    4600.747233449671,
    4715.397498875544,
    4802.359371226767,
    4877.770631564886,
    4961.280075434797,
    5037.094230035395,
    5105.903476815278,
    5166.372697119111,
    5219.375192434495,
    5280.803686372162,
    5304.324882761226,
    5355.864500315227,
    5394.565585486967,
    4950.217671338515,
    5037.319438058474,
    5105.132531704945,
    5183.8094246313385,
    5240.26154703561,
    5290.596242077807,
    5347.790395096173,
    5397.09462422175,
    5454.645420656482,
    5481.638675119975,
    5515.888207353175,
    5545.029288358083,
    5588.755310567107,
    5608.201387029568,
    5635.460428105614,
    5652.70230642089,
    5673.271390130025,
    5321.197197734373,
    5380.708608327359,
    5433.995001975559,
    5484.509557999411,
    5521.320460652953,
    5563.87604519609,
    5576.925552040504,
    5633.265104067694
  ],
  "speed": [
    10.218241988458502,
    10.154679500051257,
    10.07243999834451,
    9.984916172683189,
    9.929853150617816,
    9.890654019605025,
    9.872633763759183,
    9.849239554506127,
    9.840176241076344,
    9.812936291533608,
    9.79456045264538,
    9.774009752278335,
    9.759331693222494,
    9.728088331279185,
    9.707342514609582,
    9.68414844356958,
    9.637586201464623,
    9.637532974147465,
    9.619213836479872,
    9.586202904686367,
    9.539479628801118,
    9.487304161909773,
    9.445436870138359,
    9.401380316745634,
    9.363607821948642,
    9.334140979366065,
    9.309923005648082,
    9.289063458029288,
    9.2694005681409,
    9.248431584748843,
    9.226483224264635,
    9.200141697519618,
    9.178874482455331,
    9.158691683899512,
    9.138269141344207,
    9.124919875232733,
    9.107712254409625,
    9.079357820486303,
    9.049827769397647,
    9.019894836664813,
    8.992830486441935,
    8.970998999746847,
    8.945259206599546,
    8.920992798057618,
    8.894744643587863,
    8.87057328709663,
    8.848201385747078,
    8.8235535686724,
    8.80147151252921,
    8.778952963016438,
    8.755767652651047,
    8.728875388545783,
    8.716480492800159,
    8.702393553798654,
    8.684485221479202,
    8.660711071735818,
    8.639530334465976,
    8.6175484612568,
    8.594249989717369
  ],
  "throuput": [
    9,
    43,
    129,
    252,
    414,
    631,
    861,
    1128,
    1429,
    1735,
    2081,
    2396,
    2744,
    3117,
    3485,
    3881,
    4264,
    4641,
    5054,
    5447,
    5801,
    6191,
    6555,
    6945,
    7332,
    7705,
    8083,
    8503,
    8904,
    9308,
    9712,
    10104,
    10550,
    10975,
    11399,
    11817,
    12220,
    12607,
    13009,
    13431,
    13809,
    14219,
    14629,
    15026,
    15418,
    15830,
    16199,
    16606,
    17024,
    17433,
    17830,
    18266,
    18660,
    19083,
    19509,
    19929,
    20347,
    20768,
    21161
  ],
  "runningtime": [
    9.528478642304739
  ]
}