{
  "distance": [
    1104.358184466189,
    1588.5124715020938,
    1991.347176198647,
    2348.293669553799,
    2669.893173265843,
    2962.1752121596332,
    3230.022746415986,
    3453.7339958984376,
    3665.4921167447255,
    3864.540101274112,
    4034.9551071131355,
    4185.0884079365105,
    4304.961024629546,
    4405.038101513766,
    4515.697531843996,
    4592.991132453982,
    3917.1882338594396,
    4099.289172758961,
    4261.78614627311,
    4406.238917475422,
    4531.373204779323,
    4628.822378838412,
    4743.341433732046,
    4828.842040109681,
    4906.7696126564715,
    4991.108786951877,
    5067.7590217198385,
    5130.8252491703315,
    5190.302777666254,
    5240.944194744611,
    5299.612463071212,
    5321.628102759046,
    5372.939194153741,
    5410.772111267387,
    4965.416491565535,
    5051.014820921235,
    5117.897112070213,
    5196.394055297094,
    5253.097481708642,
    5302.931170003362,
    5359.7620575991095,
    5405.397757441042,
    5464.020626847804,
    5489.427618109305,
    5523.784670799007,
    5551.531043205498,
    5595.5224178124045,
    5615.222082891699,
    5643.166513466958,
    5660.367944331226,
    5679.8169130895885,
    5327.393158987939,
    5386.051642404387,
    5436.813097117932,
    5485.682721078018,
    5522.603300685957,
    5563.938905087737,
    5576.757660404631,
    5634.355518552536
  ],
  "speed": [
    10.32172443663196,
    10.261222758104456,
    10.154270285616086,
    10.074539273839697,
    10.017838527464104,
    9.99415852080455,
    9.97031976956444,
    9.947354253557213,
    9.931476527703829,
    9.926934340950218,
    9.923237137297722,
    9.908175803923761,
    9.885015974279959,
    9.852762757341578,
    9.833382930536564,
    9.81201606880332,
    9.768187497577173,
    9.770924989812924,
    9.753292440650988,
    9.721050202974292,
    9.676633578654675,
    9.628037258294139,
    9.587458762209266,
    9.542988547836169,
    9.510958048333405,
    9.483627298110328,
    9.46159979061131,
    9.432141220058334,
    9.412676895764903,
    9.389590327656228,
    9.36455184297274,
    9.337698631556494,
    9.31679605656633,
    9.29549685606572,
    9.274243853163599,
    9.256466951619666,
    9.2354688511753,
    9.205105195474294,
    9.174980169164542,
    9.143811888471543,
    9.116423473274002,
    9.088526777702047,
    9.064793104596882,
    9.039136926677388,
    9.01349447474907,
    8.98725021500522,
    8.965741943989764,
    8.942230752960754,
    8.921136223116491,
    8.898709507754873,
    8.873940867998066,
    8.847229449679354,
    8.832788774715292,
    8.814437938134041,
    8.792924978363931,
    8.76838782190218,
    8.744846237988453,
    8.721331572365129,
    8.698569855423957
  ],
  "throuput": [
    8,
    44,
    131,
    263,
    427,
    637,
    889,
    1143,
    1448,
    1767,
    2122,
    2433,
    2792,
    3187,
    3552,
    3928,
    4323,
    4711,
    5110,
    5500,
    5878,
    6262,
    6642,
    7028,
    7395,
    7791,
    8157,
    8594,
    8985,
    9397,
    9805,
    10196,
    10610,
    11037,
    11454,
    11863,
    12270,
    12646,
    13076,
    13496,
    13891,
    14282,
    14723,
    15125,
    15500,
    15907,
    16297,
    16707,
    17095,
    17514,
    17912,
    18333,
    18743,
    19149,
    19561,
    19992,
    20410,
    20797,
    21194
  ],
  "runningtime": [
    10.03046818971634
  ]
}