{
  "distance": [
    1106.517122950747,
    1596.5195569438436,
    1998.26949070044,
    2358.996022062431,
    2688.7617569618665,
    2982.4817888171456,
    3256.3214622790383,
    3482.756511385656,
    3696.433653777601,
    3893.975375065083,
    4063.948409597231,
    4219.061522235918,
    4341.7914532237255,
    4437.790880790904,
    4549.866191665516,
    4624.9639394666865,
    3945.437254487113,
    4126.026729037866,
    4288.838478474438,
    4433.691335108,
    4558.736209517174,
    4656.064295589031,
    4771.267015665681,
    4859.561786407835,
    4935.0311830946475,
    5017.884983267444,
    5091.447357541436,
    5155.6634581764565,
    5213.84502174106,
    5262.9979007391075,
    5322.027715370104,
    5345.269662339085,
    5395.472752959852,
    5431.4649031994795,
    4983.210349715253,
    5069.45573425737,
    5137.559534620809,
    5217.823072863043,
    5275.520268126017,
    5327.697841173115,
    5385.548291824637,
    5434.0682704244655,
    5492.671603310743,
    5519.0462878276385,
    5553.898771273702,
    5581.250166163114,
    5625.138368501581,
    5645.041690380172,
    5670.540614164651,
    5687.005632036063,
    5706.500331679666,
    5351.844803867285,
    5410.957809213229,
    5461.666568424629,
    5508.959889960548,
    5545.643820600593,
    5586.141548409712,
    5599.089745485065,
    5657.209189098154
  ],
  "speed": [
    10.340108498286996,
    10.312226584271286,
    10.192047747819258,
    10.126032554911426,
    10.093711084987785,
    10.070093623985201,
    10.061151184467183,
    10.044472974171166,
    10.03428991362299,
    10.025580416862724,
    10.020044727942068,
    10.01759146436018,
    10.001866844677656,
    9.963446100139427,
    9.947374979529698,
    9.92485902011453,
    9.888925596411765,
    9.88980941996399,
    9.87148438112304,
    9.839296010444418,
    9.792936128715628,
    9.742171630858113,
    9.703335221524856,
    9.666712588904662,
    9.63340355475561,
    9.606576155279013,
    9.583117597240538,
    9.558626718616697,
    9.539651860690674,
    9.51602236438689,
    9.492496206675034,
    9.468822075328188,
    9.446880658236898,
    9.423383380088854,
    9.401297823693431,
    9.384032343813432,
    9.364895080950761,
    9.337805793590794,
    9.309456778270473,
    9.281979618526831,
    9.256565512253383,
    9.234047812706345,
    9.209730237693957,
    9.184653978594381,
    9.159628670255168,
    9.13343354462851,
    9.112330581753216,
    9.090540724638903,
    9.06751474162021,
    9.045765181451854,
    9.02391596394133,
    8.998725780886975,
    8.985916089950658,
    8.968634147206302,
    8.945548708601825,
    8.921153082266601,
    8.896784295625128,
    8.873682167764247,
    8.851290266075566
  ],
  "throuput": [
    8,
    44,
    139,
    267,
    429,
    652,
    894,
    1177,
    1462,
    1800,
    2143,
    2459,
    2825,
    3219,
    3587,
    3986,
    4381,
    4767,
    5149,
    5534,
    5907,
    6293,
    6708,
    7094,
    7495,
    7872,
    8267,
    8681,
    9081,
    9468,
    9871,
    10255,
    10673,
    11116,
    11524,
    11931,
    12341,
    12739,
    13141,
    13584,
    13978,
    14363,
    14788,
    15167,
    15596,
    15987,
    16400,
    16818,
    17220,
    17645,
    18068,
    18468,
    18862,
    19292,
    19684,
    20119,
    20520,
    20894,
    21284
  ],
  "runningtime": [
    10.586580308278402
  ]
}