{"total_trips": 33802.16052197182, "trip_mean": 6375.283649412856, "trip_var": 24379372.288886473}