{
  "distance": [
    1146.545336844419,
    1632.6762776818578,
    2044.9528868303603,
    2481.3322310998346,
    2838.83319829606,
    3154.292907773949,
    3455.182617309661,
    3747.359721297305,
    4004.598605205486,
    4233.525035619343,
    4414.738461493131,
    4648.152254556382,
    4794.421714456881,
    4956.263439706636,
    5022.180161930693,
    5172.430817061943,
    5291.361930617958,
    5378.767848457713,
    5449.512755490042,
    5486.312115793138,
    5576.818130484713,
    5578.646418386543,
    5614.914103480378,
    5671.312014671461,
    5681.956355809262,
    5705.301493551699,
    5749.4638281797415,
    5740.740887258551,
    5781.408435575941,
    4936.9710057508955,
    5036.233069153404,
    5143.4022231100535,
    5250.732378426024,
    5337.12912070301,
    5424.667638582764,
    5498.548646624625,
    5575.28700103528,
    5643.163647468608,
    5711.315671161955,
    5762.426964198206,
    5813.183277715608,
    5865.997863990657,
    5943.198368664227,
    5983.171647871331,
    6015.023208068194,
    6054.47408452157,
    6078.697034057094,
    6119.257772893231,
    6151.514219967289,
    6192.028747554788,
    6197.211850432207,
    6216.140988774397,
    6231.941114210137,
    6246.199886371122,
    6260.45351710975,
    6263.033313180397,
    6252.113128363882,
    6264.131485435013,
    6272.881651642005
  ],
  "speed": [
    9.916866191141002,
    9.791626365303836,
    9.714306100512427,
    9.708821245845092,
    9.720274602065661,
    9.702426845623997,
    9.68265110467439,
    9.647709153354409,
    9.620815029257395,
    9.622117486971094,
    9.612760769491972,
    9.625958749781196,
    9.638587907302375,
    9.638410485213793,
    9.641886629913374,
    9.639000206768541,
    9.64655584166166,
    9.646937526063212,
    9.646647874432263,
    9.644651792730116,
    9.644785173378994,
    9.647598223749322,
    9.650264270583698,
    9.656144979340194,
    9.658829768866408,
    9.668380914950852,
    9.672948527766062,
    9.679468474987495,
    9.682356690895547,
    9.676492954068753,
    9.699294346525148,
    9.696383357715863,
    9.697227869880031,
    9.703493350723035,
    9.699304420051307,
    9.699142461185835,
    9.698241315257809,
    9.692545236788503,
    9.692525404425727,
    9.686954497711968,
    9.686802379401085,
    9.683021247066277,
    9.681986530753788,
    9.685162321128502,
    9.689539782187161,
    9.690560345395706,
    9.691175446934235,
    9.694219021198807,
    9.694933060077211,
    9.694862708605049,
    9.69605480276676,
    9.698002308624472,
    9.697830754720927,
    9.699568956814034,
    9.699841675752797,
    9.700257434626868,
    9.703148115848837,
    9.704238470653086,
    9.706025995172004
  ],
  "throuput": [
    20,
    50,
    112,
    173,
    300,
    440,
    588,
    746,
    929,
    1145,
    1364,
    1588,
    1837,
    2073,
    2341,
    2611,
    2870,
    3151,
    3414,
    3669,
    3927,
    4221,
    4497,
    4764,
    5044,
    5321,
    5562,
    5798,
    6067,
    6335,
    6573,
    6817,
    7074,
    7301,
    7534,
    7758,
    8003,
    8232,
    8471,
    8704,
    8949,
    9188,
    9436,
    9718,
    9983,
    10280,
    10553,
    10811,
    11084,
    11371,
    11668,
    11938,
    12212,
    12493,
    12763,
    13037,
    13284,
    13534,
    13829
  ],
  "runningtime": [
    7.162948048114776
  ]
}