{
  "distance": [
    1178.479423394725,
    1698.3366434059262,
    2135.323676053721,
    2588.4532877201887,
    2955.6382701711095,
    3284.0152218668877,
    3595.802154380205,
    3908.3048562960166,
    4184.155763762602,
    4422.665851535909,
    4609.0979953641945,
    4838.019202099544,
    4979.250616725018,
    5140.592536999314,
    5199.752798883495,
    5347.674808985001,
    5457.247663159583,
    5539.2082669423335,
    5608.454414518817,
    5639.228664943388,
    5724.125948024786,
    5720.406023692019,
    5750.852951989687,
    5796.39399250878,
    5798.435856407787,
    5810.6559925641905,
    5847.097105941284,
    5830.841131133811,
    5864.097607271818,
    5002.472419324967,
    5098.5818754601205,
    5207.215714476617,
    5312.17565399557,
    5398.3235708028,
    5492.000055604022,
    5567.410938322486,
    5645.992976481992,
    5716.900586792054,
    5786.499541498037,
    5842.546786959888,
    5895.138596277522,
    5950.802894378469,
    6025.771151579091,
    6064.310818387653,
    6093.377389793708,
    6131.95164151275,
    6157.749187596438,
    6194.385196564544,
    6224.555921050178,
    6262.697897004482,
    6264.781319520718,
    6280.2757955028665,
    6293.7805145237,
    6303.917207730333,
    6315.120136395399,
    6314.106342093752,
    6299.61621147584,
    6307.365997066597,
    6312.458553706284
  ],
  "speed": [
    10.192724026660677,
    10.188539146538508,
    10.155073223220402,
    10.14539402616958,
    10.153914009437273,
    10.154823213236968,
    10.143689584977853,
    10.148097427883362,
    10.15757153396738,
    10.174881582296583,
    10.177906684388377,
    10.183589193913456,
    10.200065147661322,
    10.209239250936779,
    10.218449247498002,
    10.219810788593247,
    10.218738598646398,
    10.2208927986754,
    10.228327596475415,
    10.229568040265535,
    10.234107227520484,
    10.245216640947643,
    10.253075146772748,
    10.254268999301182,
    10.257549650752216,
    10.25928313563024,
    10.260209090879215,
    10.264867122104945,
    10.266415914907077,
    10.258005876437041,
    10.272667859688955,
    10.269322638401333,
    10.264420704724964,
    10.26932836284629,
    10.27478368213023,
    10.277202199591787,
    10.2803648725014,
    10.280143923112245,
    10.282353106930671,
    10.282423108473585,
    10.284475363263017,
    10.286309728659177,
    10.282787296368644,
    10.284556792228475,
    10.285678010945958,
    10.286301239423008,
    10.288946993748935,
    10.287591379038068,
    10.288023828423032,
    10.287146775438757,
    10.28689387148809,
    10.287648886578195,
    10.28901610570613,
    10.289143917828694,
    10.288700201675663,
    10.288187321926543,
    10.290774364618338,
    10.290255849568737,
    10.291029487620579
  ],
  "throuput": [
    21,
    56,
    123,
    194,
    337,
    485,
    646,
    818,
    1015,
    1243,
    1484,
    1727,
    1977,
    2238,
    2498,
    2759,
    3030,
    3310,
    3575,
    3848,
    4132,
    4438,
    4697,
    4969,
    5225,
    5471,
    5739,
    5970,
    6248,
    6499,
    6733,
    6989,
    7237,
    7466,
    7702,
    7936,
    8181,
    8410,
    8617,
    8843,
    9122,
    9359,
    9627,
    9864,
    10163,
    10419,
    10706,
    10991,
    11274,
    11545,
    11851,
    12140,
    12413,
    12687,
    12967,
    13223,
    13489,
    13749,
    13988
  ],
  "runningtime": [
    9.195069726308187
  ]
}