{
  "distance": [
    1186.8513918913538,
    1714.0141627413357,
    2163.375167766868,
    2618.42942228631,
    2983.5027280239037,
    3315.127573965251,
    3628.6481026723504,
    3935.9906660202096,
    4207.1882299582285,
    4445.286453250904,
    4630.735670358009,
    4859.539436397419,
    4999.224268248778,
    5160.2850543782615,
    5219.890539659659,
    5365.7635674308585,
    5476.827323178617,
    5559.107771467637,
    5623.582370400566,
    5654.55060953515,
    5737.908483675444,
    5733.022716130159,
    5760.800564763306,
    5807.7898161102075,
    5807.390835455895,
    5818.968308737786,
    5851.5728877985075,
    5834.035043862766,
    5870.294573027368,
    5008.653907754763,
    5106.695930936879,
    5215.941942714774,
    5324.211508338681,
    5410.171437181159,
    5502.835126260583,
    5578.949702933873,
    5656.511516146954,
    5728.730451293434,
    5798.290518246837,
    5854.0559848852645,
    5905.005649676254,
    5960.293768018491,
    6036.484788775661,
    6074.6771173586985,
    6102.48035084103,
    6139.705825455232,
    6164.381280642273,
    6202.694243694276,
    6232.856422919872,
    6272.05268201827,
    6275.065455355217,
    6291.148059720498,
    6304.899467309074,
    6315.795677276716,
    6327.443906375792,
    6327.581040088466,
    6312.274104608534,
    6321.776622405745,
    6326.567276960692
  ],
  "speed": [
    10.266583454041578,
    10.281359796742853,
    10.284914799318672,
    10.263098110953056,
    10.253021678826313,
    10.254053751923292,
    10.244962359723838,
    10.23136848513538,
    10.227545093110743,
    10.248441868781837,
    10.253768723463331,
    10.260080242412936,
    10.273628674493107,
    10.283090788153206,
    10.295657329845689,
    10.291108109089516,
    10.29396626120111,
    10.297478444323259,
    10.299176069738873,
    10.301128803260987,
    10.304270589407801,
    10.316579046360244,
    10.322269742387412,
    10.326639266940262,
    10.326699827298972,
    10.328821155354325,
    10.323344628532144,
    10.32748795536559,
    10.334310994170465,
    10.327651940822358,
    10.34459787325203,
    10.342180648119898,
    10.341871169597763,
    10.347358847744514,
    10.351352069810785,
    10.355074201283056,
    10.354953294992955,
    10.356115777799982,
    10.359054624336448,
    10.361491644678292,
    10.362512606344168,
    10.364348647160678,
    10.364427507174517,
    10.367409059083196,
    10.36811731764848,
    10.367954191981578,
    10.370587534460489,
    10.372562358134806,
    10.372607468674925,
    10.373165093973732,
    10.375255197491418,
    10.377052604544375,
    10.378311241500137,
    10.379816497936455,
    10.380924572805386,
    10.383274658962202,
    10.386078955113565,
    10.389634316234952,
    10.391221991869884
  ],
  "throuput": [
    24,
    54,
    119,
    199,
    336,
    492,
    655,
    835,
    1034,
    1274,
    1506,
    1745,
    1995,
    2260,
    2516,
    2762,
    3036,
    3326,
    3603,
    3868,
    4158,
    4446,
    4708,
    4980,
    5250,
    5494,
    5754,
    6010,
    6264,
    6498,
    6754,
    6990,
    7257,
    7485,
    7725,
    7958,
    8188,
    8427,
    8672,
    8885,
    9148,
    9396,
    9660,
    9902,
    10198,
    10457,
    10730,
    11010,
    11291,
    11569,
    11880,
    12156,
    12431,
    12711,
    12989,
    13254,
    13522,
    13769,
    14041
  ],
  "runningtime": [
    10.27699811855952
  ]
}