{
  "distance": [
    1191.5133528786032,
    1714.2685262366183,
    2162.0338169237534,
    2621.6153681875303,
    2988.7707016267163,
    3318.955903801333,
    3634.0972478347103,
    3945.330716666183,
    4223.411698441877,
    4461.6937917914065,
    4648.946210459436,
    4875.645421252292,
    5012.694507973091,
    5177.631959294342,
    5243.775478395736,
    5389.057365631331,
    5497.639211941284,
    5579.731843873741,
    5646.275973652827,
    5675.772437885083,
    5759.023145878183,
    5750.571605888839,
    5779.427696743291,
    5826.17152598041,
    5826.938279362453,
    5837.290243619826,
    5872.740395551421,
    5852.734749521882,
    5886.958742925542,
    5022.79519772711,
    5119.7003972527045,
    5228.537938639033,
    5336.3327993933235,
    5421.766776245701,
    5513.6307885303895,
    5589.686792517375,
    5667.740172052596,
    5739.983987203559,
    5810.296266282097,
    5867.131332692391,
    5920.121097693029,
    5975.350001398653,
    6053.629860116373,
    6092.613156680814,
    6122.310741443225,
    6159.768356564935,
    6182.620503177111,
    6219.448789670495,
    6248.184501767975,
    6286.119897016555,
    6289.320468341569,
    6304.672486615973,
    6318.486068652653,
    6329.073498924843,
    6341.916364710628,
    6341.7059215909985,
    6325.796298301121,
    6334.408915903897,
    6339.480679326581
  ],
  "speed": [
    10.309112560482715,
    10.284418536595435,
    10.279832933688319,
    10.281672622749728,
    10.279138990696566,
    10.274237389517669,
    10.267111028745449,
    10.263284780622213,
    10.27353426758251,
    10.294216694612903,
    10.304895182802166,
    10.309863987945274,
    10.319304386625436,
    10.333536889935745,
    10.354573368225795,
    10.351848850567535,
    10.353229194217768,
    10.355731310298017,
    10.365145772199531,
    10.369080228573786,
    10.372886594675574,
    10.380828243188578,
    10.387681953984638,
    10.390808964729516,
    10.393577819449657,
    10.396603426466804,
    10.398598657206929,
    10.399657169940768,
    10.405644415017926,
    10.401792491271333,
    10.418999836391057,
    10.418522330927777,
    10.418564980011151,
    10.422346326509713,
    10.424637417811711,
    10.429894410093448,
    10.432807793545136,
    10.435419270731096,
    10.439392742860884,
    10.443148698007596,
    10.446952334128603,
    10.447473006690608,
    10.450564035615267,
    10.45529027782618,
    10.458577909988758,
    10.458872109222,
    10.459696506271198,
    10.460990689773174,
    10.461720322183103,
    10.46247944435393,
    10.465430377185534,
    10.467604626542554,
    10.470852180426249,
    10.472067494420832,
    10.475338658980647,
    10.478097385354175,
    10.48136293518659,
    10.485209388821614,
    10.488952876057832
  ],
  "throuput": [
    23,
    54,
    122,
    208,
    337,
    494,
    665,
    834,
    1033,
    1274,
    1525,
    1764,
    1997,
    2245,
    2522,
    2792,
    3058,
    3332,
    3639,
    3894,
    4177,
    4464,
    4710,
    4993,
    5272,
    5531,
    5779,
    6035,
    6297,
    6537,
    6795,
    7028,
    7280,
    7498,
    7752,
    7987,
    8218,
    8443,
    8679,
    8904,
    9155,
    9395,
    9686,
    9950,
    10199,
    10490,
    10771,
    11062,
    11348,
    11598,
    11900,
    12205,
    12451,
    12722,
    13003,
    13290,
    13561,
    13822,
    14081
  ],
  "runningtime": [
    10.735062177975973
  ]
}