{
  "distance": [
    853.9623005624674,
    1156.8543125971364,
    1410.494089959565,
    1591.0345169536984,
    1849.105777034505,
    1835.329611588643,
    2063.216284059602,
    2251.698540541722,
    2416.935985981066,
    2558.8149260928903,
    2700.4077853178605,
    2800.389515177692,
    2775.1493069815256,
    2880.674079323103,
    2986.5797036354943,
    3081.8978309068293,
    3169.1429424363605,
    3252.7022745768268,
    3307.0942876017757,
    3278.8629792549623,
    3354.354381318785,
    3414.0900832897173,
    3486.022695125431,
    3530.9179906217505,
    3583.179430633002,
    3532.1628779583943,
    3585.910515290485,
    3633.7089995036717,
    3680.8961603233006,
    3731.259477707963,
    3758.1434814535987,
    3809.0538441113663,
    3749.5208005231248,
    3786.408047061135,
    3825.6612759934856,
    3859.353870340473,
    3892.0758118404433,
    3922.9905581441317,
    3947.265274121547,
    3897.5974900946976,
    3942.1823141468667,
    3958.205702349078,
    3992.088169244484,
    4007.2732639011247,
    4027.5584552311107,
    3979.727852276555,
    4023.831468173244,
    4040.9056839938016,
    4059.8243075887876,
    4083.2344428827573,
    4104.462245791496,
    4107.957384870686,
    4072.6932721610856,
    4097.132418242851,
    4109.725760656042,
    4134.3598419393775,
    4142.823429198213,
    4150.548338079112,
    4169.687132489877
  ],
  "speed": [
    9.149328239977256,
    8.899291962341879,
    8.80980512023518,
    8.759672794812452,
    8.64255270010111,
    8.601350336018376,
    8.544531113436472,
    8.523045103289236,
    8.472475234979512,
    8.412977544755668,
    8.379614011776253,
    8.343233921206425,
    8.316909369745424,
    8.29015337335182,
    8.254153734670853,
    8.21783269763171,
    8.193395830066677,
    8.164737521296363,
    8.140893648902942,
    8.11917549493838,
    8.106314214661701,
    8.099308920684274,
    8.082194946876948,
    8.07117049027588,
    8.057505731131974,
    8.044785174793319,
    8.027976262461069,
    8.010349343838275,
    7.994786502110801,
    7.987821930980365,
    7.97530698442873,
    7.964369794266009,
    7.953091856262887,
    7.939292629115215,
    7.925849379204896,
    7.909301819229862,
    7.897946464179368,
    7.889393678950435,
    7.8779401038576085,
    7.869297029166976,
    7.857576553210507,
    7.8499406446736115,
    7.843206992394922,
    7.83199939509642,
    7.822416184153696,
    7.813945321663357,
    7.809247029723941,
    7.801312471041653,
    7.79057061839028,
    7.781369662760092,
    7.774030880925944,
    7.764937447310883,
    7.75438265560403,
    7.744411701534696,
    7.7342612106455455,
    7.723250537946518,
    7.710731330375663,
    7.699881772681618,
    7.6870068823554325
  ],
  "throuput": [
    15,
    52,
    119,
    228,
    378,
    569,
    790,
    1062,
    1350,
    1611,
    1938,
    2269,
    2599,
    2951,
    3292,
    3618,
    3958,
    4361,
    4701,
    5084,
    5456,
    5846,
    6210,
    6578,
    6998,
    7366,
    7748,
    8146,
    8522,
    8916,
    9294,
    9686,
    10071,
    10496,
    10865,
    11271,
    11644,
    12035,
    12422,
    12833,
    13230,
    13640,
    14059,
    14449,
    14841,
    15214,
    15612,
    16014,
    16414,
    16816,
    17192,
    17577,
    17972,
    18388,
    18785,
    19196,
    19549,
    19964,
    20355
  ],
  "runningtime": [
    7.568833871682485
  ]
}