{
  "distance": [
    868.0623469504444,
    1183.7351263300793,
    1453.2299409086504,
    1642.8317825265055,
    1919.524396322853,
    1900.2107418808143,
    2139.0965785519643,
    2327.696479217108,
    2505.52199865749,
    2658.6219319521383,
    2806.170110585705,
    2907.5469789280637,
    2881.6443276720565,
    2986.453734980773,
    3099.9138102832835,
    3198.4262273740846,
    3284.221095180918,
    3368.6982676288344,
    3422.852630607177,
    3391.4110065226037,
    3464.210827449343,
    3517.611263161452,
    3590.334388457714,
    3628.6474762533785,
    3677.015200263694,
    3621.5707878477024,
    3675.532923786469,
    3725.694107608742,
    3772.9177770980727,
    3819.079104153967,
    3845.5115595995844,
    3894.829296512261,
    3831.9937803077914,
    3868.126352375295,
    3905.1081613477504,
    3939.9022854517016,
    3971.6393349361265,
    3999.1670758146693,
    4020.720095200567,
    3967.047662362878,
    4010.984258720407,
    4024.445331973114,
    4056.2788377748825,
    4069.7323201566696,
    4088.581452485998,
    4037.8944152904965,
    4079.791218971991,
    4095.870347639239,
    4115.904691019247,
    4137.584216839745,
    4156.474845783515,
    4159.417433879244,
    4123.388522821965,
    4148.799315284707,
    4162.060050826534,
    4187.753852389357,
    4196.760862013781,
    4203.964991584361,
    4222.576556514599
  ],
  "speed": [
    9.30537318961176,
    9.10835772001522,
    9.090096305741609,
    9.063899489801411,
    9.008227473509333,
    8.969230490993908,
    8.94227268239601,
    8.913693647812634,
    8.8994269644421,
    8.875596954237398,
    8.867804442185468,
    8.843381232981855,
    8.845018694068308,
    8.821180060840451,
    8.80844400812197,
    8.790756986352614,
    8.777108308203552,
    8.762575019894474,
    8.75235448027894,
    8.741200343966398,
    8.73063651355155,
    8.71719053602071,
    8.708626693465646,
    8.693588442481376,
    8.679420349937999,
    8.670998147127552,
    8.661994282241078,
    8.656591158391063,
    8.64791908517565,
    8.638167748208184,
    8.632516678694317,
    8.624317767414267,
    8.615918205235065,
    8.604635526423536,
    8.590852500292751,
    8.582388528880282,
    8.573480566394437,
    8.564819707759273,
    8.555069767369478,
    8.545877720855959,
    8.536205378842284,
    8.527002873195514,
    8.5184711361184,
    8.50668070997715,
    8.497512465132855,
    8.487686145573582,
    8.480183882780642,
    8.472224256492328,
    8.465664797983889,
    8.455379229066075,
    8.444882181253792,
    8.437190286838407,
    8.4277528213388,
    8.420032969004595,
    8.412023818348596,
    8.403468945605038,
    8.393403064397416,
    8.383488899287144,
    8.37031370771092
  ],
  "throuput": [
    16,
    52,
    128,
    249,
    410,
    613,
    876,
    1111,
    1438,
    1731,
    2073,
    2428,
    2774,
    3112,
    3483,
    3852,
    4218,
    4590,
    4978,
    5352,
    5728,
    6115,
    6490,
    6890,
    7276,
    7672,
    8069,
    8461,
    8851,
    9228,
    9638,
    10013,
    10421,
    10838,
    11217,
    11618,
    12011,
    12409,
    12810,
    13200,
    13573,
    13975,
    14387,
    14802,
    15177,
    15560,
    15951,
    16347,
    16768,
    17158,
    17544,
    17946,
    18338,
    18723,
    19124,
    19523,
    19924,
    20323,
    20700
  ],
  "runningtime": [
    10.682854807376861
  ]
}