{
  "distance": [
    1020.2420746881746,
    1305.2745120821269,
    1604.562689336917,
    1872.2841372837195,
    2098.9200897445057,
    2329.037070770022,
    2424.2814798921668,
    2582.727053398936,
    2802.967491737183,
    2936.9755130965127,
    3003.4142762306083,
    3179.423636368447,
    3250.087028219961,
    3346.6966107911303,
    3348.9629141129126,
    3428.3501405691313,
    3528.191730762383,
    3561.415736904314,
    3637.2269031333362,
    3695.9769997753438,
    3736.10162710519,
    3696.9549368315693,
    3773.5019223125532,
    3819.541464015556,
    3858.670130008841,
    3866.419652751045,
    3919.880103853138,
    3933.9248286468737,
    3963.5780925465433,
    3935.2862480501426,
    3976.850422363816,
    3995.5669112552105,
    4012.477199517576,
    4044.7359864916775,
    4053.7654597865317,
    4074.6456471200154,
    4034.1575748330797,
    4076.8371846731056,
    4099.07708187293,
    4107.06715136948,
    4115.937328307894,
    4150.419847583492,
    4160.764271145643,
    4174.010431788961,
    4144.451320186049,
    4167.395508522017,
    4182.908915455211,
    4200.656704967823,
    4216.214632464109,
    4224.565769957379,
    4235.542072553605,
    4209.942820127091,
    4231.3225476370235,
    4241.666143023112,
    4256.773475110969,
    4261.743696982275,
    4269.42143026896,
    4267.459489919617,
    4298.55806129687
  ],
  "speed": [
    10.510333448193938,
    10.518900289921575,
    10.577007457773801,
    10.535204553779716,
    10.54740715030729,
    10.51232747533198,
    10.482956246119336,
    10.489700908685931,
    10.450508530292833,
    10.474217707350055,
    10.450754177381125,
    10.43404181332953,
    10.431982333678484,
    10.441237629036882,
    10.427850231799495,
    10.427444695993628,
    10.436207788341402,
    10.444957020655398,
    10.433708217594786,
    10.43940470306085,
    10.443596333444217,
    10.437227430435879,
    10.445451391010437,
    10.440566103403647,
    10.443087291997891,
    10.438453012001013,
    10.425096318665206,
    10.418813106554488,
    10.419700281747687,
    10.406316475401717,
    10.398872690934489,
    10.400243778367589,
    10.393316494058036,
    10.385352029283446,
    10.380291716615536,
    10.371512937756519,
    10.365478734558343,
    10.363177223732205,
    10.351783274696945,
    10.342712946891522,
    10.341788015895165,
    10.343803819782854,
    10.341448910268031,
    10.342173643072215,
    10.34140163154413,
    10.338068170986206,
    10.338589500999008,
    10.339988690770182,
    10.336236195215653,
    10.338430229405112,
    10.339194422757561,
    10.33977893412122,
    10.341315687303961,
    10.34480255449057,
    10.337487869054897,
    10.338783292890342,
    10.338747697202221,
    10.336963485542816,
    10.334215917270996
  ],
  "throuput": [
    7,
    24,
    55,
    94,
    147,
    212,
    281,
    357,
    452,
    549,
    640,
    749,
    842,
    954,
    1042,
    1144,
    1251,
    1364,
    1472,
    1583,
    1680,
    1798,
    1896,
    1993,
    2108,
    2218,
    2328,
    2428,
    2528,
    2636,
    2724,
    2833,
    2958,
    3060,
    3159,
    3263,
    3367,
    3471,
    3574,
    3688,
    3788,
    3902,
    4017,
    4125,
    4228,
    4328,
    4440,
    4538,
    4661,
    4761,
    4870,
    4978,
    5078,
    5192,
    5296,
    5405,
    5505,
    5614,
    5724
  ],
  "runningtime": [
    2.1090720216433207
  ]
}