{
  "distance": [
    1028.6466701135573,
    1316.19065641199,
    1603.2769596442827,
    1884.7844476047417,
    2113.0578808612922,
    2335.160546125277,
    2435.8445937771176,
    2592.3155155527606,
    2812.1088286884064,
    2942.6244711190366,
    3013.21851496744,
    3189.9383824568363,
    3264.775838185572,
    3364.285484875566,
    3369.463122585235,
    3448.907647362301,
    3537.866678711724,
    3569.4601811853368,
    3648.281450792928,
    3705.9127157297253,
    3747.328758798179,
    3707.8762949413954,
    3786.3279740910257,
    3833.947517908915,
    3865.515676232868,
    3877.5605587359796,
    3937.154478103333,
    3951.373167561921,
    3976.6111013396935,
    3952.7424724519515,
    3996.741690772909,
    4011.7669620428474,
    4027.122866233506,
    4060.872660333267,
    4069.2946137823506,
    4092.4099481889825,
    4051.422854782077,
    4093.45860065545,
    4118.698287516942,
    4125.258553740109,
    4131.309630686114,
    4164.196944278176,
    4172.838167676364,
    4184.383770818675,
    4152.899907325795,
    4177.565224568768,
    4194.1809507872,
    4209.960989944203,
    4226.090546381427,
    4232.152530250814,
    4244.947079467204,
    4220.464031563103,
    4242.772116751414,
    4250.583907105518,
    4265.499231049919,
    4269.881494161666,
    4273.45423758566,
    4272.094171135138,
    4304.269492559255
  ],
  "speed": [
    10.581252323038402,
    10.603468019431425,
    10.571561968126092,
    10.59967027983286,
    10.630518942600224,
    10.547751708230296,
    10.52909768052762,
    10.536207268818508,
    10.499721030313546,
    10.504839651513334,
    10.495233576870897,
    10.4840172216742,
    10.488381940746903,
    10.50205926102474,
    10.509695596802368,
    10.523127050341786,
    10.51427218193705,
    10.525496385779737,
    10.528281441152412,
    10.534138766705423,
    10.546361705250623,
    10.538418831705481,
    10.552453645834179,
    10.555709834466912,
    10.54799655029562,
    10.556590308648612,
    10.559682798151648,
    10.557434112205101,
    10.550103850098303,
    10.54911938771004,
    10.553273749690623,
    10.551875773748131,
    10.544783530229349,
    10.543610083832037,
    10.540630490465997,
    10.538276193814232,
    10.533121928872584,
    10.533923508459468,
    10.534019521498246,
    10.531370676505198,
    10.526922311630868,
    10.529502233724186,
    10.524694283773998,
    10.521357824363257,
    10.518199211097398,
    10.522679677678992,
    10.526369295955522,
    10.52305044950523,
    10.521122231873578,
    10.518960617295084,
    10.522635282849842,
    10.524906858795623,
    10.528010478500686,
    10.527630297997693,
    10.52193130693807,
    10.524643809509728,
    10.517643842443121,
    10.517472252355054,
    10.51608896488139
  ],
  "throuput": [
    4,
    25,
    56,
    94,
    146,
    204,
    273,
    364,
    445,
    543,
    643,
    750,
    840,
    958,
    1051,
    1166,
    1267,
    1381,
    1479,
    1596,
    1696,
    1795,
    1898,
    2015,
    2118,
    2232,
    2331,
    2444,
    2544,
    2638,
    2753,
    2865,
    2972,
    3075,
    3175,
    3283,
    3379,
    3489,
    3606,
    3714,
    3806,
    3923,
    4030,
    4133,
    4257,
    4353,
    4456,
    4557,
    4673,
    4779,
    4885,
    4989,
    5097,
    5213,
    5319,
    5435,
    5527,
    5632,
    5734
  ],
  "runningtime": [
    2.1374363899230957
  ]
}