{
  "distance": [
    1040.841354376018,
    1334.5210603670155,
    1634.4022464636002,
    1908.2706986230614,
    2117.356081833189,
    2353.6730073048934,
    2448.603518421523,
    2602.22363712901,
    2830.836854287839,
    2960.8900464225762,
    3034.5108120622263,
    3210.0975960738047,
    3284.632513166184,
    3382.57671396649,
    3383.7570464314545,
    3460.453704890629,
    3554.403320849684,
    3576.462188533379,
    3649.416282161533,
    3709.650134306573,
    3749.4330524924326,
    3708.326312233785,
    3786.0892932448496,
    3829.770712779014,
    3868.170076605563,
    3880.081420393578,
    3939.881593132393,
    3956.372882141725,
    3985.4285405731853,
    3958.9708892365975,
    4003.042587025295,
    4019.0744989032105,
    4035.9577630192543,
    4066.624516242866,
    4073.565173342601,
    4096.221912426383,
    4054.499228250667,
    4097.104161351998,
    4121.271085014487,
    4127.9407919068035,
    4134.44806178846,
    4166.023119650356,
    4173.9123659148545,
    4185.1120071618,
    4155.694196267365,
    4180.502470578735,
    4194.840224135988,
    4210.442143422741,
    4226.937997667191,
    4233.333608339621,
    4243.070395821812,
    4218.952614836363,
    4239.739915886968,
    4249.512472522142,
    4265.395121280193,
    4267.946977823694,
    4275.554330480871,
    4274.352048404147,
    4306.378111916034
  ],
  "speed": [
    10.720923755277658,
    10.779383464427365,
    10.794587571465067,
    10.785596498395607,
    10.703929759305773,
    10.680294343922183,
    10.651616625795521,
    10.643375108157615,
    10.638767422627957,
    10.637405313907895,
    10.643303676191934,
    10.625466244664764,
    10.63134000937864,
    10.637506779933238,
    10.62127403517066,
    10.62470446123162,
    10.627844713074063,
    10.617348447506249,
    10.608562395313953,
    10.619876233361966,
    10.620172586984257,
    10.607333718957879,
    10.619584298169574,
    10.617770463806655,
    10.626032216161201,
    10.634902982041003,
    10.64101768022148,
    10.644137260768954,
    10.647663537058596,
    10.642369935986524,
    10.6508088758885,
    10.656840868919668,
    10.655849632740791,
    10.652343698849185,
    10.650975328292013,
    10.651931315112583,
    10.648122509573572,
    10.653257391644438,
    10.652488435887324,
    10.646500592208145,
    10.642865039659469,
    10.644015359195599,
    10.639241702012756,
    10.63715216968716,
    10.63926668319706,
    10.641339219486477,
    10.638166378051563,
    10.633927932453505,
    10.635794825286936,
    10.63350837015971,
    10.630436655062,
    10.631961886397766,
    10.631485501246559,
    10.633062252088925,
    10.627602166280461,
    10.622863547604775,
    10.624984807214247,
    10.624716303252761,
    10.624679553576803
  ],
  "throuput": [
    7,
    27,
    59,
    102,
    144,
    213,
    282,
    367,
    452,
    545,
    654,
    760,
    848,
    958,
    1058,
    1172,
    1278,
    1390,
    1495,
    1588,
    1698,
    1799,
    1915,
    2015,
    2123,
    2233,
    2343,
    2448,
    2559,
    2654,
    2775,
    2871,
    2993,
    3092,
    3191,
    3293,
    3401,
    3512,
    3606,
    3717,
    3825,
    3938,
    4047,
    4148,
    4258,
    4357,
    4455,
    4575,
    4689,
    4788,
    4891,
    4996,
    5109,
    5217,
    5323,
    5427,
    5533,
    5641,
    5742
  ],
  "runningtime": [
    2.191268344720205
  ]
}