{
  "distance": [
    832.5405012165116,
    1159.6241703136054,
    1405.2352652102509,
    1574.137348314664,
    1822.2830007837274,
    1980.319257298733,
    2069.018504073415,
    2175.255909691187,
    2294.2016100667597,
    2370.6331209599316,
    2467.927096511654,
    2464.722408113426,
    2523.9015972031643,
    2578.9261184157676,
    2588.749819489029,
    2600.789787968496,
    2658.6246718617663,
    2688.0942149401903,
    2707.936507328133,
    2762.287179913136,
    2750.9847219003664,
    2768.365484867728,
    2799.133683933687,
    2810.294840968134,
    2817.0493522121105,
    2837.56971722562,
    2856.0771947877142,
    2869.2778432560294,
    2863.0069886966016,
    2862.94632414005,
    2882.1224735694727,
    2899.7357097870195,
    2893.9169175634643,
    2913.145329280542,
    2928.1709811892815,
    2931.50186137024,
    2946.954511496312,
    2932.618447544285,
    2939.138007878467,
    2950.4589638038215,
    2972.0116881440345,
    2953.653396551468,
    2969.8117482713637,
    2979.483360613681,
    2982.542226440764,
    2971.1674727828145,
    2981.9623512082485,
    2990.5258457737027,
    2999.843772729417,
    2993.1423758604965,
    3001.771759599647,
    3008.2731055969894,
    3009.056302752126,
    3016.2343057661933,
    3009.8840266894476,
    3013.8440724772718,
    3018.7848042120563,
    3015.7796372940193,
    3016.186778184487
  ],
  "speed": [
    10.918029669506025,
    10.810539827380055,
    10.904322233412879,
    10.819408952713246,
    10.77188231367371,
    10.723716943318058,
    10.627557589532985,
    10.609679186682754,
    10.64398234726821,
    10.640088410965578,
    10.61720278381803,
    10.592195472884145,
    10.557428119953098,
    10.524322279108583,
    10.48447684220399,
    10.464756081098788,
    10.450786397689084,
    10.437294969759748,
    10.431784462854866,
    10.406918484473335,
    10.38327996762946,
    10.379959782945754,
    10.361998680951505,
    10.358729319243562,
    10.34974581890897,
    10.337265792975234,
    10.316930059231815,
    10.314148018950775,
    10.305922081050833,
    10.300290265373796,
    10.286679930576089,
    10.27752013091194,
    10.279519009597994,
    10.282570150380531,
    10.27735751698701,
    10.273163595507945,
    10.264330766786424,
    10.263089976291505,
    10.260511300665287,
    10.258186506304039,
    10.25109773169274,
    10.245667118654048,
    10.238498526106076,
    10.235392592464658,
    10.233669192880868,
    10.222138984489723,
    10.219337466670204,
    10.211194667884506,
    10.204530987630214,
    10.193131865033099,
    10.180464006505161,
    10.173458244145408,
    10.162464087560522,
    10.15435145935746,
    10.14451238762979,
    10.132779934087614,
    10.12467577970181,
    10.106975888916883,
    10.096687062985511
  ],
  "throuput": [
    5,
    28,
    57,
    97,
    143,
    213,
    277,
    346,
    424,
    512,
    579,
    660,
    734,
    800,
    877,
    953,
    1038,
    1109,
    1186,
    1262,
    1336,
    1412,
    1489,
    1574,
    1642,
    1722,
    1793,
    1873,
    1955,
    2032,
    2103,
    2185,
    2259,
    2347,
    2419,
    2494,
    2574,
    2653,
    2722,
    2801,
    2885,
    2955,
    3035,
    3101,
    3176,
    3260,
    3337,
    3403,
    3486,
    3562,
    3636,
    3718,
    3787,
    3868,
    3938,
    4011,
    4094,
    4168,
    4242
  ],
  "runningtime": [
    1.4942857901255289
  ]
}