{
  "distance": [
    844.3949584876789,
    1173.4835103115695,
    1405.9909341872708,
    1580.845070161104,
    1833.6394136995218,
    1994.7038757427538,
    2095.273258736549,
    2193.2847001124887,
    2297.3902571977815,
    2381.79731935934,
    2486.1510968113193,
    2489.8902586875884,
    2555.120677706096,
    2605.992728606463,
    2616.4478292126882,
    2625.72421078382,
    2683.275945677524,
    2714.5488779330176,
    2734.8534036286455,
    2792.360503972688,
    2781.6750879310835,
    2794.2174347272285,
    2826.697527402634,
    2834.015107917413,
    2839.5955618519524,
    2862.4722098310717,
    2882.3027319939765,
    2892.3593564224116,
    2883.9905996895186,
    2882.7212203864997,
    2901.989448351879,
    2918.6583426562565,
    2907.1537633970897,
    2927.0429890439523,
    2944.031242811522,
    2947.913117197142,
    2962.7918418013664,
    2947.9397647821024,
    2954.463451575517,
    2967.701381495262,
    2990.0284649514715,
    2971.811055025173,
    2989.959213319286,
    2998.681870149653,
    3000.045164923557,
    2990.0319111652348,
    2999.2191580693325,
    3007.443173308951,
    3016.35823000918,
    3010.4495805393844,
    3019.627186396209,
    3026.9955180343886,
    3028.9775857165673,
    3034.541581140215,
    3028.5648830143396,
    3032.5390480356305,
    3037.4661482809056,
    3038.5324868597704,
    3038.4983778847773
  ],
  "speed": [
    11.077103945700525,
    10.919383764618347,
    10.908713900387003,
    10.879544169271513,
    10.88659996711437,
    10.892593777420373,
    10.877622394708078,
    10.861250875841524,
    10.844071710357147,
    10.852837938365187,
    10.854867427066415,
    10.854337804743679,
    10.863928860373102,
    10.838899227569701,
    10.829360486377821,
    10.824568246381022,
    10.817531827489217,
    10.815734799222277,
    10.818539722554727,
    10.810545063308735,
    10.805863646600791,
    10.80442845235683,
    10.802242972792358,
    10.796457020812383,
    10.792417352267254,
    10.79554261361142,
    10.791289465057517,
    10.789601176432004,
    10.785219706984916,
    10.786674820101604,
    10.782807320343283,
    10.777372307191632,
    10.766729694384814,
    10.771538276229242,
    10.771415107016871,
    10.76980068904637,
    10.76160730891514,
    10.757147121476896,
    10.752858375435721,
    10.755879838316998,
    10.75437282874435,
    10.753668979199265,
    10.756263312939447,
    10.755134551871473,
    10.756732399181232,
    10.757613539838161,
    10.756580654644296,
    10.758003856484647,
    10.760240363515667,
    10.761288757985744,
    10.758697305592532,
    10.760705253249279,
    10.761761297812248,
    10.758777764818825,
    10.760326155133319,
    10.760770089970622,
    10.763983809191231,
    10.769224947378545,
    10.770149029562836
  ],
  "throuput": [
    5,
    26,
    61,
    101,
    151,
    219,
    285,
    362,
    431,
    504,
    586,
    665,
    745,
    823,
    894,
    972,
    1050,
    1118,
    1197,
    1276,
    1360,
    1437,
    1512,
    1593,
    1662,
    1743,
    1821,
    1898,
    1980,
    2057,
    2128,
    2202,
    2279,
    2357,
    2431,
    2509,
    2589,
    2666,
    2742,
    2826,
    2905,
    2989,
    3057,
    3141,
    3213,
    3293,
    3372,
    3449,
    3521,
    3599,
    3671,
    3746,
    3830,
    3905,
    3986,
    4060,
    4137,
    4215,
    4302
  ],
  "runningtime": [
    1.5221495827039082
  ]
}