{
  "distance": [
    838.5460626864889,
    1167.6509027463987,
    1398.0999749911498,
    1571.6051514814499,
    1829.2715945195473,
    1987.6322349131601,
    2089.7465101217927,
    2193.0598814601326,
    2297.782026540854,
    2379.926194905329,
    2484.455405310896,
    2487.4271309290766,
    2552.20145852027,
    2610.15838188982,
    2622.4493047848855,
    2628.4453952343997,
    2691.878876383129,
    2722.175966072853,
    2740.2494404003533,
    2793.8559175717755,
    2781.4433185328535,
    2795.1833758057655,
    2824.113950715236,
    2831.5927675425096,
    2837.810794110197,
    2860.2853656852053,
    2880.7276360448154,
    2892.51563577006,
    2886.137702213257,
    2885.7013884491894,
    2902.5696639625376,
    2921.301592997914,
    2910.722327387911,
    2929.785196699357,
    2945.691821977875,
    2948.8505194103273,
    2964.954338738622,
    2950.2396525484473,
    2956.1380866683444,
    2965.4875351166306,
    2989.2184596636303,
    2972.1553756906637,
    2989.103458342261,
    2999.6430487578973,
    2999.711513057026,
    2989.460089090966,
    2998.108152764585,
    3006.8141381274477,
    3015.30152662796,
    3009.2343935669355,
    3019.511256846046,
    3026.651293726273,
    3029.6092801788404,
    3034.1277396357264,
    3029.207104181056,
    3033.893054115945,
    3038.683111250984,
    3038.02047652662,
    3037.6668676422123
  ],
  "speed": [
    11.00324837446039,
    10.872364343914114,
    10.843344454554474,
    10.81442126375665,
    10.867649990657009,
    10.872498881761928,
    10.866228819528459,
    10.855428426861671,
    10.82727984360745,
    10.832551909727789,
    10.831468838777576,
    10.83261275659577,
    10.836595658738005,
    10.841345643070143,
    10.841145030147796,
    10.830180970096084,
    10.851421054101468,
    10.858300622548278,
    10.868177649781655,
    10.861734146971408,
    10.856876931071223,
    10.859469718129663,
    10.851321711793679,
    10.847536131736982,
    10.846869056470545,
    10.850529064500453,
    10.847934545715095,
    10.851152198814134,
    10.85028001061452,
    10.855169582591055,
    10.84682754448387,
    10.851523881913336,
    10.845016918075675,
    10.85038333764727,
    10.847097291830543,
    10.83939443706305,
    10.835995078558357,
    10.83156048596897,
    10.828521546085788,
    10.822159730656505,
    10.822829527314207,
    10.821538763238214,
    10.816956345162305,
    10.818973774008764,
    10.812613389333182,
    10.809665849010292,
    10.806220193775616,
    10.804096092648107,
    10.800800169266273,
    10.797695232867081,
    10.79496092794999,
    10.796373045873253,
    10.799857726257141,
    10.792208253549227,
    10.796143830512673,
    10.797498908151274,
    10.800479493482113,
    10.801681476646438,
    10.80305554205369
  ],
  "throuput": [
    5,
    26,
    59,
    104,
    151,
    220,
    284,
    358,
    428,
    512,
    586,
    667,
    748,
    822,
    898,
    978,
    1053,
    1130,
    1212,
    1284,
    1360,
    1444,
    1521,
    1596,
    1671,
    1750,
    1826,
    1898,
    1987,
    2060,
    2136,
    2208,
    2284,
    2363,
    2432,
    2510,
    2595,
    2667,
    2747,
    2826,
    2898,
    2980,
    3051,
    3133,
    3205,
    3289,
    3364,
    3437,
    3515,
    3594,
    3666,
    3743,
    3828,
    3907,
    3986,
    4063,
    4144,
    4221,
    4303
  ],
  "runningtime": [
    1.2963705778121948
  ]
}