{
  "distance": [
    843.6880885440613,
    1176.1732947521866,
    1411.5009646175213,
    1588.1740390652653,
    1847.2855672626029,
    1998.8028689015018,
    2100.6823585855013,
    2198.5098604005857,
    2301.9579517369734,
    2380.139357025374,
    2487.1738917395355,
    2491.4395893955693,
    2556.47566880269,
    2612.8389366113524,
    2627.668314489947,
    2634.1158848236078,
    2694.3711156097743,
    2723.830218672768,
    2739.8570806164284,
    2793.4967050037053,
    2782.685665054359,
    2798.0899966224065,
    2827.256182473082,
    2836.605715586572,
    2840.507215714512,
    2864.9561072318693,
    2883.4115990310306,
    2892.999341030938,
    2886.015857906572,
    2884.8393931370947,
    2904.778509943983,
    2923.4662799849148,
    2912.0290261689443,
    2930.802486051896,
    2946.8996985419235,
    2952.6070028761187,
    2966.490234500921,
    2951.245799110117,
    2957.9876037532267,
    2969.906132314447,
    2993.0624122826275,
    2975.4312218715886,
    2993.161685614256,
    3000.899333290655,
    3001.660804791377,
    2990.525794187838,
    3001.394435743938,
    3008.9887074321305,
    3017.245954125933,
    3010.463985752194,
    3018.659897756048,
    3024.7996707297666,
    3026.3817750677463,
    3032.343714209815,
    3027.754211679701,
    3031.6900822792777,
    3036.0690142112144,
    3034.6793874533782,
    3035.08787455315
  ],
  "speed": [
    11.059169544629993,
    10.942875508525418,
    10.952942707895746,
    10.931187964774866,
    10.965270898281554,
    10.92045502657103,
    10.916833257843106,
    10.893305708219152,
    10.876880459950419,
    10.875882120853188,
    10.881521083232576,
    10.888047311003211,
    10.887853149237726,
    10.875898351440327,
    10.870537220226895,
    10.860960499262168,
    10.869167481867738,
    10.87179172544686,
    10.869385269136226,
    10.856206837262325,
    10.855155148688414,
    10.86645002782958,
    10.864589366566754,
    10.869723621335016,
    10.862299501592585,
    10.876316701068637,
    10.874623391676428,
    10.876585838876533,
    10.878293435583117,
    10.880249146321695,
    10.879806132442308,
    10.887224938464072,
    10.882040000689962,
    10.88764741171805,
    10.885265913250803,
    10.89270275889778,
    10.886243157451512,
    10.884130958869664,
    10.885995868630433,
    10.88844373004616,
    10.887524211798725,
    10.88733191106714,
    10.88943790763233,
    10.88781526713346,
    10.88440490561659,
    10.878304767328956,
    10.878337235536119,
    10.872652149946774,
    10.869602855538757,
    10.863815549415216,
    10.852620101057033,
    10.846014653774056,
    10.843114178975139,
    10.836706587613458,
    10.835366450054375,
    10.827891066387805,
    10.824902957705076,
    10.817282631413883,
    10.814420372673775
  ],
  "throuput": [
    5,
    27,
    60,
    100,
    151,
    218,
    287,
    360,
    435,
    513,
    586,
    672,
    743,
    816,
    894,
    974,
    1054,
    1133,
    1205,
    1284,
    1362,
    1444,
    1520,
    1599,
    1667,
    1756,
    1829,
    1903,
    1984,
    2057,
    2134,
    2218,
    2286,
    2364,
    2440,
    2521,
    2598,
    2677,
    2755,
    2829,
    2903,
    2986,
    3070,
    3140,
    3209,
    3288,
    3363,
    3451,
    3519,
    3597,
    3667,
    3744,
    3831,
    3899,
    3974,
    4061,
    4135,
    4213,
    4293
  ],
  "runningtime": [
    1.6014671961466471
  ]
}