{
  "distance": [
    953.3431662483973,
    1281.73443467007,
    1599.916912197527,
    1833.2084720003159,
    2126.0343510679213,
    2325.797044782277,
    2461.59262720932,
    2589.951215873244,
    2703.8797200779845,
    2842.5875753449836,
    2941.3104590158414,
    3013.74559630671,
    3075.574710826419,
    3126.6987391832217,
    3191.9422201443563,
    3195.4577793924536,
    3257.678065734527,
    3295.5966927350723,
    3322.043422222198,
    3379.664649695228,
    3430.5646400085498,
    3435.209596260643,
    3478.445580511981,
    3478.610415147345,
    3477.047235418812,
    3506.722501660068,
    3523.067192926967,
    3558.334260849175,
    3565.393570513471,
    3580.263756415279,
    3608.722097802675,
    3606.616650275691,
    3596.1390129713914,
    3606.6886315092947,
    3631.7123037964766,
    3638.9456615683443,
    3643.9741285833475,
    3666.845828564639,
    3664.139563980788,
    3670.582026068349,
    3683.556710819586,
    3667.997798427694,
    3688.915036263576,
    3681.4671276132726,
    3704.025504263869,
    3698.3138206703015,
    3713.4579361630067,
    3731.067640564779,
    3725.06061825882,
    3714.676432395307,
    3722.7014546630685,
    3735.8438709016386,
    3742.782960605202,
    3743.1911499735174,
    3746.151679470665,
    3751.7907990455797,
    3765.507068556373,
    3762.5417201527835,
    3754.024099857689
  ],
  "speed": [
    11.40041771681398,
    11.380771520553623,
    11.415947086682552,
    11.468338649446096,
    11.490104220902285,
    11.4587763921017,
    11.405918352764362,
    11.351714293029382,
    11.326803356408165,
    11.277820907119251,
    11.224873851058174,
    11.175694692128316,
    11.12481843847567,
    11.085581095067202,
    11.050051335341317,
    11.020052623534594,
    10.993693200089265,
    10.974185497347888,
    10.96565498485965,
    10.93346427537607,
    10.914185343896222,
    10.898306126565243,
    10.878652949911096,
    10.85541712541718,
    10.841546632880119,
    10.81218322726258,
    10.793603263977257,
    10.773152770314999,
    10.753644154751656,
    10.734426909871054,
    10.704985127291263,
    10.681007481436538,
    10.659782848574318,
    10.63541210905511,
    10.615600294520918,
    10.588933835199818,
    10.561662414436684,
    10.533041398079737,
    10.501121765491659,
    10.469372028903756,
    10.441053845951282,
    10.413421436730113,
    10.383900535879578,
    10.354188505959359,
    10.331255394748846,
    10.301100296513416,
    10.276356676110467,
    10.25338406707088,
    10.228527160145859,
    10.19895403525471,
    10.177923942142689,
    10.14996169940524,
    10.126370390085837,
    10.10163325283498,
    10.075887808555368,
    10.052058231456206,
    10.029258975728881,
    10.004410272360365,
    9.982305252418435
  ],
  "throuput": [
    3,
    19,
    46,
    90,
    139,
    201,
    276,
    341,
    424,
    504,
    595,
    680,
    762,
    857,
    939,
    1031,
    1116,
    1201,
    1300,
    1377,
    1456,
    1552,
    1644,
    1733,
    1826,
    1910,
    2000,
    2092,
    2167,
    2265,
    2345,
    2425,
    2519,
    2608,
    2696,
    2777,
    2860,
    2944,
    3032,
    3115,
    3198,
    3290,
    3372,
    3459,
    3553,
    3638,
    3721,
    3811,
    3912,
    3979,
    4072,
    4159,
    4249,
    4333,
    4427,
    4502,
    4591,
    4676,
    4771
  ],
  "runningtime": [
    1.5693063378334045
  ]
}