{
  "distance": [
    960.2575077662702,
    1283.4907585941269,
    1593.3769466981553,
    1825.075924003665,
    2119.342202752831,
    2318.2559811818096,
    2458.966151211575,
    2597.3531773451227,
    2703.512137055464,
    2842.2510057345826,
    2944.2062346145517,
    3019.8671263787146,
    3085.7156037163973,
    3138.24562282382,
    3202.701846381467,
    3201.4542584452834,
    3268.2399865992097,
    3300.9024699193633,
    3323.2999693006504,
    3383.9770281976625,
    3432.211027152105,
    3436.1272243998656,
    3479.8630039053855,
    3478.111188755429,
    3477.3461812950986,
    3510.951024075677,
    3524.347264329549,
    3560.3275120172593,
    3565.5354867134847,
    3580.3886062052666,
    3612.6628619102203,
    3613.499211917953,
    3600.016881885598,
    3611.926532969384,
    3636.312397729487,
    3643.0224662797887,
    3650.431899429809,
    3672.229881681652,
    3671.065653860384,
    3677.282744293288,
    3689.7284381042973,
    3672.8624705635684,
    3694.4798771607425,
    3686.3653553374593,
    3705.8527773086767,
    3699.4904698802256,
    3712.90211548593,
    3730.5609502057255,
    3724.9594910845553,
    3715.0367662388403,
    3723.395462353417,
    3738.7245026725705,
    3746.087367161643,
    3746.0445580776754,
    3749.235329819458,
    3754.3268157642974,
    3767.5893950611116,
    3764.9687460856553,
    3757.477066187293
  ],
  "speed": [
    11.479871752480024,
    11.396070394080466,
    11.381454293984715,
    11.415966021325884,
    11.42760078307539,
    11.386652615834706,
    11.357274661702144,
    11.350009150904723,
    11.304884389287905,
    11.27047276858269,
    11.242768787467213,
    11.224341332263064,
    11.198759222305402,
    11.173762237024938,
    11.150352137576455,
    11.111900364601214,
    11.10397019171289,
    11.069245134167517,
    11.054621355817149,
    11.028981526140123,
    11.00444042972896,
    10.988666907401212,
    10.971976165407437,
    10.941052320279072,
    10.921845488490451,
    10.900613165018262,
    10.872498335773873,
    10.851097369531223,
    10.824455348668351,
    10.801348561214969,
    10.77589135656852,
    10.75757333661085,
    10.728639747662983,
    10.708401595978515,
    10.686806148975283,
    10.657530414580474,
    10.636304970010645,
    10.60919089192722,
    10.583163400208088,
    10.55368677934364,
    10.525318328087703,
    10.495488319342769,
    10.470312961177548,
    10.443105342027803,
    10.41341901973524,
    10.38199727291044,
    10.35096317402163,
    10.327332360027649,
    10.29984535570003,
    10.27035059854388,
    10.248252787006347,
    10.225572015710775,
    10.201723293222289,
    10.174608017229797,
    10.149516345089225,
    10.124671394480082,
    10.103821192592376,
    10.079492887735231,
    10.05967329205906
  ],
  "throuput": [
    3,
    20,
    45,
    86,
    139,
    196,
    272,
    340,
    425,
    511,
    602,
    688,
    775,
    864,
    960,
    1032,
    1126,
    1214,
    1306,
    1385,
    1471,
    1562,
    1652,
    1726,
    1827,
    1904,
    2006,
    2091,
    2169,
    2254,
    2337,
    2424,
    2516,
    2616,
    2694,
    2782,
    2872,
    2956,
    3046,
    3128,
    3217,
    3299,
    3386,
    3473,
    3560,
    3641,
    3722,
    3814,
    3899,
    3983,
    4075,
    4160,
    4249,
    4341,
    4424,
    4519,
    4610,
    4677,
    4775
  ],
  "runningtime": [
    1.5113312443097433
  ]
}