{
  "distance": [
    956.1319390921993,
    1293.2110047702083,
    1607.7039734987818,
    1846.9664120439572,
    2135.954742448271,
    2334.8702910955876,
    2477.430927066684,
    2611.3749032272713,
    2719.3514281867406,
    2858.041087201748,
    2962.9095864882406,
    3029.192272368199,
    3089.874068505831,
    3141.514024002168,
    3206.647784744398,
    3204.1317547015283,
    3263.8390508282882,
    3299.6176853450424,
    3325.331076992087,
    3381.7231753265173,
    3431.162411257753,
    3432.3011208175076,
    3475.0173406712706,
    3474.09551465421,
    3472.0906557775893,
    3506.574841553449,
    3521.607867851901,
    3558.758318891762,
    3564.1170203972642,
    3577.8561816086485,
    3606.9839600926452,
    3606.3769981276473,
    3592.6253901698333,
    3605.156644576861,
    3629.9083336279336,
    3635.945976680453,
    3639.368616767567,
    3662.733670482593,
    3661.76175459506,
    3668.908006783874,
    3682.141809204819,
    3666.9771676510018,
    3687.7440277382234,
    3680.1107514512146,
    3699.384341854682,
    3693.9347747134057,
    3708.044626161718,
    3725.7745784618487,
    3722.3836292988954,
    3714.445808134276,
    3722.372283834948,
    3737.2832071645375,
    3743.8689885433246,
    3744.3338537331547,
    3747.6383200529917,
    3753.522949568032,
    3766.3355329554574,
    3763.7780385827837,
    3756.5605891234877
  ],
  "speed": [
    11.432158506518068,
    11.496105313771345,
    11.503034512709325,
    11.559089803224309,
    11.53840050572779,
    11.510515648797966,
    11.48481803664841,
    11.462226554940976,
    11.427125375266977,
    11.384727982214432,
    11.370165164457832,
    11.319583730091574,
    11.282207598132644,
    11.255652767701541,
    11.233967694764152,
    11.187445171238341,
    11.153035181236582,
    11.120232567176787,
    11.102427516454396,
    11.059104857114328,
    11.035341325742545,
    11.009106685708169,
    10.984672514970363,
    10.95265434419896,
    10.93202695272976,
    10.9116870353574,
    10.885152060595885,
    10.861870736678188,
    10.83400777895837,
    10.807303100462104,
    10.772499652851337,
    10.74872417721023,
    10.71567174748352,
    10.689918273805379,
    10.663215880796255,
    10.628737711622158,
    10.5952835672709,
    10.563972246027632,
    10.530963049650584,
    10.497787996192264,
    10.468248214422843,
    10.440761270104376,
    10.410244736032459,
    10.378789856004515,
    10.344984719021008,
    10.310408176279225,
    10.27800636820933,
    10.252039628884576,
    10.226947506757794,
    10.19964115324923,
    10.177112147401706,
    10.15347103979356,
    10.12786034389108,
    10.101894788628226,
    10.076661747753494,
    10.054428209860749,
    10.030330355359618,
    10.006871222053475,
    9.987847013201417
  ],
  "throuput": [
    3,
    22,
    47,
    86,
    144,
    203,
    272,
    349,
    428,
    512,
    606,
    692,
    778,
    872,
    965,
    1031,
    1122,
    1205,
    1301,
    1385,
    1467,
    1559,
    1645,
    1734,
    1824,
    1911,
    1994,
    2085,
    2172,
    2253,
    2341,
    2418,
    2512,
    2594,
    2690,
    2775,
    2864,
    2947,
    3026,
    3116,
    3203,
    3293,
    3371,
    3455,
    3543,
    3615,
    3717,
    3797,
    3884,
    3974,
    4066,
    4152,
    4239,
    4330,
    4420,
    4508,
    4596,
    4680,
    4771
  ],
  "runningtime": [
    1.507857573032379
  ]
}