{
  "distance": [
    928.5559426071849,
    1212.7514235201295,
    1493.2087652229266,
    1708.631223816266,
    1794.1417823017152,
    2046.8737625410445,
    2221.946390994905,
    2368.270290841254,
    2497.9573673849204,
    2490.3648858312813,
    2633.9890241310422,
    2751.1011581125044,
    2855.094610184403,
    2936.4832291666107,
    2876.117986260476,
    2958.690139277355,
    3029.9384549804845,
    3092.143431807283,
    3138.7531250076136,
    3183.978520737125,
    3154.5464037289184,
    3190.575407494986,
    3250.818285274006,
    3281.8356659093315,
    3307.666911884831,
    3267.75763053216,
    3317.9500504302223,
    3343.991613879878,
    3373.1820477565693,
    3397.1110492698404,
    3357.224333585677,
    3394.3323357022578,
    3429.225856534401,
    3453.5942457412707,
    3472.054729701866,
    3492.140373880149,
    3455.206463052836,
    3474.218809280221,
    3493.1714825453787,
    3513.424115740981,
    3537.7760671479887,
    3510.384081803199,
    3530.855248220525,
    3540.6632109845154,
    3558.110842851331,
    3573.70205939597,
    3549.058439350084,
    3565.5195085355167,
    3582.7173747747493,
    3600.168395706275,
    3614.553878355767,
    3632.377808104455,
    3593.0760887834635,
    3611.0495620546885,
    3621.5873964423376,
    3632.674876731222,
    3639.2535479886633,
    3612.7108178193894,
    3635.2187065585504
  ],
  "speed": [
    10.921827501320738,
    10.551195049048273,
    10.237295345460364,
    10.143308227000855,
    10.080617345684313,
    9.994964898639735,
    9.892548345690006,
    9.74734397543929,
    9.669203568300354,
    9.580284550299675,
    9.581510160811007,
    9.555837652866732,
    9.532404317832478,
    9.487371292235851,
    9.419223418342725,
    9.388309044733397,
    9.342266598664908,
    9.281524048372017,
    9.242878679213298,
    9.200428082193854,
    9.161938586879385,
    9.12480721028499,
    9.095757764330921,
    9.057878545076381,
    9.005706086599345,
    8.96124902819531,
    8.940560308153556,
    8.911046906269151,
    8.866621034702897,
    8.829376312143177,
    8.799358037841026,
    8.78364254327169,
    8.762925595498086,
    8.733010576277605,
    8.697362702285062,
    8.66870946150997,
    8.630479574011227,
    8.588660684382043,
    8.557660304651915,
    8.532227450293359,
    8.508545825556448,
    8.484038901572527,
    8.456224565716719,
    8.428041550502597,
    8.40399869325583,
    8.376900473273638,
    8.351032617603193,
    8.338265905589381,
    8.317563856450443,
    8.299010401110404,
    8.278565118742197,
    8.256323771561066,
    8.236039414981747,
    8.211906702592453,
    8.18817823153059,
    8.168679333206205,
    8.149134971978336,
    8.12837098202972,
    8.108924813694328
  ],
  "throuput": [
    7,
    28,
    72,
    137,
    226,
    323,
    440,
    575,
    718,
    851,
    1000,
    1172,
    1333,
    1503,
    1654,
    1814,
    1972,
    2128,
    2283,
    2445,
    2601,
    2752,
    2946,
    3121,
    3282,
    3425,
    3601,
    3760,
    3915,
    4085,
    4255,
    4421,
    4561,
    4742,
    4901,
    5073,
    5238,
    5381,
    5533,
    5708,
    5900,
    6058,
    6228,
    6376,
    6549,
    6725,
    6877,
    7062,
    7235,
    7399,
    7571,
    7762,
    7928,
    8070,
    8239,
    8408,
    8582,
    8737,
    8907
  ],
  "runningtime": [
    3.5754634579022726
  ]
}