{
  "distance": [
    935.253090365407,
    1245.560180688435,
    1569.3770336905002,
    1806.1439853198754,
    1889.4395264200543,
    2151.6467622190244,
    2336.860959266131,
    2500.011482196635,
    2636.6559842607608,
    2627.6339275590967,
    2758.288779101117,
    2860.24822574557,
    2952.963374657649,
    3036.6025875947344,
    2974.7603534136924,
    3057.103166823959,
    3123.801640721639,
    3192.580259440976,
    3235.255565411804,
    3278.541142694321,
    3242.1601918934343,
    3277.4066129156636,
    3331.9698136294123,
    3361.692788748695,
    3394.3932844974925,
    3353.8956159456093,
    3397.79765766514,
    3421.1342110448427,
    3452.7513405310774,
    3474.8647844487336,
    3430.1590128130283,
    3461.5108506387055,
    3490.7897608918756,
    3514.184452729963,
    3533.0647286833137,
    3551.994874553556,
    3518.0147750309097,
    3540.586050602179,
    3556.621603118291,
    3571.7872641024337,
    3592.524207144694,
    3561.1168142805727,
    3581.535195399073,
    3590.578628340822,
    3604.4261925406395,
    3619.8030205941172,
    3593.423688966297,
    3606.656149042495,
    3623.5999348293285,
    3639.0426909074863,
    3651.2790985678866,
    3668.092261458025,
    3631.4088877202053,
    3651.1706026756247,
    3660.655773609296,
    3670.125751564389,
    3675.4986470630947,
    3648.082881630601,
    3671.6558373687885
  ],
  "speed": [
    10.994266590193831,
    10.818453731395973,
    10.754513223957906,
    10.751528589515168,
    10.699908655350095,
    10.632710945622653,
    10.590014955218624,
    10.551652280621381,
    10.53605311147905,
    10.493340825174073,
    10.479136727715277,
    10.435292168541537,
    10.396237918625593,
    10.371318164348667,
    10.329540339361978,
    10.307548725796037,
    10.256907397891544,
    10.225988859478981,
    10.198466854355601,
    10.174014385089713,
    10.1404031759435,
    10.112197010726204,
    10.080606369740392,
    10.048523430704089,
    10.020617101204431,
    9.990753735859833,
    9.961322963347312,
    9.929602744903635,
    9.895789066913855,
    9.860903801230984,
    9.825588690627512,
    9.793631700074705,
    9.760791177880945,
    9.728956525859973,
    9.695170965502179,
    9.664714275160913,
    9.636727371837615,
    9.608859924685317,
    9.577442688474141,
    9.546136637790338,
    9.519003752537333,
    9.4885345096912,
    9.460218307582625,
    9.43209037515162,
    9.400055302421375,
    9.371866660573307,
    9.343554711535228,
    9.321897640269501,
    9.29586093860291,
    9.26952683326402,
    9.24105167015117,
    9.21286845360899,
    9.192834677907229,
    9.16769968469719,
    9.137615136578486,
    9.11172793397297,
    9.086757719302373,
    9.060855411000155,
    9.038367853933858
  ],
  "throuput": [
    7,
    27,
    81,
    147,
    250,
    364,
    492,
    654,
    803,
    949,
    1111,
    1277,
    1434,
    1603,
    1763,
    1921,
    2080,
    2247,
    2418,
    2601,
    2745,
    2903,
    3094,
    3250,
    3420,
    3590,
    3753,
    3905,
    4065,
    4241,
    4404,
    4558,
    4720,
    4877,
    5050,
    5224,
    5391,
    5568,
    5724,
    5903,
    6066,
    6229,
    6379,
    6551,
    6717,
    6878,
    7052,
    7204,
    7390,
    7546,
    7729,
    7888,
    8046,
    8216,
    8385,
    8553,
    8721,
    8878,
    9030
  ],
  "runningtime": [
    2.2496692538261414
  ]
}