{
  "distance": [
    937.3158416199257,
    1252.0836241983334,
    1575.7998136129593,
    1815.3091430303866,
    1896.33656312521,
    2159.152512733828,
    2336.2568774962438,
    2495.655426229121,
    2629.0592023800973,
    2622.0326585553976,
    2753.1157845478083,
    2858.206410329391,
    2950.1555020973815,
    3034.9021501858388,
    2976.541063957857,
    3055.39169694557,
    3123.0551583257866,
    3190.9940760805753,
    3232.1136350051693,
    3274.0088248652587,
    3240.537797781026,
    3274.0331070472985,
    3328.152901234316,
    3359.002406832417,
    3389.2657418170784,
    3349.748353312822,
    3393.6655570514877,
    3416.915068864254,
    3449.0449208187806,
    3472.599578047576,
    3429.8011305846812,
    3463.6019939738603,
    3492.596517879539,
    3514.481141728506,
    3533.2820777279567,
    3551.2101736554177,
    3517.963546388531,
    3542.2172738175123,
    3557.3905636918585,
    3572.7901289357255,
    3594.004087906587,
    3562.1597588750724,
    3582.8826966676916,
    3591.8473971658973,
    3605.752173811105,
    3621.0197841156505,
    3594.6537891424377,
    3607.572406170154,
    3623.081672817099,
    3638.0391635342307,
    3651.093078210805,
    3667.11614500759,
    3629.2756451086075,
    3648.5540745538874,
    3659.7276570685453,
    3668.7299940001926,
    3673.041427671321,
    3645.694672118921,
    3668.498916774313
  ],
  "speed": [
    11.018779386636044,
    10.874383924725109,
    10.792112285412188,
    10.802847555968818,
    10.739267940892775,
    10.67972175338441,
    10.608189995647018,
    10.55473669872817,
    10.519893890344756,
    10.482782895700886,
    10.46150318108933,
    10.414809729391273,
    10.366069520422455,
    10.34229148512062,
    10.306277369650632,
    10.273345247198346,
    10.228783355525234,
    10.19657927732081,
    10.164742777307342,
    10.132890545315092,
    10.10663296663451,
    10.08061388297529,
    10.048904453557597,
    10.017940052618703,
    9.98347551127579,
    9.953128219373339,
    9.923027847759114,
    9.89105981600529,
    9.858278903008209,
    9.824879439567443,
    9.79109290337852,
    9.766472583358548,
    9.73506161730647,
    9.703855736725922,
    9.6709115032669,
    9.637707026697948,
    9.611371418640724,
    9.586833842275338,
    9.553341487675349,
    9.52330077646281,
    9.496557604648624,
    9.466190687889858,
    9.44120905461173,
    9.413596981028697,
    9.382550384728667,
    9.356272175033162,
    9.327865265747292,
    9.305396663853697,
    9.276707889620477,
    9.247160307011955,
    9.220391530925584,
    9.189618452643803,
    9.164983767423008,
    9.137343758371346,
    9.111096380602657,
    9.082568176895792,
    9.052925141389881,
    9.025434053019104,
    9.000686302290546
  ],
  "throuput": [
    7,
    26,
    78,
    151,
    253,
    370,
    504,
    655,
    802,
    950,
    1098,
    1261,
    1429,
    1587,
    1758,
    1919,
    2080,
    2241,
    2421,
    2580,
    2752,
    2918,
    3085,
    3250,
    3415,
    3581,
    3747,
    3900,
    4061,
    4231,
    4392,
    4554,
    4731,
    4894,
    5043,
    5232,
    5397,
    5567,
    5731,
    5898,
    6059,
    6232,
    6383,
    6550,
    6716,
    6874,
    7040,
    7205,
    7366,
    7541,
    7711,
    7872,
    8030,
    8204,
    8373,
    8539,
    8702,
    8866,
    9019
  ],
  "runningtime": [
    2.3418750087420146
  ]
}