{
  "distance": [
    967.4390217223773,
    1234.646871958286,
    1419.3011770707321,
    1610.1355450927629,
    1739.6055243648848,
    1880.060427726731,
    2092.106629938449,
    2273.816799828835,
    2336.6497679396803,
    2431.0651668703626,
    2483.5748304268004,
    2610.514493968832,
    2632.569616507641,
    2762.544798822259,
    2862.2235255887463,
    2836.4963228399774,
    2888.664334548625,
    2941.006894826067,
    2997.407029649226,
    3037.206105539309,
    3050.7245190410017,
    3091.7544691756816,
    3134.860913892535,
    3140.493883730743,
    3183.313602456143,
    3194.119913191646,
    3150.6516585933223,
    3188.324812402101,
    3235.608377527663,
    3282.1214627716536,
    3276.642068794614,
    3322.2269479725383,
    3289.0440041298557,
    3286.048346053415,
    3328.942028372983,
    3357.152909591754,
    3371.172300690826,
    3320.4957216664347,
    3372.025883044343,
    3385.527074185519,
    3392.95440469026,
    3412.8992077222933,
    3413.690806977166,
    3410.111847547914,
    3404.9768344089534,
    3431.685239886532,
    3450.1347260722823,
    3432.907841676969,
    3430.5013886590905,
    3449.710507850724,
    3450.9089271852094,
    3467.0494518654655,
    3476.710357372524,
    3488.3782485968622,
    3464.679862856539,
    3470.704199698657,
    3488.7194525014684,
    3500.787803414608,
    3503.8759023422094
  ],
  "speed": [
    8.780864849066061,
    9.062907586367995,
    9.071246461120706,
    8.933820433026618,
    8.892688139715322,
    8.830902506262237,
    8.80480626405621,
    8.765230402341315,
    8.730049829161597,
    8.706098562949279,
    8.680633145347535,
    8.718019673178006,
    8.71998176217992,
    8.720481148542707,
    8.706881717903748,
    8.733225056036476,
    8.739889998803987,
    8.71791488491397,
    8.69421997690425,
    8.699311099136764,
    8.725582687112462,
    8.742335369018372,
    8.752856465989343,
    8.759003935538951,
    8.731733297709892,
    8.727150038615518,
    8.711276292218814,
    8.714805975906438,
    8.720477887204149,
    8.72509043766497,
    8.743602204970676,
    8.735889043302913,
    8.758737540638364,
    8.765445947424578,
    8.748099495391854,
    8.739309425282752,
    8.73986631900846,
    8.74759869205327,
    8.7509624220479,
    8.750277428444605,
    8.748745130014289,
    8.745387314416647,
    8.734722968605931,
    8.7229384279522,
    8.720774509558442,
    8.7297422130186,
    8.72652599331872,
    8.723615058085453,
    8.725119805920997,
    8.726844228440742,
    8.731618306224023,
    8.729291229153787,
    8.731937581075652,
    8.724820459815017,
    8.717734279426065,
    8.721441472537173,
    8.724606053993817,
    8.728232389800306,
    8.727840861622257
  ],
  "throuput": [
    4,
    16,
    37,
    61,
    83,
    122,
    164,
    207,
    254,
    305,
    345,
    401,
    449,
    503,
    554,
    608,
    663,
    723,
    774,
    831,
    892,
    943,
    1001,
    1050,
    1111,
    1165,
    1216,
    1268,
    1322,
    1375,
    1437,
    1486,
    1550,
    1591,
    1643,
    1700,
    1750,
    1800,
    1862,
    1915,
    1975,
    2022,
    2092,
    2141,
    2186,
    2236,
    2301,
    2350,
    2403,
    2466,
    2522,
    2575,
    2620,
    2673,
    2734,
    2784,
    2839,
    2896,
    2952
  ],
  "runningtime": [
    1.3033663948376975
  ]
}