{
  "distance": [
    977.640293123105,
    1245.9352613138424,
    1431.7921394911812,
    1632.6396464103352,
    1768.518686995616,
    1914.1231487314285,
    2125.947128287734,
    2305.6236897920307,
    2370.940182645102,
    2470.4298365719264,
    2522.9856444394673,
    2649.0303913708162,
    2666.6237683782556,
    2803.4901300598704,
    2903.1981217931234,
    2874.8572142200123,
    2921.8024400231848,
    2979.7600174210042,
    3032.7600024659882,
    3068.829514806956,
    3069.048413891496,
    3110.819246039019,
    3144.869684529824,
    3153.4557270820515,
    3201.8166688393135,
    3214.4172383622704,
    3179.9253802442295,
    3211.7729095751547,
    3257.5812443163454,
    3303.460949658869,
    3290.1917129204803,
    3339.893207851708,
    3303.474301835033,
    3298.6941012029633,
    3344.007043457849,
    3372.4910562103128,
    3381.2626400532017,
    3329.4163923272595,
    3379.663988664901,
    3392.8445429727662,
    3404.167549181866,
    3425.7674612165647,
    3428.0576846290896,
    3429.834753400971,
    3423.622598337837,
    3450.6175403852467,
    3468.2177097305157,
    3449.6318628352806,
    3446.5541419557294,
    3467.088749043953,
    3463.526571375228,
    3478.709957696002,
    3488.5279453252256,
    3502.7401224144887,
    3480.1891737103947,
    3485.084876370713,
    3501.638554535274,
    3511.4578980078486,
    3512.130550291489
  ],
  "speed": [
    8.874783447972723,
    9.163880281233352,
    9.17402442318361,
    9.09381611946322,
    9.102045275794076,
    9.080208650170878,
    9.06624436551951,
    9.014909928052047,
    8.972801518695833,
    8.955399369974224,
    8.934998888961537,
    8.974345448978326,
    8.974793604571897,
    8.998640498934522,
    8.99541646932402,
    9.0296396739568,
    9.029446913024337,
    9.036280771320296,
    9.016319801368514,
    9.01293320537851,
    9.004894466428507,
    9.018810327602397,
    8.998252491983648,
    9.00748694489955,
    8.994785820112487,
    8.988356554564167,
    9.004214143510042,
    8.988722761459517,
    8.991841717671534,
    8.996039402518358,
    8.996683725724552,
    9.00374635877542,
    9.026778284026872,
    9.035131731534419,
    9.032638469622732,
    9.031447091294607,
    9.01945949977885,
    9.02727066573504,
    9.031161484245134,
    9.033172033048531,
    9.043265447845547,
    9.045389482449385,
    9.040007989979605,
    9.039865648776942,
    9.036956326645198,
    9.052093834708339,
    9.05661952823327,
    9.058458144247627,
    9.064695415845787,
    9.07253441356288,
    9.069449706096439,
    9.067072477869788,
    9.070518230115923,
    9.072507246543841,
    9.072228580017356,
    9.074889374862542,
    9.075072315825437,
    9.076231083471598,
    9.071791355415078
  ],
  "throuput": [
    5,
    16,
    38,
    64,
    89,
    128,
    171,
    211,
    255,
    310,
    355,
    406,
    462,
    516,
    563,
    622,
    678,
    741,
    788,
    845,
    897,
    950,
    1006,
    1054,
    1113,
    1176,
    1231,
    1273,
    1339,
    1388,
    1447,
    1509,
    1566,
    1614,
    1665,
    1713,
    1759,
    1816,
    1880,
    1930,
    1983,
    2038,
    2099,
    2153,
    2202,
    2267,
    2324,
    2381,
    2429,
    2481,
    2543,
    2587,
    2636,
    2694,
    2752,
    2804,
    2861,
    2920,
    2971
  ],
  "runningtime": [
    0.9929358760515848
  ]
}