{
  "distance": [
    1174.0404720061824,
    1664.423546355715,
    2114.1778611362956,
    2395.902838739692,
    2651.7496463439843,
    2919.337849458023,
    3207.954037018154,
    3435.620204864067,
    3606.9164820961073,
    3721.1056663813383,
    3825.6367680785893,
    3958.664309397791,
    3984.870101460138,
    4020.322555801579,
    4057.542827574381,
    4132.545142023276,
    4129.265846378464,
    4175.06936168922,
    4143.585122486893,
    4144.821488516843,
    4189.175364143198,
    4183.4060331458695,
    4188.463266900046,
    4138.838908902078,
    4182.932483339089,
    4132.388358267817,
    4133.9751022592345,
    4101.294504167859,
    4111.601800052003,
    4136.3513110723525,
    4087.2622823627407,
    4074.779839569629,
    4073.75182159517,
    4053.2394706829637,
    4045.466543573955,
    4048.990551241535,
    3686.3658992754567,
    3745.212994559052,
    3778.9314612237176,
    3826.2865093019077,
    3877.345271211973,
    3926.9655926473833,
    3969.947837626477,
    4003.990372766788,
    4035.592524439514,
    4068.762351168071,
    4124.689714070738,
    4150.3797844723595,
    4169.574129038529,
    4211.714854969823,
    4253.48747513638,
    4254.546691990358,
    4244.2452039934815,
    4263.221047759535,
    4280.506097230451,
    4301.720182793576,
    4287.437773360831,
    4280.662803957067,
    4286.483003588046
  ],
  "speed": [
    9.95779389983815,
    9.761723250094985,
    9.766258148245477,
    9.71966211086111,
    9.699803998701531,
    9.688056473567329,
    9.731095761131009,
    9.785814168646091,
    9.77598250681048,
    9.786498020733722,
    9.787671839854772,
    9.800780974231552,
    9.804794382952378,
    9.805996709062754,
    9.80691981343117,
    9.810350124867352,
    9.817369782541546,
    9.816529858455525,
    9.821667598078628,
    9.814806073366967,
    9.81264420007255,
    9.824857227637667,
    9.83343912142758,
    9.840633657063037,
    9.84194061319061,
    9.841363082323928,
    9.835043241984264,
    9.833855175855467,
    9.836762407255087,
    9.84676927277349,
    9.8552634627926,
    9.849557979491767,
    9.864710978057571,
    9.86408768401183,
    9.863530008982345,
    9.866562415453025,
    9.875461454099167,
    9.867969069059246,
    9.842927870061958,
    9.831282848557748,
    9.818185845640668,
    9.804474253068678,
    9.804202486539552,
    9.797750368873436,
    9.79373790961525,
    9.801476939894405,
    9.806103807403714,
    9.81026696562644,
    9.81496435991976,
    9.81605101471904,
    9.82380363269566,
    9.828359521919399,
    9.829880006103204,
    9.828451637244278,
    9.830167342127083,
    9.826300391161602,
    9.827989504123861,
    9.829345451614586,
    9.834404987862928
  ],
  "throuput": [
    9,
    32,
    68,
    111,
    169,
    243,
    312,
    378,
    464,
    549,
    618,
    701,
    774,
    849,
    928,
    1004,
    1076,
    1136,
    1210,
    1283,
    1363,
    1436,
    1501,
    1558,
    1629,
    1694,
    1753,
    1820,
    1885,
    1958,
    2026,
    2077,
    2136,
    2211,
    2257,
    2311,
    2374,
    2440,
    2502,
    2550,
    2621,
    2682,
    2740,
    2807,
    2873,
    2953,
    3023,
    3099,
    3170,
    3251,
    3337,
    3405,
    3469,
    3548,
    3626,
    3704,
    3775,
    3844,
    3931
  ],
  "runningtime": [
    2.008372441927592
  ]
}