{
  "distance": [
    1213.0300960813734,
    1724.8392669320838,
    2194.889561995029,
    2468.927688105499,
    2731.3759396932014,
    3003.802012192984,
    3296.2089650389858,
    3514.0104930799425,
    3690.666422252929,
    3803.4271135624645,
    3902.9672863100664,
    4033.5026706233757,
    4066.480496737386,
    4100.026669822893,
    4132.32825668578,
    4202.216161815777,
    4189.496831571395,
    4231.94328980618,
    4194.120769872553,
    4188.512440034078,
    4232.168559211506,
    4220.306575541273,
    4220.097247433436,
    4159.911320733918,
    4204.968064352872,
    4151.24329819817,
    4151.312545738973,
    4113.092432226512,
    4122.3341659471125,
    4148.528218795202,
    4101.201021786941,
    4089.021974588602,
    4083.695271096492,
    4061.0071536470864,
    4051.740693887738,
    4057.4028340382515,
    3694.595730474664,
    3752.9893489811125,
    3792.7096722247134,
    3842.895372852764,
    3898.711457802781,
    3951.6946286734715,
    3998.3292178785136,
    4033.1018799288076,
    4063.029001965614,
    4090.4546516817313,
    4141.795760816849,
    4167.115316182303,
    4186.95523056868,
    4231.427609617409,
    4272.30691663233,
    4269.983158511714,
    4257.095721747426,
    4275.963411376309,
    4293.450457916128,
    4316.7047155178125,
    4301.406258104969,
    4292.249789043416,
    4295.9628106760565
  ],
  "speed": [
    10.296549382445395,
    10.13387875227563,
    10.153169232090491,
    10.060581873558816,
    10.05734706410433,
    10.049328563029194,
    10.090350249535653,
    10.111000331259973,
    10.126169522484478,
    10.13409454531128,
    10.131020932136181,
    10.149808698670117,
    10.18010806637005,
    10.19012802886517,
    10.201185037309507,
    10.211248754008656,
    10.210252751920539,
    10.220303085974505,
    10.2294433330517,
    10.222055818227346,
    10.22762592407589,
    10.233313789773524,
    10.24006594925948,
    10.231801051292862,
    10.244359422656014,
    10.243097844598735,
    10.236267476249928,
    10.228473092658248,
    10.23354156039503,
    10.246195323764304,
    10.255244548306889,
    10.245427183021837,
    10.252228425576842,
    10.24424446700556,
    10.23547582154025,
    10.24231032419773,
    10.244751789596332,
    10.22874869772772,
    10.212627435509244,
    10.199639839359977,
    10.19249034302077,
    10.181700611533968,
    10.187265880146578,
    10.181084009599521,
    10.173262539506037,
    10.168601886635447,
    10.162762397775715,
    10.166009749031442,
    10.169527609712265,
    10.171707405670817,
    10.17662259061388,
    10.173687767723816,
    10.171425175989027,
    10.170323751280472,
    10.171175941974253,
    10.17141559710673,
    10.171855483298815,
    10.171011898070272,
    10.173646396126218
  ],
  "throuput": [
    9,
    36,
    69,
    126,
    182,
    256,
    319,
    389,
    487,
    561,
    639,
    716,
    800,
    882,
    964,
    1036,
    1101,
    1176,
    1239,
    1311,
    1384,
    1459,
    1528,
    1579,
    1647,
    1711,
    1772,
    1848,
    1903,
    1969,
    2031,
    2089,
    2152,
    2210,
    2267,
    2318,
    2378,
    2452,
    2509,
    2559,
    2630,
    2694,
    2758,
    2826,
    2902,
    2975,
    3041,
    3116,
    3185,
    3260,
    3351,
    3423,
    3490,
    3560,
    3636,
    3720,
    3798,
    3872,
    3940
  ],
  "runningtime": [
    2.0263724525769553
  ]
}