{
  "distance": [
    948.6710558772146,
    1300.3098823857254,
    1579.8366143606925,
    1852.5096860219821,
    2100.655730013485,
    2321.2613597604795,
    2512.4616845051446,
    2686.536111559944,
    2831.515401388753,
    2975.8338894803637,
    2762.1245405672466,
    2946.7178937885087,
    3111.107257710213,
    3252.889908815697,
    3382.2803503204236,
    3505.134922539009,
    3598.8478663938126,
    3696.4261993092073,
    3780.4296996282924,
    3856.3654445253014,
    3933.1038206177914,
    3719.3682268497005,
    3817.7015602674114,
    3903.3315836645083,
    3981.651380313128,
    4052.611910818049,
    4107.872618875207,
    4171.035969431548,
    4223.490281030059,
    4265.91170839751,
    4314.3036306586555,
    4349.141120965545,
    4184.050463412091,
    4243.13867923416,
    4297.829250882507,
    4336.682788803963,
    4390.674427901956,
    4437.698591417123,
    4473.589452585731,
    4501.063427710578,
    4545.5360731337905,
    4565.509348131463,
    4604.999776995891,
    4451.246559632863,
    4493.294398297309,
    4529.957590346949,
    4571.787359006743,
    4610.199097994692,
    4633.439771060609,
    4663.8700989587405,
    4684.397080411879,
    4708.410277822943,
    4730.41987203399,
    4753.530987344675,
    4613.238928234787,
    4650.635757745622,
    4681.203530984296,
    4704.004922302595,
    4732.375272080947
  ],
  "speed": [
    9.410342114504894,
    9.166584866934878,
    9.011849993475753,
    8.90870548027759,
    8.831589965516281,
    8.739228405559436,
    8.66502112918633,
    8.574603076601324,
    8.488645186420335,
    8.41124068375423,
    8.365851344711658,
    8.291698536842723,
    8.217699177885816,
    8.13535842447458,
    8.06178289754045,
    7.981911357276737,
    7.905841983841089,
    7.842652545870604,
    7.778697576319444,
    7.711569717657294,
    7.65168877676634,
    7.610161596132469,
    7.553156847362696,
    7.495802493974343,
    7.432478520411104,
    7.374526510386731,
    7.312331965043977,
    7.2553495930878,
    7.200663614612069,
    7.146982909350133,
    7.092737408255019,
    7.038104019430407,
    6.995017340403668,
    6.948234817473308,
    6.898493625604593,
    6.848619604263001,
    6.800757216925761,
    6.753501950334902,
    6.705897290165938,
    6.658720099195084,
    6.61217296118887,
    6.56693840983025,
    6.522357868458991,
    6.484934060346076,
    6.448707409705988,
    6.4124102446975035,
    6.370168877185584,
    6.327200847743526,
    6.283741420984537,
    6.241966889977721,
    6.201376782031801,
    6.158884380840992,
    6.118504252146088,
    6.078571313285976,
    6.045447558174372,
    6.012736760029416,
    5.976889930260677,
    5.939503536469363,
    5.901916111518328
  ],
  "throuput": [
    25,
    104,
    212,
    378,
    608,
    891,
    1256,
    1658,
    2071,
    2500,
    3002,
    3507,
    4052,
    4631,
    5196,
    5766,
    6362,
    6970,
    7539,
    8191,
    8819,
    9421,
    10082,
    10728,
    11384,
    12044,
    12677,
    13295,
    13914,
    14586,
    15239,
    15847,
    16487,
    17121,
    17795,
    18449,
    19078,
    19739,
    20416,
    21063,
    21769,
    22427,
    23084,
    23749,
    24380,
    25043,
    25721,
    26395,
    27041,
    27705,
    28376,
    29075,
    29710,
    30370,
    31032,
    31690,
    32360,
    32998,
    33637
  ],
  "runningtime": [
    82.75782368580501
  ]
}