{
  "distance": [
    961.158579778079,
    1318.2088285167852,
    1610.8975600424822,
    1889.5403510939523,
    2143.3280708147413,
    2372.888831462602,
    2574.471018523336,
    2759.7320638269084,
    2914.0186952154027,
    3065.3687955773457,
    2844.393100656325,
    3034.0295417184893,
    3195.9630132225343,
    3341.118821746343,
    3475.1117024673936,
    3603.811692470891,
    3700.4340076205463,
    3796.0911368663014,
    3878.139727315492,
    3953.8745033928935,
    4028.5423663631186,
    3804.322806062345,
    3903.0916805984784,
    3987.452338149125,
    4066.709568148908,
    4138.457157387256,
    4196.300183872039,
    4259.113667923962,
    4308.966050600201,
    4349.582801305868,
    4397.077142650728,
    4431.055442052588,
    4261.214732370483,
    4320.226283287402,
    4375.249687420095,
    4412.752864109228,
    4466.504071826271,
    4512.3939623556735,
    4546.905148481934,
    4573.914347037964,
    4618.123061003918,
    4638.23188843699,
    4677.744957089719,
    4521.417441601573,
    4563.429708204949,
    4600.296027458716,
    4641.962158996732,
    4680.239376954922,
    4704.788678341963,
    4734.596999900912,
    4753.97175694599,
    4778.500249705117,
    4799.753175658301,
    4821.343079295511,
    4677.435774142017,
    4715.009472336128,
    4745.294385302855,
    4768.747980354403,
    4797.327072926729
  ],
  "speed": [
    9.533947268914913,
    9.295495869870859,
    9.192546702589766,
    9.092420473148474,
    9.021215330973506,
    8.950886518656732,
    8.902377307723487,
    8.83470076046995,
    8.770031237242486,
    8.70932265323859,
    8.672515054301329,
    8.606240753973463,
    8.521770158210167,
    8.444804862805595,
    8.381219973157386,
    8.31552801527021,
    8.248470920695835,
    8.18358888997612,
    8.119729670289965,
    8.05720071975288,
    7.9957511839600865,
    7.949723012317154,
    7.8942265431442165,
    7.833464782033154,
    7.770518023717165,
    7.7131066163529525,
    7.654150466066938,
    7.5956613326165385,
    7.535707533448257,
    7.478146788035863,
    7.420831092880572,
    7.364404869300758,
    7.319088842166444,
    7.271582110015456,
    7.221599393950156,
    7.168252549004329,
    7.118272912512956,
    7.067853676286306,
    7.016807307660676,
    6.967775280548982,
    6.91904243388174,
    6.872287732106553,
    6.825986876693992,
    6.787414600597394,
    6.7491837231766025,
    6.711816535487628,
    6.667887447706951,
    6.623081179779233,
    6.580459232767536,
    6.536833932585821,
    6.493995958230565,
    6.450943931074342,
    6.408461257453998,
    6.365581208899508,
    6.329557657761633,
    6.29529279506666,
    6.25768920479744,
    6.219754509989961,
    6.181228295000828
  ],
  "throuput": [
    23,
    105,
    215,
    385,
    625,
    932,
    1286,
    1712,
    2142,
    2618,
    3145,
    3675,
    4240,
    4825,
    5420,
    6046,
    6657,
    7296,
    7921,
    8551,
    9196,
    9834,
    10460,
    11097,
    11755,
    12404,
    13051,
    13690,
    14315,
    14948,
    15630,
    16253,
    16948,
    17614,
    18273,
    18904,
    19555,
    20218,
    20876,
    21534,
    22203,
    22866,
    23570,
    24222,
    24891,
    25584,
    26252,
    26938,
    27607,
    28287,
    28969,
    29618,
    30292,
    30945,
    31598,
    32289,
    32952,
    33631,
    34291
  ],
  "runningtime": [
    85.22292581796646
  ]
}