{
  "distance": [
    965.6423939015264,
    1308.8958818770768,
    1615.1850810265648,
    1862.5256256474352,
    2080.8304912993412,
    2134.008620837126,
    2346.264925136342,
    2571.146636957799,
    2729.040532813899,
    2853.1047909213066,
    2968.692653674284,
    2924.295474964853,
    3039.9243913225,
    3156.1425829556506,
    3225.79382269248,
    3331.0157617720038,
    3398.694427521079,
    3331.5779394220217,
    3401.6073476549673,
    3470.4880945058026,
    3516.0135574350575,
    3576.4838100143056,
    3611.925943861996,
    3550.632021055361,
    3603.138718298857,
    3656.073351557311,
    3696.9934001062516,
    3717.312802641854,
    3769.186326163547,
    3800.039305912455,
    3728.924339222269,
    3767.016864708732,
    3802.8766008988423,
    3817.6547965734485,
    3848.904807241838,
    3869.8424824151066,
    3822.680000314073,
    3844.8451034986715,
    3863.9568790457542,
    3891.032109071253,
    3905.5263935048274,
    3920.5964201681945,
    3882.552662062143,
    3905.192695177653,
    3917.2949332016287,
    3943.7312065663023,
    3954.354861285049,
    3981.994973556094,
    3933.3443307867187,
    3955.1206948909735,
    3975.512040519064,
    3995.0489797527953,
    4002.8037450739557,
    4023.1218906624204,
    3966.3024691488367,
    3999.214092477869,
    4006.523978657411,
    4013.9068887252233,
    4041.6296899803883
  ],
  "speed": [
    10.402317378300198,
    10.377859478235637,
    10.391801607612756,
    10.333549298660305,
    10.29850401018532,
    10.281239126289114,
    10.218421635563622,
    10.180062407422376,
    10.151839055027727,
    10.100788755166779,
    10.048705219220752,
    10.056162204614463,
    10.007409443665567,
    9.976803305851865,
    9.959800242557407,
    9.940476987701347,
    9.918833948110041,
    9.91083620483158,
    9.88911974495475,
    9.866067673825436,
    9.839587289364125,
    9.816198739027072,
    9.80040773828106,
    9.788983103255712,
    9.776559632624714,
    9.76650219006775,
    9.754136627288574,
    9.73227643310669,
    9.710355839714438,
    9.698429587747324,
    9.68189394444243,
    9.658722956915458,
    9.636206037828307,
    9.614992222385846,
    9.602347197519691,
    9.587448424324542,
    9.572695780795977,
    9.551308569393921,
    9.528533949775847,
    9.507034208824766,
    9.48216199385058,
    9.46398572786103,
    9.455985905951339,
    9.43659811020676,
    9.419139726857336,
    9.406524249412028,
    9.39182689450129,
    9.37722881095558,
    9.362329775461502,
    9.345869913040104,
    9.339899729606099,
    9.326041476774376,
    9.313733988309817,
    9.297674090785959,
    9.280343325112568,
    9.274140273970776,
    9.261802409292752,
    9.245479581358069,
    9.22820223259805
  ],
  "throuput": [
    12,
    27,
    59,
    112,
    184,
    264,
    347,
    449,
    574,
    703,
    816,
    958,
    1078,
    1191,
    1331,
    1468,
    1596,
    1734,
    1863,
    1993,
    2111,
    2245,
    2378,
    2537,
    2677,
    2810,
    2948,
    3070,
    3208,
    3351,
    3488,
    3613,
    3757,
    3868,
    4016,
    4148,
    4286,
    4418,
    4541,
    4669,
    4807,
    4926,
    5063,
    5205,
    5355,
    5469,
    5610,
    5756,
    5891,
    6023,
    6166,
    6298,
    6437,
    6577,
    6701,
    6821,
    6966,
    7102,
    7231
  ],
  "runningtime": [
    1.8271301865577698
  ]
}