{
  "distance": [
    979.8215172372923,
    1327.2542173379832,
    1644.0394929906327,
    1916.712460064302,
    2143.0356885882156,
    2203.92797520148,
    2424.491392329581,
    2646.120639797108,
    2806.082377730548,
    2930.967500343429,
    3054.5561726711135,
    2996.5646514677996,
    3114.3973139977484,
    3227.3687465589337,
    3290.343788969324,
    3391.195126217187,
    3453.7515840602737,
    3380.271574511196,
    3447.973830913226,
    3515.083348903574,
    3562.0741200147777,
    3620.3413834287576,
    3648.233838096506,
    3580.095234107486,
    3632.060571948039,
    3683.1823841561027,
    3725.814266596055,
    3748.114732780865,
    3800.512514040788,
    3830.574575878894,
    3757.4136765242533,
    3798.233373445766,
    3837.944367603237,
    3852.392885247298,
    3880.0204827401267,
    3897.1423026465245,
    3848.199448062999,
    3870.198248096861,
    3891.953800396579,
    3921.1868906169548,
    3938.071796122033,
    3954.3134431375634,
    3909.912537907241,
    3932.1771911746737,
    3944.25889826268,
    3967.8190145049552,
    3976.317316308456,
    4000.8160555744785,
    3950.843235482609,
    3972.619177856163,
    3988.15492593821,
    4009.131392486844,
    4014.1425498764506,
    4034.6017269236754,
    3978.214848543922,
    4010.203442316212,
    4017.281206811259,
    4027.4628965038696,
    4056.4238835283795
  ],
  "speed": [
    10.569552271063488,
    10.532412973988924,
    10.592308896452476,
    10.66598710100866,
    10.651019821387676,
    10.675063288857936,
    10.639988088378079,
    10.597018149711158,
    10.589944105914318,
    10.550904090638351,
    10.542372562713082,
    10.523195037723228,
    10.493329775999877,
    10.46233677602483,
    10.437041161639378,
    10.414324325686282,
    10.389706314829203,
    10.378351320604098,
    10.35478535596907,
    10.329892475511636,
    10.319079517963003,
    10.305391529227885,
    10.288808051544027,
    10.269268583301686,
    10.254818407761558,
    10.241425053523352,
    10.232105271840995,
    10.216726424718672,
    10.202611294524152,
    10.191134683629574,
    10.170957073687658,
    10.150872155330752,
    10.13945956460766,
    10.119307244191834,
    10.09726721084734,
    10.073874612782477,
    10.05503504452387,
    10.03475564216933,
    10.018054001337337,
    10.000906159257845,
    9.982126819658754,
    9.968739118828175,
    9.951304994451363,
    9.93182581318865,
    9.914788615602353,
    9.89541183749423,
    9.879639203593998,
    9.860749581248447,
    9.845258850270401,
    9.829680991311498,
    9.809265271706938,
    9.794992731707376,
    9.774690425143048,
    9.753877625769638,
    9.734514051843677,
    9.72302723027791,
    9.706418273605932,
    9.69212271746817,
    9.674529937309755
  ],
  "throuput": [
    11,
    27,
    61,
    120,
    192,
    270,
    375,
    488,
    605,
    739,
    854,
    992,
    1121,
    1239,
    1383,
    1520,
    1646,
    1777,
    1912,
    2047,
    2178,
    2320,
    2463,
    2585,
    2720,
    2858,
    2981,
    3126,
    3256,
    3401,
    3521,
    3648,
    3803,
    3930,
    4053,
    4199,
    4338,
    4465,
    4597,
    4725,
    4856,
    5000,
    5136,
    5270,
    5408,
    5534,
    5682,
    5817,
    5949,
    6069,
    6195,
    6340,
    6475,
    6607,
    6740,
    6862,
    6993,
    7138,
    7270
  ],
  "runningtime": [
    2.143134427070618
  ]
}