{
  "distance": [
    984.3323819469844,
    1340.5084365374707,
    1647.846980012608,
    1921.5087957962462,
    2143.457636824989,
    2199.493228084035,
    2418.7878381712776,
    2642.2519007547166,
    2799.6842485227603,
    2925.8856633689907,
    3046.8261712486187,
    2989.864926285121,
    3114.928524780415,
    3231.3852139640303,
    3295.374091135843,
    3394.4739082163433,
    3456.4257389932027,
    3379.987618954849,
    3449.32981286487,
    3517.181174529168,
    3563.5940152188314,
    3621.8474934259925,
    3648.556400114306,
    3580.016440120043,
    3634.2059518807096,
    3686.061159200115,
    3727.6563026094886,
    3752.8786845756567,
    3803.552519311969,
    3832.8599862772094,
    3763.9677207379386,
    3804.117187983343,
    3842.84083979214,
    3857.6093430762858,
    3885.7804105021823,
    3902.5722583434035,
    3853.0246582891173,
    3877.628222022778,
    3898.7012612947115,
    3926.602126084602,
    3942.143140814864,
    3953.8193826738348,
    3911.4276287526195,
    3934.9042589736914,
    3946.775780445519,
    3970.079002076665,
    3978.194896583311,
    4003.5703851352555,
    3952.81191643616,
    3974.9599959839343,
    3991.1418864979664,
    4011.9550635853793,
    4020.1506983941435,
    4040.974335802319,
    3983.147051543519,
    4014.544181878643,
    4020.456149596414,
    4029.2746090388864,
    4058.6145348113064
  ],
  "speed": [
    10.61378836584505,
    10.640320339038823,
    10.629948073164991,
    10.696388293551761,
    10.666312863489624,
    10.651522802187666,
    10.602960229988906,
    10.556641905342328,
    10.538869576696053,
    10.504290974305361,
    10.491532841375367,
    10.471475678354048,
    10.456419355340547,
    10.435008250203856,
    10.417844260773407,
    10.391454061708366,
    10.366722804908752,
    10.353296122201808,
    10.33821948586778,
    10.317651906983045,
    10.311049093144028,
    10.29910723902898,
    10.27678567384006,
    10.25454916703933,
    10.245225415589093,
    10.2309117918598,
    10.218903870991086,
    10.210613989307404,
    10.192513599336381,
    10.18022656415762,
    10.16832135916004,
    10.150431081372806,
    10.136789879990568,
    10.118228479053801,
    10.09959273273251,
    10.079781523949135,
    10.062690514769068,
    10.049294791792661,
    10.033829707705245,
    10.017523976786574,
    9.997347318404147,
    9.975222884675585,
    9.962258691971048,
    9.946931745721503,
    9.930714788891752,
    9.912006750030523,
    9.896098515373577,
    9.879274922859992,
    9.861807857875117,
    9.84790901639434,
    9.83025309644343,
    9.816452482988273,
    9.80371557322744,
    9.787096533812855,
    9.766684592930376,
    9.756939481049363,
    9.741019403401623,
    9.726755928294207,
    9.711290980234407
  ],
  "throuput": [
    11,
    29,
    62,
    123,
    192,
    266,
    372,
    481,
    602,
    738,
    850,
    978,
    1107,
    1241,
    1376,
    1517,
    1654,
    1784,
    1914,
    2050,
    2190,
    2323,
    2458,
    2588,
    2716,
    2855,
    2984,
    3124,
    3266,
    3391,
    3522,
    3659,
    3806,
    3931,
    4064,
    4208,
    4344,
    4479,
    4608,
    4738,
    4875,
    5000,
    5138,
    5276,
    5415,
    5549,
    5686,
    5825,
    5949,
    6087,
    6208,
    6339,
    6488,
    6632,
    6756,
    6886,
    7024,
    7147,
    7292
  ],
  "runningtime": [
    2.218576955795288
  ]
}