{
  "distance": [
    985.7616282739979,
    1336.736927565226,
    1648.7937262748926,
    1918.6216793596748,
    2143.742437501017,
    2202.572276306523,
    2422.5633151776365,
    2648.885559187076,
    2812.6494594838164,
    2947.0083166378868,
    3063.66214243583,
    3008.4868592074004,
    3127.6274967779564,
    3242.2516846948324,
    3300.289017045504,
    3401.5687833514885,
    3464.5623834605167,
    3385.975518749417,
    3456.402753356966,
    3527.344290816545,
    3571.044610281391,
    3625.29343734587,
    3651.7528967067224,
    3583.6341011147824,
    3636.4347827378174,
    3685.6597576362383,
    3727.562402306562,
    3747.6721048215727,
    3799.0256238299603,
    3826.074512700725,
    3756.443077305297,
    3796.3992589888476,
    3834.9340211429244,
    3849.7910163905135,
    3878.674068353264,
    3896.7192070432134,
    3848.6470496797187,
    3871.880397746388,
    3890.8613957058456,
    3917.822709600267,
    3934.5987897973346,
    3948.012409976077,
    3903.7119553727102,
    3926.132467127443,
    3937.9755989678683,
    3962.7231325769153,
    3970.6300330776317,
    3997.8193513758056,
    3947.7049781040037,
    3970.2193947135643,
    3987.005124428027,
    4007.1955032257592,
    4014.6830625685307,
    4037.4283721542624,
    3979.9461050160485,
    4010.6852462379097,
    4016.3831366127984,
    4024.8993885097434,
    4054.620184295779
  ],
  "speed": [
    10.631804991679553,
    10.610837518224754,
    10.633816291175327,
    10.69271107221055,
    10.666757721019087,
    10.669887480993392,
    10.637892754106964,
    10.60892036915887,
    10.613054482835091,
    10.606029296150437,
    10.5790105829751,
    10.5712376754113,
    10.540744680908423,
    10.5165708936949,
    10.485118163496875,
    10.465341981907045,
    10.441675027255743,
    10.418431925210275,
    10.401075536227301,
    10.391026966061986,
    10.375957677194851,
    10.355678288484311,
    10.337040212366702,
    10.314721184229509,
    10.302972371750974,
    10.280909734094658,
    10.267656462847995,
    10.243611144953306,
    10.225661894912147,
    10.204919187415753,
    10.189920732676015,
    10.169667343553947,
    10.15455227974346,
    10.1314220235171,
    10.113487056485145,
    10.090711713014464,
    10.07421719437215,
    10.052860789889515,
    10.029084755997854,
    10.006913286683028,
    9.986549325038766,
    9.966082268065374,
    9.947060337284201,
    9.92520341928222,
    9.903738634083775,
    9.886121343237315,
    9.867039794733792,
    9.851386417921763,
    9.83187699355413,
    9.81499167282431,
    9.796176808220615,
    9.780042817273216,
    9.764498382051768,
    9.74958553718114,
    9.730733278344417,
    9.71962334410554,
    9.70188269243599,
    9.685947989477558,
    9.670627503621596
  ],
  "throuput": [
    11,
    29,
    64,
    122,
    186,
    276,
    378,
    480,
    598,
    750,
    855,
    991,
    1109,
    1245,
    1390,
    1528,
    1644,
    1782,
    1915,
    2053,
    2190,
    2340,
    2467,
    2595,
    2722,
    2860,
    2983,
    3134,
    3264,
    3401,
    3520,
    3662,
    3789,
    3923,
    4056,
    4186,
    4331,
    4456,
    4594,
    4726,
    4854,
    4996,
    5131,
    5258,
    5392,
    5535,
    5676,
    5797,
    5937,
    6058,
    6194,
    6332,
    6474,
    6612,
    6757,
    6875,
    7009,
    7142,
    7287
  ],
  "runningtime": [
    2.4933835585912068
  ]
}