{
  "distance": [
    976.6292256017874,
    1217.2490100773166,
    1560.4960259144798,
    1797.6118984729746,
    2040.6597216577372,
    2157.874170533614,
    2446.1000560388593,
    2584.791000427528,
    2834.7167534004216,
    3021.3793233426168,
    3178.0646178674106,
    3179.13374022539,
    3347.0680666375147,
    3473.4153807494795,
    3616.9146378245123,
    3685.8916421004924,
    3795.1608842858996,
    3798.221058246613,
    3872.402350576181,
    3957.453976500631,
    4042.521376494425,
    4098.551629199427,
    4172.759313959934,
    4109.821761602565,
    4195.629941248871,
    4229.29332023307,
    4309.267374060814,
    4341.366182971813,
    4381.933811810456,
    4319.812632600115,
    4394.8579767578085,
    4422.558766967969,
    4460.731526215031,
    4511.498902379821,
    4535.819773369932,
    4575.841324466097,
    4525.166057055354,
    4569.300577185362,
    4596.739626322057,
    4628.643577031813,
    4652.37840088947,
    4673.4682289258635,
    4633.048908792236,
    4669.429685058437,
    4685.689619795372,
    4701.719481255694,
    4740.859520074359,
    4766.7000320054285,
    4713.734025495274,
    4739.279543372045,
    4767.783841360262,
    4775.043648971832,
    4802.375701846254,
    4815.537254700004,
    4783.69933851942,
    4805.34957442477,
    4814.60768548582,
    4826.388966974682,
    4854.373882042341
  ],
  "speed": [
    9.915246818126171,
    9.82708654950539,
    9.812061732924253,
    9.770783579473708,
    9.743802468873572,
    9.734871608602262,
    9.756144765017588,
    9.741955385960681,
    9.706255268794028,
    9.668850208645736,
    9.66323024256401,
    9.647693047792092,
    9.636481122544112,
    9.621464994567223,
    9.60433306402344,
    9.592160389246034,
    9.57228828605408,
    9.558114462496839,
    9.547323125306656,
    9.53183726258039,
    9.508544746215847,
    9.492683281251544,
    9.471096104618516,
    9.451543750569094,
    9.439376265932006,
    9.420427977529174,
    9.405692539450916,
    9.391110102438228,
    9.376772769979947,
    9.354933361791701,
    9.344143243771589,
    9.334304371824672,
    9.324797899050449,
    9.309373008437374,
    9.293540559901134,
    9.273458550297649,
    9.265845735444913,
    9.254370635573997,
    9.23943611042924,
    9.224524843719918,
    9.212519851694424,
    9.198596663800897,
    9.190211631301109,
    9.1791794016624,
    9.166629539316489,
    9.153492055167003,
    9.139178209099846,
    9.127866451699388,
    9.114900260268959,
    9.103947437256643,
    9.08869155150173,
    9.0754019226045,
    9.062691444636387,
    9.04896190398815,
    9.036180809421879,
    9.023340719770184,
    9.011304863380593,
    8.997677836855125,
    8.982850130273295
  ],
  "throuput": [
    16,
    37,
    80,
    146,
    224,
    348,
    494,
    657,
    846,
    1048,
    1235,
    1480,
    1705,
    1943,
    2191,
    2443,
    2721,
    2949,
    3213,
    3479,
    3762,
    4014,
    4320,
    4569,
    4832,
    5096,
    5369,
    5637,
    5892,
    6171,
    6440,
    6719,
    6979,
    7245,
    7507,
    7771,
    8057,
    8309,
    8591,
    8859,
    9125,
    9398,
    9669,
    9937,
    10198,
    10455,
    10733,
    11007,
    11290,
    11556,
    11803,
    12079,
    12360,
    12622,
    12894,
    13170,
    13450,
    13693,
    13966
  ],
  "runningtime": [
    5.492325039704641
  ]
}