{
  "distance": [
    985.539193667346,
    1226.5831706004499,
    1579.9174329023656,
    1815.809311340314,
    2062.713643850908,
    2178.088821443658,
    2467.8770358941088,
    2609.1334306722633,
    2865.23353967073,
    3054.352355908769,
    3208.0668362630017,
    3205.44914838786,
    3371.057326294261,
    3498.4319911513717,
    3642.8515054832415,
    3707.143009899105,
    3817.8092867537193,
    3816.5831201649958,
    3889.3970281115294,
    3973.6262504567826,
    4059.2530435045583,
    4115.5794257042,
    4190.9787073391,
    4128.981191973457,
    4215.856248249522,
    4252.321604831705,
    4332.335715680589,
    4365.579852745313,
    4402.9730186474535,
    4340.210432742451,
    4416.988169165411,
    4443.451051662209,
    4478.826758222457,
    4529.753900565238,
    4553.014513814738,
    4595.47512474836,
    4543.076237409414,
    4587.343481948616,
    4614.615730101845,
    4646.879746532355,
    4669.054929527871,
    4689.056752557276,
    4646.846810839817,
    4684.534553661405,
    4700.99571148941,
    4716.490567651143,
    4755.764044260015,
    4779.87648283968,
    4727.551354942013,
    4753.702887849283,
    4783.568369055473,
    4791.188023159799,
    4818.433308930217,
    4832.599253833524,
    4801.2152237522905,
    4824.197846504063,
    4834.011201651737,
    4845.493131663967,
    4875.042344430507
  ],
  "speed": [
    10.004664262226035,
    9.902782365618052,
    9.933543386318442,
    9.878086590600901,
    9.870874455783058,
    9.862565876812608,
    9.884010460795697,
    9.88020633135957,
    9.860196066024828,
    9.822572660656073,
    9.805279064772165,
    9.78637622538425,
    9.770570242636769,
    9.762553620916158,
    9.752592584533845,
    9.731647457258829,
    9.716392937225674,
    9.697200189203652,
    9.68905536840164,
    9.678832055852466,
    9.65787407617827,
    9.642123956751353,
    9.622478620969321,
    9.607106468465503,
    9.598687800663438,
    9.586339842093427,
    9.572150935816842,
    9.561545553993263,
    9.546154596969608,
    9.52940435492351,
    9.524428572246698,
    9.514295880923086,
    9.501357480002861,
    9.49006005250924,
    9.474760372237245,
    9.463085595452412,
    9.455448715041351,
    9.44576094270942,
    9.43465151411955,
    9.422798948988557,
    9.408636190686781,
    9.394776933793988,
    9.385026168173763,
    9.377174141567934,
    9.366260369524113,
    9.354023411135204,
    9.342411653325401,
    9.329883461064199,
    9.31925692091871,
    9.310729008395615,
    9.299477104657537,
    9.288853724276379,
    9.27665932492575,
    9.264901987899469,
    9.255106167087924,
    9.246586455225847,
    9.236982745744402,
    9.224846542442478,
    9.21609980923367
  ],
  "throuput": [
    17,
    35,
    80,
    150,
    245,
    364,
    502,
    681,
    854,
    1059,
    1267,
    1500,
    1739,
    1988,
    2224,
    2474,
    2759,
    3002,
    3279,
    3538,
    3787,
    4063,
    4346,
    4617,
    4864,
    5139,
    5415,
    5691,
    5978,
    6243,
    6505,
    6780,
    7052,
    7318,
    7582,
    7849,
    8116,
    8386,
    8674,
    8915,
    9191,
    9467,
    9742,
    10004,
    10275,
    10559,
    10830,
    11100,
    11363,
    11644,
    11911,
    12172,
    12425,
    12705,
    12987,
    13258,
    13526,
    13800,
    14096
  ],
  "runningtime": [
    6.733613010247549
  ]
}