{
  "distance": [
    1175.5867588666517,
    1575.7820062463322,
    1890.962914107918,
    2128.6826969562735,
    2378.2271855820545,
    2672.828038489081,
    2772.1567692055614,
    2878.3220201490567,
    3028.0928917280557,
    3116.4098576950214,
    3170.872770941103,
    3233.9119398231874,
    3325.0257732595373,
    3352.2438602650695,
    3432.342205635949,
    3457.969825657549,
    3430.8221662216783,
    3564.381726229305,
    3525.4968341920808,
    3512.24173373063,
    3531.5102785366907,
    3562.679384755145,
    3586.1412163090954,
    3575.106683563796,
    3602.705064460864,
    3471.954155534476,
    3545.011356746546,
    3556.8335697511375,
    3583.1097998324854,
    3606.971094252075,
    3622.1195355453283,
    3647.3393429090406,
    3699.424490649324,
    3709.459458560588,
    3735.062497750518,
    3768.3230995171166,
    3803.7248029351126,
    3807.314654474343,
    3804.7269705895214,
    3792.175942881124,
    3811.206702861782,
    3821.454485164025,
    3831.367578394438,
    3829.338444365131,
    3834.794109058728,
    3834.503740246511,
    3862.5028870819574,
    3852.9800706411625,
    3855.919846945058,
    3851.914157583991,
    3844.924360532476,
    3855.445561836571,
    3760.0669027343156,
    3791.9094500394103,
    3835.479270304258,
    3847.4944463777647,
    3847.3357562371557,
    3847.5137814709615,
    3875.6993818958745
  ],
  "speed": [
    10.163229709485902,
    10.104210754936302,
    10.115591084960391,
    10.221814540439151,
    10.265303816287476,
    10.275478037648366,
    10.257706048086813,
    10.24799474841347,
    10.23504765074814,
    10.230447634524248,
    10.257923829005497,
    10.288446607139528,
    10.258921108084138,
    10.26234324365069,
    10.272636022402233,
    10.273642926062532,
    10.283899320556936,
    10.286196028483037,
    10.285518008708502,
    10.269437383482312,
    10.264582911336127,
    10.270453594019195,
    10.2587932178713,
    10.26912028045715,
    10.270071851414416,
    10.26164130021422,
    10.27515671802272,
    10.269640467667104,
    10.261698421073817,
    10.261241819327704,
    10.258429482717185,
    10.251260649258802,
    10.24750895955541,
    10.249474728343424,
    10.25317955329638,
    10.252519890311964,
    10.254326662720475,
    10.262469355601484,
    10.260933413109617,
    10.243266623411259,
    10.236670609011997,
    10.232053734219257,
    10.231760228578981,
    10.231849939899258,
    10.229788422552314,
    10.23354291077928,
    10.234318908740931,
    10.234025717399856,
    10.238469274892399,
    10.239734360704162,
    10.233457423877963,
    10.232763729577004,
    10.224906830653307,
    10.231440660644468,
    10.224530790065469,
    10.227562044221925,
    10.225549118269642,
    10.228961516562565,
    10.229937067866237
  ],
  "throuput": [
    10,
    26,
    60,
    100,
    140,
    191,
    243,
    307,
    355,
    428,
    484,
    543,
    601,
    670,
    741,
    797,
    861,
    917,
    973,
    1034,
    1088,
    1155,
    1214,
    1285,
    1335,
    1389,
    1462,
    1514,
    1565,
    1630,
    1680,
    1741,
    1791,
    1846,
    1918,
    1977,
    2042,
    2108,
    2171,
    2227,
    2282,
    2356,
    2418,
    2474,
    2539,
    2603,
    2670,
    2723,
    2783,
    2845,
    2895,
    2956,
    3010,
    3065,
    3129,
    3188,
    3249,
    3312,
    3360
  ],
  "runningtime": [
    1.7249804377555846
  ]
}