{
  "distance": [
    1187.9275275162142,
    1599.3394694092115,
    1916.294197498207,
    2140.0953226711476,
    2384.1246904223317,
    2678.0525492674387,
    2791.3349992714807,
    2895.8254836517717,
    3041.826031329654,
    3132.8762311694168,
    3184.8162333314963,
    3242.337242290536,
    3338.730872372521,
    3363.0446624678207,
    3440.7359349166127,
    3462.3245467195693,
    3434.424561056173,
    3567.8356098984505,
    3525.127514162187,
    3517.063441882634,
    3539.4461579315926,
    3568.849065074702,
    3600.4563447882824,
    3584.391098703788,
    3608.2373990377905,
    3477.2966700657357,
    3554.577747073697,
    3564.4450850013172,
    3592.486250597437,
    3615.7733306675023,
    3633.004063413972,
    3659.000634964341,
    3714.423850004032,
    3720.8939331584884,
    3749.2899880516497,
    3782.9739909988693,
    3817.238852503515,
    3820.0195933172995,
    3818.061727823333,
    3804.403763673501,
    3819.581353965993,
    3832.658784455231,
    3842.651934294865,
    3839.3838635299935,
    3840.5695069767316,
    3839.1803643465832,
    3865.4305249244785,
    3856.2655848750474,
    3859.183130249519,
    3855.488093701472,
    3850.4030624821285,
    3859.754126844753,
    3766.692234474582,
    3796.6356797991616,
    3842.1426617838547,
    3851.7174968590125,
    3851.8685528810897,
    3851.8222703887254,
    3878.7869106367407
  ],
  "speed": [
    10.274359831993916,
    10.263341601188413,
    10.266157456570365,
    10.290890953493584,
    10.304999672519058,
    10.31016622776695,
    10.336005357192809,
    10.323007345705083,
    10.319392826787231,
    10.335354670103875,
    10.34823120254091,
    10.361886116767321,
    10.345569559020042,
    10.343542560407,
    10.34232613575179,
    10.341060389936382,
    10.355689019684286,
    10.365916142281476,
    10.355879414670483,
    10.357731566453596,
    10.358430298916478,
    10.357578050817827,
    10.367711990228127,
    10.366793984171675,
    10.362909351075418,
    10.357450774288864,
    10.383095844513848,
    10.370636766451177,
    10.372255531927896,
    10.371775592984795,
    10.372557272114332,
    10.367702213921437,
    10.375707252495188,
    10.371646721002369,
    10.380747994187947,
    10.38317807349243,
    10.385168286880898,
    10.39678038240849,
    10.404187756543838,
    10.38820741577841,
    10.374546217441402,
    10.377418821355862,
    10.379747138651705,
    10.38095437731873,
    10.371550344693,
    10.374869849405403,
    10.369066370959782,
    10.373314941036009,
    10.380536014865672,
    10.38005470081374,
    10.37745537193375,
    10.374528090083038,
    10.37114915494758,
    10.375363613724844,
    10.376081413049205,
    10.372792042180931,
    10.372318383037712,
    10.373894356249009,
    10.369471264207707
  ],
  "throuput": [
    11,
    29,
    63,
    102,
    140,
    192,
    239,
    315,
    366,
    424,
    488,
    544,
    604,
    672,
    746,
    807,
    869,
    921,
    978,
    1036,
    1086,
    1152,
    1218,
    1290,
    1336,
    1403,
    1463,
    1520,
    1576,
    1631,
    1683,
    1749,
    1800,
    1853,
    1915,
    1987,
    2051,
    2123,
    2184,
    2243,
    2294,
    2357,
    2424,
    2486,
    2554,
    2606,
    2669,
    2738,
    2784,
    2845,
    2900,
    2959,
    3013,
    3082,
    3139,
    3197,
    3255,
    3310,
    3366
  ],
  "runningtime": [
    1.7135184248288473
  ]
}