{
  "distance": [
    1195.454751934906,
    1615.5054072281075,
    1936.9562475278165,
    2161.625437143913,
    2400.355780976296,
    2691.7377755984558,
    2801.633916730415,
    2901.580609719021,
    3053.725436997464,
    3149.0940940086675,
    3198.8999235124425,
    3256.925644699345,
    3346.11373990769,
    3369.399568914344,
    3454.8026898934245,
    3476.6079922347926,
    3446.9548648257655,
    3581.8987811238185,
    3536.958698403089,
    3527.2490237078996,
    3549.7562012227177,
    3580.0096010981433,
    3606.470845672868,
    3593.3123953364075,
    3620.1335759367653,
    3491.0718779118465,
    3562.0976553206074,
    3571.2832402994445,
    3594.462362798487,
    3616.915976379238,
    3633.535985329766,
    3660.6294368080735,
    3715.261588390632,
    3723.8493782171004,
    3749.6539723250166,
    3781.393362473392,
    3814.2806155041258,
    3816.2724232207315,
    3812.9219429116706,
    3803.8212819325695,
    3818.469063654218,
    3826.1668973499445,
    3838.487824112733,
    3834.2214483260946,
    3840.2190808674786,
    3840.429531798401,
    3865.9737701001172,
    3859.171003527284,
    3860.456776688773,
    3858.0208230347152,
    3852.1748618594906,
    3862.4092695595614,
    3767.9092208058405,
    3798.385351600308,
    3842.5630922500623,
    3851.9143886860415,
    3852.855044534011,
    3851.5297189336125,
    3878.792835636261
  ],
  "speed": [
    10.336570257308074,
    10.353551161599793,
    10.368786681637422,
    10.40338973257765,
    10.398437148199559,
    10.39464969334328,
    10.417176864738774,
    10.392697527595338,
    10.389401310213069,
    10.41222863796763,
    10.420478982782258,
    10.439705140325017,
    10.420728986780349,
    10.422039563225532,
    10.43914069720289,
    10.437645537170852,
    10.453667346757403,
    10.467696111419478,
    10.451244393536935,
    10.45137028064811,
    10.45953017518537,
    10.459488903851708,
    10.460831862987888,
    10.463790274645934,
    10.46788867006564,
    10.475808881953864,
    10.486160148645416,
    10.47319313496317,
    10.465585291204295,
    10.461550789630204,
    10.455828912608393,
    10.4494591540153,
    10.450971461426022,
    10.452442886020771,
    10.458620829739527,
    10.453189641769116,
    10.44604902421484,
    10.454946048569068,
    10.454081609715784,
    10.447331719439433,
    10.436489681643046,
    10.428993644594218,
    10.434098897148253,
    10.42724197300582,
    10.424880532603222,
    10.428117285719823,
    10.420377395758296,
    10.423920163231434,
    10.42776047918529,
    10.431239841739814,
    10.425591175081212,
    10.425211011558424,
    10.42186636729677,
    10.429168382843663,
    10.427197458539435,
    10.42151217563394,
    10.42167357332856,
    10.420131712237763,
    10.41711682552314
  ],
  "throuput": [
    9,
    28,
    63,
    106,
    140,
    193,
    245,
    314,
    360,
    425,
    489,
    550,
    614,
    674,
    743,
    811,
    870,
    928,
    978,
    1044,
    1091,
    1159,
    1221,
    1287,
    1343,
    1415,
    1463,
    1530,
    1582,
    1630,
    1682,
    1737,
    1801,
    1863,
    1917,
    1981,
    2048,
    2123,
    2181,
    2239,
    2304,
    2366,
    2420,
    2483,
    2546,
    2611,
    2664,
    2734,
    2788,
    2850,
    2898,
    2965,
    3020,
    3083,
    3143,
    3193,
    3257,
    3315,
    3370
  ],
  "runningtime": [
    1.7569567918777467
  ]
}