{
  "distance": [
    1210.102008761998,
    1624.5362902101301,
    1945.0320146162992,
    2171.5738999835235,
    2406.0409254061897,
    2707.602564341305,
    2813.3125379101525,
    2912.159341022191,
    3065.4745038901497,
    3149.1995665000786,
    3204.1435122316575,
    3251.2941272171624,
    3348.2758631712327,
    3366.828983572074,
    3449.1652070166983,
    3470.707406782289,
    3442.592172780349,
    3572.852686698214,
    3533.913631845437,
    3523.0141397885864,
    3542.828105776559,
    3576.782472871244,
    3607.1397182605783,
    3590.69008122926,
    3616.5110951970223,
    3484.2818244615296,
    3554.7851527360413,
    3572.9798944269687,
    3598.4443400069595,
    3623.3097301788125,
    3636.277465695006,
    3661.486542006029,
    3714.0930853478117,
    3722.7211041148043,
    3749.015823620171,
    3780.5246805584115,
    3814.4683873452973,
    3814.1848181324913,
    3813.8028716877125,
    3803.4997426673344,
    3820.6391451721784,
    3831.15906028756,
    3844.117837562468,
    3840.7370708583726,
    3846.0432557315194,
    3847.332768951352,
    3876.00646198854,
    3867.529905000061,
    3868.3008003030086,
    3862.140377469109,
    3856.6479607009587,
    3867.0703686453708,
    3772.83277089954,
    3801.9569533140143,
    3846.343513284153,
    3855.5935756363915,
    3855.92524071539,
    3856.2153879182856,
    3881.8800445314205
  ],
  "speed": [
    10.476006594161005,
    10.4372770897368,
    10.438153285398645,
    10.46732565621079,
    10.446833012056175,
    10.465039998405604,
    10.468539874984256,
    10.439923054892873,
    10.43103974376789,
    10.419500991099836,
    10.442485037595858,
    10.428409371479397,
    10.431802748914354,
    10.419605649466003,
    10.42796129003496,
    10.416544589661148,
    10.436593847482449,
    10.437726464601429,
    10.443850347301385,
    10.447117631158397,
    10.444057545070384,
    10.457988586446703,
    10.465359096432651,
    10.45690887288176,
    10.459595870733907,
    10.459181433347757,
    10.465324322232552,
    10.474160866617721,
    10.467127285627837,
    10.470023146113036,
    10.45661695999233,
    10.445414940430448,
    10.444684289546858,
    10.445767768366903,
    10.45202138888049,
    10.448859426576423,
    10.447466193183185,
    10.44503295089209,
    10.449877422008266,
    10.442475431518176,
    10.432566956611574,
    10.428383294086002,
    10.434382084923687,
    10.43344769387452,
    10.435727718771616,
    10.448824921939341,
    10.452710417132321,
    10.455979259237585,
    10.464228503241763,
    10.462545259763516,
    10.463312201266461,
    10.465199843348953,
    10.46331069046877,
    10.46841890025669,
    10.46674572002208,
    10.463254946497132,
    10.462980020689956,
    10.469307445642375,
    10.46567776695466
  ],
  "throuput": [
    8,
    30,
    62,
    106,
    143,
    193,
    244,
    311,
    363,
    428,
    492,
    553,
    616,
    682,
    732,
    811,
    874,
    927,
    982,
    1046,
    1095,
    1152,
    1225,
    1279,
    1354,
    1403,
    1460,
    1515,
    1578,
    1631,
    1683,
    1743,
    1798,
    1854,
    1930,
    1985,
    2054,
    2115,
    2183,
    2238,
    2290,
    2359,
    2424,
    2485,
    2560,
    2616,
    2673,
    2739,
    2806,
    2854,
    2908,
    2964,
    3032,
    3087,
    3148,
    3196,
    3263,
    3321,
    3380
  ],
  "runningtime": [
    1.8372111360232035
  ]
}