{
  "distance": [
    1056.0434043778455,
    1428.7119548789276,
    1641.668445942652,
    1873.5495788669114,
    2124.0829452756775,
    2347.6206608313432,
    2559.7301702503532,
    2731.4854110392635,
    2894.733785426743,
    2792.62861047513,
    2984.4878469715286,
    3126.461014673123,
    3277.4020729339422,
    3463.473774606712,
    3580.8141012592623,
    3682.8944139391324,
    3777.190774222075,
    3851.7349337664923,
    3966.4598595248995,
    3816.850966753017,
    3895.7462008933694,
    3999.7587245379755,
    4058.706662997884,
    4156.543489441411,
    4214.929508315361,
    4259.817447392211,
    4338.056500288608,
    4366.377203192146,
    4411.4609125425995,
    4269.707311247798,
    4326.369221429749,
    4413.113102318245,
    4444.779280133997,
    4461.8923959376525,
    4549.104249538703,
    4585.657601261175,
    4597.006045430677,
    4646.590514556466,
    4672.258989590852,
    4535.636272700091,
    4583.398417656638,
    4620.165207168783,
    4654.720218877491,
    4692.30677533132,
    4716.506385503787,
    4736.4235870880175,
    4762.257405501535,
    4797.764650495951,
    4833.946007292642,
    4705.568807778851,
    4725.640495033032,
    4769.517527360292,
    4795.0101894878335,
    4813.9678112303245,
    4852.571932941731,
    4862.214725683499,
    4869.552795061578,
    4898.635802369288,
    4916.019100762644
  ],
  "speed": [
    9.133772413965234,
    9.00982806695922,
    8.962827014406209,
    8.91608181676597,
    8.913339338348141,
    8.932412176383462,
    8.926159750906697,
    8.9161704769165,
    8.922117089756902,
    8.93543531462573,
    8.92832418106359,
    8.922729333351759,
    8.936111261653073,
    8.92862914831971,
    8.927937879008306,
    8.936305552413932,
    8.944722863322397,
    8.955913601039109,
    8.954864146061926,
    8.964825145680331,
    8.974816498386513,
    8.9737314246087,
    8.97053265576325,
    8.958859339059346,
    8.96160749686506,
    8.957744399000953,
    8.961887549531648,
    8.958816273363812,
    8.956799984748086,
    8.960200287861728,
    8.959493678534484,
    8.963872359128734,
    8.965645260312698,
    8.963503488234824,
    8.96263302243768,
    8.964346563204828,
    8.963508076412808,
    8.96093094809346,
    8.9619380032523,
    8.963681053387646,
    8.960909566814385,
    8.958023052367801,
    8.956585799187664,
    8.950129560954732,
    8.948711964389593,
    8.949345756574088,
    8.951405507529515,
    8.947372640678314,
    8.94801981950141,
    8.949374360799105,
    8.944935133505,
    8.946345622487483,
    8.945301029018696,
    8.942614372280255,
    8.937852501240846,
    8.93622567449472,
    8.936542555181791,
    8.935920625273528,
    8.934467430969697
  ],
  "throuput": [
    13,
    50,
    101,
    152,
    244,
    348,
    460,
    593,
    731,
    870,
    1039,
    1205,
    1406,
    1587,
    1765,
    1961,
    2155,
    2368,
    2568,
    2776,
    2972,
    3157,
    3400,
    3579,
    3790,
    3995,
    4229,
    4433,
    4623,
    4838,
    5045,
    5254,
    5471,
    5661,
    5874,
    6085,
    6283,
    6499,
    6711,
    6924,
    7132,
    7320,
    7533,
    7756,
    7959,
    8151,
    8378,
    8587,
    8800,
    9004,
    9197,
    9415,
    9620,
    9797,
    10038,
    10257,
    10472,
    10675,
    10880
  ],
  "runningtime": [
    5.173654456933339
  ]
}