{
  "distance": [
    1067.0866736321796,
    1441.6822957146521,
    1662.5766767030448,
    1894.7265316519058,
    2146.282623204771,
    2373.309118690362,
    2585.886103662221,
    2754.835788456987,
    2915.1862669472125,
    2805.9453843275414,
    2998.4308465769127,
    3142.215176323022,
    3288.179617168026,
    3482.387999620406,
    3600.523075814519,
    3703.1981725300325,
    3797.1977030458374,
    3868.028724946197,
    3986.5695386327625,
    3835.480142436147,
    3908.22829545494,
    4009.7530853581875,
    4070.1860482781544,
    4172.530988502288,
    4229.042271455752,
    4275.551312083668,
    4354.683169275183,
    4384.864145993622,
    4432.260112421008,
    4288.916774636789,
    4344.746112521919,
    4427.15715460541,
    4457.323979036501,
    4473.853658461484,
    4559.384567460201,
    4595.208806590414,
    4603.829113277092,
    4654.251827220198,
    4680.607712024317,
    4543.959929501882,
    4592.206653577132,
    4629.90984873927,
    4664.524521890696,
    4704.034456660579,
    4727.707314013456,
    4746.44302788261,
    4771.1148133511615,
    4806.336902652857,
    4842.5592940186225,
    4713.842164317576,
    4735.245387312524,
    4776.807067842984,
    4800.88972054382,
    4819.187797320393,
    4859.557730452117,
    4869.771722221074,
    4876.03505921557,
    4904.428930916009,
    4920.741540070018
  ],
  "speed": [
    9.244410686523032,
    9.1116384607288,
    9.08930780352533,
    9.032036727151933,
    9.028333795755499,
    9.052118125937145,
    9.040508706887296,
    9.016400832753913,
    9.016721292480982,
    9.015529844555989,
    9.011761091372225,
    9.010758229100665,
    9.004826401926348,
    9.009289011741293,
    9.008763176449644,
    9.01608842174888,
    9.02594099742752,
    9.02996310635514,
    9.036555990544214,
    9.047480783772562,
    9.047665901767063,
    9.04420416546147,
    9.04727585717329,
    9.04534066621777,
    9.04561213752688,
    9.044899957995302,
    9.052015472223987,
    9.049058246641314,
    9.051709634977136,
    9.054512106513167,
    9.054258008086103,
    9.05067959391366,
    9.048119002715636,
    9.043533725532265,
    9.039668339165155,
    9.041254163174862,
    9.038001075892003,
    9.038440710346103,
    9.041476047700487,
    9.04396894602193,
    9.043204724117961,
    9.041700061473751,
    9.04188791440392,
    9.03966878274656,
    9.037746135167172,
    9.038266112995954,
    9.038089870408333,
    9.03323853563507,
    9.033804507089192,
    9.034351683201619,
    9.03300155838364,
    9.030776979985221,
    9.027500135500226,
    9.024080894677482,
    9.022638542850775,
    9.022299170339222,
    9.020618146660059,
    9.018706933243983,
    9.015038062056163
  ],
  "throuput": [
    18,
    54,
    102,
    160,
    254,
    345,
    473,
    595,
    754,
    885,
    1054,
    1216,
    1396,
    1587,
    1776,
    1957,
    2176,
    2374,
    2573,
    2790,
    2994,
    3193,
    3414,
    3601,
    3809,
    4026,
    4230,
    4428,
    4643,
    4867,
    5074,
    5263,
    5478,
    5678,
    5887,
    6118,
    6319,
    6522,
    6734,
    6947,
    7139,
    7354,
    7559,
    7785,
    7994,
    8188,
    8386,
    8617,
    8805,
    9027,
    9227,
    9441,
    9636,
    9831,
    10052,
    10278,
    10492,
    10698,
    10884
  ],
  "runningtime": [
    7.057175242900849
  ]
}