{
  "distance": [
    1070.160163345927,
    1441.1272752938032,
    1657.9541418610634,
    1888.6282540972168,
    2140.4583424639864,
    2366.6757374961717,
    2577.460465491702,
    2745.608052040274,
    2905.727021307725,
    2805.0622750303146,
    2996.0140953798286,
    3141.2681607235263,
    3288.5447007190173,
    3479.266356353918,
    3594.2853742043035,
    3695.23371126896,
    3790.945371716327,
    3863.812627557201,
    3980.9769016036353,
    3831.8054653826193,
    3908.227882420792,
    4010.3425542530813,
    4070.6466087113827,
    4173.952063376737,
    4230.92576765982,
    4282.091433927625,
    4356.81379117475,
    4385.258994627816,
    4429.772088525483,
    4286.34152269218,
    4342.927284301436,
    4426.9806641710375,
    4458.129011824877,
    4478.130044005644,
    4564.034554920174,
    4599.905287386729,
    4608.999456321069,
    4658.451769416007,
    4682.3775516813475,
    4547.726704161367,
    4595.889896299547,
    4632.3964596085325,
    4666.616215905502,
    4705.109164191919,
    4729.131882253007,
    4748.698710532627,
    4771.063249855021,
    4807.602477128508,
    4842.035209662964,
    4713.864233605405,
    4735.124915953432,
    4777.23867436707,
    4800.680783356899,
    4818.411019398554,
    4858.043055540249,
    4866.734787255943,
    4873.369013367227,
    4901.4389652967275,
    4919.26340886221
  ],
  "speed": [
    9.271940465559148,
    9.106808126243127,
    9.065542825817007,
    9.006184413927391,
    9.00821570216028,
    9.030836391447647,
    9.015321103905563,
    8.99403656977588,
    8.991148622380788,
    9.019422478509096,
    9.015974127554262,
    9.01741117282398,
    9.016456373335224,
    9.009424545583034,
    9.000156213400327,
    9.004890625119373,
    9.019109564066865,
    9.024665643836776,
    9.028418078710805,
    9.042456345507311,
    9.049404344391615,
    9.04667692594571,
    9.045924847943063,
    9.043737293167158,
    9.042011358749843,
    9.052867821258246,
    9.053581638810632,
    9.052337369437947,
    9.053015503060282,
    9.057457593765365,
    9.05973256318655,
    9.060886228365835,
    9.061003206204342,
    9.063391595140073,
    9.061014183480133,
    9.063570401597628,
    9.061940720382395,
    9.061929099770111,
    9.060119428178261,
    9.0667599307754,
    9.066014886424178,
    9.062872202574512,
    9.06093080658937,
    9.056805796027778,
    9.055715355834163,
    9.0577527223893,
    9.054693300049378,
    9.0533165135523,
    9.051831678246385,
    9.054010291610082,
    9.051836142259477,
    9.050515551600105,
    9.0463569188559,
    9.042097496048118,
    9.040255500815128,
    9.038042648182204,
    9.03637205951655,
    9.032051374174877,
    9.029328407992553
  ],
  "throuput": [
    17,
    55,
    102,
    162,
    251,
    351,
    476,
    596,
    750,
    897,
    1059,
    1216,
    1395,
    1580,
    1771,
    1971,
    2171,
    2363,
    2579,
    2796,
    2993,
    3184,
    3400,
    3591,
    3806,
    4027,
    4258,
    4452,
    4669,
    4863,
    5079,
    5274,
    5477,
    5676,
    5899,
    6128,
    6322,
    6536,
    6732,
    6946,
    7154,
    7346,
    7560,
    7786,
    7992,
    8199,
    8411,
    8622,
    8827,
    9027,
    9222,
    9452,
    9650,
    9839,
    10055,
    10285,
    10483,
    10677,
    10869
  ],
  "runningtime": [
    7.3072975993156435
  ]
}