{
  "distance": [
    903.4998488944516,
    1226.4163200971652,
    1540.1618966005606,
    1799.3849878095587,
    2018.4319005035338,
    2224.284647178889,
    2402.7914430738388,
    2571.808297649903,
    2741.857084778692,
    2861.65799239552,
    2991.736759747545,
    2762.6625575192556,
    2915.76757902258,
    3058.6254126612953,
    3180.281702186443,
    3305.3925684855653,
    3402.1601073333936,
    3500.4184029848007,
    3599.237154685124,
    3652.4209415824,
    3744.9728769877033,
    3794.093447961717,
    3866.9875169400216,
    3934.0422094900932,
    3747.873262527937,
    3818.821641034654,
    3896.2293196100622,
    3959.86520848043,
    4023.1196399264336,
    4085.440931843141,
    4131.912472665491,
    4179.742590591087,
    4239.310609237078,
    4273.597198308638,
    4318.93595585949,
    4350.291342635542,
    4184.341154612238,
    4245.286706468863,
    4297.043818259247,
    4339.063337307434,
    4369.162148764125,
    4415.9134820190075,
    4454.942329623377,
    4491.665776848313,
    4514.632578335655,
    4545.676519456792,
    4581.9747766728915,
    4596.036380108855,
    4623.904453282341,
    4491.502752801039,
    4530.127834479377,
    4555.190782283179,
    4583.916989003068,
    4614.56871241601,
    4641.052334098525,
    4661.836052480536,
    4683.590356868791,
    4694.649029841068,
    4726.824379176639
  ],
  "speed": [
    8.85686390269881,
    8.713675903461983,
    8.62717076532689,
    8.547933606979184,
    8.477014135034826,
    8.360967445921775,
    8.296580133122225,
    8.225187468998548,
    8.174946519118514,
    8.125467569005105,
    8.08166415598024,
    8.05319603640815,
    8.008664498038266,
    7.939433911090587,
    7.884076215828767,
    7.834011188207035,
    7.7834663871192715,
    7.743332596413342,
    7.707192891347113,
    7.674909599433552,
    7.641555724899113,
    7.611302658008941,
    7.582742055455231,
    7.557243839693356,
    7.543017701151655,
    7.506567148494991,
    7.47508036412792,
    7.446884433698869,
    7.4236399225727006,
    7.394889048801655,
    7.375796041850304,
    7.352051633961413,
    7.337490325979826,
    7.315600735146985,
    7.299148211372435,
    7.282381847548025,
    7.265246854820436,
    7.258380188331681,
    7.239509900931436,
    7.21627014718639,
    7.196435858810181,
    7.176416605770206,
    7.15549567500103,
    7.140170646539591,
    7.124808425314935,
    7.10882237650697,
    7.090693624035488,
    7.074535083624262,
    7.057408482362474,
    7.048453314315319,
    7.032998309893331,
    7.013260261781701,
    6.995025794725502,
    6.9789378587124515,
    6.960804338730554,
    6.943677304644579,
    6.925966620550907,
    6.909178312471336,
    6.8925852531221
  ],
  "throuput": [
    14,
    56,
    129,
    231,
    415,
    614,
    832,
    1102,
    1386,
    1702,
    2063,
    2435,
    2792,
    3224,
    3613,
    4001,
    4410,
    4809,
    5248,
    5672,
    6122,
    6564,
    6948,
    7394,
    7845,
    8277,
    8743,
    9196,
    9642,
    10100,
    10530,
    11033,
    11501,
    11986,
    12495,
    12993,
    13436,
    13919,
    14368,
    14820,
    15257,
    15764,
    16232,
    16715,
    17179,
    17669,
    18185,
    18705,
    19171,
    19669,
    20129,
    20581,
    21085,
    21533,
    21954,
    22465,
    22934,
    23425,
    23916
  ],
  "runningtime": [
    39.75308470328649
  ]
}