{
  "distance": [
    947.067081970422,
    1293.7060007807183,
    1635.5456060416943,
    1925.8254840520826,
    2170.391616530181,
    2415.1718983662654,
    2612.435120333617,
    2798.7004823396064,
    2975.7284239902874,
    3094.4604998358436,
    3229.451862406873,
    2975.291792965849,
    3139.566395648906,
    3299.608613770242,
    3432.913705404946,
    3569.061623095192,
    3670.760552275064,
    3774.60280536755,
    3874.410602407571,
    3925.522964769221,
    4020.050092985924,
    4065.966589498859,
    4137.636944742703,
    4200.735969671408,
    3991.967773769225,
    4062.948908918969,
    4139.080618055573,
    4200.718988375592,
    4259.050349595075,
    4319.414309618342,
    4358.188001020306,
    4403.857075083241,
    4457.117209141639,
    4486.433023506914,
    4522.884260029627,
    4547.898648047214,
    4369.409532698477,
    4423.816841274261,
    4473.989757536449,
    4515.09282968298,
    4542.302667742056,
    4586.120830584046,
    4624.719324837404,
    4657.097850957065,
    4675.605004339831,
    4701.9359378520985,
    4735.111887955075,
    4746.623479245455,
    4771.68466999347,
    4630.229343111462,
    4668.681075316123,
    4694.511121496147,
    4723.439206157074,
    4753.162549099667,
    4779.525497591531,
    4798.717997258263,
    4817.801840377472,
    4826.340069015929,
    4855.876267585603
  ],
  "speed": [
    9.285247365387198,
    9.199249164310073,
    9.176860995620466,
    9.185945386379037,
    9.183371984453712,
    9.176255086960564,
    9.159335736637514,
    9.13640248304651,
    9.106937214945509,
    9.070010285479128,
    9.055779119145393,
    9.047861219840057,
    9.037009135388232,
    9.015072169859302,
    8.989864355299561,
    8.968564900945887,
    8.938527349975008,
    8.922350411461142,
    8.900316497512495,
    8.883790683806476,
    8.865598270833926,
    8.84533467207136,
    8.829095548674449,
    8.81194293551574,
    8.796527795973336,
    8.765722724904933,
    8.736997852828512,
    8.712699784518719,
    8.688904518968561,
    8.663456514599769,
    8.63954840781508,
    8.619480302303158,
    8.60059561481302,
    8.578795843814675,
    8.553270648973816,
    8.530826544094046,
    8.510477438449549,
    8.493112087828893,
    8.471512449864964,
    8.44823605965496,
    8.427025968801477,
    8.404880842991979,
    8.387363830091187,
    8.369172419789882,
    8.352492440175384,
    8.334452144207976,
    8.3152378713296,
    8.299255569543575,
    8.280119626678799,
    8.265851199580347,
    8.248531976663283,
    8.229655335051298,
    8.211370069263358,
    8.193647950980742,
    8.176508336917703,
    8.158543957327002,
    8.138505204322094,
    8.119895023382947,
    8.100486359234484
  ],
  "throuput": [
    17,
    59,
    150,
    290,
    485,
    734,
    1019,
    1324,
    1670,
    2034,
    2431,
    2851,
    3267,
    3701,
    4098,
    4549,
    4995,
    5466,
    5936,
    6392,
    6865,
    7310,
    7760,
    8237,
    8687,
    9153,
    9628,
    10120,
    10587,
    11030,
    11489,
    11975,
    12457,
    12950,
    13417,
    13878,
    14370,
    14860,
    15313,
    15811,
    16298,
    16798,
    17303,
    17774,
    18295,
    18765,
    19238,
    19711,
    20195,
    20675,
    21144,
    21632,
    22110,
    22583,
    23090,
    23570,
    24059,
    24546,
    25036
  ],
  "runningtime": [
    15.36261773109436
  ]
}