{
  "distance": [
    960.3456049235332,
    1308.7171551369677,
    1656.9977856196824,
    1947.3591292186416,
    2194.7740970574914,
    2442.161968036407,
    2644.0334275331857,
    2830.0162716445393,
    3012.2459439661898,
    3138.9235342622196,
    3273.419566934065,
    3013.6747772249846,
    3174.643738645939,
    3335.7931965637486,
    3466.6366219866413,
    3602.8929015809936,
    3706.9684623296084,
    3810.662568466497,
    3914.188663479771,
    3963.255847320539,
    4056.743194047775,
    4102.268581572842,
    4172.497933545834,
    4233.345215481187,
    4023.222002220679,
    4098.429827853652,
    4175.643984481832,
    4236.964894212379,
    4295.318094885946,
    4357.249844174531,
    4395.3743297595265,
    4438.000563689715,
    4488.812267797616,
    4515.905274918088,
    4552.96134749073,
    4578.167991545422,
    4398.634250789063,
    4453.456309180997,
    4503.066256979025,
    4542.621678629035,
    4568.910902139532,
    4612.886189540092,
    4649.344324267004,
    4680.850088772181,
    4696.105832088521,
    4720.412932275045,
    4753.248106272789,
    4762.858388110789,
    4786.975543540043,
    4644.770143908836,
    4681.778702441194,
    4707.96888378625,
    4736.3477293451715,
    4764.69766627431,
    4790.032219074176,
    4809.2299837063965,
    4828.74861852184,
    4837.060885726862,
    4867.235698223935
  ],
  "speed": [
    9.418952276406461,
    9.312135619114596,
    9.297985517702392,
    9.289414083005498,
    9.286905206418535,
    9.289101960825235,
    9.287080065014907,
    9.266636381021234,
    9.259791063525663,
    9.253015953837885,
    9.247754065307308,
    9.245888792332705,
    9.226403614779903,
    9.205876250661232,
    9.176117900327819,
    9.15615759431751,
    9.134752022958832,
    9.119887053961758,
    9.105743413611199,
    9.085485565542612,
    9.065004770276877,
    9.04532766820229,
    9.026449274309654,
    9.006339354953724,
    8.993825531064813,
    8.975265415958068,
    8.950433215464727,
    8.926920609995163,
    8.904824298360667,
    8.88370329627503,
    8.861445006108685,
    8.838826745210822,
    8.81839263047418,
    8.79497125206108,
    8.772504849935002,
    8.752641903771321,
    8.736128320909863,
    8.721103510954546,
    8.700583850504758,
    8.676598343704486,
    8.656197201266849,
    8.635292945344135,
    8.614624173166364,
    8.596135542674896,
    8.574242214909827,
    8.552437213163998,
    8.532023804772749,
    8.511954518015942,
    8.491435947266936,
    8.47556049700879,
    8.455156993328051,
    8.436593555259652,
    8.416455452321582,
    8.395428812729062,
    8.375955840640994,
    8.357417686508635,
    8.337022853097043,
    8.31670111532004,
    8.296651446714653
  ],
  "throuput": [
    20,
    56,
    151,
    286,
    497,
    760,
    1039,
    1380,
    1726,
    2100,
    2537,
    2934,
    3347,
    3782,
    4199,
    4647,
    5105,
    5544,
    6036,
    6470,
    6962,
    7407,
    7888,
    8335,
    8837,
    9296,
    9761,
    10260,
    10700,
    11197,
    11651,
    12132,
    12613,
    13090,
    13550,
    14037,
    14552,
    15029,
    15532,
    16020,
    16489,
    16969,
    17471,
    17945,
    18451,
    18906,
    19374,
    19859,
    20332,
    20802,
    21308,
    21771,
    22234,
    22730,
    23219,
    23700,
    24168,
    24631,
    25141
  ],
  "runningtime": [
    20.90691510041555
  ]
}