{
  "distance": [
    1059.1678728465665,
    1462.890363656389,
    1772.4155089232625,
    2099.334658141813,
    2420.1088188845497,
    2676.3504081464125,
    2898.6443231390704,
    3138.2697162036043,
    3318.7645986262446,
    3507.4837427070843,
    3663.516181065772,
    3813.2054384159765,
    3956.1173895076577,
    4070.341653649673,
    4177.768169010533,
    4297.3355142527535,
    4364.128405886363,
    4436.180205397259,
    4512.975504372812,
    4574.318930828215,
    4642.527811122706,
    4114.91581885191,
    4237.426919404807,
    4341.818265940059,
    4454.750279944318,
    4550.228228464923,
    4635.580977324965,
    4712.426418309625,
    4783.435616005994,
    4861.376386885026,
    4918.4946452708045,
    4978.07227801869,
    5040.759078155626,
    5082.629299471055,
    5119.08362065042,
    5138.453737195444,
    5202.708875666439,
    5247.5826508032505,
    5268.254617567902,
    5289.124557668036,
    5332.679966299748,
    5339.948352730814,
    5379.028703844239,
    4995.33901065144,
    5062.276997609085,
    5120.8736694877625,
    5166.462793394718,
    5219.560221892488,
    5257.943983235698,
    5307.708559879204,
    5337.632652419452,
    5375.036910157812,
    5401.557087979023,
    5437.492036952608,
    5453.232528441094,
    5481.9667568478435,
    5504.727018716268,
    5525.952288205914,
    5545.324879404664
  ],
  "speed": [
    9.256184124578505,
    9.025364172020637,
    8.881866093829558,
    8.782610033866609,
    8.764691195840632,
    8.72985081861602,
    8.697944200361576,
    8.671914570380782,
    8.638070376756495,
    8.619845092497952,
    8.584234123465293,
    8.560465776374587,
    8.555777137928976,
    8.53899630311142,
    8.53519516263562,
    8.524222581095156,
    8.514217648356045,
    8.504597186498458,
    8.490126281151687,
    8.47304658114339,
    8.468531582101434,
    8.47923718938636,
    8.47152971407627,
    8.452543379523474,
    8.426635719429953,
    8.405922572654827,
    8.385959575212274,
    8.368142254534812,
    8.349587360006486,
    8.3335857047215,
    8.316528858513319,
    8.293557049494172,
    8.276062450885792,
    8.256598826180618,
    8.234710991287518,
    8.214334793422783,
    8.200235067002518,
    8.185159760755791,
    8.171749328219912,
    8.158755766741612,
    8.144622207659738,
    8.1313445497466,
    8.117544222401255,
    8.113122284148044,
    8.10875814252033,
    8.10137439013318,
    8.089011182507758,
    8.071009547231952,
    8.054080672408029,
    8.040065829306032,
    8.026789507950067,
    8.010370175003148,
    7.993504113090078,
    7.975424430214691,
    7.960280581059565,
    7.9442013750718825,
    7.927867644653797,
    7.911973477614603,
    7.895888698003627
  ],
  "throuput": [
    22,
    72,
    156,
    282,
    410,
    585,
    785,
    1022,
    1274,
    1554,
    1845,
    2145,
    2475,
    2790,
    3135,
    3491,
    3824,
    4189,
    4535,
    4915,
    5310,
    5691,
    6067,
    6454,
    6832,
    7188,
    7569,
    7911,
    8304,
    8695,
    9053,
    9402,
    9776,
    10150,
    10480,
    10846,
    11212,
    11609,
    12021,
    12423,
    12852,
    13244,
    13624,
    14031,
    14428,
    14798,
    15188,
    15575,
    15964,
    16349,
    16728,
    17097,
    17483,
    17831,
    18220,
    18616,
    18973,
    19335,
    19735
  ],
  "runningtime": [
    29.02971802155177
  ]
}