{
  "distance": [
    1069.5850547934758,
    1482.767743472895,
    1804.3076400169818,
    2141.6647702765335,
    2471.359386550381,
    2732.3593053769346,
    2960.6552552659095,
    3212.096518536332,
    3398.9778168128196,
    3591.2440251361436,
    3753.733003480059,
    3909.4525766996057,
    4053.91967276633,
    4176.148338766406,
    4283.841275565727,
    4403.828434037583,
    4472.982120286671,
    4545.989018218583,
    4627.550208129427,
    4695.755891241229,
    4758.001997799131,
    4210.229705542891,
    4331.915769529953,
    4438.182411705573,
    4553.175901810395,
    4649.910866292047,
    4735.7468727192045,
    4814.093263742716,
    4884.7768695860805,
    4963.343800565198,
    5022.42100095443,
    5082.776484615993,
    5142.688932232394,
    5182.858791114297,
    5221.341188029786,
    5239.533786774149,
    5300.906410619767,
    5342.396213378357,
    5359.0926445406185,
    5377.157805916799,
    5420.073432617648,
    5425.566860744052,
    5464.597913438394,
    5073.974297150182,
    5139.851210131211,
    5196.393499701931,
    5240.382564247901,
    5294.862157909746,
    5335.700283799231,
    5385.892293429943,
    5416.866746272338,
    5455.2787469942505,
    5482.810746112358,
    5521.632832266958,
    5537.795770877364,
    5567.642893611377,
    5591.232764319212,
    5613.132970166759,
    5634.1236440576495
  ],
  "speed": [
    9.345663227972528,
    9.146104620958537,
    9.044750952529514,
    8.966016838081396,
    8.961241608893316,
    8.927200512975764,
    8.906046167358406,
    8.90718017905402,
    8.888893039824504,
    8.877883909195491,
    8.854291729876167,
    8.842655939103768,
    8.843027720354073,
    8.843950781839643,
    8.844051150475511,
    8.837653399308808,
    8.838258087680861,
    8.835142827930808,
    8.834890378845765,
    8.838410319894855,
    8.833947568987913,
    8.843658313392812,
    8.840282614386659,
    8.82959897098923,
    8.80907837394045,
    8.795041025954282,
    8.782052983462863,
    8.77291920013001,
    8.759030842587096,
    8.747890597621101,
    8.737185150799055,
    8.718496613557363,
    8.70049389644256,
    8.682397144557264,
    8.66911538605596,
    8.653662453480877,
    8.640591676376271,
    8.626739115397864,
    8.613722993658541,
    8.602188656107616,
    8.590961558230749,
    8.577729512044836,
    8.565806562986376,
    8.561672302174282,
    8.554773010635811,
    8.5451894430411,
    8.531107398453921,
    8.515691008254782,
    8.503764674266671,
    8.491802169310702,
    8.481790704872632,
    8.468196392637898,
    8.454841499373485,
    8.442908711994885,
    8.430931719266809,
    8.417671015252099,
    8.404517305719041,
    8.392135998796864,
    8.381173030788911
  ],
  "throuput": [
    20,
    71,
    165,
    285,
    426,
    602,
    820,
    1064,
    1339,
    1615,
    1908,
    2222,
    2560,
    2876,
    3253,
    3602,
    3970,
    4312,
    4697,
    5088,
    5529,
    5920,
    6299,
    6676,
    7042,
    7440,
    7829,
    8195,
    8553,
    8936,
    9293,
    9668,
    10051,
    10427,
    10786,
    11185,
    11544,
    11955,
    12345,
    12750,
    13116,
    13502,
    13883,
    14287,
    14707,
    15096,
    15483,
    15885,
    16267,
    16681,
    17039,
    17423,
    17824,
    18186,
    18544,
    18937,
    19341,
    19709,
    20111
  ],
  "runningtime": [
    11.940133480230967
  ]
}