{
  "distance": [
    1085.6716684210871,
    1512.0090026062376,
    1837.2891909081077,
    2187.7828027627443,
    2526.1725361031836,
    2798.9641852275427,
    3032.455094802722,
    3288.4521550898253,
    3484.818579364824,
    3684.152090400166,
    3855.8236999451387,
    4012.959222469089,
    4152.725111199727,
    4271.090757513423,
    4372.168391685282,
    4489.494455174128,
    4550.883420257615,
    4616.686329580328,
    4693.627149224437,
    4756.403409888483,
    4817.84261745505,
    4261.859665643703,
    4383.22784513886,
    4490.638617071254,
    4606.689648144442,
    4703.256515606774,
    4789.753592705212,
    4868.351222944646,
    4941.114388786668,
    5018.359408026597,
    5074.130818843342,
    5137.559733169253,
    5197.071369710268,
    5241.909762162721,
    5280.659652891234,
    5299.607331854356,
    5359.763631098908,
    5401.162107699868,
    5416.271366836194,
    5432.3632035990295,
    5475.136757180869,
    5478.178768647364,
    5514.554393981357,
    5115.967606749256,
    5180.013500550988,
    5236.255061317601,
    5280.2750774806955,
    5336.583430604915,
    5375.395665917943,
    5424.360421645498,
    5453.464460236077,
    5492.3749716248885,
    5521.5130936322075,
    5559.938259157624,
    5576.919455270027,
    5606.644374501198,
    5630.288592596908,
    5651.823239710077,
    5671.10453516069
  ],
  "speed": [
    9.487323629774306,
    9.326364191021845,
    9.21151673996147,
    9.16776770845179,
    9.175245125077433,
    9.1688020867936,
    9.145825866179761,
    9.143043551263263,
    9.141818631438266,
    9.140679199876935,
    9.138234455610915,
    9.13249050603011,
    9.125362494488716,
    9.124531681993828,
    9.114844272056004,
    9.109440132289098,
    9.099563258509175,
    9.09072641962909,
    9.088012790950412,
    9.087828741893441,
    9.085651997624636,
    9.094284986340215,
    9.088956179618819,
    9.079459992597428,
    9.06119174569384,
    9.046147937185943,
    9.033407079276175,
    9.026173929387744,
    9.01781206389995,
    9.005743834903148,
    8.99225148430237,
    8.97964049470252,
    8.961584943572422,
    8.952929391344695,
    8.941898025368815,
    8.929472740484464,
    8.916608380534118,
    8.904237940568564,
    8.890020463788893,
    8.877831024594277,
    8.868948246724955,
    8.857042476742897,
    8.845221710681894,
    8.837959136290555,
    8.830402767191542,
    8.822327927778462,
    8.810505603047682,
    8.800334931179687,
    8.786833604798417,
    8.773395460260064,
    8.76108105137545,
    8.748434716588228,
    8.737127288893687,
    8.724035633401147,
    8.712846106521773,
    8.69898707310534,
    8.686229475864023,
    8.673579741049938,
    8.660701371115197
  ],
  "throuput": [
    22,
    72,
    167,
    304,
    445,
    632,
    825,
    1083,
    1374,
    1657,
    1985,
    2324,
    2653,
    2998,
    3362,
    3732,
    4074,
    4438,
    4813,
    5224,
    5621,
    6010,
    6411,
    6783,
    7178,
    7546,
    7942,
    8335,
    8693,
    9091,
    9443,
    9799,
    10187,
    10565,
    10934,
    11342,
    11705,
    12088,
    12496,
    12917,
    13325,
    13724,
    14118,
    14514,
    14925,
    15330,
    15714,
    16097,
    16489,
    16851,
    17214,
    17580,
    17959,
    18342,
    18680,
    19098,
    19486,
    19881,
    20274
  ],
  "runningtime": [
    18.153625587622326
  ]
}