{
  "distance": [
    1089.2264174081404,
    1518.854379118128,
    1846.14332778614,
    2199.5536547483844,
    2538.9932140604424,
    2810.0479017538937,
    3043.9118556302737,
    3298.0950595614313,
    3495.96620794117,
    3692.232626564598,
    3865.1857370129474,
    4028.5089551302067,
    4170.044044947474,
    4287.663681851999,
    4388.397164490799,
    4504.178486838946,
    4566.651951479631,
    4631.381675566577,
    4706.399937754739,
    4765.02979989549,
    4825.138605380591,
    4265.348278206845,
    4388.172174453933,
    4493.817401964864,
    4609.772477640191,
    4706.627960510621,
    4795.0302886556865,
    4871.7895313222825,
    4942.854563569691,
    5019.572195416191,
    5073.9901892892585,
    5133.9386716345625,
    5194.544073426538,
    5236.147715631625,
    5274.169431239259,
    5292.629368623543,
    5353.858797316048,
    5393.916421546709,
    5409.3484382459355,
    5423.065014041142,
    5462.631668310283,
    5466.353125822178,
    5503.166208196284,
    5105.688897606725,
    5168.3232586297345,
    5224.513194095233,
    5269.698124358713,
    5325.426019673926,
    5365.909471156411,
    5417.169209944231,
    5446.536506920628,
    5486.098279183939,
    5515.059662601825,
    5554.078275141514,
    5570.417371751801,
    5599.417590872689,
    5623.35151887893,
    5645.870468018319,
    5665.098752471966
  ],
  "speed": [
    9.518160761193323,
    9.374518914401031,
    9.261194387733969,
    9.217672372384207,
    9.21923936191559,
    9.202464325610567,
    9.18079156483862,
    9.17495510831538,
    9.176058623609801,
    9.167257506930996,
    9.167857424741554,
    9.174405010342712,
    9.169013432284073,
    9.167289641837494,
    9.161447453457168,
    9.154618464976801,
    9.15057469877056,
    9.139017395682869,
    9.133600775678032,
    9.126429404278767,
    9.120215555268494,
    9.121225339119775,
    9.118458516242917,
    9.104982547172774,
    9.085884891192055,
    9.071715351810028,
    9.061136163522931,
    9.04936692447451,
    9.036367154825971,
    9.021760463377321,
    9.00579720371148,
    8.987102721137045,
    8.97100102596733,
    8.955041508880576,
    8.94046763283669,
    8.925072009206296,
    8.912214507831806,
    8.897134736888058,
    8.882939078070233,
    8.865932856802447,
    8.851037598522149,
    8.837792187903748,
    8.824312173669117,
    8.816598227656934,
    8.80544058715607,
    8.794175709288341,
    8.78169369278444,
    8.768602703970664,
    8.756387392927602,
    8.745928186261384,
    8.73402945840078,
    8.722438716624845,
    8.710045632358451,
    8.697209755901403,
    8.685077096966324,
    8.670478060382493,
    8.657766226506526,
    8.645856946672652,
    8.632331203318236
  ],
  "throuput": [
    23,
    78,
    167,
    295,
    444,
    629,
    838,
    1098,
    1378,
    1656,
    1995,
    2309,
    2662,
    3013,
    3405,
    3758,
    4103,
    4455,
    4853,
    5232,
    5626,
    6021,
    6411,
    6781,
    7193,
    7556,
    7918,
    8344,
    8678,
    9081,
    9460,
    9810,
    10176,
    10539,
    10897,
    11306,
    11688,
    12086,
    12476,
    12895,
    13307,
    13646,
    14075,
    14497,
    14884,
    15228,
    15654,
    16033,
    16435,
    16826,
    17208,
    17551,
    17938,
    18310,
    18689,
    19067,
    19464,
    19840,
    20258
  ],
  "runningtime": [
    20.114536356925964
  ]
}