{
  "distance": [
    1094.9163378435458,
    1527.8970053275773,
    1855.1599891935584,
    2207.3583201234333,
    2546.470766873772,
    2816.5339781570187,
    3054.927682948934,
    3307.021629070041,
    3502.100979685572,
    3699.80116525325,
    3870.248454287912,
    4027.5503791045626,
    4165.67727784409,
    4285.746395482479,
    4390.641442297815,
    4509.934855772656,
    4572.728149992519,
    4641.259180386104,
    4715.884764449287,
    4773.787254885834,
    4832.496935562904,
    4271.040813114231,
    4393.0248372218875,
    4497.89848606466,
    4614.616018264896,
    4713.674956299591,
    4798.913580270304,
    4876.618550930805,
    4947.758968335295,
    5024.601829878229,
    5081.64158592901,
    5142.120848211721,
    5204.872004592873,
    5246.645914090604,
    5286.356534984213,
    5304.923521188524,
    5364.805763418714,
    5405.575524693368,
    5422.678499026737,
    5437.809544818358,
    5479.023115117944,
    5483.417700643881,
    5520.26996423249,
    5120.809846569938,
    5184.195995522534,
    5239.550444207161,
    5282.850274475383,
    5339.998861382927,
    5379.2289332394375,
    5428.326230907525,
    5457.447233436655,
    5496.3424879597405,
    5524.519555893641,
    5562.688571635828,
    5578.577138373486,
    5608.290407465718,
    5631.237418143954,
    5653.475803956016,
    5672.835457874364
  ],
  "speed": [
    9.567824945857145,
    9.427702546315224,
    9.306465726740099,
    9.254162213678738,
    9.24979732392321,
    9.225999232061886,
    9.215200775031269,
    9.204214274153342,
    9.198607549928811,
    9.192605548016653,
    9.188898762049021,
    9.183821599008047,
    9.1736764082078,
    9.175432103378455,
    9.175341872438347,
    9.171325438521547,
    9.167017666429965,
    9.16230545973908,
    9.15718890811657,
    9.14847670961707,
    9.142234370686717,
    9.142538066182755,
    9.13713297553923,
    9.121882737431395,
    9.103894560419707,
    9.092976183751608,
    9.076927453790317,
    9.065421731553723,
    9.051919974862841,
    9.037602826879795,
    9.025220819129279,
    9.007935079037077,
    8.994766196090712,
    8.979350774699885,
    8.968302281400394,
    8.95509113253203,
    8.942439269196184,
    8.928931619693541,
    8.91786395712612,
    8.904119830649696,
    8.891645870910356,
    8.880152685674037,
    8.868823101838712,
    8.860201293758248,
    8.8501600576023,
    8.839931032418779,
    8.826641103757613,
    8.817144138815683,
    8.803804747882369,
    8.790850564566929,
    8.779274646929293,
    8.767173431879524,
    8.754674439367763,
    8.741688143676978,
    8.729122570680602,
    8.715823452389282,
    8.701908059141871,
    8.69059922599316,
    8.677681107954196
  ],
  "throuput": [
    22,
    78,
    172,
    299,
    441,
    629,
    845,
    1108,
    1372,
    1677,
    2009,
    2325,
    2672,
    3011,
    3373,
    3747,
    4094,
    4460,
    4858,
    5245,
    5650,
    6033,
    6411,
    6793,
    7187,
    7562,
    7933,
    8313,
    8683,
    9090,
    9452,
    9810,
    10195,
    10542,
    10927,
    11354,
    11744,
    12084,
    12532,
    12891,
    13289,
    13720,
    14105,
    14498,
    14906,
    15337,
    15721,
    16096,
    16470,
    16886,
    17235,
    17606,
    17988,
    18340,
    18723,
    19098,
    19502,
    19896,
    20265
  ],
  "runningtime": [
    21.673476183414458
  ]
}