{
  "distance": [
    1053.455897436316,
    1449.9435468618892,
    1799.7492097180436,
    2106.6842007530586,
    2379.937729080286,
    2615.629205803837,
    2893.375866260284,
    3091.274914668854,
    3229.3257842449307,
    3415.775193541108,
    3577.6565884114525,
    3709.103285486329,
    3823.99277582851,
    3504.7315601473942,
    3704.1631704724346,
    3824.8087429268626,
    3958.7593081978325,
    4079.8370160428135,
    4190.135169829768,
    4285.182052238895,
    4391.901235971543,
    4472.074794641478,
    4559.112584744321,
    4611.940604051196,
    4665.003805772991,
    4712.178898790047,
    4766.782801252578,
    4475.429222159306,
    4565.771838011295,
    4652.943573525093,
    4716.553497525363,
    4770.833600733198,
    4825.443434441307,
    4879.71290513463,
    4932.038055939358,
    4968.470403754477,
    4995.923160418771,
    5041.890793306734,
    5072.183384319732,
    5107.294513158061,
    5121.17703752548,
    5147.8786016524,
    4950.511413285853,
    5006.725384054129,
    5044.188797635036,
    5086.587087045083,
    5138.905124822588,
    5157.073054281812,
    5186.5378829791425,
    5216.634733491775,
    5238.5034483170575,
    5254.250550671135,
    5280.415465267207,
    5303.980710999473,
    5326.2176581798185,
    5336.11696478399,
    5157.682915788514,
    5205.095367777672,
    5236.421274858168
  ],
  "speed": [
    10.055027877898144,
    9.912789148768818,
    9.859175968590554,
    9.78522578528782,
    9.74701127873787,
    9.687571054272421,
    9.667620901895837,
    9.635575123931442,
    9.593042108514942,
    9.571965435880339,
    9.541389682028461,
    9.516863509809381,
    9.494944794276055,
    9.472588146372845,
    9.457434849892758,
    9.424948562811133,
    9.377573626538474,
    9.345436467526241,
    9.3223979777826,
    9.304466792025709,
    9.285928421194315,
    9.269593590157172,
    9.249796297413898,
    9.23043795949617,
    9.202612806648158,
    9.177423821973845,
    9.159448840163442,
    9.13453264594698,
    9.1283235288282,
    9.111145028315251,
    9.094119661741491,
    9.065928939002747,
    9.041987448612602,
    9.017770514285656,
    8.996009489533014,
    8.97648328986387,
    8.957444862661532,
    8.944111583576865,
    8.930373060109135,
    8.906132198122988,
    8.887264202206616,
    8.866080649943598,
    8.851967905211374,
    8.844824049704059,
    8.830013675076888,
    8.812287402378864,
    8.796344590466546,
    8.780473486847832,
    8.764808220233625,
    8.74411582132521,
    8.722153503920817,
    8.703345423571214,
    8.689188946134655,
    8.673358923177753,
    8.657961406985276,
    8.640561248026811,
    8.623741665215341,
    8.615566750240914,
    8.604580334876063
  ],
  "throuput": [
    16,
    46,
    93,
    152,
    246,
    378,
    516,
    680,
    881,
    1066,
    1274,
    1473,
    1707,
    1944,
    2215,
    2445,
    2689,
    2946,
    3194,
    3440,
    3717,
    3990,
    4259,
    4534,
    4794,
    5047,
    5304,
    5583,
    5853,
    6108,
    6385,
    6661,
    6936,
    7187,
    7445,
    7716,
    8000,
    8252,
    8538,
    8792,
    9049,
    9301,
    9615,
    9863,
    10129,
    10412,
    10702,
    10976,
    11263,
    11525,
    11779,
    12062,
    12338,
    12606,
    12871,
    13136,
    13395,
    13670,
    13932
  ],
  "runningtime": [
    13.590191332499186
  ]
}