{
  "distance": [
    1093.2013655900062,
    1440.763404649385,
    1818.1960333015352,
    2087.2912072261684,
    2355.385047770827,
    2576.34094350957,
    2787.6534964673315,
    2912.34428454148,
    3050.2211962882825,
    3204.243275512134,
    3338.812271015306,
    3437.8978361673976,
    3204.422338047767,
    3365.1722957382135,
    3485.055185269589,
    3583.8956248846566,
    3658.9393379431,
    3748.6760491670657,
    3817.553210984928,
    3893.550921267657,
    3928.5792738218406,
    3986.918570422171,
    4052.5351835352753,
    4083.1167331498905,
    4112.6935464252065,
    4133.923672724024,
    3978.114267714454,
    4032.797884345715,
    4080.2407797799915,
    4130.146541808988,
    4168.507757479095,
    4201.939261816264,
    4250.232207571023,
    4273.430163362209,
    4287.887289559228,
    4332.912723100376,
    4335.2436006379,
    4359.01977211667,
    4376.917236425783,
    4379.2719347203765,
    4266.94449491151,
    4297.276804820437,
    4329.730601834714,
    4353.018012924542,
    4390.968562314077,
    4397.303181778737,
    4431.815246980044,
    4441.500723049732,
    4450.124907910167,
    4480.482828795958,
    4482.69232635597,
    4497.080564816012,
    4511.633649217476,
    4516.072731697848,
    4419.622913964365,
    4443.814757569602,
    4457.813985504777,
    4477.465365716644,
    4494.532040049814
  ],
  "speed": [
    10.43510394426824,
    10.396789631800912,
    10.348663170516227,
    10.444320115745551,
    10.453354227718808,
    10.45954087376875,
    10.467237786162086,
    10.494885242595986,
    10.514874698138515,
    10.529882601091469,
    10.553929855368056,
    10.557229720052094,
    10.557772834821172,
    10.571701066425488,
    10.571641535219692,
    10.584623627191446,
    10.578929886666302,
    10.58928376132325,
    10.585724494099532,
    10.581411029663101,
    10.57207140439548,
    10.567293594866985,
    10.570725981410611,
    10.571579348577004,
    10.565592185360517,
    10.555665893260372,
    10.552882960819314,
    10.553150656511761,
    10.548731497310095,
    10.546155216968026,
    10.542108445263583,
    10.541921618536419,
    10.541399824592254,
    10.540046005153272,
    10.53697360980663,
    10.537479228526374,
    10.530786290909058,
    10.528180947891059,
    10.522960004574822,
    10.518022125271415,
    10.517769111413932,
    10.513390429543689,
    10.51016233904061,
    10.504643627069902,
    10.501315879880334,
    10.497958560608335,
    10.492637176071575,
    10.487436460678245,
    10.48224910510717,
    10.482622925403366,
    10.475366363301516,
    10.474658489810272,
    10.47281429212179,
    10.470676973482371,
    10.468726385204588,
    10.464910804564989,
    10.461963383196295,
    10.458377660433653,
    10.455980778907012
  ],
  "throuput": [
    8,
    37,
    76,
    153,
    231,
    318,
    440,
    550,
    671,
    791,
    919,
    1056,
    1186,
    1337,
    1489,
    1641,
    1760,
    1925,
    2060,
    2185,
    2322,
    2465,
    2604,
    2750,
    2890,
    3043,
    3188,
    3333,
    3481,
    3644,
    3783,
    3917,
    4066,
    4195,
    4353,
    4496,
    4631,
    4785,
    4915,
    5068,
    5192,
    5351,
    5502,
    5646,
    5805,
    5930,
    6066,
    6218,
    6353,
    6487,
    6638,
    6787,
    6922,
    7072,
    7228,
    7386,
    7518,
    7660,
    7807
  ],
  "runningtime": [
    2.897037939230601
  ]
}