{
  "distance": [
    1094.2424714965339,
    1440.9635655510945,
    1825.9305060218362,
    2097.9685108511485,
    2367.909169626757,
    2589.353248065497,
    2800.9692867082017,
    2924.002835554942,
    3055.968797276528,
    3211.667671469942,
    3344.421589814721,
    3440.4681338107976,
    3204.0113847967796,
    3367.6423242549067,
    3488.185828104847,
    3586.754502019888,
    3663.606122176807,
    3750.9904754860218,
    3819.693203376781,
    3895.977704172207,
    3932.439067118471,
    3989.5689002544254,
    4052.2841627681823,
    4082.749127413237,
    4115.194256353496,
    4138.139170057379,
    3983.8010073027513,
    4037.2528887910757,
    4080.344548935747,
    4128.8209511774285,
    4169.3705776618945,
    4204.713012395911,
    4249.43044357998,
    4274.27753741749,
    4290.03209439606,
    4337.184278806108,
    4338.8864898452675,
    4363.2469637577215,
    4383.979087523733,
    4387.82622720922,
    4271.395429680966,
    4301.365163749511,
    4334.291601230174,
    4354.97721840068,
    4393.897520638763,
    4401.494343487544,
    4437.326409950611,
    4446.950390707846,
    4455.98010945026,
    4484.210047589854,
    4486.39602139789,
    4501.254349158524,
    4512.628195472329,
    4517.0793847124605,
    4420.532086848646,
    4444.487529178648,
    4459.168663641839,
    4478.0298259871115,
    4494.769535332021
  ],
  "speed": [
    10.447574518713875,
    10.412346589715593,
    10.40885551296058,
    10.50799366536077,
    10.513857443426204,
    10.52805557256041,
    10.537362367582299,
    10.559209581344103,
    10.560170597929048,
    10.583340916098345,
    10.60633794970976,
    10.606705668067574,
    10.604461867654573,
    10.623969826532795,
    10.621509978589692,
    10.6241617579363,
    10.615963528251822,
    10.617929892868705,
    10.61509120508209,
    10.606101129073023,
    10.598261687331844,
    10.595710227686709,
    10.594165532492692,
    10.592455400569273,
    10.592731194441736,
    10.587742993042019,
    10.59231285768067,
    10.593285289297581,
    10.580379658498153,
    10.57397372595886,
    10.572089082838337,
    10.576351469621626,
    10.567075994441758,
    10.56746511531586,
    10.567114627062553,
    10.572337512641466,
    10.567668709446737,
    10.567405324256056,
    10.56950500242215,
    10.568738516908068,
    10.560630106438415,
    10.558434251622403,
    10.558322967914052,
    10.55056331256259,
    10.54977085451982,
    10.549753138597838,
    10.547932008472333,
    10.543783259121543,
    10.538600529028686,
    10.535262639795487,
    10.530884087546088,
    10.532697866823895,
    10.526716941889829,
    10.528052697337282,
    10.527452443352079,
    10.52198404470287,
    10.519397016289297,
    10.515128101943995,
    10.513154273300207
  ],
  "throuput": [
    9,
    37,
    79,
    151,
    232,
    326,
    440,
    556,
    678,
    805,
    931,
    1067,
    1203,
    1330,
    1492,
    1632,
    1762,
    1927,
    2058,
    2180,
    2324,
    2483,
    2606,
    2744,
    2899,
    3051,
    3209,
    3341,
    3497,
    3633,
    3785,
    3922,
    4055,
    4204,
    4353,
    4503,
    4641,
    4781,
    4928,
    5070,
    5214,
    5367,
    5522,
    5666,
    5809,
    5932,
    6080,
    6230,
    6358,
    6503,
    6659,
    6800,
    6945,
    7094,
    7233,
    7375,
    7524,
    7673,
    7821
  ],
  "runningtime": [
    2.9487785855929056
  ]
}