{"total_trips": 4327.38800000001, "trip_mean": 4405.0332152927995, "trip_var": 7084979.352920321}