{
  "distance": [
    1237.2589183916682,
    1806.2627820463078,
    2299.18329057921,
    2729.7418778833403,
    3147.3457810416603,
    3501.998909397414,
    3831.908686627108,
    4142.559998088148,
    4426.162871660278,
    4717.523223417188,
    4923.805329286696,
    5113.528569239807,
    5230.2446140162465,
    5345.25877513108,
    5463.986530502304,
    5562.741710585092,
    5639.2272048537225,
    5680.329380596468,
    5723.611747977738,
    5753.71809792749,
    5791.953292015701,
    5793.3515640303995,
    5767.883716416046,
    5795.877299565874,
    5779.898467149159,
    5739.987131756092,
    5752.641284522009,
    5726.02075574284,
    5745.016295049056,
    5716.516028838098,
    5716.913666576274,
    5690.507332221431,
    5630.036678256071,
    5623.262547187532,
    5631.561474581995,
    5587.629786416126,
    5605.344587316907,
    5581.322249194427,
    5567.963015476016,
    4827.654013194276,
    4921.215192792116,
    5002.877405526264,
    5106.567710364547,
    5176.898807844644,
    5254.831325361124,
    5325.136645794831,
    5381.548903626846,
    5456.607239521667,
    5548.4201190470785,
    5604.798747038916,
    5658.022168381118,
    5717.995298114082,
    5756.101500242805,
    5802.465942801859,
    5848.239634806188,
    5893.531218394173,
    5899.6344006629115,
    5929.787054409277,
    5965.851730796181
  ],
  "speed": [
    10.491851840158684,
    10.410037270355286,
    10.357548694016502,
    10.362687629934472,
    10.382546141681035,
    10.381754668244112,
    10.388431453068977,
    10.405944426656218,
    10.419456725051285,
    10.44120152075073,
    10.457993378792029,
    10.481287291490636,
    10.495584511306117,
    10.512761339784463,
    10.526061588877804,
    10.539114223938872,
    10.543567150594985,
    10.546861471927556,
    10.554174766572316,
    10.560337367759546,
    10.569247673099714,
    10.576171050137942,
    10.578947616357018,
    10.580709066144598,
    10.589247559461809,
    10.590417688304392,
    10.593796641545035,
    10.601483397966797,
    10.604811120305417,
    10.608590515258298,
    10.611689337939724,
    10.6177476480101,
    10.625641335490043,
    10.628048351841974,
    10.628404704956433,
    10.633111094326956,
    10.640532401766498,
    10.646067187378291,
    10.652323652179064,
    10.661744373025606,
    10.652589083782038,
    10.65169663289423,
    10.647984913643434,
    10.649620404708982,
    10.649626744633222,
    10.650583096286644,
    10.651312488312644,
    10.649654793703094,
    10.650823923947623,
    10.64966706247694,
    10.65203375034397,
    10.656960011854315,
    10.661897975165394,
    10.663959310959557,
    10.668870018528388,
    10.670322569018866,
    10.671933914002215,
    10.67377611456614,
    10.677430763301388
  ],
  "throuput": [
    15,
    55,
    121,
    182,
    275,
    366,
    492,
    623,
    787,
    922,
    1079,
    1254,
    1430,
    1599,
    1739,
    1905,
    2066,
    2244,
    2395,
    2558,
    2710,
    2873,
    3020,
    3161,
    3291,
    3426,
    3567,
    3695,
    3824,
    3968,
    4088,
    4212,
    4357,
    4464,
    4572,
    4690,
    4814,
    4922,
    5049,
    5163,
    5281,
    5392,
    5511,
    5613,
    5725,
    5840,
    5942,
    6069,
    6206,
    6339,
    6483,
    6640,
    6826,
    7013,
    7171,
    7326,
    7498,
    7669,
    7834
  ],
  "runningtime": [
    4.5752097249031065
  ]
}