{
  "distance": [
    814.9235422886051,
    1131.3244095682724,
    1377.8200156408955,
    1613.3697801598,
    1810.978648584459,
    1996.148432922779,
    2082.9201002238424,
    2201.2108771716544,
    2311.0033041808765,
    2427.640152808133,
    2462.1853438541734,
    2519.512636498947,
    2599.2532191834703,
    2654.817579097749,
    2654.878948360893,
    2684.5672383149376,
    2721.029459770667,
    2771.7201252582945,
    2755.3504052457565,
    2776.831336945136,
    2809.7564086132847,
    2826.609525411821,
    2834.370375536696,
    2855.8249839728205,
    2874.4948864112653,
    2901.385313911915,
    2907.1345070856587,
    2913.2048772927724,
    2930.5237826158345,
    2914.477674074905,
    2944.417885984683,
    2939.770529781684,
    2958.764048284266,
    2956.8036749008324,
    2967.4958526482483,
    2970.029775760255,
    2987.9971604550624,
    2979.6441434887583,
    2989.0222770252226,
    2997.1790434967843,
    3012.9519982576862,
    3009.197625017761,
    3017.0723811993844,
    3025.0076874095253,
    3028.446581418018,
    3024.8333854400594,
    3035.407339459184,
    3046.1089993918686,
    3053.921302533572,
    3050.353916802532,
    3056.917791367097,
    3065.424066076269,
    3070.251388814613,
    3062.791732916426,
    3076.722673333345,
    3073.930002227409,
    3076.4780928139553,
    3065.648264508025,
    3078.7022220057097
  ],
  "speed": [
    11.038514533587904,
    10.91175243803247,
    10.896210450751429,
    10.74549783930217,
    10.632007256063892,
    10.584584006283858,
    10.510988502063668,
    10.48941738527468,
    10.491061148084281,
    10.484995589640008,
    10.466519319202169,
    10.451034700327698,
    10.447088669820145,
    10.4181602607251,
    10.388646805550472,
    10.367532861154244,
    10.355181936071379,
    10.339793125780606,
    10.316728934403455,
    10.28051078432912,
    10.251855110464913,
    10.234145332631027,
    10.215056722120718,
    10.20062103151859,
    10.18558716043651,
    10.169144025103934,
    10.153607515338718,
    10.141237817780343,
    10.12629152006115,
    10.089243869661441,
    10.074498053125538,
    10.033272291327943,
    10.005417614823067,
    9.976061036974516,
    9.954965541055937,
    9.924405227210194,
    9.898619511017152,
    9.878962821670868,
    9.858396796456745,
    9.840811201195256,
    9.819216912793607,
    9.801857725709766,
    9.778763548155615,
    9.757828966599766,
    9.740990785300342,
    9.728732660059867,
    9.706809313020429,
    9.694363938230346,
    9.681389287978812,
    9.667721727719972,
    9.652938735861245,
    9.641095174285224,
    9.624726866769604,
    9.606925222574604,
    9.587653782460073,
    9.573537704152526,
    9.555880938620607,
    9.534061619222204,
    9.518431471032244
  ],
  "throuput": [
    6,
    16,
    47,
    87,
    149,
    212,
    278,
    351,
    437,
    512,
    596,
    677,
    754,
    848,
    932,
    1012,
    1087,
    1173,
    1259,
    1331,
    1400,
    1483,
    1561,
    1649,
    1731,
    1801,
    1888,
    1974,
    2052,
    2143,
    2212,
    2283,
    2370,
    2447,
    2539,
    2609,
    2691,
    2771,
    2850,
    2932,
    3010,
    3100,
    3181,
    3261,
    3344,
    3422,
    3512,
    3584,
    3667,
    3748,
    3825,
    3911,
    3995,
    4087,
    4159,
    4237,
    4310,
    4398,
    4477
  ],
  "runningtime": [
    1.9623984615008037
  ]
}