{
  "distance": [
    828.3488209336743,
    1144.7118097780228,
    1387.2166195829943,
    1617.43873801492,
    1825.7443209332125,
    2011.7779471748256,
    2099.775517930678,
    2212.9943928653443,
    2321.597364164735,
    2444.983749557844,
    2477.176534061421,
    2533.046148152273,
    2608.870870128772,
    2664.548372128916,
    2662.631623588295,
    2692.1883257661602,
    2726.764042558881,
    2773.8554528022228,
    2755.8226872921605,
    2781.945289804678,
    2815.4060372562235,
    2835.5515198921285,
    2839.1796986801505,
    2859.2566323456235,
    2878.5866574042343,
    2904.778740735033,
    2910.838000330434,
    2915.115575717561,
    2930.191245341705,
    2918.7969241702585,
    2947.823458015548,
    2942.8471114513623,
    2962.3646278306187,
    2959.1813408117778,
    2967.744438143638,
    2973.89245293803,
    2992.4554955149074,
    2981.906487232374,
    2992.3747400116677,
    2999.1330331651184,
    3016.135473448521,
    3013.8159364295484,
    3020.9903126977106,
    3028.899696032226,
    3033.6124584742465,
    3027.4963760057776,
    3038.634312018024,
    3048.9787258658057,
    3057.587220287718,
    3052.3082287302236,
    3059.023295126392,
    3067.2496731071733,
    3072.907018733735,
    3065.618389713354,
    3081.2030228783487,
    3078.410869063922,
    3081.4476223498164,
    3070.849303086294,
    3083.488849594826
  ],
  "speed": [
    11.237598389834194,
    11.074744291464437,
    10.99851233475046,
    10.771660438595054,
    10.684532531241226,
    10.638791051379659,
    10.59612142743424,
    10.566666689011381,
    10.56470682519208,
    10.585616799366512,
    10.564808348411507,
    10.562783352980691,
    10.56064936168926,
    10.536457393754281,
    10.501348744349022,
    10.48269039639672,
    10.463749968299842,
    10.436204815977906,
    10.400047390917633,
    10.372726086227333,
    10.343070072966462,
    10.335419645257398,
    10.304406714547612,
    10.284445541794105,
    10.266396557262517,
    10.242231962481391,
    10.2289031154465,
    10.205519810437218,
    10.177467287629323,
    10.148261127042767,
    10.127858358391137,
    10.0894782530846,
    10.06276498334931,
    10.028442144426378,
    10.00107564284658,
    9.978541977867716,
    9.95169184631338,
    9.926343650623165,
    9.910969297540028,
    9.890639940958293,
    9.872238511634379,
    9.86040827592493,
    9.83836786369732,
    9.819340292884275,
    9.808991804921634,
    9.79309967673456,
    9.77450314348641,
    9.761153658323751,
    9.752619950009315,
    9.738105551394325,
    9.725784778216429,
    9.715006063447483,
    9.703821246627953,
    9.690076466906753,
    9.678397428355048,
    9.666800787119024,
    9.655765853129688,
    9.640209294820302,
    9.626369625833174
  ],
  "throuput": [
    7,
    17,
    46,
    82,
    147,
    216,
    282,
    357,
    439,
    519,
    604,
    685,
    766,
    849,
    939,
    1011,
    1094,
    1174,
    1254,
    1333,
    1401,
    1491,
    1564,
    1650,
    1731,
    1807,
    1884,
    1972,
    2052,
    2133,
    2215,
    2289,
    2366,
    2451,
    2531,
    2610,
    2692,
    2776,
    2855,
    2938,
    3016,
    3112,
    3190,
    3268,
    3356,
    3426,
    3517,
    3589,
    3677,
    3759,
    3831,
    3921,
    4001,
    4097,
    4170,
    4248,
    4336,
    4415,
    4491
  ],
  "runningtime": [
    1.1783652424812316
  ]
}