{
  "distance": [
    821.1890175829611,
    1141.2862873049762,
    1376.826406859018,
    1615.3769313648413,
    1823.001363239616,
    2014.4583668386151,
    2109.010416610461,
    2220.53743737211,
    2322.9677399222373,
    2437.313244938315,
    2474.133425527301,
    2527.7089624454725,
    2607.9322029560085,
    2668.130637063494,
    2674.499104657787,
    2709.7068948165997,
    2747.9324079034154,
    2797.025157689426,
    2781.167637794062,
    2810.7535167701403,
    2845.693999807151,
    2861.7309193854003,
    2864.2722915275863,
    2885.606094052462,
    2901.3814882974307,
    2929.0753052418677,
    2932.4936537649605,
    2935.630193176766,
    2950.1567069793946,
    2940.643534320944,
    2969.9420574301585,
    2970.961108087172,
    2989.3812946131875,
    2986.0593783603235,
    2996.451751600354,
    3002.2486695809835,
    3020.631079605226,
    3009.010676381228,
    3016.2665627444876,
    3023.35528463545,
    3041.331845480178,
    3038.2112472225285,
    3045.0499205976926,
    3052.274692487512,
    3054.3413518223847,
    3046.831926557285,
    3057.169952361344,
    3067.832173512464,
    3074.974197854677,
    3070.350263746891,
    3074.337817081477,
    3081.8938522798626,
    3086.38991573676,
    3079.034097163841,
    3094.0392148466894,
    3091.080468233487,
    3093.612926326859,
    3083.045970975325,
    3094.992810390543
  ],
  "speed": [
    11.146172720890439,
    11.042720128667256,
    10.913142251385855,
    10.75324880346418,
    10.698388147509283,
    10.690686720996974,
    10.663255403589973,
    10.659637567215583,
    10.637958294648104,
    10.632734491573945,
    10.633000206228504,
    10.618271455623624,
    10.634517441901023,
    10.632851245663351,
    10.624483108196753,
    10.624111782088152,
    10.629153522600115,
    10.62341256881366,
    10.61240036084846,
    10.608486857667101,
    10.597570494965918,
    10.598089619166362,
    10.583896766113918,
    10.583706488675134,
    10.569907339567884,
    10.567866981092282,
    10.565548488542516,
    10.553210758902177,
    10.541577401852473,
    10.53531305784251,
    10.528919987896574,
    10.522543577913527,
    10.513958655106611,
    10.498164619988845,
    10.490081673325694,
    10.485337877548442,
    10.476334097217538,
    10.462872959867974,
    10.451118519925942,
    10.441800210046464,
    10.438824618648908,
    10.434984876865823,
    10.421132899291969,
    10.409139673040967,
    10.398496815110013,
    10.387777484371854,
    10.373773413494114,
    10.365861574380139,
    10.357150644077079,
    10.349673165857242,
    10.33400090548684,
    10.325340498187643,
    10.313114903066763,
    10.300907560626237,
    10.286975346290632,
    10.275768643038246,
    10.264324663419996,
    10.248592201447421,
    10.232896626087708
  ],
  "throuput": [
    7,
    17,
    43,
    85,
    154,
    216,
    283,
    371,
    443,
    522,
    606,
    688,
    766,
    855,
    937,
    1023,
    1107,
    1185,
    1270,
    1344,
    1431,
    1516,
    1593,
    1673,
    1761,
    1839,
    1919,
    1999,
    2077,
    2165,
    2241,
    2330,
    2410,
    2490,
    2575,
    2654,
    2742,
    2820,
    2896,
    2976,
    3062,
    3148,
    3228,
    3309,
    3398,
    3475,
    3551,
    3622,
    3724,
    3795,
    3875,
    3959,
    4036,
    4128,
    4198,
    4278,
    4366,
    4443,
    4521
  ],
  "runningtime": [
    1.1672953486442565
  ]
}