{
  "distance": [
    818.144647749348,
    1144.5725722699267,
    1380.3766905245238,
    1614.8141555561715,
    1829.3839607253651,
    2022.3899530410076,
    2123.4683768245886,
    2234.0636552766305,
    2340.182179471447,
    2454.688770536287,
    2481.6186355875166,
    2537.2037484909897,
    2616.4823435634703,
    2669.7352862807174,
    2677.8949803887563,
    2710.480660988137,
    2749.6567393599476,
    2798.331932266086,
    2782.95118105449,
    2810.760979488582,
    2846.1503266968566,
    2860.2101771165017,
    2864.2244335727355,
    2882.9342948375192,
    2902.2483796196852,
    2927.7081074353628,
    2929.828589052393,
    2932.547457713613,
    2949.2012031671275,
    2939.5860958191925,
    2969.5408412022184,
    2968.273148702474,
    2988.0844072475943,
    2985.766242436545,
    2996.266895287072,
    3000.8043144938765,
    3021.7782863273696,
    3011.6312961129383,
    3020.032953415432,
    3025.202973691955,
    3040.292420440449,
    3034.2921780329634,
    3041.6300978261224,
    3049.946740254686,
    3052.022936202031,
    3045.98001544774,
    3057.7712045216417,
    3066.7480773010134,
    3072.549565774979,
    3068.207497144188,
    3074.000977886937,
    3080.9228438425716,
    3085.915937098581,
    3078.1998464835483,
    3093.8023908872224,
    3091.096429416376,
    3092.755136702383,
    3082.6419388831546,
    3096.629456139889
  ],
  "speed": [
    11.068708699608282,
    11.045471696081675,
    10.923321806528905,
    10.750593913993512,
    10.719591466118962,
    10.707627362841126,
    10.705032040196897,
    10.681859813397113,
    10.669113122013176,
    10.666719433433974,
    10.642322703772036,
    10.637213419031701,
    10.648875261519859,
    10.624607708235185,
    10.633228175614883,
    10.633459768762453,
    10.639142539869688,
    10.63012464075325,
    10.620399346049306,
    10.610768692670431,
    10.610333711615485,
    10.603204044996218,
    10.59064183641442,
    10.57951084110795,
    10.575817501066828,
    10.56903878195853,
    10.564854108994949,
    10.550009839037195,
    10.54732646466573,
    10.540752256309352,
    10.53807596399888,
    10.52511711832356,
    10.518789576830798,
    10.50767811247761,
    10.502394635374968,
    10.492097567139389,
    10.491525821344716,
    10.486456665357517,
    10.479261642711934,
    10.470727984187986,
    10.460181416339912,
    10.449787149123907,
    10.437223997684344,
    10.42974654862239,
    10.41794513130597,
    10.409910227954216,
    10.400122573877999,
    10.388041318492304,
    10.375914478405964,
    10.366324156707837,
    10.353618250639002,
    10.341061557823794,
    10.32932358580643,
    10.31579024464434,
    10.30130757426662,
    10.289119411001476,
    10.27436735015589,
    10.260262703592526,
    10.250678347613412
  ],
  "throuput": [
    6,
    16,
    44,
    87,
    151,
    212,
    288,
    364,
    439,
    523,
    608,
    688,
    771,
    858,
    941,
    1027,
    1105,
    1190,
    1271,
    1348,
    1438,
    1516,
    1593,
    1669,
    1755,
    1845,
    1920,
    2001,
    2089,
    2169,
    2242,
    2323,
    2409,
    2497,
    2569,
    2653,
    2740,
    2824,
    2899,
    2986,
    3064,
    3146,
    3227,
    3306,
    3398,
    3477,
    3553,
    3637,
    3717,
    3794,
    3876,
    3957,
    4039,
    4123,
    4195,
    4280,
    4370,
    4440,
    4517
  ],
  "runningtime": [
    1.3044308185577393
  ]
}