{
  "distance": [
    942.2760062581002,
    1376.0839711344183,
    1729.3670297882807,
    2083.0077546504394,
    2386.591108836916,
    2617.741439966864,
    2751.0335791551247,
    2793.339423984308,
    2862.954730332062,
    2858.9089982484784,
    3003.4983850971994,
    3178.8205256097276,
    3096.583026782743,
    3062.77365414554,
    2829.787214509976,
    2940.8734868455585,
    2897.8391006344414,
    2892.272489839991,
    3011.8184772589416,
    3086.4683645942264,
    3151.246129304266,
    3231.418876271229,
    3304.761424480907,
    3375.8954973554028,
    3448.154378911019,
    3419.8038367225085,
    3349.161724489624,
    3348.6889041960553,
    3273.4698622377027,
    3137.8116918911687,
    3127.7281084721567,
    3220.5411398738765,
    3297.3809969130743,
    3320.2291469760976,
    3326.0466395717303,
    3298.844016580479,
    3367.2779716199793,
    3424.0247958311893,
    3464.0711841216435,
    3504.873109552816,
    3473.6375466860673,
    3453.663689193137,
    3482.298926231717,
    3492.0612561850926,
    3383.331728758318,
    3408.2479401391024,
    3453.2669880420954,
    3487.7418566132083,
    3532.2915987718634,
    3569.1175434681786,
    3578.9590554718443,
    3557.332625558227,
    3511.414283571821,
    3467.4509681682084,
    3473.0918376618224,
    3499.058089822528,
    3527.546460400365,
    3548.7527853322536,
    3490.3049974607693
  ],
  "speed": [
    7.977936852985248,
    7.882370523532089,
    7.706537490230778,
    7.663225951612336,
    7.590142214989537,
    7.561697949703318,
    7.551070090633306,
    7.540831456957251,
    7.56686633620176,
    7.630311957643351,
    7.668531762375869,
    7.678274644168368,
    7.663823583434699,
    7.67802939229318,
    7.721630170728932,
    7.717044254039619,
    7.7249005990156405,
    7.754133135426265,
    7.7580456169065455,
    7.780280237142445,
    7.785114046959162,
    7.784771042767531,
    7.797156562318001,
    7.791256535094584,
    7.792923096508202,
    7.798981782818042,
    7.819159204374334,
    7.830047720310728,
    7.853092488838636,
    7.872775194363408,
    7.860833457026512,
    7.872038092636486,
    7.871473822429379,
    7.876644434373598,
    7.875919183452112,
    7.873586170574684,
    7.875102068485009,
    7.88888502144989,
    7.888477234999854,
    7.895467985437515,
    7.903223426553881,
    7.90749382396924,
    7.9186673198660795,
    7.92839426991734,
    7.944370616029489,
    7.941510756887315,
    7.946335651659549,
    7.9468757853177046,
    7.943826887270074,
    7.944157833907886,
    7.947884571061389,
    7.9548103250304205,
    7.958305339948854,
    7.970059283866454,
    7.977934153879492,
    7.978763437785348,
    7.9797690115700055,
    7.976921859484941,
    7.972889087262824
  ],
  "throuput": [
    10,
    35,
    64,
    89,
    118,
    160,
    193,
    229,
    251,
    283,
    305,
    332,
    361,
    385,
    422,
    455,
    482,
    505,
    535,
    572,
    611,
    651,
    690,
    717,
    746,
    771,
    809,
    829,
    854,
    883,
    904,
    932,
    957,
    990,
    1014,
    1051,
    1080,
    1124,
    1160,
    1195,
    1225,
    1249,
    1274,
    1301,
    1334,
    1361,
    1398,
    1436,
    1464,
    1488,
    1516,
    1551,
    1582,
    1610,
    1638,
    1671,
    1697,
    1733,
    1758
  ],
  "runningtime": [
    1.4668614506721496
  ]
}