{
  "distance": [
    961.787696889962,
    1432.9999194454172,
    1828.1007254656404,
    2180.420774439341,
    2496.470530284164,
    2728.0787976003007,
    2839.0524169864907,
    2876.225038673215,
    2932.827760060649,
    2913.239211475794,
    3057.251220945952,
    3227.6214441182065,
    3150.7215488487154,
    3106.807109325126,
    2859.5911363668138,
    2964.7324775417783,
    2923.6532595499593,
    2914.4414041160408,
    3031.198419628946,
    3102.4340099852043,
    3164.9277244857885,
    3248.461741976382,
    3321.8861499143254,
    3396.1039493166313,
    3461.126659123533,
    3429.244200356628,
    3345.738696193255,
    3352.411430313121,
    3273.794544338384,
    3148.0071154149077,
    3145.8211882172623,
    3237.714013991291,
    3316.1727544760784,
    3334.8288228512642,
    3343.3857297433506,
    3320.4460607535725,
    3388.64278206368,
    3441.5499155373077,
    3482.5402684379983,
    3521.9077819706376,
    3485.281609302562,
    3468.263836475403,
    3494.9111273317862,
    3503.0555108478025,
    3389.735332559811,
    3418.0556619363706,
    3461.1798534405707,
    3494.6233057216923,
    3538.2334747377813,
    3574.2754609679914,
    3585.862978675183,
    3561.834372941088,
    3519.394881319998,
    3475.792930575681,
    3478.983217486037,
    3506.3726097514045,
    3534.3493717129563,
    3558.5600652033922,
    3500.025866675021
  ],
  "speed": [
    8.155641150098496,
    8.217781530279417,
    8.149351928492695,
    8.058775722759778,
    7.998468776322898,
    7.982968815394591,
    7.932776079751138,
    7.918489000492483,
    7.924860899750445,
    7.981261219885496,
    8.031947320373888,
    8.041691676742891,
    8.06335937302823,
    8.07769035234229,
    8.099195399755773,
    8.076320813638503,
    8.090847030085214,
    8.109955717665978,
    8.100413675904466,
    8.105441002117978,
    8.106846394621579,
    8.115354398266488,
    8.127148935896843,
    8.126154286213186,
    8.119453327702526,
    8.132328784425734,
    8.126528685400032,
    8.15207705093776,
    8.161907625731786,
    8.198009068302847,
    8.196081391873042,
    8.203896132771993,
    8.20597148816046,
    8.203785140280676,
    8.210421166056792,
    8.220586020489355,
    8.221426743714707,
    8.229057508520254,
    8.231996074935077,
    8.238103902710684,
    8.234725689067211,
    8.241891017740151,
    8.246101776163226,
    8.255339393062043,
    8.2654741763179,
    8.269346308998633,
    8.272255029422361,
    8.272634116553322,
    8.268381352657164,
    8.266992824269838,
    8.276640423803851,
    8.280500911124149,
    8.291365244099667,
    8.303364620418185,
    8.307308846541542,
    8.309261772356377,
    8.307340107158577,
    8.308617259018638,
    8.304523228315587
  ],
  "throuput": [
    9,
    32,
    66,
    98,
    128,
    176,
    203,
    240,
    269,
    298,
    321,
    343,
    373,
    403,
    436,
    464,
    487,
    517,
    544,
    580,
    623,
    660,
    693,
    735,
    761,
    793,
    810,
    835,
    853,
    879,
    910,
    939,
    966,
    1004,
    1024,
    1065,
    1092,
    1132,
    1172,
    1205,
    1231,
    1254,
    1280,
    1314,
    1346,
    1371,
    1410,
    1450,
    1474,
    1497,
    1523,
    1561,
    1587,
    1622,
    1645,
    1673,
    1703,
    1741,
    1763
  ],
  "runningtime": [
    1.5424805204073588
  ]
}