{
  "distance": [
    1111.3421583170154,
    1585.616726054856,
    2015.53489851939,
    2406.3846069256615,
    2745.9254982925872,
    3086.655114073077,
    3391.0887976439244,
    3702.8324020230475,
    3961.497081679262,
    4186.996550162308,
    4374.203293757564,
    4605.577325042351,
    4733.697568750757,
    4864.052972669675,
    5037.7416446747075,
    5134.2306450433225,
    5280.038116287658,
    5378.469540588192,
    5394.2684558317005,
    5497.299620668741,
    5593.429643570598,
    5644.684837698877,
    5737.660488818838,
    5796.739140841284,
    5882.7382834860255,
    5899.522897608813,
    5940.30763229596,
    5969.45123776799,
    6001.724622817414,
    6000.517151291857,
    6034.315433896209,
    6066.6448495998075,
    6035.21216107202,
    6091.18154027479,
    6093.979263210598,
    6093.270042503487,
    5416.724566038691,
    5482.542377208645,
    5549.249715840195,
    5634.4229593564105,
    5701.733542865854,
    5799.345064071614,
    5873.893159379028,
    5930.933980773735,
    5985.359901151432,
    6054.590207109986,
    6118.415964579822,
    6170.754017553503,
    6205.916209449773,
    6234.00111392043,
    6298.125701705835,
    6323.614113116795,
    6372.772148128178,
    6392.803886060186,
    6425.021164713388,
    6465.601048540231,
    6458.104976006267,
    6465.292533761209,
    6494.080859828748
  ],
  "speed": [
    9.453614789755674,
    9.257432448635775,
    9.25608748282823,
    9.271329371456988,
    9.310476380745028,
    9.310137007935612,
    9.305172288148919,
    9.328795740485665,
    9.335967618196253,
    9.32682884606488,
    9.328672849861686,
    9.325804318136665,
    9.320847316670243,
    9.31971192716181,
    9.320477251216051,
    9.32579177048348,
    9.316530023418451,
    9.331597621345399,
    9.328296352504225,
    9.323422362675784,
    9.319791897459115,
    9.316212325671135,
    9.316462752339259,
    9.321457736525078,
    9.319200250991644,
    9.311281306051447,
    9.310325039835396,
    9.299898543944016,
    9.291346017261246,
    9.276661532584688,
    9.266676426676675,
    9.256015687586363,
    9.249468107705265,
    9.246264615239507,
    9.240226243842043,
    9.23693503429505,
    9.242803470460471,
    9.240087791924367,
    9.231342005936561,
    9.22399923145709,
    9.219301508764046,
    9.219356042796937,
    9.217534496832622,
    9.209415652004495,
    9.20432861154299,
    9.197824325474283,
    9.191055702648262,
    9.187364166860794,
    9.180203956438904,
    9.175178100749276,
    9.166944339988872,
    9.160671922129254,
    9.15707379537647,
    9.148092739641177,
    9.141715957499624,
    9.13355707922131,
    9.125115053048802,
    9.119136229355691,
    9.10876595516617
  ],
  "throuput": [
    33,
    75,
    123,
    197,
    288,
    390,
    507,
    642,
    781,
    924,
    1065,
    1223,
    1375,
    1556,
    1732,
    1902,
    2063,
    2264,
    2455,
    2635,
    2811,
    2999,
    3209,
    3403,
    3582,
    3773,
    3985,
    4174,
    4359,
    4527,
    4711,
    4886,
    5078,
    5255,
    5432,
    5626,
    5812,
    5992,
    6157,
    6350,
    6535,
    6703,
    6900,
    7093,
    7259,
    7443,
    7618,
    7775,
    7971,
    8157,
    8339,
    8531,
    8734,
    8926,
    9109,
    9320,
    9521,
    9723,
    9914
  ],
  "runningtime": [
    6.06246878306071
  ]
}