{
  "distance": [
    1126.4378506272278,
    1609.9947152223888,
    2045.437811061577,
    2452.369825334309,
    2799.75153543565,
    3146.606997806769,
    3461.8881508942836,
    3773.4997625716746,
    4033.9755027903934,
    4268.683818479116,
    4462.259194118176,
    4695.950182316803,
    4831.270185552914,
    4967.493127369656,
    5143.443249365545,
    5236.6016106609395,
    5381.390641468676,
    5469.23194820434,
    5480.113651269701,
    5579.062683688337,
    5668.826655341961,
    5716.74263946801,
    5801.596014525153,
    5853.667524317342,
    5933.566851192599,
    5948.2740025474795,
    5978.77224253219,
    6003.74955913946,
    6034.392719087552,
    6034.4554643749025,
    6069.7552250542085,
    6103.270293836748,
    6068.7894763704835,
    6121.769098082464,
    6125.688399498467,
    6123.516237834459,
    5443.371989520153,
    5508.627170913441,
    5574.481720420659,
    5658.489940333434,
    5722.609503337805,
    5815.013940203928,
    5887.858006875211,
    5947.324436142891,
    6003.793347779026,
    6076.039189078026,
    6140.958231817734,
    6192.1413952601215,
    6228.058574714307,
    6257.135089635415,
    6323.063236167631,
    6348.193857945972,
    6396.491730081317,
    6419.029662712754,
    6451.244683639913,
    6494.782245994959,
    6487.934185511179,
    6493.674543034803,
    6523.010237500028
  ],
  "speed": [
    9.578209813764786,
    9.398167081649685,
    9.39117312028256,
    9.448118405245397,
    9.500164227033563,
    9.501350949822898,
    9.516081721071405,
    9.528141654549156,
    9.533076723309856,
    9.536981175701108,
    9.549565556862643,
    9.549724337075272,
    9.558029905403716,
    9.564867269793831,
    9.568927397574424,
    9.57066998060353,
    9.564058685753134,
    9.565064674977096,
    9.554714098531022,
    9.543480592708818,
    9.533350947805149,
    9.531139231667131,
    9.522583293596698,
    9.519268302471463,
    9.509352413377513,
    9.502134724967968,
    9.490445318131547,
    9.477321920618284,
    9.469075128175648,
    9.459007403318957,
    9.454021661081988,
    9.44740242541758,
    9.439726206639717,
    9.434387022087474,
    9.431634773771437,
    9.428405625385516,
    9.43432675169767,
    9.431546073386787,
    9.421414988157498,
    9.41202844436077,
    9.40290295252438,
    9.396111999524948,
    9.392545991028253,
    9.388351344704121,
    9.386074962450492,
    9.383241319028402,
    9.377307949558793,
    9.371413681966292,
    9.364911344311018,
    9.360785518799087,
    9.354616172532195,
    9.349325761404142,
    9.345932472296395,
    9.340903192951831,
    9.335260954692936,
    9.331444287666388,
    9.323953733139005,
    9.317180592253212,
    9.308130942024023
  ],
  "throuput": [
    30,
    78,
    120,
    199,
    299,
    403,
    517,
    666,
    785,
    936,
    1094,
    1254,
    1402,
    1583,
    1765,
    1950,
    2124,
    2312,
    2478,
    2668,
    2880,
    3057,
    3262,
    3443,
    3642,
    3831,
    4048,
    4219,
    4409,
    4579,
    4771,
    4932,
    5129,
    5316,
    5486,
    5666,
    5874,
    6054,
    6206,
    6415,
    6597,
    6771,
    6957,
    7132,
    7299,
    7483,
    7659,
    7821,
    8008,
    8196,
    8394,
    8601,
    8798,
    8975,
    9168,
    9370,
    9574,
    9775,
    9981
  ],
  "runningtime": [
    7.08255900144577
  ]
}