{
  "distance": [
    1130.7897461340494,
    1621.5103559702543,
    2060.1105917655655,
    2468.397278168099,
    2819.6262082565277,
    3169.7537633771685,
    3481.6758981178955,
    3799.0325407756973,
    4057.862636822243,
    4287.469574173925,
    4472.573105062069,
    4705.519812464163,
    4837.698751514473,
    4971.557147231964,
    5144.922155712212,
    5234.559900655713,
    5382.052854784496,
    5472.071133520493,
    5482.176754522838,
    5581.493729975876,
    5672.323421995365,
    5718.144128582514,
    5804.399900702443,
    5856.663437314102,
    5939.361135968916,
    5950.639810458087,
    5986.4097630668475,
    6012.835283424461,
    6042.283938455165,
    6039.87795733469,
    6071.9115061925395,
    6104.32397245933,
    6071.027041889857,
    6124.85375698321,
    6125.842652495899,
    6123.263747221197,
    5443.00755184469,
    5511.479893758969,
    5578.3046208137885,
    5662.641250633157,
    5729.74693977729,
    5827.026934816699,
    5901.986543738734,
    5961.673743762947,
    6017.783025062988,
    6088.059530055774,
    6150.467209939239,
    6200.951957448377,
    6235.955117390806,
    6264.354642925189,
    6332.264987361797,
    6356.544678057167,
    6404.800807762133,
    6424.791317399996,
    6453.897225696287,
    6495.7835738173935,
    6489.419700334541,
    6494.332852885033,
    6523.680395115498
  ],
  "speed": [
    9.614946346343952,
    9.463458410611187,
    9.460478692131671,
    9.514836273369564,
    9.574491417228254,
    9.577647483377302,
    9.577962151092887,
    9.601129883550058,
    9.600555109897313,
    9.591295522058147,
    9.584410298555941,
    9.579496453623937,
    9.580976863206672,
    9.587067069436563,
    9.588225720265802,
    9.583955605141009,
    9.581187751264764,
    9.587087082263476,
    9.578578788262403,
    9.568120905487058,
    9.559228056298194,
    9.552696424851014,
    9.546480767696675,
    9.54258035645271,
    9.537455030444212,
    9.526664379426897,
    9.522180040755401,
    9.510789982916174,
    9.50052323982424,
    9.487073771773233,
    9.480362581940335,
    9.475488332330944,
    9.47125386052172,
    9.468783027180379,
    9.464807182368741,
    9.462221311966404,
    9.467913231040187,
    9.470418894897465,
    9.462423641938145,
    9.453432108765295,
    9.448283277623835,
    9.447886196489147,
    9.446698547234305,
    9.441940022602319,
    9.439457102137649,
    9.435439312601769,
    9.426281202418004,
    9.419087569989443,
    9.41093651378099,
    9.405354972422732,
    9.40181561897316,
    9.393868399273996,
    9.389176566301352,
    9.380199501051116,
    9.370116499082714,
    9.362537005174609,
    9.353877618005589,
    9.343875108641818,
    9.333830358080899
  ],
  "throuput": [
    32,
    76,
    130,
    204,
    299,
    401,
    520,
    667,
    796,
    935,
    1097,
    1250,
    1414,
    1597,
    1773,
    1950,
    2130,
    2329,
    2491,
    2682,
    2881,
    3066,
    3264,
    3450,
    3654,
    3842,
    4038,
    4238,
    4411,
    4600,
    4797,
    4962,
    5145,
    5342,
    5506,
    5686,
    5876,
    6056,
    6225,
    6412,
    6596,
    6775,
    6949,
    7151,
    7326,
    7518,
    7678,
    7830,
    8021,
    8197,
    8403,
    8581,
    8797,
    8986,
    9166,
    9353,
    9538,
    9769,
    9958
  ],
  "runningtime": [
    7.5795578956604
  ]
}