{
  "distance": [
    1228.490836309905,
    1533.5041159515672,
    1933.470362946787,
    2191.8792298892176,
    2451.6014378466193,
    2736.0270215947085,
    2920.8504891909665,
    3066.8620692111153,
    3187.9707418092535,
    2969.1906518698024,
    3189.7345350437045,
    3364.5373475776673,
    3515.087630138343,
    3605.9676325593205,
    3776.981711330472,
    3881.3491818507514,
    3939.551127632643,
    4040.162374383047,
    4088.489364104537,
    4179.578786943526,
    3965.2589332819125,
    4073.0688557702565,
    4175.502655877481,
    4229.857513574987,
    4318.367786855942,
    4381.30178848578,
    4424.78075169808,
    4479.955044541831,
    4484.978371693915,
    4541.096007977872,
    4605.3879364775585,
    4412.998500888397,
    4488.336196670068,
    4529.223035843749,
    4581.622355589923,
    4620.183153267575,
    4644.170439060969,
    4694.024546925789,
    4712.594494555057,
    4720.396026832446,
    4760.031549175386,
    4800.061439663631,
    4645.7787897803955,
    4691.026199781406,
    4717.787675390057,
    4744.063301251343,
    4792.017340891067,
    4821.945728428442,
    4819.519754436679,
    4859.607199347784,
    4877.548688227184,
    4884.964881353915,
    4920.730850567783,
    4788.992422681404,
    4837.4798288231805,
    4862.929019996202,
    4887.004513893955,
    4900.214224445413,
    4923.8387678977315
  ],
  "speed": [
    11.265178254776288,
    11.201778765310989,
    11.089841306177352,
    10.902622955284244,
    10.935228261777706,
    10.962197908294257,
    10.950484696679595,
    10.91580180805553,
    10.873299612346441,
    10.842397852363712,
    10.83130760745689,
    10.813340227159031,
    10.795096622697846,
    10.735846787645874,
    10.710439916810943,
    10.703102919101674,
    10.678852712872434,
    10.669103552645828,
    10.648298034531855,
    10.637971131824845,
    10.594743301591725,
    10.587003295485788,
    10.58591463082525,
    10.570846403859221,
    10.547184560883194,
    10.531765314112787,
    10.511716042649889,
    10.490828389635919,
    10.46433789221197,
    10.44690774072803,
    10.42491440809914,
    10.399333511808827,
    10.390652692524913,
    10.373089717067588,
    10.348482691140283,
    10.326155869507451,
    10.303527388064373,
    10.276777441803072,
    10.255881748072422,
    10.23306091909057,
    10.216166363655972,
    10.196801595728635,
    10.174637651095512,
    10.158837897553735,
    10.13893761382207,
    10.116115034474268,
    10.092722618890832,
    10.075961506942443,
    10.054007430822015,
    10.03369612713712,
    10.011740312076487,
    9.992501787917965,
    9.97600608685816,
    9.95457099516901,
    9.944527666572224,
    9.927927286835342,
    9.910262479497511,
    9.89524296837029,
    9.875532999142916
  ],
  "throuput": [
    10,
    23,
    42,
    80,
    129,
    185,
    258,
    315,
    383,
    460,
    537,
    609,
    684,
    754,
    838,
    924,
    998,
    1065,
    1163,
    1249,
    1322,
    1406,
    1493,
    1586,
    1670,
    1750,
    1835,
    1912,
    1998,
    2094,
    2175,
    2266,
    2344,
    2436,
    2511,
    2601,
    2691,
    2767,
    2854,
    2935,
    3025,
    3107,
    3192,
    3275,
    3352,
    3443,
    3525,
    3607,
    3691,
    3765,
    3850,
    3944,
    4041,
    4137,
    4208,
    4300,
    4393,
    4472,
    4547
  ],
  "runningtime": [
    2.028112335999807
  ]
}