{
  "distance": [
    1073.9963627681875,
    1580.3080495845775,
    2069.3900711935503,
    2482.492301119425,
    2809.8734600859043,
    3094.988572808241,
    3392.0706337415686,
    3620.7776572947223,
    3840.650859183971,
    4071.085578184431,
    4256.30662244332,
    4443.872294130114,
    4583.484299336233,
    4601.946626673616,
    4762.266717475579,
    4868.252293646913,
    4858.580746539566,
    4890.068846115026,
    4905.028401739654,
    4949.973622128586,
    4941.32221271807,
    5021.312564950637,
    4991.1915615108555,
    5031.187922298261,
    5029.463399790743,
    4978.703965305176,
    4962.6062932899895,
    4936.891659342925,
    4896.949721541775,
    4066.4974516636416,
    4201.079676715329,
    4287.377484071754,
    4405.732830155197,
    4482.444251930689,
    4539.760926187133,
    4635.880347319603,
    4712.537486572599,
    4778.779895291021,
    4860.824961640701,
    4894.845710152321,
    4981.113236898171,
    5036.986819182858,
    5034.499326189869,
    5075.873619685544,
    5142.168702201213,
    5181.688197142443,
    5206.837099749925,
    5233.863520083386,
    5252.673289079596,
    5293.539968592256,
    5280.9916054641035,
    5271.336157692954,
    5271.497439479504,
    5268.444179647479,
    5263.336499220427,
    5247.811942380691,
    5239.193581226218,
    5205.861294104482,
    5213.8552294026085
  ],
  "speed": [
    9.06899340736312,
    8.984991211553467,
    8.973882219884215,
    8.961897121664387,
    8.978730026267108,
    8.997760603373312,
    9.032775971271649,
    9.074679877584284,
    9.11252046748857,
    9.13925880475411,
    9.148568434392342,
    9.16347510336163,
    9.189394501527373,
    9.202037025821108,
    9.207126058782782,
    9.215902216424832,
    9.225196203016482,
    9.23556280190178,
    9.257693187817162,
    9.270887286696226,
    9.271142108519902,
    9.279271216437806,
    9.292647665167776,
    9.305978535023273,
    9.307295171043998,
    9.316786026649382,
    9.319757376692925,
    9.325642760853464,
    9.330802496143585,
    9.325903533389125,
    9.332025882087553,
    9.316293575548315,
    9.319150652242046,
    9.323502776167528,
    9.325999911417023,
    9.327375589021557,
    9.328227289440784,
    9.329013869251066,
    9.329652267342166,
    9.336989343966986,
    9.336240820153492,
    9.337450229663743,
    9.343894971651324,
    9.35332150806812,
    9.352488261486736,
    9.359644650949093,
    9.36229168020927,
    9.364551024475467,
    9.369887365114767,
    9.369302985539044,
    9.373918999057425,
    9.374432538730339,
    9.379820324649382,
    9.38188435653873,
    9.38375949208181,
    9.385285839039048,
    9.390234014651877,
    9.393535798012786,
    9.396433210825533
  ],
  "throuput": [
    20,
    54,
    97,
    155,
    225,
    278,
    341,
    420,
    494,
    562,
    659,
    738,
    843,
    953,
    1033,
    1113,
    1233,
    1314,
    1400,
    1487,
    1569,
    1655,
    1725,
    1822,
    1895,
    1973,
    2029,
    2101,
    2176,
    2233,
    2320,
    2374,
    2442,
    2517,
    2578,
    2645,
    2710,
    2790,
    2870,
    2944,
    3023,
    3106,
    3195,
    3294,
    3378,
    3482,
    3575,
    3671,
    3754,
    3839,
    3937,
    4024,
    4110,
    4182,
    4265,
    4336,
    4397,
    4470,
    4537
  ],
  "runningtime": [
    2.595735470453898
  ]
}