{
  "distance": [
    1090.0371778468343,
    1596.014496217961,
    2099.6790247256845,
    2515.6704628168172,
    2841.007846173686,
    3137.2983183378456,
    3430.1774780745895,
    3657.042488341509,
    3878.3538351529733,
    4110.069715181544,
    4300.691848029832,
    4483.555109663592,
    4613.276366519695,
    4633.690475208594,
    4792.110847441328,
    4893.320583483293,
    4878.996929254381,
    4911.495484226796,
    4923.099371906469,
    4967.928812969474,
    4960.661798671609,
    5037.410850931438,
    5006.040477702543,
    5040.971294580612,
    5041.807701252637,
    4991.895595719433,
    4975.09747129087,
    4947.0616497129495,
    4901.11200013434,
    4070.1964614959047,
    4204.804705272432,
    4295.782216807836,
    4413.433967020313,
    4490.47681503496,
    4547.373408551875,
    4642.674912862702,
    4718.020751548525,
    4787.331305249517,
    4872.055026633631,
    4904.446055649826,
    4992.196070577863,
    5045.563456682182,
    5040.239833595887,
    5079.546098160253,
    5146.606203149104,
    5187.334030227253,
    5211.480568582175,
    5238.944666275382,
    5255.514068468961,
    5297.425244757082,
    5285.76009554213,
    5278.816129292077,
    5276.7288054268465,
    5273.768172742817,
    5268.473943575808,
    5253.943443809052,
    5244.747927116831,
    5209.888658368344,
    5216.727564475995
  ],
  "speed": [
    9.199396688585255,
    9.065068212923485,
    9.101702655768474,
    9.08798194598634,
    9.08866882544602,
    9.130971863221653,
    9.146382935828743,
    9.178828868640501,
    9.215079852541713,
    9.246147189695714,
    9.266390509839235,
    9.272913126477505,
    9.280788922386185,
    9.297730447626172,
    9.297445749959905,
    9.309301860169404,
    9.315446608004265,
    9.323441807845123,
    9.335660518398745,
    9.342872329385632,
    9.348586941859978,
    9.353114796649699,
    9.365549806293654,
    9.369287619008734,
    9.37240849862204,
    9.38050776297236,
    9.38011746638398,
    9.387797923606332,
    9.385113316586812,
    9.38099470156759,
    9.38359260995144,
    9.374458553764887,
    9.375611165557746,
    9.38271260072863,
    9.385271240227581,
    9.3884809051478,
    9.389199856537086,
    9.394720658107184,
    9.40095419129941,
    9.405084029009313,
    9.407685191369334,
    9.404289494426589,
    9.406305680708513,
    9.410212063889235,
    9.408728812570168,
    9.416136115904237,
    9.414652115047392,
    9.417185587734828,
    9.42042076096262,
    9.421108682168876,
    9.423685984985767,
    9.428332568573296,
    9.430523921116688,
    9.432972167005884,
    9.43356213702088,
    9.435729185478802,
    9.440553606528379,
    9.443312948195505,
    9.444718663542815
  ],
  "throuput": [
    17,
    53,
    100,
    157,
    227,
    279,
    338,
    425,
    498,
    572,
    661,
    753,
    851,
    954,
    1047,
    1140,
    1226,
    1313,
    1392,
    1486,
    1579,
    1664,
    1732,
    1818,
    1892,
    1967,
    2036,
    2119,
    2176,
    2239,
    2315,
    2377,
    2454,
    2526,
    2588,
    2661,
    2722,
    2794,
    2872,
    2946,
    3029,
    3112,
    3193,
    3289,
    3379,
    3474,
    3571,
    3676,
    3754,
    3832,
    3925,
    4024,
    4118,
    4183,
    4264,
    4329,
    4418,
    4478,
    4544
  ],
  "runningtime": [
    3.63483464717865
  ]
}