{
  "distance": [
    1079.0936995524337,
    1581.0291059410663,
    2070.9916479850663,
    2482.8131762261546,
    2813.054045279174,
    3105.467773349915,
    3395.6043011123274,
    3625.989069223841,
    3847.3839829966637,
    4075.0339754595147,
    4256.088239745743,
    4449.098925195874,
    4585.314854878832,
    4607.898988246537,
    4762.184560858248,
    4866.407816094024,
    4857.8019097775705,
    4894.513919940889,
    4907.68434643754,
    4954.599788483551,
    4951.968342381978,
    5032.545754191796,
    4997.236591661894,
    5039.543856770538,
    5039.754468132441,
    4989.657611344126,
    4974.594794209013,
    4945.135174004247,
    4902.813362467433,
    4071.7343122030247,
    4206.470497529777,
    4295.025683475259,
    4409.898836944698,
    4488.20036928955,
    4544.156907394363,
    4640.239362165278,
    4719.212437339222,
    4787.513572708971,
    4868.261776408008,
    4899.109967534006,
    4990.266008423671,
    5044.341781847834,
    5039.899481234424,
    5077.292805543497,
    5146.432233231242,
    5184.879799489785,
    5212.474109073809,
    5242.357915018347,
    5259.572482958844,
    5301.5534916658835,
    5287.025604047471,
    5280.002619732374,
    5275.202441540952,
    5271.523208705119,
    5264.964891757117,
    5251.105357062595,
    5239.930205759774,
    5204.68829502179,
    5213.038231982567
  ],
  "speed": [
    9.106553377184765,
    8.983349424427669,
    8.981697610613558,
    8.968409280056372,
    8.996234964099536,
    9.029115230482228,
    9.044264218423633,
    9.08928388807002,
    9.125718367631135,
    9.14553400818634,
    9.147807650240129,
    9.173968373715857,
    9.189832178205046,
    9.21263030991087,
    9.207588669637557,
    9.21804211458394,
    9.231276610205432,
    9.245782972083193,
    9.266239721511717,
    9.28078560154759,
    9.290819654287771,
    9.301318455357436,
    9.308678076257678,
    9.327296378081863,
    9.333074965155946,
    9.344077608172073,
    9.350546880555415,
    9.356030878048449,
    9.360913277535769,
    9.360354338992728,
    9.367981462051928,
    9.357186545298356,
    9.353161865283386,
    9.36109805529317,
    9.361414269694468,
    9.36304161789202,
    9.368086770216138,
    9.372381861272455,
    9.373234833836355,
    9.374387503458776,
    9.381941181553236,
    9.377863684181648,
    9.379718335756335,
    9.379628890941058,
    9.381092376124395,
    9.382449193705044,
    9.386729159748294,
    9.39240739093536,
    9.395161767056905,
    9.399004238690921,
    9.401150349600266,
    9.408033731200492,
    9.408469401989015,
    9.410330234039996,
    9.410160266865544,
    9.413781704924228,
    9.413838080471955,
    9.414702658815216,
    9.418140471958942
  ],
  "throuput": [
    18,
    53,
    99,
    157,
    223,
    274,
    340,
    416,
    488,
    571,
    655,
    734,
    844,
    958,
    1040,
    1123,
    1226,
    1306,
    1402,
    1480,
    1570,
    1659,
    1736,
    1820,
    1900,
    1971,
    2043,
    2109,
    2182,
    2246,
    2325,
    2378,
    2450,
    2518,
    2585,
    2648,
    2715,
    2799,
    2878,
    2941,
    3023,
    3106,
    3187,
    3282,
    3371,
    3472,
    3568,
    3667,
    3763,
    3846,
    3944,
    4042,
    4122,
    4188,
    4262,
    4330,
    4403,
    4473,
    4539
  ],
  "runningtime": [
    2.670158024628957
  ]
}