{
  "distance": [
    1082.4710239487292,
    1588.6995346966207,
    2092.221776482021,
    2511.830895391665,
    2840.8818247839567,
    3131.388566779786,
    3418.946648083516,
    3649.684346947976,
    3871.6022549601576,
    4100.278379476289,
    4286.599008627394,
    4473.396365753061,
    4603.323267615774,
    4620.545754025819,
    4778.312146840478,
    4878.536445247449,
    4869.144648994584,
    4899.83374306251,
    4915.99444150221,
    4962.285286978958,
    4957.4760131987705,
    5036.064602598726,
    5002.113630969541,
    5035.8657565067915,
    5040.544867965345,
    4984.4447268156355,
    4968.901589928327,
    4939.597903176234,
    4900.345260602563,
    4069.559904782906,
    4204.962905900858,
    4294.684993243284,
    4411.511169476951,
    4485.3019685260615,
    4539.266151395337,
    4635.326934054945,
    4713.42458485665,
    4778.13291393978,
    4864.074766400254,
    4897.135654738592,
    4987.516350105037,
    5044.002007926267,
    5039.535868003224,
    5078.911200193454,
    5147.937246779765,
    5184.929676792045,
    5209.390239120515,
    5235.4395628624425,
    5253.113711578446,
    5295.390761477869,
    5282.604207308994,
    5274.921854288222,
    5274.761154083334,
    5270.61795580632,
    5265.700943520146,
    5251.472193612594,
    5239.882538040429,
    5205.289918573342,
    5214.321444686554
  ],
  "speed": [
    9.133176678027064,
    9.023428400742874,
    9.069517461070902,
    9.071972095963082,
    9.086915821761398,
    9.108235994039475,
    9.108530717437116,
    9.15188741450422,
    9.190303334892212,
    9.214564573334847,
    9.228172303269165,
    9.239936515794955,
    9.247170736571976,
    9.256612911707602,
    9.25517450515331,
    9.26198859142984,
    9.274301724414524,
    9.275816791697121,
    9.293502264975965,
    9.302919280878102,
    9.30845271208584,
    9.309260475138888,
    9.316514002765238,
    9.31986486130031,
    9.331601565436868,
    9.331414871685128,
    9.336866037537463,
    9.341238494416313,
    9.348305315188961,
    9.345117874679609,
    9.349711814949915,
    9.338254013657098,
    9.340194160097841,
    9.341602036183188,
    9.339040458711208,
    9.341609969170126,
    9.343650408902342,
    9.34103854060991,
    9.350260206386261,
    9.355304608193702,
    9.363934406138037,
    9.366997479904972,
    9.37191326170567,
    9.37613786330486,
    9.38094074018982,
    9.383900010226457,
    9.386024657690857,
    9.386268180012328,
    9.388230371883434,
    9.390939665959488,
    9.394570002402832,
    9.39870640448893,
    9.402447976902195,
    9.403470065158883,
    9.40636645530693,
    9.409573754355348,
    9.410709272656682,
    9.412937134296527,
    9.416419073311332
  ],
  "throuput": [
    17,
    52,
    99,
    158,
    230,
    275,
    337,
    422,
    496,
    575,
    657,
    747,
    850,
    950,
    1042,
    1131,
    1218,
    1301,
    1387,
    1481,
    1565,
    1647,
    1730,
    1822,
    1896,
    1973,
    2037,
    2110,
    2173,
    2237,
    2302,
    2380,
    2457,
    2520,
    2591,
    2641,
    2711,
    2795,
    2868,
    2950,
    3022,
    3117,
    3199,
    3286,
    3385,
    3488,
    3579,
    3661,
    3757,
    3843,
    3933,
    4026,
    4102,
    4195,
    4259,
    4337,
    4413,
    4474,
    4534
  ],
  "runningtime": [
    3.2860379020373025
  ]
}