{
  "distance": [
    1086.7671768682294,
    1589.8578720371386,
    2095.811061738033,
    2514.417682482373,
    2843.6797414854836,
    3138.6644816684015,
    3428.1712522169414,
    3657.8987747882184,
    3876.1138921923543,
    4114.280490049885,
    4299.2844928811655,
    4486.863872241589,
    4621.655738903502,
    4629.840432962924,
    4789.780987339052,
    4888.432764906323,
    4873.915906381046,
    4905.084763929656,
    4913.891452261045,
    4958.569195233647,
    4957.636985249401,
    5035.680826285557,
    5006.157391983853,
    5039.843454201799,
    5044.505971556051,
    4993.939186339305,
    4978.133116448741,
    4949.4811009161795,
    4908.109621311448,
    4074.483797036584,
    4206.4373272927405,
    4298.953947674169,
    4413.933750142042,
    4488.915860908758,
    4545.535764844145,
    4643.219003883805,
    4718.337517814264,
    4784.7849061840525,
    4866.787511596716,
    4898.252810718555,
    4988.386621479697,
    5045.24552229426,
    5042.7521073699445,
    5082.3821995171065,
    5148.531447897203,
    5185.377690438147,
    5215.582869313524,
    5243.377266558527,
    5259.581699718652,
    5300.9689956333405,
    5286.7513605835775,
    5277.644203023237,
    5274.730934365988,
    5271.216588578942,
    5264.8245736181125,
    5252.035000758423,
    5240.101458655678,
    5205.263584757329,
    5212.5456921277455
  ],
  "speed": [
    9.170472270650224,
    9.03042259802271,
    9.089689382053498,
    9.08839963248422,
    9.103495075218778,
    9.138888517980115,
    9.147883978584936,
    9.189353036454055,
    9.220197718852953,
    9.262431202921984,
    9.273219612631847,
    9.288104190256584,
    9.31028015965717,
    9.30839390497469,
    9.313345040923858,
    9.317680809774423,
    9.323799499932527,
    9.329179559885896,
    9.3344716070947,
    9.337049187806462,
    9.345873403264346,
    9.343754451119427,
    9.355362279467135,
    9.356339516242613,
    9.365676002087598,
    9.371859705021375,
    9.376100927135587,
    9.379842902434214,
    9.384833029183389,
    9.380403067509292,
    9.382051846298333,
    9.378653189063817,
    9.375491079590942,
    9.378573007483157,
    9.379658281559832,
    9.384871899650365,
    9.383103087342917,
    9.382951117226341,
    9.386170588741487,
    9.388926563112603,
    9.395562499739183,
    9.39759520896249,
    9.404420134475652,
    9.407812698296674,
    9.404903317229445,
    9.403858274422614,
    9.412956316619425,
    9.416444668118954,
    9.418879125281215,
    9.420911756426731,
    9.421993102899489,
    9.422846991637233,
    9.424709445256681,
    9.426097573032939,
    9.425711695269232,
    9.429182296329916,
    9.42759436253538,
    9.42930010238886,
    9.431498759199462
  ],
  "throuput": [
    18,
    53,
    102,
    161,
    226,
    281,
    344,
    426,
    494,
    577,
    662,
    754,
    862,
    963,
    1049,
    1144,
    1228,
    1312,
    1391,
    1468,
    1561,
    1638,
    1736,
    1818,
    1890,
    1968,
    2039,
    2102,
    2178,
    2245,
    2320,
    2383,
    2460,
    2525,
    2580,
    2653,
    2717,
    2801,
    2881,
    2943,
    3024,
    3110,
    3197,
    3280,
    3376,
    3472,
    3577,
    3669,
    3764,
    3847,
    3930,
    4034,
    4110,
    4195,
    4254,
    4324,
    4405,
    4484,
    4536
  ],
  "runningtime": [
    3.3857839266459147
  ]
}