{
  "distance": [
    1087.6623170594814,
    1593.6941173139555,
    2098.663372888288,
    2510.4477052857997,
    2835.409953083306,
    3131.781016773468,
    3427.560287946565,
    3659.240278385021,
    3879.5518145840283,
    4114.162676185908,
    4299.631483588328,
    4491.456265289604,
    4623.505798147944,
    4638.280303618691,
    4795.8140565232525,
    4897.205456372765,
    4879.254096069648,
    4911.424277047988,
    4923.631485665327,
    4966.462145623043,
    4957.764898593987,
    5034.57105806453,
    5002.511982800556,
    5035.48612134877,
    5040.126909020949,
    4991.53746943102,
    4974.876574501567,
    4946.751222057386,
    4901.871402446808,
    4073.3761911077845,
    4210.244334380763,
    4299.189075658905,
    4414.7595524678,
    4489.214640895657,
    4543.852198446737,
    4640.041622247294,
    4716.561848211111,
    4784.537161823809,
    4868.294487602863,
    4902.308335462772,
    4990.382022409193,
    5045.168075466933,
    5038.420026425003,
    5076.926375383853,
    5146.360795119331,
    5185.847061894371,
    5213.475183570492,
    5238.368791513779,
    5254.614524013326,
    5296.788375929449,
    5283.672736864909,
    5275.406396469504,
    5273.134899738357,
    5269.281497789142,
    5260.800982092451,
    5248.515340037381,
    5236.271494755428,
    5202.951313557954,
    5211.272107936215
  ],
  "speed": [
    9.178584954088452,
    9.050918062395269,
    9.09751145423552,
    9.066890931467624,
    9.067080675352704,
    9.103910309193251,
    9.12584679771,
    9.168925651377515,
    9.203854958150576,
    9.24039174061323,
    9.25014667725134,
    9.269854281713991,
    9.282648430500338,
    9.292216260995161,
    9.293138369166584,
    9.303665534137508,
    9.306484524089901,
    9.31326953832186,
    9.326641104064716,
    9.334142809896598,
    9.33368426481967,
    9.33498243443834,
    9.343378308843329,
    9.342155376966799,
    9.35132273504425,
    9.362684709410798,
    9.364475300044166,
    9.369613791501088,
    9.368634258149843,
    9.373184674851633,
    9.382761044079182,
    9.37034582408266,
    9.368002111717946,
    9.370274701902552,
    9.368336255253984,
    9.37231445910565,
    9.374892121989243,
    9.37981309492575,
    9.384765266529971,
    9.392869285048356,
    9.39910392869604,
    9.401135654343062,
    9.40111796882013,
    9.403221304041868,
    9.40636125076959,
    9.410836788787917,
    9.416752893593863,
    9.416337462560278,
    9.418305943180524,
    9.422012974394585,
    9.426612493486934,
    9.429624471277284,
    9.431451495327561,
    9.43411142993755,
    9.429002879000357,
    9.433834062592098,
    9.431765336619925,
    9.434501616795885,
    9.435987664786136
  ],
  "throuput": [
    17,
    53,
    97,
    155,
    222,
    279,
    335,
    421,
    495,
    576,
    656,
    741,
    854,
    964,
    1042,
    1143,
    1232,
    1311,
    1397,
    1483,
    1574,
    1649,
    1728,
    1817,
    1886,
    1970,
    2038,
    2114,
    2174,
    2245,
    2311,
    2379,
    2457,
    2521,
    2589,
    2655,
    2726,
    2799,
    2873,
    2956,
    3041,
    3118,
    3200,
    3282,
    3375,
    3471,
    3585,
    3672,
    3761,
    3843,
    3937,
    4028,
    4122,
    4195,
    4251,
    4327,
    4407,
    4472,
    4531
  ],
  "runningtime": [
    3.6026458740234375
  ]
}