{
  "distance": [
    1070.8382919604312,
    1479.2741941987829,
    1818.3094962734556,
    2127.2931189742417,
    2420.5963119063326,
    2653.323323694882,
    2838.8831761243805,
    2992.565735178037,
    3148.0766366040684,
    3285.0676701409443,
    3400.8093507720046,
    3476.4828680448777,
    3598.7071232716353,
    3607.0094502612947,
    3723.340594967154,
    3750.2559699308345,
    3792.320241920182,
    3848.9593015198266,
    3680.783492725888,
    3772.1856513663283,
    3831.855180953042,
    3880.588742734548,
    3938.8834813603385,
    3967.1043961663586,
    3999.1162384128456,
    4041.5482439242664,
    4082.682481099892,
    4113.153002137115,
    4130.5577585769615,
    4164.632655577345,
    4196.024897479509,
    4212.0790289341885,
    4228.602909780157,
    4245.494460172262,
    4263.075253325834,
    4264.815031531492,
    4286.935499057701,
    4172.9734921076915,
    4204.532947992704,
    4235.040890365547,
    4258.99766409744,
    4273.275353529205,
    4281.5578175436,
    4305.187226900803,
    4313.538914775645,
    4332.981804909625,
    4366.271636464937,
    4369.784857050592,
    4384.707580635861,
    4398.7916709603705,
    4409.256168015594,
    4408.956253299866,
    4422.826514882718,
    4421.2002161926075,
    4443.161624890938,
    4435.933276822882,
    4351.159080483254,
    4369.64661588934,
    4382.295032874062
  ],
  "speed": [
    10.80281175283387,
    10.75437684172203,
    10.661889549000472,
    10.618510442834612,
    10.637142994751885,
    10.552023481018775,
    10.49079955147639,
    10.44629510025327,
    10.399871053564048,
    10.335003788289793,
    10.257699018447427,
    10.226443756264594,
    10.164129568068146,
    10.103182781070563,
    10.067843574719072,
    10.0285415642528,
    10.001567665369382,
    9.959869969696308,
    9.907105390685635,
    9.877047538859742,
    9.836900263454247,
    9.79084858002859,
    9.736508260826024,
    9.683362910517076,
    9.646187469550284,
    9.606886886250702,
    9.56856197261863,
    9.541002459852042,
    9.496881324306173,
    9.459322640646862,
    9.42235562936238,
    9.402267942640885,
    9.369981015602486,
    9.336331923304435,
    9.303169906696185,
    9.269329800546748,
    9.239967608299764,
    9.213910261418668,
    9.187287832142452,
    9.150926712275881,
    9.117359354804007,
    9.078499478377799,
    9.034942825004642,
    9.006992502019507,
    8.97611536800895,
    8.945401459821579,
    8.918025793903276,
    8.88687489632005,
    8.851918980959379,
    8.826499100787105,
    8.800998220336329,
    8.771620578959698,
    8.741077372780433,
    8.710463105918947,
    8.685063199110969,
    8.651860435044007,
    8.625562537790994,
    8.598826641049609,
    8.57629208780814
  ],
  "throuput": [
    10,
    25,
    54,
    92,
    154,
    227,
    320,
    406,
    511,
    601,
    727,
    840,
    964,
    1081,
    1207,
    1325,
    1442,
    1547,
    1689,
    1803,
    1914,
    2034,
    2159,
    2272,
    2403,
    2505,
    2626,
    2736,
    2868,
    2978,
    3092,
    3227,
    3340,
    3485,
    3600,
    3731,
    3845,
    3972,
    4084,
    4199,
    4322,
    4435,
    4531,
    4661,
    4787,
    4901,
    5026,
    5135,
    5253,
    5379,
    5508,
    5630,
    5764,
    5880,
    6020,
    6126,
    6242,
    6367,
    6493
  ],
  "runningtime": [
    2.701489528020223
  ]
}