{
  "distance": [
    1093.1320243066893,
    1516.2804925750831,
    1862.3687829248956,
    2169.1585691747036,
    2449.829691674099,
    2687.4364672947313,
    2871.7634659927216,
    3014.157523746121,
    3166.5308849123467,
    3298.050390769092,
    3414.8973106025014,
    3487.6705912525986,
    3616.2743731906507,
    3626.025145394607,
    3739.6703029464234,
    3765.069445753094,
    3805.7486291708974,
    3860.164289432955,
    3695.0629671314264,
    3787.5522209135934,
    3849.611519123541,
    3896.3904383806785,
    3957.8228702036567,
    3986.842620619923,
    4022.813582471721,
    4062.129881355225,
    4100.382838402471,
    4126.420227578558,
    4143.471306369132,
    4175.0310220283955,
    4201.757893231805,
    4213.55219985014,
    4224.615200276867,
    4241.4879182804225,
    4261.218576096849,
    4263.858544695566,
    4284.229651517466,
    4169.224225507905,
    4200.39317980647,
    4230.240255417104,
    4254.561504100694,
    4273.244759209855,
    4282.757771644934,
    4304.68196356017,
    4310.229021002994,
    4329.419899863229,
    4362.310929091292,
    4366.450235162432,
    4383.309348486336,
    4398.043758058798,
    4407.9983170478545,
    4409.984961087309,
    4425.330289519608,
    4421.363934270105,
    4441.8989825924455,
    4435.830024699293,
    4348.83124662029,
    4367.975236327378,
    4379.335453815173
  ],
  "speed": [
    11.019436660333032,
    11.017298842009632,
    10.91867925400932,
    10.850227709382951,
    10.793053712057553,
    10.727982292199053,
    10.66568426746976,
    10.590007017815447,
    10.53526519413044,
    10.458526676418458,
    10.392865888190117,
    10.353268248388405,
    10.304433748526833,
    10.243987259112284,
    10.197186656871239,
    10.15136682533333,
    10.116600281222542,
    10.07224236439151,
    10.026663256919008,
    9.992996638692222,
    9.957112518646994,
    9.908649607337438,
    9.857791970145017,
    9.805417222653801,
    9.778289478420477,
    9.735729859112856,
    9.695689370557746,
    9.663591327627064,
    9.622081478725315,
    9.580260818950471,
    9.536394705693917,
    9.504887678797433,
    9.459064638087042,
    9.423337023380396,
    9.390817887512632,
    9.358176098483215,
    9.324838928823986,
    9.29325506541546,
    9.263593466284496,
    9.223463685899205,
    9.188392791630866,
    9.154950452804425,
    9.112720327987574,
    9.081819053202178,
    9.04552365576016,
    9.011493535672148,
    8.980271915142271,
    8.94813527942364,
    8.914510825107891,
    8.88876565708649,
    8.860664270572766,
    8.83547812640224,
    8.807620250166082,
    8.773894807384284,
    8.744915064302441,
    8.713066256257171,
    8.682416918433193,
    8.65726999197208,
    8.632168035273718
  ],
  "throuput": [
    8,
    24,
    57,
    99,
    158,
    239,
    340,
    420,
    522,
    623,
    741,
    857,
    966,
    1094,
    1209,
    1333,
    1450,
    1567,
    1689,
    1807,
    1925,
    2042,
    2159,
    2282,
    2416,
    2527,
    2652,
    2767,
    2883,
    2992,
    3114,
    3229,
    3353,
    3477,
    3604,
    3743,
    3853,
    3975,
    4092,
    4208,
    4319,
    4435,
    4550,
    4678,
    4789,
    4901,
    5030,
    5133,
    5252,
    5388,
    5503,
    5639,
    5776,
    5901,
    6022,
    6134,
    6263,
    6380,
    6502
  ],
  "runningtime": [
    2.720155374209086
  ]
}