{
  "distance": [
    1095.2158921720654,
    1525.6357385939252,
    1868.7986338477983,
    2188.3191445033226,
    2471.987661016341,
    2715.709047518807,
    2904.302619693323,
    3064.669842030965,
    3219.537819318704,
    3353.923055872987,
    3470.2547133555317,
    3532.31056574491,
    3653.071470697322,
    3661.204980253421,
    3770.8359475167213,
    3793.747083671883,
    3826.8322659763135,
    3881.8883849222407,
    3717.2150221952065,
    3813.389469425589,
    3873.5717920754846,
    3923.0084729392433,
    3987.654930006319,
    4022.252407827418,
    4053.51541871565,
    4095.7050997354213,
    4134.996498523436,
    4157.381154832583,
    4174.562106870926,
    4205.199588743369,
    4231.037609911299,
    4237.790808061616,
    4246.524608593778,
    4260.42013633083,
    4276.632734883996,
    4278.435944487767,
    4299.12032832286,
    4183.261484678648,
    4216.964340969567,
    4253.828258892351,
    4279.474053570826,
    4298.2021743164105,
    4309.166318117737,
    4330.09363676002,
    4338.97549786288,
    4358.39158176203,
    4391.933982042082,
    4395.953991822475,
    4410.461219597106,
    4421.058796326562,
    4425.927838072212,
    4423.033436552784,
    4433.925910733953,
    4429.89328070294,
    4448.909582904751,
    4444.256635935408,
    4358.582962472384,
    4378.654045034808,
    4391.813478102913
  ],
  "speed": [
    11.038667629026142,
    11.084912368995868,
    10.952429690870776,
    10.924285684170476,
    10.874306571181233,
    10.841309003022632,
    10.790771504139846,
    10.772901019349895,
    10.730662174859212,
    10.677444046378017,
    10.615536479371823,
    10.56102876144528,
    10.511131564367034,
    10.46797733165621,
    10.415635502865124,
    10.365721668610629,
    10.321404352475705,
    10.287055394431874,
    10.25223707184187,
    10.234476366273553,
    10.19623819064462,
    10.154575073226885,
    10.116814631262574,
    10.078432370938366,
    10.040266163137131,
    10.001469105478584,
    9.965857674942358,
    9.924646594798514,
    9.882149564363276,
    9.840649464292657,
    9.79512239852691,
    9.755262362079266,
    9.708644636133744,
    9.67016221526008,
    9.630283619652344,
    9.591957985118347,
    9.557412366113573,
    9.523918368217641,
    9.4962423663089,
    9.46932352347515,
    9.437410976084836,
    9.405557900776117,
    9.368232385984482,
    9.33683781198831,
    9.306757040718015,
    9.27392773899321,
    9.24341837904408,
    9.212820878035494,
    9.177813502100365,
    9.145358424627618,
    9.109825604012286,
    9.076072452905624,
    9.038168697296676,
    9.002630640109215,
    8.96839319923996,
    8.936613278635235,
    8.906603145951046,
    8.879893380502196,
    8.854656139900463
  ],
  "throuput": [
    8,
    26,
    55,
    91,
    163,
    244,
    325,
    431,
    534,
    647,
    756,
    881,
    1011,
    1126,
    1232,
    1359,
    1478,
    1596,
    1723,
    1846,
    1945,
    2076,
    2192,
    2316,
    2429,
    2552,
    2677,
    2792,
    2904,
    3030,
    3147,
    3277,
    3396,
    3521,
    3627,
    3756,
    3876,
    3994,
    4114,
    4226,
    4360,
    4473,
    4594,
    4710,
    4825,
    4935,
    5055,
    5188,
    5307,
    5429,
    5557,
    5674,
    5808,
    5921,
    6038,
    6160,
    6280,
    6394,
    6512
  ],
  "runningtime": [
    2.907968540986379
  ]
}