{
  "distance": [
    1092.0127778399683,
    1527.0077147097218,
    1869.68339608762,
    2184.252887609738,
    2473.701044817277,
    2727.809603139547,
    2917.914639232002,
    3068.444341185292,
    3221.6650446063773,
    3353.8853659742012,
    3469.993917291712,
    3535.333575082267,
    3652.6686882157715,
    3662.0304641219304,
    3774.6590563984155,
    3801.3816384379993,
    3835.8397907784597,
    3892.9564975159983,
    3731.233236767558,
    3819.094091874661,
    3878.1640020105974,
    3929.1844249459705,
    3994.35756055067,
    4026.9753461069513,
    4056.85852759138,
    4102.947932023543,
    4141.65064500636,
    4165.689987199029,
    4183.17269091251,
    4216.650635128399,
    4245.264254304736,
    4250.422407757908,
    4261.983005250837,
    4277.536248163251,
    4293.391333961367,
    4294.194649889844,
    4315.832406834135,
    4198.42621846338,
    4230.005908609264,
    4267.080292269505,
    4291.676010967789,
    4309.691010467818,
    4321.424963062817,
    4340.003493323163,
    4348.84705091865,
    4367.205633822093,
    4398.638659063632,
    4404.100899769204,
    4417.7911371100345,
    4426.626216155072,
    4434.189122837153,
    4432.323577575185,
    4444.5429381232225,
    4442.037580849254,
    4462.769441186112,
    4458.432792978115,
    4372.2343511921235,
    4392.376205461719,
    4403.0373084728935
  ],
  "speed": [
    11.00677687293127,
    11.101401260568698,
    10.96304465140907,
    10.90849917305894,
    10.872935158902662,
    10.872230874545927,
    10.828000856610233,
    10.782041007049473,
    10.738739047064335,
    10.689424740794157,
    10.623155967224415,
    10.570357161276945,
    10.502278349610076,
    10.455362267438788,
    10.409579539529647,
    10.368990399951539,
    10.331975751792399,
    10.306347855282013,
    10.284279202076124,
    10.241332230420682,
    10.203754898000591,
    10.169202356944659,
    10.132994166479705,
    10.097030317824208,
    10.059060795734515,
    10.031363644250352,
    9.994651775671425,
    9.959446336896464,
    9.921616510860268,
    9.8871481393149,
    9.850943854982564,
    9.813792625442636,
    9.776158787563933,
    9.742836542666838,
    9.708111447044036,
    9.671422061217491,
    9.642427921832981,
    9.610744303746003,
    9.580290602291624,
    9.556664573325222,
    9.523519576412413,
    9.489591095100506,
    9.455821478096032,
    9.420918579631454,
    9.393611312138148,
    9.360682571454003,
    9.327456372061446,
    9.300503252200667,
    9.263449573487879,
    9.227679893241406,
    9.197741116248212,
    9.168666676275315,
    9.13544365057501,
    9.103917535595373,
    9.074716853488614,
    9.046650602848196,
    9.019124124883394,
    8.995890854338443,
    8.968976549942743
  ],
  "throuput": [
    9,
    27,
    53,
    91,
    160,
    244,
    329,
    428,
    545,
    644,
    754,
    876,
    993,
    1125,
    1226,
    1361,
    1478,
    1597,
    1717,
    1841,
    1956,
    2070,
    2211,
    2327,
    2444,
    2554,
    2675,
    2805,
    2911,
    3039,
    3161,
    3292,
    3411,
    3542,
    3660,
    3777,
    3902,
    4016,
    4128,
    4257,
    4365,
    4490,
    4609,
    4732,
    4839,
    4951,
    5074,
    5201,
    5314,
    5444,
    5583,
    5706,
    5821,
    5951,
    6065,
    6190,
    6321,
    6435,
    6553
  ],
  "runningtime": [
    2.9878930687904357
  ]
}