{
  "distance": [
    985.4268699716232,
    1285.950683741655,
    1629.7021605796176,
    1899.2793438887902,
    2113.526928250616,
    2404.4176684387135,
    2615.857475866216,
    2776.534829798888,
    2932.5831505357237,
    3116.6866602804866,
    3239.160911851872,
    3396.659937126877,
    3195.3582367837066,
    3338.943760974924,
    3508.061820695656,
    3625.902753758088,
    3755.127727059582,
    3879.3367071930393,
    3976.102796299946,
    4065.4824362106656,
    4158.483264824799,
    4249.773930432813,
    4327.6002297106725,
    4391.767838201629,
    4453.841399343323,
    4247.306939675137,
    4359.178430169194,
    4431.1174206781,
    4505.893905707843,
    4570.176967300798,
    4643.317642003293,
    4695.9564651475175,
    4752.480678813238,
    4807.608274634179,
    4848.876016249085,
    4897.035375773464,
    4929.721804674327,
    4971.681136191993,
    5009.142047170287,
    4868.210155399202,
    4910.37854408339,
    4957.010071477862,
    5010.3887276698215,
    5043.897644747101,
    5084.881553151659,
    5119.406678493809,
    5158.163899474302,
    5184.375715463761,
    5214.472435385743,
    5240.022661866742,
    5265.401116301179,
    5286.518632995352,
    5146.642094177057,
    5192.695542651346,
    5223.812859122666,
    5256.681941349296,
    5280.327453231726,
    5300.570682718434,
    5337.651444558342
  ],
  "speed": [
    9.285474870109828,
    9.228837227088098,
    9.1625398634346,
    9.099923779168055,
    9.042382146725208,
    9.004793154156497,
    8.952079069194236,
    8.898639383882541,
    8.848662202450294,
    8.800032439320454,
    8.768662076101666,
    8.731436748109301,
    8.727452273176553,
    8.695440874823472,
    8.645389417124823,
    8.599984112227565,
    8.565236689067882,
    8.52760105743693,
    8.4898526725718,
    8.457086029505666,
    8.422668099177152,
    8.390260423915903,
    8.364364275579108,
    8.338680368698213,
    8.307407561133095,
    8.277757971412253,
    8.26155606352369,
    8.239504281547823,
    8.208057786802458,
    8.178527104189103,
    8.144482850902355,
    8.114079697131238,
    8.078535192585875,
    8.046710349966201,
    8.01807305132952,
    7.989160898269565,
    7.959510331454549,
    7.932920117252438,
    7.911373090424642,
    7.8878589597183595,
    7.861037139512744,
    7.83499615290039,
    7.806837727700615,
    7.780568538664753,
    7.751866478758315,
    7.7244805770905005,
    7.694615134412525,
    7.664271078218417,
    7.636675113659367,
    7.607624095491957,
    7.579398374538528,
    7.551938425670327,
    7.527657942730142,
    7.502691267266543,
    7.476833066090748,
    7.450145202286235,
    7.424048020869027,
    7.397685661570674,
    7.370229646602446
  ],
  "throuput": [
    33,
    100,
    181,
    310,
    509,
    737,
    1033,
    1339,
    1701,
    2066,
    2462,
    2886,
    3366,
    3836,
    4286,
    4749,
    5225,
    5779,
    6232,
    6726,
    7258,
    7772,
    8302,
    8827,
    9336,
    9867,
    10393,
    10926,
    11438,
    12019,
    12577,
    13081,
    13629,
    14156,
    14710,
    15276,
    15800,
    16345,
    16903,
    17447,
    17983,
    18559,
    19171,
    19670,
    20247,
    20771,
    21312,
    21840,
    22395,
    22917,
    23492,
    24056,
    24641,
    25199,
    25698,
    26278,
    26845,
    27428,
    27970
  ],
  "runningtime": [
    62.24539535840352
  ]
}