{
  "distance": [
    1000.5706323529823,
    1313.0583118444563,
    1671.0951995151997,
    1954.031494953991,
    2181.0029642174086,
    2486.1350807203303,
    2712.5769469637216,
    2885.5354302670844,
    3052.6868117179465,
    3250.0368201984525,
    3379.6040397259026,
    3545.0572744027354,
    3329.007825671587,
    3478.3142244033693,
    3657.867537591837,
    3781.6916749971233,
    3912.726689614941,
    4042.9453974567023,
    4145.065125638525,
    4237.104957139814,
    4330.626278220844,
    4422.670081034636,
    4499.95777377174,
    4561.144762047583,
    4624.708663774876,
    4406.633652422178,
    4516.800376847499,
    4586.574123433408,
    4661.086366467572,
    4723.29369157556,
    4798.850080333907,
    4852.971999376856,
    4912.372926094054,
    4967.6765124666745,
    5005.389335243076,
    5050.708741170472,
    5082.526639877327,
    5123.082945030721,
    5155.3934405528535,
    5007.743048770423,
    5050.913373786678,
    5095.117139061262,
    5147.731420331945,
    5178.716201838425,
    5218.733462286944,
    5252.023656875724,
    5291.116236184314,
    5317.254710089534,
    5345.638445328022,
    5370.873910708061,
    5395.13268249381,
    5414.646444909604,
    5268.0946926091165,
    5314.063120766691,
    5344.274689608989,
    5377.573384587078,
    5400.393930880485,
    5419.9109590677035,
    5456.717252570782
  ],
  "speed": [
    9.428555203190532,
    9.42053691372668,
    9.394738380962199,
    9.37321333637733,
    9.35007912631813,
    9.341784919250173,
    9.329594824141266,
    9.315675351851183,
    9.295656524324375,
    9.280927062948162,
    9.278348196309501,
    9.268719460741796,
    9.270299763222003,
    9.255280726437913,
    9.229527982267369,
    9.202986047473303,
    9.17486962110828,
    9.153506798005655,
    9.135357860113725,
    9.118216441434784,
    9.092852388539585,
    9.066418754539653,
    9.045791792426241,
    9.02066825246235,
    8.998056835709837,
    8.971278381674642,
    8.953767980945278,
    8.932933600047479,
    8.903947293380492,
    8.873519161869549,
    8.845819020685786,
    8.821221982000496,
    8.793655941725916,
    8.764865064013877,
    8.734253230095035,
    8.703160015328168,
    8.673912314159573,
    8.646861042936816,
    8.619357982790941,
    8.594274781071032,
    8.56979048362761,
    8.539847417417834,
    8.50847324757718,
    8.47713514404958,
    8.445739712630935,
    8.415613661466981,
    8.385676786884554,
    8.355812166204313,
    8.32607965486982,
    8.296791534856403,
    8.267563668404087,
    8.238187941123217,
    8.209384652970108,
    8.181960302346706,
    8.153544552409006,
    8.126393133439237,
    8.097948122071664,
    8.069307148799242,
    8.039197661388247
  ],
  "throuput": [
    35,
    93,
    190,
    338,
    524,
    791,
    1114,
    1449,
    1812,
    2231,
    2693,
    3139,
    3632,
    4122,
    4611,
    5080,
    5594,
    6164,
    6697,
    7225,
    7731,
    8260,
    8797,
    9310,
    9837,
    10422,
    10987,
    11516,
    12035,
    12597,
    13158,
    13716,
    14271,
    14807,
    15366,
    15918,
    16425,
    16980,
    17575,
    18128,
    18678,
    19250,
    19771,
    20349,
    20898,
    21445,
    22026,
    22574,
    23108,
    23675,
    24222,
    24782,
    25331,
    25897,
    26450,
    27029,
    27592,
    28161,
    28684
  ],
  "runningtime": [
    23.918355588118235
  ]
}