{
  "distance": [
    1006.8679516699522,
    1321.750536123925,
    1680.6627856197629,
    1969.3490300887854,
    2198.6496626801522,
    2508.406019209281,
    2733.8607028719034,
    2911.5380302355466,
    3080.835726934756,
    3282.0201199449775,
    3413.059200534391,
    3578.821026582929,
    3357.6925721459893,
    3506.4080026035826,
    3688.4633680244633,
    3814.627787050058,
    3949.462631158836,
    4078.2479465313963,
    4178.965527763369,
    4268.814502831812,
    4360.544552816527,
    4451.226069653402,
    4525.795711973176,
    4585.267408150445,
    4647.894776112042,
    4429.166648133863,
    4537.389745060573,
    4605.713744700971,
    4680.066287987337,
    4742.5615503450945,
    4815.825598082744,
    4869.52416736869,
    4929.227209959847,
    4987.129306296492,
    5024.477917095192,
    5070.501726987826,
    5102.103174282312,
    5141.501210617943,
    5173.318105760536,
    5023.990823059794,
    5064.980924569356,
    5109.193094692046,
    5162.4590081534925,
    5192.602731285869,
    5233.371525376816,
    5267.936652835297,
    5308.017344139548,
    5334.643653407109,
    5363.688727321623,
    5389.169452741028,
    5413.101923370307,
    5433.335216863137,
    5287.455560084459,
    5334.249535323631,
    5365.387172172358,
    5397.569155475882,
    5420.926813525904,
    5440.342273099148,
    5478.432900881804
  ],
  "speed": [
    9.485514973053785,
    9.485260387484585,
    9.453144110389465,
    9.449534682632867,
    9.4304261285892,
    9.436761123476128,
    9.418326534687223,
    9.418795760727136,
    9.409351991367695,
    9.408719802026175,
    9.412916717250509,
    9.403194907752795,
    9.402188248018795,
    9.384688049712612,
    9.364159084116102,
    9.343884663283822,
    9.32620285227411,
    9.302944212287613,
    9.281633686414581,
    9.25986989352281,
    9.23095597022489,
    9.203934512944722,
    9.179537395439237,
    9.151346836665969,
    9.127417823438526,
    9.10292696746301,
    9.080547764170765,
    9.054085999640794,
    9.023642358485555,
    8.993936947381494,
    8.961655253292324,
    8.935051168139715,
    8.906629713852523,
    8.880464906973343,
    8.847858977935624,
    8.817175049013771,
    8.786895473444343,
    8.757626778585223,
    8.73011832542096,
    8.703546516017981,
    8.67540940645848,
    8.644921066533007,
    8.614168111435276,
    8.58163295788111,
    8.55089998347379,
    8.52245629565184,
    8.493439043121882,
    8.463957320660839,
    8.435346128700273,
    8.407201162789363,
    8.37895588865449,
    8.351536531674988,
    8.324985614033388,
    8.29924477899107,
    8.273199133006795,
    8.244868424960192,
    8.217301064632451,
    8.188231433048436,
    8.15978430859175
  ],
  "throuput": [
    35,
    99,
    192,
    340,
    539,
    820,
    1125,
    1475,
    1881,
    2271,
    2742,
    3193,
    3685,
    4178,
    4684,
    5178,
    5699,
    6236,
    6763,
    7307,
    7826,
    8365,
    8867,
    9392,
    9924,
    10510,
    11039,
    11555,
    12133,
    12696,
    13235,
    13764,
    14327,
    14863,
    15426,
    15961,
    16502,
    17080,
    17662,
    18237,
    18783,
    19291,
    19867,
    20437,
    20970,
    21535,
    22123,
    22682,
    23241,
    23827,
    24395,
    24924,
    25495,
    26060,
    26631,
    27166,
    27719,
    28248,
    28829
  ],
  "runningtime": [
    32.65075743993123
  ]
}