{
  "distance": [
    1008.8506265183694,
    1324.471163770636,
    1686.0046668449002,
    1973.31414260142,
    2202.383724499698,
    2511.9099985443627,
    2739.9562229270036,
    2917.491917058073,
    3087.189286805821,
    3288.2459684330283,
    3418.997577452321,
    3582.6156860730503,
    3359.985458772233,
    3510.7534320336326,
    3692.1523556474244,
    3815.4801328262292,
    3946.8735038261784,
    4074.81750574251,
    4177.173266683624,
    4268.674970985473,
    4363.200601237523,
    4454.148891481024,
    4528.222659136186,
    4589.366395111586,
    4651.097265715461,
    4431.901972093998,
    4541.249648714004,
    4609.742490243594,
    4685.227409864949,
    4748.3193824092805,
    4824.19045612818,
    4876.349639918658,
    4936.73539676197,
    4992.611800429722,
    5029.326676093388,
    5074.760658848733,
    5105.885575448068,
    5143.010332901711,
    5174.06751447145,
    5024.479754299767,
    5066.0045470638115,
    5109.780372069886,
    5164.076167719371,
    5196.65523997335,
    5237.777951486293,
    5272.417857793205,
    5312.046248138869,
    5338.36675029821,
    5366.015586484309,
    5390.727123825866,
    5415.735962540782,
    5435.406667384703,
    5288.880318611379,
    5335.060478799282,
    5366.003351560067,
    5398.436772927311,
    5421.536312803145,
    5441.305044491771,
    5479.890501391028
  ],
  "speed": [
    9.508094913345966,
    9.50386192313391,
    9.480790381633218,
    9.468487903829656,
    9.451440856025028,
    9.453250311492202,
    9.441181934365217,
    9.440145723662324,
    9.431225241142684,
    9.429346409244703,
    9.434498140862024,
    9.419179472219788,
    9.413160280351534,
    9.39939007818215,
    9.376118107358074,
    9.349458678412304,
    9.323365692707057,
    9.298604769357963,
    9.280402003160068,
    9.259277375140575,
    9.235675503427458,
    9.208959856868246,
    9.184711483661717,
    9.161586791123598,
    9.136232026377066,
    9.11120002071499,
    9.090670958218208,
    9.065069367020868,
    9.037921438302801,
    9.009018243991447,
    8.98132550107847,
    8.952107103017092,
    8.925488591071705,
    8.896648148182365,
    8.864167039116133,
    8.833798099914288,
    8.803865091263786,
    8.771899453546455,
    8.743035315221531,
    8.715774529480976,
    8.687697089121125,
    8.655787065810106,
    8.625983992882773,
    8.596440397896227,
    8.566541164367598,
    8.538721696503018,
    8.509136751493124,
    8.47921088703255,
    8.448818381014117,
    8.419625763711242,
    8.392178216709551,
    8.363926791103678,
    8.336813682700722,
    8.309883464447354,
    8.282762045734186,
    8.254729155616014,
    8.226866557568506,
    8.19849461986134,
    8.171128641830222
  ],
  "throuput": [
    35,
    93,
    194,
    348,
    543,
    813,
    1119,
    1486,
    1857,
    2289,
    2758,
    3201,
    3674,
    4179,
    4676,
    5182,
    5694,
    6235,
    6739,
    7266,
    7833,
    8350,
    8899,
    9416,
    9944,
    10505,
    11049,
    11595,
    12158,
    12693,
    13254,
    13792,
    14363,
    14887,
    15461,
    16016,
    16539,
    17113,
    17672,
    18220,
    18759,
    19310,
    19857,
    20423,
    21018,
    21576,
    22112,
    22710,
    23271,
    23824,
    24392,
    24960,
    25505,
    26061,
    26616,
    27178,
    27728,
    28287,
    28847
  ],
  "runningtime": [
    35.22233504851659
  ]
}