{
  "distance": [
    902.1396216756126,
    1172.8897621075844,
    1446.9649973659666,
    1706.297289445385,
    1678.9462836605633,
    1960.0739435779653,
    2194.3076572251725,
    2383.0144952519804,
    2558.0029684676115,
    2714.4916779876794,
    2675.820223219744,
    2813.4829181983455,
    2975.0508741450985,
    3080.468426581253,
    3166.0981285833,
    3276.9369515171234,
    3207.1205188620024,
    3311.408682544781,
    3396.2710424676243,
    3487.5049501140775,
    3550.9924987640684,
    3588.7185506687347,
    3563.1221236693145,
    3611.5236659884617,
    3677.788988202821,
    3734.071936100999,
    3792.0535608951386,
    3821.431851168322,
    3767.8725971364047,
    3818.7195050775827,
    3858.8972105525822,
    3898.7004695045102,
    3936.3860693091174,
    3973.02711271405,
    3903.010069939483,
    3948.377764992013,
    3982.765122686594,
    4006.8074740631305,
    4040.464604235185,
    4051.386101674878,
    4017.987821062146,
    4051.0445981698126,
    4075.2027144049607,
    4093.361683730426,
    4113.071380832912,
    4130.41050450759,
    4095.5288991891366,
    4122.751844397196,
    4140.805246059988,
    4154.125401645924,
    4182.727857904752,
    4133.6242241767695,
    4149.662010951024,
    4178.728613887622,
    4199.354040582593,
    4208.131943259688,
    4231.971937854815,
    4159.763815240445,
    4196.159696581526
  ],
  "speed": [
    9.375865236246367,
    9.286075142965352,
    9.192158891456996,
    9.098622186941125,
    8.9923525923522,
    9.023183722956244,
    9.011000219839469,
    8.998369806307155,
    8.976542645530305,
    8.94185814041994,
    8.92482412355096,
    8.930951030261067,
    8.91498219507489,
    8.895297564409578,
    8.872453300519965,
    8.860889906269097,
    8.85145604170947,
    8.860760458176088,
    8.851157978631043,
    8.849872944402222,
    8.847836300108657,
    8.850068375224357,
    8.855122043187619,
    8.86093526846853,
    8.858231634875002,
    8.861039495580542,
    8.85917099735629,
    8.863205012662554,
    8.867342692318788,
    8.867673775671419,
    8.865937547990935,
    8.86308236698461,
    8.860960071556248,
    8.858702247596428,
    8.857686094793129,
    8.856259857344527,
    8.857952924011864,
    8.854755927830391,
    8.854067047126188,
    8.854426742242008,
    8.85976226760043,
    8.860588067410797,
    8.861495954602018,
    8.857170269609728,
    8.853678989873199,
    8.855668097882944,
    8.86043190897899,
    8.86007202172011,
    8.85609274675565,
    8.855170373698304,
    8.850602842446257,
    8.85053012623469,
    8.853663790163635,
    8.855747037914023,
    8.853752138966751,
    8.852156520876743,
    8.84734135708325,
    8.843737495689657,
    8.84710145452774
  ],
  "throuput": [
    16,
    38,
    85,
    149,
    230,
    344,
    477,
    623,
    773,
    948,
    1155,
    1344,
    1514,
    1710,
    1913,
    2131,
    2330,
    2550,
    2768,
    2989,
    3207,
    3427,
    3660,
    3884,
    4083,
    4302,
    4531,
    4758,
    4970,
    5189,
    5418,
    5646,
    5869,
    6075,
    6299,
    6525,
    6754,
    6976,
    7175,
    7392,
    7636,
    7875,
    8075,
    8294,
    8515,
    8727,
    8962,
    9172,
    9400,
    9630,
    9840,
    10062,
    10280,
    10512,
    10729,
    10948,
    11158,
    11385,
    11597
  ],
  "runningtime": [
    4.0331093072891235
  ]
}