{
  "distance": [
    901.9989128147685,
    1171.6340584778914,
    1450.1634106562617,
    1715.5437804237235,
    1689.2963843646464,
    1978.451829154693,
    2207.471150292987,
    2391.853224783428,
    2566.8212596782328,
    2729.4537323717886,
    2691.628813608445,
    2835.011088939679,
    2998.237026726177,
    3106.12839376676,
    3191.404089316251,
    3301.599009033793,
    3233.907822042241,
    3339.2616035215474,
    3423.357753646581,
    3514.1000176613816,
    3574.0723973473023,
    3604.7516200431037,
    3578.4616012202046,
    3629.1100932247136,
    3696.772359353812,
    3752.3861492269602,
    3810.1869586622274,
    3837.4030938877427,
    3781.2135931069975,
    3832.7089334259476,
    3875.6098569814153,
    3915.3506319361486,
    3952.9816445525225,
    3986.7702619819374,
    3916.0842947325923,
    3960.904675877508,
    3994.61818382649,
    4017.7311134705724,
    4049.601680119248,
    4058.9318840292585,
    4023.6401113288834,
    4058.028456704689,
    4083.5181302041756,
    4102.5003524800795,
    4123.16034799465,
    4139.547497143654,
    4104.052228453463,
    4131.262410231818,
    4150.8375606856725,
    4163.7237037086215,
    4193.747105375837,
    4143.062547070402,
    4156.955590725095,
    4186.074648164176,
    4205.655232731747,
    4214.839188133935,
    4239.642332215503,
    4166.101770737467,
    4202.065593032009
  ],
  "speed": [
    9.375332096718118,
    9.272685993207235,
    9.207698252493532,
    9.149397264807332,
    9.054234068629915,
    9.117782014459973,
    9.086549845971215,
    9.056329620958303,
    9.031646580338485,
    9.01337091020766,
    8.99548750488572,
    9.013759775373071,
    9.003626619137297,
    8.998745899827666,
    8.985808149981768,
    8.976033175271056,
    8.97683762817786,
    8.992219498709805,
    8.985485628988153,
    8.98769366338489,
    8.98712011818651,
    8.976352932792814,
    8.97870579146736,
    8.989978451994524,
    8.993104783185041,
    8.996119336241518,
    8.996783261710496,
    8.995995356314014,
    8.996198591597707,
    8.999501332564433,
    9.002744215944523,
    8.9986625621503,
    8.994848533065241,
    8.98618823375284,
    8.983888884290089,
    8.981902434652051,
    8.981433793710604,
    8.977059632060346,
    8.973232257396546,
    8.97232595508467,
    8.973870080414208,
    8.974646365859613,
    8.976540523231824,
    8.973708851668423,
    8.97208221503087,
    8.973644764041989,
    8.978055762382334,
    8.979003322101764,
    8.979609914242022,
    8.979760894301972,
    8.979719617919539,
    8.97911847956068,
    8.978166975485987,
    8.980236950190786,
    8.975645003247791,
    8.974832810910904,
    8.971932331310427,
    8.966235444757768,
    8.969460013222468
  ],
  "throuput": [
    16,
    36,
    87,
    153,
    230,
    350,
    486,
    633,
    776,
    954,
    1142,
    1348,
    1530,
    1757,
    1941,
    2148,
    2351,
    2580,
    2799,
    3032,
    3258,
    3447,
    3684,
    3907,
    4122,
    4336,
    4556,
    4781,
    5002,
    5222,
    5437,
    5666,
    5878,
    6095,
    6321,
    6546,
    6775,
    7002,
    7211,
    7432,
    7650,
    7863,
    8091,
    8311,
    8539,
    8778,
    8987,
    9212,
    9450,
    9676,
    9874,
    10112,
    10309,
    10525,
    10754,
    10975,
    11178,
    11421,
    11646
  ],
  "runningtime": [
    4.145886695384979
  ]
}