{
  "distance": [
    1214.606833928688,
    1728.981395467932,
    2089.7296415110773,
    2322.325005003898,
    2487.3170293117814,
    2534.6550603079622,
    2722.45361851568,
    2869.2145872447627,
    2944.5398267139503,
    3056.3221069140773,
    3098.7330488314674,
    3192.796059030716,
    3087.993787650776,
    3178.220057523769,
    3196.1636859246523,
    3215.991231995349,
    3289.194037122421,
    3296.5273322813073,
    3273.240358572344,
    3212.9320005755035,
    3287.3050015175204,
    3270.634892474139,
    3326.707800714825,
    3298.675029788045,
    3321.84503429909,
    3295.0777989551466,
    3245.169221716818,
    3157.488986105004,
    3237.523618793563,
    3260.3615360371427,
    3313.0481614102227,
    3348.7103379336595,
    3343.998021957826,
    3359.797176131295,
    3373.3619902684713,
    3379.016070459046,
    3443.003621871429,
    3427.673110699904,
    3430.905819573171,
    3396.775625815122,
    3431.1002578491475,
    3465.5426010037313,
    3479.3232216285546,
    3472.630539714468,
    3482.7645216007595,
    3496.7694735411897,
    3495.1282090182594,
    3444.158869653671,
    3465.6158368316514,
    3496.337674430066,
    3501.037842530907,
    3500.1551664257095,
    3502.6894875253847,
    3488.184238544865,
    3458.381925446482,
    3467.7370555270577,
    3400.227782443796,
    3435.0306423696074,
    3468.7516463514353
  ],
  "speed": [
    10.262115051147122,
    10.092300723005225,
    9.893451015285818,
    9.840360190694483,
    9.848621558864918,
    9.826841365190795,
    9.865491563879392,
    9.911102392942064,
    9.934794907336252,
    9.923973500270504,
    9.912160371559128,
    9.920741823939577,
    9.9574409374178,
    9.980166577526889,
    9.980660786347833,
    9.99021250470818,
    10.018575266984394,
    10.030563905221085,
    10.056763434854876,
    10.047222104442287,
    10.044027051149616,
    10.06514972188473,
    10.068844581608193,
    10.073729823336764,
    10.069217805034313,
    10.077216182778283,
    10.090376398677632,
    10.075886745873918,
    10.06530143888428,
    10.054391269512491,
    10.062402142038708,
    10.065512197234215,
    10.070403508116234,
    10.055858488702196,
    10.058299275257404,
    10.049899086463181,
    10.060211411450291,
    10.05764595937734,
    10.05062714956274,
    10.046924020290275,
    10.050484447607348,
    10.051977652844922,
    10.048251769653799,
    10.042946068513736,
    10.041734414167077,
    10.046369922468623,
    10.044054204964267,
    10.042829903065302,
    10.042310548008626,
    10.046758647531224,
    10.05237896347266,
    10.052163320913355,
    10.053581566778817,
    10.041550313208566,
    10.050571129594706,
    10.050027550237482,
    10.050280868274863,
    10.05194473410067,
    10.033350440227998
  ],
  "throuput": [
    9,
    32,
    53,
    81,
    106,
    134,
    164,
    201,
    229,
    263,
    299,
    330,
    369,
    407,
    440,
    467,
    500,
    537,
    562,
    594,
    617,
    647,
    678,
    711,
    734,
    765,
    800,
    825,
    852,
    881,
    912,
    948,
    981,
    1004,
    1039,
    1070,
    1100,
    1127,
    1164,
    1196,
    1230,
    1264,
    1292,
    1326,
    1356,
    1390,
    1415,
    1443,
    1481,
    1512,
    1553,
    1579,
    1605,
    1629,
    1663,
    1691,
    1712,
    1752,
    1782
  ],
  "runningtime": [
    1.4037521123886108
  ]
}