{
  "distance": [
    1221.103522193473,
    1745.668961555183,
    2132.6157027090453,
    2357.155552727482,
    2511.83349669379,
    2550.276838794332,
    2733.8751795911126,
    2869.653398103351,
    2936.4698979412215,
    3047.5883483636458,
    3092.5992505428817,
    3183.78271663632,
    3079.8210474446114,
    3170.4678693051437,
    3189.613384187575,
    3206.345872409026,
    3276.866485389729,
    3286.8066445823265,
    3260.5942812905078,
    3207.24439815903,
    3280.5260147068802,
    3255.629377249557,
    3317.047603931383,
    3291.1386627081133,
    3319.7968617640618,
    3289.210251817978,
    3239.1957264545554,
    3158.314159968055,
    3245.13008979037,
    3267.17018682975,
    3319.931270601936,
    3349.693666740603,
    3347.5477706127517,
    3363.079729279904,
    3374.4506349845683,
    3383.2627108663696,
    3446.393685459744,
    3430.9316523838297,
    3437.3687203906825,
    3405.5001335082743,
    3438.9065334675092,
    3469.810643502545,
    3487.6261995395394,
    3481.129267741728,
    3489.509612805588,
    3499.9671646314187,
    3499.028743119425,
    3449.1028798115544,
    3467.011205552538,
    3492.657960843548,
    3496.8846773985224,
    3496.324183890991,
    3499.5132919488206,
    3487.376842485104,
    3456.7303369636484,
    3467.337707103636,
    3401.8421964613935,
    3436.9194775424653,
    3473.5152036127065
  ],
  "speed": [
    10.317005045639426,
    10.1853044001611,
    10.078524114882066,
    10.001618140508066,
    10.010907201860004,
    9.980182408231476,
    9.995789590058424,
    10.003846536066483,
    9.998226610685917,
    9.986479935654677,
    9.96825311060453,
    9.979029268190027,
    10.010870158497331,
    10.035472537162837,
    10.029559714779957,
    10.024278049515852,
    10.047434995634923,
    10.05814732112817,
    10.060003066808978,
    10.069389481123615,
    10.056431654077006,
    10.05110702679843,
    10.062065679029079,
    10.065803834704775,
    10.075579160550728,
    10.073131223571487,
    10.076654694730763,
    10.06884091941603,
    10.074717757491008,
    10.064182031743709,
    10.072305529627792,
    10.064570382861866,
    10.069458159245347,
    10.051786298659028,
    10.04556566044498,
    10.046825924421572,
    10.049869936767632,
    10.048709301731648,
    10.05152320389786,
    10.055096422155518,
    10.057629981017575,
    10.050818450359994,
    10.06092022992181,
    10.06325100400352,
    10.066259554823171,
    10.065760582301188,
    10.068581129074378,
    10.077384395682268,
    10.075672843759316,
    10.071160053695024,
    10.078632464329251,
    10.079139758355257,
    10.081707312367673,
    10.07534817152185,
    10.079602513509336,
    10.07947007878964,
    10.083845761934711,
    10.084758129581836,
    10.081351005450287
  ],
  "throuput": [
    10,
    30,
    50,
    91,
    111,
    140,
    166,
    200,
    232,
    261,
    300,
    335,
    369,
    408,
    437,
    470,
    500,
    529,
    555,
    596,
    610,
    650,
    674,
    708,
    739,
    762,
    793,
    820,
    851,
    883,
    912,
    951,
    982,
    1005,
    1037,
    1070,
    1100,
    1129,
    1157,
    1196,
    1232,
    1261,
    1302,
    1336,
    1363,
    1392,
    1416,
    1451,
    1487,
    1518,
    1556,
    1578,
    1603,
    1631,
    1662,
    1691,
    1712,
    1756,
    1786
  ],
  "runningtime": [
    1.3773489077885945
  ]
}