{
  "distance": [
    958.142804048956,
    1316.2065291757883,
    1571.0501068426443,
    1876.1892862227385,
    2064.941161652672,
    2274.4099455639644,
    2476.541467289536,
    2627.1332549970957,
    2528.915011847518,
    2709.772745122546,
    2868.2302160336644,
    2998.222262553669,
    3114.369535857267,
    3239.146036388917,
    3305.2577777025076,
    3368.5351422586723,
    3456.828308907327,
    3338.0535621588333,
    3421.8640655183813,
    3510.261127801867,
    3574.1298517445375,
    3622.7802961212415,
    3704.9173156989336,
    3749.6771603721177,
    3778.6759961111115,
    3844.435642744692,
    3722.2042894296146,
    3779.300469118331,
    3835.5016206830587,
    3865.907912678563,
    3924.3674034672513,
    3950.987653492747,
    3984.937774857384,
    4027.1892105298143,
    4042.070428069713,
    3947.2445563220303,
    3994.745885191089,
    4032.3450361073083,
    4060.683001926406,
    4090.479155802952,
    4114.931553977148,
    4138.708186062448,
    4163.499842267286,
    4187.492750295899,
    4080.8179282645174,
    4119.421510973981,
    4161.337176865104,
    4171.9996569663435,
    4191.724953211426,
    4218.495655431806,
    4225.845445542785,
    4244.3914154120275,
    4255.43601831575,
    4267.7350967052225,
    4199.74810850677,
    4222.647072303839,
    4234.595953546461,
    4243.042930336686,
    4274.746297498858
  ],
  "speed": [
    9.892375288659576,
    9.876597101211889,
    9.679048024881906,
    9.587007166396425,
    9.531968057309479,
    9.514389979293693,
    9.473794784710279,
    9.400253118795662,
    9.32064047373102,
    9.258780533642176,
    9.200728688210248,
    9.134251539681365,
    9.102808110617215,
    9.05357262140181,
    8.98259518727092,
    8.937679527746832,
    8.898380246956116,
    8.867325851944683,
    8.83948811414048,
    8.810615698873097,
    8.765081699663313,
    8.741578689288202,
    8.708695116955257,
    8.670577450630455,
    8.64010877122973,
    8.604025179942628,
    8.577354766692695,
    8.555884154063452,
    8.525053326940107,
    8.491968208309782,
    8.462194792834946,
    8.434646771857413,
    8.414660962048586,
    8.393504643202425,
    8.374460706837143,
    8.354127858862869,
    8.346406828733855,
    8.328206734294842,
    8.308815138229244,
    8.282233798470838,
    8.262348579266925,
    8.24527394827904,
    8.2295364022376,
    8.21245671893915,
    8.189539555279373,
    8.172310498962903,
    8.15461734139212,
    8.129581149690953,
    8.107050492833192,
    8.082691509873436,
    8.057290463461221,
    8.02816360261089,
    8.000100184115391,
    7.973672599731773,
    7.952555248566994,
    7.928746566300785,
    7.901275499673465,
    7.873846569604391,
    7.848665828326494
  ],
  "throuput": [
    10,
    42,
    96,
    170,
    285,
    421,
    568,
    738,
    915,
    1126,
    1331,
    1525,
    1761,
    2005,
    2241,
    2468,
    2700,
    2944,
    3197,
    3408,
    3637,
    3873,
    4119,
    4357,
    4623,
    4840,
    5112,
    5333,
    5601,
    5841,
    6078,
    6328,
    6598,
    6862,
    7117,
    7351,
    7636,
    7872,
    8131,
    8346,
    8623,
    8885,
    9135,
    9397,
    9646,
    9890,
    10135,
    10371,
    10615,
    10841,
    11070,
    11312,
    11540,
    11787,
    12035,
    12289,
    12523,
    12781,
    13019
  ],
  "runningtime": [
    9.845841391881306
  ]
}