{
  "distance": [
    969.4397024224829,
    1332.057675859989,
    1600.2714967526406,
    1910.1404120071093,
    2111.957799305878,
    2321.422950072947,
    2526.6513248334954,
    2684.339585243791,
    2585.6204293167684,
    2771.192305594303,
    2939.4181578700322,
    3078.1492049823746,
    3192.3006140941957,
    3318.698969711649,
    3394.7410380393535,
    3460.53684344813,
    3551.6542614725845,
    3428.123414218428,
    3514.425286575117,
    3599.949848040386,
    3663.1240313856383,
    3706.762784987091,
    3785.796562613165,
    3829.6188329155398,
    3858.410706692573,
    3924.6216012335776,
    3796.7138013107724,
    3854.0526584774757,
    3911.52556681373,
    3939.96162457992,
    3998.570265266724,
    4022.916739611169,
    4053.211634092516,
    4093.795281717738,
    4108.025826978672,
    4010.392156931745,
    4054.8118721705837,
    4091.160857343502,
    4117.077318382238,
    4148.625194599795,
    4174.730189540255,
    4198.184355861872,
    4223.1340030592755,
    4246.420584414086,
    4138.917122313494,
    4179.065990893865,
    4220.687711071486,
    4232.332404390877,
    4251.0852435759725,
    4279.0656690046835,
    4286.938421755738,
    4308.501793316113,
    4321.09175849461,
    4332.599968877821,
    4263.0811352140345,
    4287.5055108555025,
    4300.006903101561,
    4308.913942006495,
    4340.910592151642
  ],
  "speed": [
    10.007615649002542,
    9.997081611681383,
    9.85655080290349,
    9.76208163391491,
    9.750714929336459,
    9.725572698279828,
    9.69308387876727,
    9.655734531969745,
    9.601625165361924,
    9.559216338066319,
    9.532691255837555,
    9.499067003804296,
    9.476950187866734,
    9.439866024524076,
    9.405864560805353,
    9.384502632142166,
    9.371815553333446,
    9.357243044939775,
    9.34797021642548,
    9.323798702549587,
    9.289931868681375,
    9.26873851394274,
    9.239154402727381,
    9.209822928606757,
    9.19202199759684,
    9.169449007119347,
    9.151642598199574,
    9.143030341596175,
    9.124434682035927,
    9.10062365743253,
    9.081797682782002,
    9.060821726138839,
    9.043316799252127,
    9.024076253492414,
    9.008957695296296,
    8.99191859000814,
    8.982932004127234,
    8.967059752411455,
    8.947699698132325,
    8.929201159498216,
    8.916220136731255,
    8.901503998770963,
    8.889680685004922,
    8.87507065564138,
    8.858381954623678,
    8.846152946772882,
    8.829722329599429,
    8.809579791510394,
    8.78881420469394,
    8.77160281324557,
    8.752309646473897,
    8.734564701248866,
    8.716872661498737,
    8.695854405708689,
    8.679486080895185,
    8.66302267841045,
    8.642274166435657,
    8.620725405607653,
    8.599242665050081
  ],
  "throuput": [
    9,
    42,
    95,
    172,
    290,
    424,
    590,
    776,
    969,
    1173,
    1374,
    1609,
    1849,
    2085,
    2343,
    2596,
    2850,
    3082,
    3343,
    3573,
    3807,
    4049,
    4291,
    4533,
    4801,
    5047,
    5326,
    5558,
    5835,
    6088,
    6317,
    6576,
    6826,
    7055,
    7321,
    7578,
    7850,
    8101,
    8347,
    8585,
    8828,
    9110,
    9349,
    9635,
    9874,
    10137,
    10365,
    10624,
    10877,
    11125,
    11360,
    11623,
    11876,
    12111,
    12352,
    12623,
    12863,
    13102,
    13351
  ],
  "runningtime": [
    4.574614055951437
  ]
}