{
  "distance": [
    1038.96801934393,
    1432.0000377531624,
    1807.5807285340613,
    2159.082494947832,
    2458.154101257001,
    2775.5011396253785,
    3045.130232943682,
    3276.083799744071,
    3510.7922492046755,
    3720.408788334655,
    3915.400794225037,
    4119.963948260776,
    4279.344036588532,
    4435.8169488696285,
    4590.103649377769,
    4746.425214711796,
    4873.303234834815,
    4982.4707713698945,
    5106.081335829281,
    5213.970764604472,
    5312.747400344023,
    5424.963481512609,
    5496.349762110705,
    5591.887672420729,
    5657.976543219242,
    5735.319101661213,
    5801.141297940573,
    5871.310269262328,
    5909.271087082393,
    5983.491736744539,
    6032.881456783055,
    5161.397418396632,
    5304.117275191651,
    5430.861593487453,
    5535.8723579942625,
    5626.373610273144,
    5720.356323064874,
    5807.7026463328175,
    5884.862806033977,
    5957.887628293093,
    6042.103355815255,
    6100.274998077409,
    6169.162468979754,
    6220.897187940767,
    6289.327272292134,
    6328.719173975497,
    6385.766444840484,
    6447.129998688772,
    6491.616599625422,
    6536.094240617901,
    6567.192779619265,
    6612.45424803407,
    6665.850321933965,
    6692.145978703404,
    6726.776926953609,
    6764.5101752898,
    6789.899573606047,
    6811.279059950857,
    6831.655005520615
  ],
  "speed": [
    8.987818781909656,
    8.752491067264135,
    8.60343093406035,
    8.450668273323451,
    8.333846760603981,
    8.26991652180358,
    8.189733535355224,
    8.114426565317538,
    8.051128077984986,
    7.993874202600052,
    7.952667022117533,
    7.890434212887569,
    7.848418029545383,
    7.821100007491754,
    7.788227324474362,
    7.752481310651043,
    7.725586355781275,
    7.702193499231499,
    7.676025496677791,
    7.653451168696795,
    7.62726262209886,
    7.606849350360067,
    7.584125376094298,
    7.561948095578869,
    7.535504307813536,
    7.5135856129805925,
    7.48986420066928,
    7.471525051686476,
    7.454703915095135,
    7.437402517294823,
    7.417826122645473,
    7.396176319204427,
    7.406847820977047,
    7.386221131917329,
    7.360760494643817,
    7.337121059234305,
    7.306010532072905,
    7.2774165127136135,
    7.2491246834965715,
    7.2188366940243505,
    7.185136228111946,
    7.151175914747575,
    7.1195004753532025,
    7.0868796482097265,
    7.058687057532256,
    7.032917515665185,
    7.008256603735833,
    6.983784070796445,
    6.957509735326718,
    6.931712288088899,
    6.908661129618946,
    6.887547438665059,
    6.865676708834593,
    6.844693108177099,
    6.824083700201635,
    6.803067325814917,
    6.781964728868502,
    6.762180872509838,
    6.740655835472055
  ],
  "throuput": [
    36,
    87,
    171,
    284,
    427,
    629,
    845,
    1088,
    1397,
    1713,
    2068,
    2435,
    2840,
    3257,
    3727,
    4148,
    4611,
    5089,
    5580,
    6113,
    6597,
    7141,
    7646,
    8190,
    8733,
    9285,
    9836,
    10369,
    10965,
    11518,
    12109,
    12738,
    13294,
    13854,
    14419,
    14984,
    15545,
    16104,
    16657,
    17238,
    17784,
    18347,
    18910,
    19462,
    20064,
    20692,
    21219,
    21810,
    22399,
    22998,
    23612,
    24181,
    24757,
    25353,
    25984,
    26614,
    27205,
    27816,
    28401
  ],
  "runningtime": [
    104.13243458668391
  ]
}