{
  "distance": [
    1053.232539645012,
    1454.5125390751523,
    1844.2273590861305,
    2215.5823404552557,
    2528.616552895439,
    2857.994110911299,
    3137.7287667311093,
    3383.2578454074783,
    3632.5217054708287,
    3851.8562907964024,
    4057.4193804342317,
    4280.266982475958,
    4445.053156874941,
    4600.004070127674,
    4761.885196716712,
    4924.0656757631805,
    5053.551093495663,
    5161.3363300496185,
    5287.768129581662,
    5397.981549957549,
    5496.365611267608,
    5608.986609407837,
    5681.060441160507,
    5775.107559922742,
    5839.639118407638,
    5915.584941816514,
    5980.111156876992,
    6048.147922380421,
    6082.176553584483,
    6155.402415773333,
    6203.607759254099,
    5303.814582021235,
    5446.346090180796,
    5574.899133638265,
    5679.446946338219,
    5767.821920465226,
    5860.786109970324,
    5947.03156600173,
    6021.6021339984745,
    6092.9399217991295,
    6176.994084420107,
    6233.684358628905,
    6301.133832939519,
    6351.426084129788,
    6418.575143828071,
    6452.761745378612,
    6504.422401016242,
    6561.941697862103,
    6603.072905714715,
    6646.743064936689,
    6674.866201631319,
    6717.41428970366,
    6768.65426121081,
    6791.988237378124,
    6824.007593354902,
    6860.3077478780115,
    6885.205759428497,
    6904.1982811846565,
    6923.504310091556
  ],
  "speed": [
    9.111076224666427,
    8.890111586611043,
    8.77710840436049,
    8.67161917032679,
    8.576179320723902,
    8.52356212048975,
    8.451664258963191,
    8.397582538805803,
    8.353322044947008,
    8.30489183758434,
    8.27693756593146,
    8.241687900765829,
    8.205199952186062,
    8.172592545646934,
    8.150406153006028,
    8.121616091813777,
    8.098743964278063,
    8.073849269117508,
    8.050597426758255,
    8.031516323745203,
    8.005835776020763,
    7.98651968988759,
    7.9669346070757046,
    7.944929250624404,
    7.919955125741207,
    7.899016523810377,
    7.8770288720184505,
    7.860122518601031,
    7.8427697221626955,
    7.82768304813554,
    7.811744065912719,
    7.790292691705685,
    7.800044696580908,
    7.779965921162976,
    7.753249061404945,
    7.727342476560756,
    7.69504775286273,
    7.66525258622224,
    7.634350228351708,
    7.602744587782683,
    7.569121736851393,
    7.534011974793189,
    7.5010888625669,
    7.467296298232349,
    7.437442367089547,
    7.406076164323242,
    7.374821896134823,
    7.345501158555129,
    7.3151186061959645,
    7.288093339171444,
    7.261496355522213,
    7.236859371319641,
    7.211851627792382,
    7.18712633866963,
    7.1633625764392015,
    7.140163771477909,
    7.117673200812529,
    7.0947594984056765,
    7.071746539334637
  ],
  "throuput": [
    35,
    91,
    167,
    299,
    453,
    664,
    897,
    1151,
    1465,
    1812,
    2219,
    2598,
    3040,
    3486,
    3956,
    4405,
    4877,
    5368,
    5879,
    6410,
    6943,
    7481,
    8019,
    8609,
    9154,
    9718,
    10305,
    10872,
    11431,
    12046,
    12662,
    13290,
    13845,
    14426,
    15019,
    15620,
    16195,
    16739,
    17335,
    17915,
    18477,
    19037,
    19615,
    20150,
    20719,
    21302,
    21854,
    22419,
    23022,
    23597,
    24211,
    24751,
    25335,
    25912,
    26569,
    27138,
    27734,
    28368,
    28970
  ],
  "runningtime": [
    23.21418772538503
  ]
}