{
  "distance": [
    1059.9946534022868,
    1475.290468412188,
    1877.1689913329544,
    2256.7255739362718,
    2579.485231585801,
    2917.777578450627,
    3214.2650125528276,
    3467.4554871402574,
    3722.4170479962413,
    3946.6833499998143,
    4154.039281870772,
    4384.5278880534115,
    4559.167972454442,
    4721.587688275223,
    4886.420939492399,
    5053.3283831234085,
    5182.312351398868,
    5290.522463445297,
    5414.429092777011,
    5526.19430635926,
    5628.011141454072,
    5741.399602444335,
    5809.94106727012,
    5903.480923626879,
    5968.111843507871,
    6041.869639804308,
    6105.035990241689,
    6171.264831281194,
    6199.224987928161,
    6267.185782905796,
    6312.734352488903,
    5396.125672319114,
    5538.559900641526,
    5666.024133467045,
    5769.931956687642,
    5857.953521193283,
    5950.75350252855,
    6036.139675417899,
    6109.826765993851,
    6178.53756706462,
    6262.477495499922,
    6320.554925024856,
    6388.40417380695,
    6440.915403285742,
    6507.642392100802,
    6542.934574950687,
    6595.9467300406095,
    6655.912770725388,
    6698.829635824591,
    6741.902806294239,
    6769.399305824642,
    6810.578570588147,
    6860.109996552399,
    6880.358625953356,
    6910.287955013053,
    6944.878484235931,
    6966.751293272225,
    6983.524974840736,
    7001.248794224786
  ],
  "speed": [
    9.170163303709503,
    9.018291430217698,
    8.93513845220124,
    8.835457701488805,
    8.753965614639474,
    8.708887087388486,
    8.666823292043409,
    8.620576099671965,
    8.579800319106363,
    8.534486315428772,
    8.503345097564347,
    8.475709568063188,
    8.454693012410152,
    8.433053406683873,
    8.412967724115433,
    8.387455380718551,
    8.361588707854674,
    8.337122511300327,
    8.310708434448154,
    8.295457001905172,
    8.276771140165447,
    8.260059773044853,
    8.238588606984841,
    8.217173428902218,
    8.194848429309808,
    8.173878652927758,
    8.15289444791983,
    8.136752450632844,
    8.11648595764287,
    8.098332419647042,
    8.081703338015794,
    8.061956650745778,
    8.069889811283161,
    8.04690120087437,
    8.017927332610938,
    7.990334641751495,
    7.956613738285087,
    7.924918238936165,
    7.891874092558908,
    7.856144466837464,
    7.820884644413165,
    7.786517660838184,
    7.75313323557216,
    7.721561750159575,
    7.69063445497106,
    7.660413743743364,
    7.630651396623642,
    7.6041523395054424,
    7.5757103912242405,
    7.547723026313362,
    7.520398513433731,
    7.494070036229352,
    7.467057072866881,
    7.439137227040441,
    7.412907751475476,
    7.3879926570232515,
    7.362649720658005,
    7.337544021834449,
    7.312981754785063
  ],
  "throuput": [
    36,
    92,
    172,
    307,
    471,
    676,
    926,
    1210,
    1537,
    1891,
    2299,
    2702,
    3160,
    3613,
    4072,
    4534,
    5036,
    5570,
    6078,
    6650,
    7183,
    7760,
    8273,
    8873,
    9460,
    10034,
    10623,
    11210,
    11835,
    12393,
    12989,
    13614,
    14157,
    14779,
    15355,
    15962,
    16538,
    17111,
    17663,
    18266,
    18807,
    19365,
    19971,
    20500,
    21084,
    21693,
    22268,
    22846,
    23393,
    24005,
    24605,
    25157,
    25746,
    26305,
    26959,
    27555,
    28158,
    28754,
    29377
  ],
  "runningtime": [
    26.57647451957067
  ]
}