{
  "distance": [
    1085.138959037705,
    1513.3353690002743,
    1930.5428679058443,
    2330.669107024306,
    2669.387260237323,
    3019.6481709820046,
    3327.234512642467,
    3592.60118341465,
    3857.98053003833,
    4096.266503421305,
    4315.6260210626515,
    4554.690977130904,
    4732.445074935515,
    4898.367927032143,
    5072.045308549924,
    5245.353509978001,
    5374.8992840411665,
    5478.370983272558,
    5603.173670821682,
    5709.6794394487,
    5806.012496890037,
    5913.475288969933,
    5976.808085174884,
    6068.707873855882,
    6131.462959894349,
    6202.666137051803,
    6264.836233214062,
    6328.674063409583,
    6354.077490964333,
    6419.080466538823,
    6458.028637079302,
    5513.906308971711,
    5652.291723215125,
    5780.890164308775,
    5886.205959259792,
    5974.147206455214,
    6066.162715658433,
    6152.742264101941,
    6226.010797141157,
    6297.617421111531,
    6384.112242442189,
    6445.087833001283,
    6513.51975883715,
    6563.948540682146,
    6628.784180570917,
    6661.853099875953,
    6716.51143255492,
    6775.161731604734,
    6818.665057433465,
    6860.919537969292,
    6886.390611060932,
    6925.918471427771,
    6973.822075562966,
    6993.17325127034,
    7021.2003818958365,
    7052.959465625145,
    7072.419324027534,
    7087.311653528931,
    7102.365374181774
  ],
  "speed": [
    9.386807164605063,
    9.251174861935729,
    9.19000903334145,
    9.127764171484667,
    9.06660465119969,
    9.02535129196408,
    8.989417914047264,
    8.955374066848906,
    8.924088845491694,
    8.898269422193877,
    8.883362831278358,
    8.864249225675056,
    8.844732878441372,
    8.824488217676548,
    8.815900021219953,
    8.799382208460614,
    8.775309876707256,
    8.745543882458838,
    8.720837947242709,
    8.699279097699124,
    8.675003208318511,
    8.652440315805789,
    8.628379271802485,
    8.607644121513703,
    8.585887346251198,
    8.563911240668974,
    8.545132575481768,
    8.529659425818613,
    8.510436732322946,
    8.491760616586065,
    8.470941506781614,
    8.446043304725642,
    8.447680872854589,
    8.425053287356095,
    8.397148827773913,
    8.369217853631575,
    8.33350385067138,
    8.30221404877917,
    8.26817946708369,
    8.235176288628207,
    8.201704977918943,
    8.170507784409676,
    8.137377693879326,
    8.103580422307804,
    8.069969066095977,
    8.036995716948907,
    8.008422281243773,
    7.979100732675086,
    7.95065668272695,
    7.921224869197794,
    7.891262152540674,
    7.862712114999875,
    7.833619760404354,
    7.805570747803726,
    7.778128335686329,
    7.750743501720152,
    7.723841875403664,
    7.697941070083017,
    7.671686743937764
  ],
  "throuput": [
    35,
    94,
    179,
    319,
    501,
    726,
    972,
    1304,
    1640,
    2017,
    2440,
    2904,
    3350,
    3812,
    4296,
    4822,
    5340,
    5887,
    6393,
    6962,
    7569,
    8131,
    8702,
    9249,
    9843,
    10416,
    11044,
    11657,
    12247,
    12871,
    13464,
    14080,
    14684,
    15257,
    15864,
    16464,
    17017,
    17595,
    18209,
    18741,
    19324,
    19905,
    20512,
    21089,
    21634,
    22210,
    22783,
    23344,
    23924,
    24517,
    25108,
    25716,
    26336,
    26915,
    27597,
    28208,
    28824,
    29432,
    30052
  ],
  "runningtime": [
    37.393780104319255
  ]
}