{
  "distance": [
    1097.0764164985396,
    1537.1124680796627,
    1958.7720350212498,
    2367.112958293033,
    2712.2161341976744,
    3064.47637695962,
    3375.3038652401,
    3640.9345126486755,
    3908.031830098064,
    4151.676827659,
    4367.27487599419,
    4606.81101546249,
    4783.422106665665,
    4950.318229599104,
    5117.897264381281,
    5286.864763356465,
    5417.1498253774835,
    5525.188912501573,
    5648.493504972671,
    5754.844461481332,
    5851.680603732394,
    5957.947576298274,
    6021.806756115469,
    6111.363866689693,
    6174.720569878561,
    6245.000577884152,
    6306.260906038704,
    6366.8098435596585,
    6391.162011067377,
    6457.0516170808605,
    6496.956441436547,
    5546.940264006776,
    5685.712168120826,
    5817.093008075156,
    5925.034276280287,
    6012.66854331068,
    6107.491352154869,
    6193.712653383625,
    6266.612044365727,
    6336.548578854823,
    6420.873694481033,
    6479.3484895581205,
    6546.987748994707,
    6596.655562584961,
    6661.5665008313945,
    6694.179949756223,
    6746.991786255322,
    6802.599379936483,
    6843.997627253167,
    6884.438731612334,
    6907.321844540737,
    6943.9780478140265,
    6990.820207557315,
    7008.592078564346,
    7035.627510026258,
    7066.561363419004,
    7085.691926970262,
    7099.5191604852525,
    7114.838045641063
  ],
  "speed": [
    9.489238590447071,
    9.396661093993485,
    9.326022894822053,
    9.274200393316596,
    9.21586389491573,
    9.164953058051566,
    9.12638110985658,
    9.084908189337447,
    9.05052791818836,
    9.031760580641379,
    9.005298297641396,
    8.983613421842756,
    8.96008567927334,
    8.940341824335176,
    8.922339378132271,
    8.89801972962867,
    8.874815512576484,
    8.853531494285015,
    8.828230529629487,
    8.807912025333886,
    8.784743261635843,
    8.760873092258814,
    8.738474623301851,
    8.715723430867904,
    8.69570973698643,
    8.674201664126025,
    8.65602155279965,
    8.637720652236716,
    8.618934005923919,
    8.601855200742223,
    8.58384862242327,
    8.559528803259857,
    8.561100312440477,
    8.54220061006216,
    8.518394808550307,
    8.490311132258896,
    8.457709290892469,
    8.425419081246723,
    8.390209852612905,
    8.354676508478784,
    8.318486062349809,
    8.284151481231747,
    8.24940378354648,
    8.213257097665949,
    8.17880105028355,
    8.145050218634886,
    8.113776285157252,
    8.080616636374167,
    8.049348750189766,
    8.017628468198595,
    7.984624393556908,
    7.952519362616881,
    7.921904430079574,
    7.891732278886737,
    7.862231594349514,
    7.8332223323719585,
    7.80533230439487,
    7.777994323073512,
    7.751616640471464
  ],
  "throuput": [
    37,
    94,
    188,
    323,
    511,
    747,
    991,
    1329,
    1673,
    2060,
    2477,
    2944,
    3398,
    3887,
    4389,
    4885,
    5416,
    5970,
    6492,
    7072,
    7632,
    8215,
    8783,
    9371,
    9942,
    10559,
    11177,
    11787,
    12379,
    12983,
    13598,
    14194,
    14820,
    15418,
    16028,
    16607,
    17169,
    17725,
    18327,
    18906,
    19493,
    20057,
    20608,
    21189,
    21750,
    22347,
    22927,
    23468,
    24054,
    24661,
    25244,
    25848,
    26439,
    27038,
    27647,
    28275,
    28908,
    29543,
    30165
  ],
  "runningtime": [
    45.27866557836533
  ]
}