{
  "distance": [
    1104.6998317426878,
    1550.320683941749,
    1976.5788834180908,
    2385.8286835992008,
    2733.208783744841,
    3084.6490302344905,
    3395.2820635482785,
    3662.2165318024877,
    3928.7378789409136,
    4167.061368792895,
    4379.790432078569,
    4621.755992649725,
    4800.0008733100985,
    4965.910617931041,
    5132.799135001897,
    5303.950463783304,
    5432.0051984810525,
    5539.169834637424,
    5663.497122360893,
    5766.736474088826,
    5862.540623467237,
    5969.874033354987,
    6034.0000238829725,
    6123.638647072809,
    6184.167581398424,
    6253.507823183705,
    6313.040989833972,
    6373.899857970583,
    6395.738661462196,
    6459.957472849206,
    6499.801905783822,
    5547.7863658065025,
    5686.064823115086,
    5818.581217283085,
    5928.2300531998435,
    6016.7028626468145,
    6113.080213180786,
    6199.313675592009,
    6272.960747748827,
    6342.868147521463,
    6427.932235130575,
    6487.0416718337,
    6554.664671940688,
    6605.21967878542,
    6670.741263705279,
    6704.416934031036,
    6757.662515715419,
    6814.653581347843,
    6854.985408067231,
    6896.175299724264,
    6920.781303893271,
    6958.8984037931405,
    7007.062757423051,
    7025.290918082153,
    7052.448641714953,
    7084.232322325109,
    7103.541050981686,
    7116.814131556663,
    7131.183469746845
  ],
  "speed": [
    9.554353039570538,
    9.478402116583228,
    9.412891807497704,
    9.348887010954192,
    9.287274173091143,
    9.22529254552059,
    9.181422356714208,
    9.140635805464273,
    9.103963774754465,
    9.07295391354016,
    9.0411431351832,
    9.023344418684356,
    9.003194588552766,
    8.982661106786631,
    8.962518934231994,
    8.940545792732443,
    8.914517932119265,
    8.890802238209522,
    8.865710059634079,
    8.839877580929382,
    8.814491847582536,
    8.7914639154233,
    8.768735618049737,
    8.746067407930264,
    8.72256998071741,
    8.70051058219399,
    8.680298969193931,
    8.66203857299108,
    8.639720152663662,
    8.620906482207236,
    8.602307416558036,
    8.575397286839417,
    8.575777501056434,
    8.557704377371717,
    8.535182187884551,
    8.506890777646808,
    8.475481190062728,
    8.443307114498962,
    8.408579939654137,
    8.372193726037796,
    8.336111485496499,
    8.302269580514153,
    8.267473919929639,
    8.23254339433068,
    8.198392297906732,
    8.16524914824643,
    8.134128377105222,
    8.102642000984666,
    8.070511483502173,
    8.039960766580663,
    8.008936676293002,
    7.978633769668098,
    7.949512321520683,
    7.919892098057624,
    7.891131232749205,
    7.863244497164165,
    7.835713617373242,
    7.808052409187436,
    7.781060067236426
  ],
  "throuput": [
    37,
    100,
    190,
    323,
    500,
    748,
    1001,
    1347,
    1705,
    2091,
    2511,
    2958,
    3441,
    3920,
    4392,
    4883,
    5439,
    5975,
    6500,
    7071,
    7645,
    8226,
    8807,
    9400,
    9999,
    10598,
    11186,
    11791,
    12397,
    13007,
    13598,
    14209,
    14831,
    15400,
    16020,
    16578,
    17178,
    17759,
    18309,
    18886,
    19478,
    20051,
    20656,
    21165,
    21752,
    22332,
    22928,
    23503,
    24108,
    24693,
    25274,
    25883,
    26469,
    27090,
    27729,
    28325,
    28964,
    29600,
    30223
  ],
  "runningtime": [
    56.540593194961545
  ]
}