{
  "distance": [
    1194.2621908975368,
    1735.9664147804897,
    2223.253634378542,
    2664.731814507096,
    2996.7464950068643,
    3177.5518854852685,
    3397.401514576931,
    3565.691262656664,
    3755.6973810488657,
    3987.2216361356864,
    4141.36214186441,
    4190.257420397518,
    4282.433300974662,
    4382.447223448122,
    4494.34926945339,
    4553.371213161147,
    4501.6677841094415,
    4500.929995878457,
    4502.065357474984,
    4508.928075930116,
    4564.888103223152,
    4553.385722826917,
    4563.249256425548,
    4497.8377934976825,
    4442.608123776137,
    4411.843005944237,
    4386.943631075036,
    4389.660358797967,
    3648.6475186700764,
    3770.820112293558,
    3900.0570250670085,
    4015.469738497738,
    4108.23108119392,
    4160.965368965645,
    4237.236749545372,
    4289.73129280139,
    4354.639592754203,
    4412.008521346903,
    4473.165070859149,
    4523.172793493502,
    4569.685873095101,
    4622.0353995138685,
    4650.341835296222,
    4662.191139468724,
    4683.916941692549,
    4700.594699782219,
    4709.665342897067,
    4680.388072781552,
    4698.375519054871,
    4686.141660465078,
    4662.438304427085,
    4683.7093964167725,
    4653.896450131575,
    4619.52984526214,
    4628.205206711737,
    4622.727683236551,
    4639.834042995087,
    4139.346736438932,
    4194.954985229832
  ],
  "speed": [
    10.043903201887932,
    9.815179901525042,
    9.762068313105578,
    9.721812014376674,
    9.667748293451977,
    9.580633380818114,
    9.523183282603313,
    9.514653760509928,
    9.525208116871049,
    9.48212125516396,
    9.48181364036222,
    9.476185778653617,
    9.476595594299754,
    9.48868454544728,
    9.504563293765653,
    9.496659064878472,
    9.508831555472995,
    9.518979329210614,
    9.540788664925389,
    9.560935021322145,
    9.569108503010932,
    9.585445989006868,
    9.603696122814064,
    9.613515893874782,
    9.620753531817966,
    9.633954277086145,
    9.64506083242393,
    9.656115419129542,
    9.70047684216963,
    9.712639608859186,
    9.713403848161445,
    9.722992763029113,
    9.72196156314149,
    9.734151553846791,
    9.724249408014668,
    9.720675998994768,
    9.705088293087067,
    9.693203471108255,
    9.693688911850133,
    9.691761919130789,
    9.686573416821131,
    9.686610047295977,
    9.695577178640916,
    9.703356955813103,
    9.704710294779474,
    9.707290636666725,
    9.713841049915095,
    9.718950616997413,
    9.724819306075984,
    9.724654460867711,
    9.730795763310825,
    9.737384101926914,
    9.741546651589982,
    9.747612476037292,
    9.752715256475215,
    9.755184236937623,
    9.757165703047292,
    9.775004843940735,
    9.776198088915702
  ],
  "throuput": [
    6,
    38,
    86,
    128,
    175,
    214,
    259,
    309,
    374,
    423,
    483,
    542,
    606,
    675,
    740,
    799,
    851,
    895,
    949,
    1009,
    1059,
    1112,
    1156,
    1206,
    1243,
    1277,
    1320,
    1360,
    1400,
    1446,
    1484,
    1514,
    1567,
    1612,
    1654,
    1689,
    1732,
    1793,
    1866,
    1917,
    1972,
    2048,
    2110,
    2177,
    2238,
    2286,
    2337,
    2389,
    2442,
    2490,
    2541,
    2599,
    2637,
    2674,
    2724,
    2752,
    2794,
    2831,
    2875
  ],
  "runningtime": [
    1.8560221274693807
  ]
}