{
  "distance": [
    1201.6501205234376,
    1753.890840542801,
    2238.8420780103315,
    2684.0760715584825,
    3013.052784426489,
    3194.8052374993404,
    3421.691429424715,
    3585.4068026889036,
    3764.6262596562906,
    4005.9632015683683,
    4166.072557269279,
    4209.181851270038,
    4302.39975561338,
    4405.265044440186,
    4508.28235216226,
    4564.7634748667615,
    4515.051566179281,
    4514.015594342049,
    4508.731324375218,
    4514.8261877300865,
    4569.292132071835,
    4558.363166250988,
    4565.35902602594,
    4499.349230052629,
    4447.250382139759,
    4412.912971710031,
    4388.773067286528,
    4390.825752590352,
    3648.816095711354,
    3771.7452425101974,
    3899.8823778427513,
    4015.6745910844993,
    4107.88702856248,
    4155.784337336603,
    4238.163056776408,
    4288.060349714138,
    4357.9804236024265,
    4417.462010299405,
    4479.973551461323,
    4528.800097670676,
    4578.109741932008,
    4626.154766382805,
    4651.783051090739,
    4660.138976738319,
    4687.263426935344,
    4703.562333963766,
    4713.959783170588,
    4685.548990788406,
    4700.863583404638,
    4690.157664624502,
    4665.299953493871,
    4686.425477236444,
    4655.060478276951,
    4621.686860846558,
    4629.594910259863,
    4624.372854603984,
    4639.614538690168,
    4138.257152709522,
    4192.911526200752
  ],
  "speed": [
    10.105273315074859,
    9.915267896391132,
    9.836930914916328,
    9.798688719406975,
    9.731182097099785,
    9.64038244638912,
    9.599375382143567,
    9.577973558373067,
    9.560557202428855,
    9.535900761779668,
    9.556322068068324,
    9.539281836950423,
    9.545797713214977,
    9.56849477019878,
    9.57474882157572,
    9.567036540025825,
    9.586896999821711,
    9.598677306368131,
    9.615379781613818,
    9.63600468249322,
    9.642572319423243,
    9.656713704161087,
    9.670732901791757,
    9.677128992834312,
    9.687724266094248,
    9.692348756723902,
    9.706162533921715,
    9.715783476822839,
    9.754617965982034,
    9.767392189205,
    9.761009793015498,
    9.766520173165336,
    9.768993047384583,
    9.767138479570448,
    9.768430756885428,
    9.754877745000696,
    9.75001685421077,
    9.739670268281552,
    9.739162650216677,
    9.73520456302754,
    9.739345237937163,
    9.736635804321963,
    9.741966309283733,
    9.744232835114925,
    9.756581658933698,
    9.757905586711464,
    9.767601847786912,
    9.7775436212606,
    9.781221232342377,
    9.785397343146576,
    9.791320175810517,
    9.796804360488817,
    9.796586777865377,
    9.806897262324727,
    9.812023849262259,
    9.81556051036375,
    9.814709938646809,
    9.8305877328344,
    9.828649420539868
  ],
  "throuput": [
    4,
    40,
    84,
    126,
    174,
    214,
    262,
    307,
    372,
    429,
    489,
    545,
    608,
    681,
    752,
    807,
    852,
    902,
    957,
    1009,
    1064,
    1109,
    1162,
    1206,
    1236,
    1282,
    1319,
    1358,
    1401,
    1445,
    1477,
    1516,
    1572,
    1610,
    1649,
    1688,
    1734,
    1787,
    1856,
    1919,
    1991,
    2052,
    2116,
    2180,
    2235,
    2289,
    2343,
    2397,
    2441,
    2496,
    2549,
    2592,
    2639,
    2684,
    2725,
    2756,
    2797,
    2834,
    2875
  ],
  "runningtime": [
    1.9516335566838583
  ]
}