{
  "distance": [
    1192.3319300933526,
    1610.3122263533735,
    2064.252263185437,
    2424.729934356801,
    2677.1349999482427,
    2973.5494178194426,
    3160.935290461231,
    3312.030708235233,
    3481.0658368758,
    3524.059374175435,
    3604.3574687567752,
    3209.351669585192,
    3414.6912730350195,
    3527.1625424060467,
    3704.079940553681,
    3826.294444481023,
    3876.2479825301943,
    3988.2034912098525,
    4046.513375807376,
    4109.43089505606,
    4139.537587613994,
    4190.833170389098,
    3793.0227130331577,
    3906.379025964971,
    3994.426289732208,
    4068.4394658156584,
    4136.01817695711,
    4184.995514714619,
    4214.067211079726,
    4283.899929988235,
    4321.389806051183,
    4332.614657790081,
    4381.544502150185,
    4397.303022768964,
    4102.719114317142,
    4173.163718110055,
    4224.382782726272,
    4271.273036810134,
    4309.399930197442,
    4348.00108863613,
    4398.1621507122345,
    4415.81239936608,
    4432.340495432931,
    4455.257989897337,
    4487.219033659016,
    4495.923697539145,
    4266.043959480735,
    4318.668416271451,
    4347.708086972431,
    4395.950776835451,
    4430.003129023619,
    4450.400934734834,
    4489.4735108239665,
    4499.420122015877,
    4516.020944429983,
    4531.859529077644,
    4549.875760927402,
    4569.74308530233,
    4357.39871541363
  ],
  "speed": [
    10.816797178119225,
    10.865924446132823,
    10.965780669567046,
    10.979213985767547,
    10.932592282596547,
    10.981537110732338,
    10.920417908531014,
    10.97203867368391,
    10.94758944848388,
    10.967707344671371,
    10.953905345802136,
    10.951461904845612,
    10.941316624605621,
    10.926286107370965,
    10.934157713725808,
    10.929203693420495,
    10.924200063149716,
    10.91450262946325,
    10.903113308517899,
    10.89975356295715,
    10.904867080963347,
    10.892210977171574,
    10.884141363092219,
    10.869362730806657,
    10.850071469264222,
    10.83421814711107,
    10.828835370503807,
    10.813908566977018,
    10.80614569072969,
    10.789844774754354,
    10.774121428372988,
    10.762441073670225,
    10.759953163263042,
    10.74549454597546,
    10.737283608579824,
    10.734443368802731,
    10.709747815657526,
    10.699277735141935,
    10.681992426266252,
    10.674133748767279,
    10.667303381024425,
    10.654261587762125,
    10.637747151153125,
    10.621450045702277,
    10.6104404451781,
    10.599177995774683,
    10.583222630312582,
    10.577998795672931,
    10.566263068290581,
    10.547162081022156,
    10.537312707902915,
    10.524555899351741,
    10.51755533521453,
    10.502126909705334,
    10.487844662800917,
    10.478282753953167,
    10.466308159100828,
    10.456408901361147,
    10.437111217534273
  ],
  "throuput": [
    3,
    17,
    43,
    86,
    131,
    199,
    268,
    334,
    416,
    490,
    567,
    635,
    714,
    793,
    864,
    942,
    1028,
    1110,
    1193,
    1266,
    1343,
    1419,
    1498,
    1578,
    1657,
    1728,
    1815,
    1892,
    1967,
    2042,
    2128,
    2209,
    2291,
    2362,
    2444,
    2525,
    2596,
    2675,
    2754,
    2830,
    2907,
    2990,
    3064,
    3143,
    3223,
    3299,
    3373,
    3464,
    3534,
    3611,
    3695,
    3770,
    3847,
    3933,
    4007,
    4082,
    4160,
    4239,
    4317
  ],
  "runningtime": [
    1.4850214878718058
  ]
}