{
  "distance": [
    1085.1223690373347,
    1583.2927418796803,
    2016.9405159577057,
    2451.006541483244,
    2815.666183483776,
    3146.1832188322264,
    3475.3012653039377,
    3807.5640663264876,
    4123.020506966951,
    4422.042453096983,
    4673.828713772628,
    4977.837990682055,
    5183.370738932612,
    5420.611011051273,
    5644.443069212937,
    5815.425670823648,
    5982.026358965191,
    6153.253337371879,
    6303.127546686445,
    6437.738923882157,
    6566.957503337277,
    6682.951041630908,
    6803.314920904333,
    6887.338976717981,
    6982.772838168612,
    6999.663194941952,
    7023.786160417195,
    7100.9555864456615,
    7165.595001751097,
    7213.609869322047,
    7274.785931863534,
    7262.73406063214,
    7277.715032336416,
    7296.297775698054,
    7274.458837760437,
    7317.44282377874,
    7330.49752177845,
    7373.949025944119,
    6207.947070769041,
    6318.3951305402115,
    6400.105050717789,
    6520.532397543659,
    6609.078869953124,
    6696.167502493057,
    6746.223721489693,
    6818.900878761764,
    6911.375230149618,
    6962.286777966226,
    7052.177374075896,
    7132.045578811981,
    7215.37216169302,
    7257.8104418047515,
    7318.937903738494,
    7375.977599241277,
    7420.54392755142,
    7493.662366587814,
    7548.833458794547,
    7599.23407044554,
    7637.193649725907
  ],
  "speed": [
    9.199477264547863,
    9.09073612850819,
    9.033783227676874,
    8.98485099056803,
    8.945717172951621,
    8.917053750515242,
    8.910470089807335,
    8.91347245328511,
    8.939113805962585,
    8.970706249296544,
    9.013236498868395,
    9.051479203942751,
    9.076189759371234,
    9.087446972026997,
    9.11534377733681,
    9.137994770315794,
    9.157852368133934,
    9.176135611595832,
    9.188889867692566,
    9.197966732310574,
    9.210440102571624,
    9.224953856856795,
    9.239096509731457,
    9.248798545089356,
    9.249146688148018,
    9.24364621848165,
    9.240167801502936,
    9.239078155540026,
    9.238883002649644,
    9.231989647737796,
    9.221428428868238,
    9.217911631114847,
    9.210218101592062,
    9.200720696399781,
    9.195826720008519,
    9.192679735592279,
    9.187197831826516,
    9.18434384803834,
    9.184867177333574,
    9.178035048695897,
    9.162923456706027,
    9.148118696532132,
    9.128808371266446,
    9.10824987949642,
    9.08748056271501,
    9.072024440166995,
    9.057042147097038,
    9.043222055667005,
    9.03236704832887,
    9.022362359337126,
    9.017070274824157,
    9.01040898215114,
    9.002786504649892,
    8.998569536438385,
    8.995295580324516,
    8.992021727915198,
    8.98410211990435,
    8.978746144308834,
    8.971811009488846
  ],
  "throuput": [
    25,
    70,
    134,
    194,
    278,
    375,
    491,
    614,
    758,
    911,
    1089,
    1271,
    1486,
    1675,
    1877,
    2096,
    2331,
    2548,
    2773,
    3023,
    3290,
    3527,
    3786,
    4065,
    4309,
    4523,
    4764,
    5042,
    5298,
    5538,
    5787,
    6017,
    6248,
    6481,
    6740,
    6993,
    7228,
    7463,
    7691,
    7952,
    8195,
    8415,
    8627,
    8843,
    9050,
    9277,
    9488,
    9693,
    9867,
    10094,
    10332,
    10576,
    10811,
    11037,
    11270,
    11498,
    11745,
    11996,
    12239
  ],
  "runningtime": [
    8.5361856341362
  ]
}