{
  "distance": [
    1108.6193451629765,
    1627.447548082371,
    2083.0474860211243,
    2549.979966841351,
    2933.503656056254,
    3285.9847506153255,
    3636.8371388943556,
    3991.607606262787,
    4319.845305686272,
    4630.144099652809,
    4885.930266995558,
    5201.8846225641355,
    5422.311722965138,
    5672.036435814949,
    5897.539163581192,
    6068.926100145379,
    6234.034938197798,
    6404.519965838866,
    6550.7562132222065,
    6677.953105676255,
    6796.469054896587,
    6896.558568941912,
    7006.326926815515,
    7075.637826707237,
    7164.103379835695,
    7177.072142715586,
    7192.836020050948,
    7260.637652727487,
    7317.5489096121655,
    7360.1299341605045,
    7421.289749274563,
    7400.284140117589,
    7408.771727111829,
    7422.6747741397985,
    7388.612220735331,
    7421.4406087127145,
    7427.020080909871,
    7464.137614897276,
    6276.322374294861,
    6386.625601040556,
    6471.75899143647,
    6593.296280492875,
    6684.009366199347,
    6777.21204502441,
    6832.081998881639,
    6907.468482479497,
    7005.0715842016325,
    7061.459014493383,
    7154.91901606107,
    7238.688012491645,
    7323.944335316127,
    7367.22395819883,
    7430.335490665892,
    7487.767565949497,
    7531.14575993835,
    7603.2139232373875,
    7659.148207272809,
    7707.741048236954,
    7742.787179516086
  ],
  "speed": [
    9.402495299010928,
    9.349589357535988,
    9.336311964433035,
    9.3566587853212,
    9.334066995818544,
    9.332035594188824,
    9.353140198709445,
    9.380550327590399,
    9.412624678982095,
    9.448979630156163,
    9.48713790818127,
    9.533344710071386,
    9.578434400024125,
    9.603821348914991,
    9.632169360810476,
    9.656545695927093,
    9.674801854020586,
    9.691192010345349,
    9.698533280289398,
    9.699827055528383,
    9.701512817564009,
    9.700773454251198,
    9.70667905058936,
    9.704019594792364,
    9.700763111652039,
    9.699735059163462,
    9.697765682755787,
    9.693311701468248,
    9.69067935722334,
    9.684093665096526,
    9.68092511517162,
    9.67717355909603,
    9.673080471898052,
    9.670631623733176,
    9.661913495414945,
    9.655996958739406,
    9.649200873317527,
    9.6446004283505,
    9.636230025361765,
    9.627625007521152,
    9.61432222236674,
    9.597332245425795,
    9.578450940311264,
    9.5640991738732,
    9.549014520671685,
    9.534823726664795,
    9.5230584341279,
    9.513660268371092,
    9.505183946984426,
    9.49815186692361,
    9.493267144622443,
    9.486648785807368,
    9.479929489560412,
    9.475462485987661,
    9.47102332391732,
    9.46656306710166,
    9.4598683442462,
    9.452870757074242,
    9.443345705517206
  ],
  "throuput": [
    31,
    77,
    132,
    212,
    292,
    403,
    523,
    662,
    819,
    968,
    1160,
    1346,
    1563,
    1789,
    1996,
    2224,
    2449,
    2666,
    2911,
    3177,
    3446,
    3699,
    3951,
    4235,
    4487,
    4722,
    4990,
    5225,
    5490,
    5735,
    5982,
    6245,
    6517,
    6743,
    6988,
    7237,
    7431,
    7657,
    7896,
    8122,
    8345,
    8566,
    8789,
    9008,
    9223,
    9425,
    9632,
    9848,
    10029,
    10262,
    10479,
    10731,
    10970,
    11208,
    11453,
    11700,
    11934,
    12186,
    12444
  ],
  "runningtime": [
    12.277469591299694
  ]
}