{
  "distance": [
    821.9122629282733,
    1080.0641581552447,
    1355.3804146812304,
    1554.0665837567992,
    1724.4809264919452,
    1906.6703484676864,
    2085.0398712857814,
    2185.8294899100106,
    2343.3625278419804,
    2472.9081901806107,
    2576.4231343246743,
    2655.6389400657417,
    2478.0526656395423,
    2627.759083607958,
    2763.4568210101993,
    2874.700395645648,
    2947.136680886899,
    3059.8770912016803,
    3155.637888526312,
    3223.268233022277,
    3298.4106992104194,
    3361.498112324527,
    3419.4646596964517,
    3485.206955349536,
    3518.5558464369983,
    3339.68826746091,
    3437.4969220658477,
    3499.8157119832476,
    3550.1016121844305,
    3615.407528254327,
    3673.6662266058083,
    3722.045873049213,
    3765.5509069783534,
    3797.8270883443147,
    3841.5761692502097,
    3879.377038201122,
    3919.1537354491015,
    3955.4480644061073,
    3990.9646798073236,
    3848.0975663048084,
    3889.8221315473834,
    3926.6677052971277,
    3974.0905595614745,
    4002.3602259281656,
    4048.0656071017333,
    4064.18402687189,
    4100.1078549204,
    4143.836749145268,
    4161.8248734337585,
    4186.8177281077105,
    4213.487645391951,
    4225.7389501059315,
    4105.700012497871,
    4150.741734834465,
    4182.569498146145,
    4209.819431113651,
    4229.261247790581,
    4255.2250817882405,
    4279.263380554355
  ],
  "speed": [
    7.586323881825326,
    7.344750007463936,
    7.262550563132537,
    7.179414338283554,
    7.102560603271,
    6.983451574249225,
    6.90656323281777,
    6.831606952944644,
    6.774510470783822,
    6.719711704259497,
    6.696193090658817,
    6.652352163726171,
    6.627030710857958,
    6.60336672132115,
    6.578797717489581,
    6.54318686787398,
    6.5135360353711835,
    6.481335231590646,
    6.446836235784898,
    6.4177854741429945,
    6.393337163363264,
    6.363909007478859,
    6.3392427344687015,
    6.3152436477682965,
    6.291548993780348,
    6.268215268176518,
    6.2650567363234595,
    6.246639161345908,
    6.225214952098166,
    6.204082683221013,
    6.1828591727840765,
    6.160807015366899,
    6.137099740416117,
    6.119514814552741,
    6.101772958757214,
    6.086488597057693,
    6.0667633316247835,
    6.050240607643811,
    6.036830605625124,
    6.024868980717057,
    6.011876063168221,
    5.993177409755021,
    5.976167325438871,
    5.961772366952379,
    5.943458009014341,
    5.927539515529621,
    5.911905595030894,
    5.902563510208025,
    5.888348583337314,
    5.876358122190069,
    5.863212815324118,
    5.850284997000725,
    5.841585443579275,
    5.837450008392844,
    5.824503532862956,
    5.8120098748462095,
    5.798201040611832,
    5.786074472633206,
    5.773910979038789
  ],
  "throuput": [
    26,
    72,
    162,
    298,
    460,
    686,
    961,
    1248,
    1564,
    1917,
    2298,
    2723,
    3113,
    3596,
    4056,
    4523,
    4999,
    5496,
    5985,
    6500,
    7018,
    7537,
    8062,
    8580,
    9082,
    9629,
    10191,
    10721,
    11253,
    11819,
    12378,
    12914,
    13455,
    14026,
    14549,
    15172,
    15700,
    16296,
    16810,
    17371,
    17937,
    18483,
    19056,
    19642,
    20202,
    20754,
    21318,
    21941,
    22511,
    23136,
    23730,
    24271,
    24852,
    25441,
    25997,
    26561,
    27138,
    27704,
    28328
  ],
  "runningtime": [
    42.122848530610405
  ]
}