{
  "distance": [
    893.650690079341,
    1199.1946271285674,
    1511.825567249238,
    1739.1845276314134,
    1936.6206986220614,
    2153.145367947568,
    2363.1129397670998,
    2487.6842075858854,
    2666.6536066789668,
    2814.1380442920677,
    2916.4490044712634,
    3002.9674428493227,
    2793.403072536491,
    2954.155637567086,
    3096.7753892239934,
    3217.2329150663904,
    3292.318175244365,
    3412.270982190117,
    3515.096260038644,
    3585.702376550069,
    3658.5209853124506,
    3723.6264143979834,
    3779.1236147705167,
    3845.4989342393433,
    3873.1544862462606,
    3668.8529844847303,
    3766.714004090163,
    3830.8308846166597,
    3882.7512356655343,
    3948.2840822924377,
    4005.881044868474,
    4053.8799036180353,
    4098.139166524599,
    4127.200832203759,
    4168.081158600305,
    4200.8786863971945,
    4240.061716000848,
    4273.907330877503,
    4304.716003772635,
    4146.233336179231,
    4187.995563502232,
    4226.56962148909,
    4275.367957126401,
    4300.933705056741,
    4347.885670098038,
    4361.411894436289,
    4394.7185088292135,
    4432.6332540755,
    4446.940377482375,
    4468.0949713110185,
    4492.420990008385,
    4501.743392227637,
    4365.4657837534705,
    4408.478240974482,
    4440.873231915761,
    4467.4031146303805,
    4486.1148676334005,
    4509.538564278031,
    4531.181207990228
  ],
  "speed": [
    8.250348781004025,
    8.165643210587898,
    8.123126093341527,
    8.077682969927292,
    8.051768136378696,
    7.999770780418383,
    7.978180742730628,
    7.965601698794205,
    7.951134276703778,
    7.9444020799370945,
    7.9349011841790125,
    7.93073157906735,
    7.929886854003172,
    7.927245078297864,
    7.91752815051191,
    7.908415981327236,
    7.901622823678938,
    7.889125260806622,
    7.87968370329815,
    7.871098209438046,
    7.8547849115119925,
    7.842009833438346,
    7.825022183464346,
    7.812980558680196,
    7.797424912164588,
    7.78435446522773,
    7.78293427291304,
    7.774137505623168,
    7.764089631351645,
    7.7492562961641855,
    7.7341477739377815,
    7.719695777784784,
    7.705440069088683,
    7.690875618712129,
    7.675313912574886,
    7.659425923015206,
    7.645524985606381,
    7.632598099906421,
    7.620028525677579,
    7.611779186350297,
    7.602254847995766,
    7.590265532851788,
    7.579286223532606,
    7.5661986126368665,
    7.552718060221926,
    7.5397425450869155,
    7.524344177311221,
    7.510109097582593,
    7.496666569939651,
    7.483884342701595,
    7.470455638500331,
    7.457904150430764,
    7.443227298514065,
    7.436554436382918,
    7.4245116234686055,
    7.412109286579688,
    7.3997083015450285,
    7.386044298066683,
    7.372371120587337
  ],
  "throuput": [
    30,
    87,
    197,
    366,
    598,
    890,
    1192,
    1607,
    2021,
    2468,
    2924,
    3444,
    3930,
    4470,
    4984,
    5535,
    6069,
    6638,
    7162,
    7721,
    8291,
    8831,
    9374,
    9937,
    10534,
    11108,
    11685,
    12268,
    12863,
    13453,
    14059,
    14608,
    15160,
    15716,
    16289,
    16860,
    17476,
    18053,
    18625,
    19221,
    19828,
    20452,
    21028,
    21619,
    22209,
    22782,
    23372,
    23961,
    24566,
    25104,
    25671,
    26268,
    26899,
    27485,
    28071,
    28692,
    29290,
    29913,
    30472
  ],
  "runningtime": [
    47.393066891034444
  ]
}