{
  "distance": [
    860.0142532778461,
    1140.144985271995,
    1427.7777849489005,
    1639.2273725865123,
    1821.6900880044088,
    2018.5212377624907,
    2209.92755681083,
    2322.577830782341,
    2492.2132635795037,
    2627.7147394702865,
    2729.2798903732714,
    2809.9473492828583,
    2621.879163811357,
    2779.098778551729,
    2918.8759403237354,
    3036.7434463016766,
    3115.314672281963,
    3230.120347761745,
    3329.6036491462564,
    3399.0510081870975,
    3475.599399183411,
    3536.2556037105896,
    3590.610894719964,
    3653.1061529923086,
    3681.1526333647066,
    3490.2674964286075,
    3586.9769785891303,
    3649.860562698961,
    3700.7643267462076,
    3768.7262927638462,
    3827.367421804357,
    3878.01920603184,
    3922.771008927763,
    3954.136530431522,
    3993.6215355565882,
    4025.907425565965,
    4065.5620200755684,
    4102.562289414679,
    4137.135492956978,
    3987.658349576127,
    4029.3349627305456,
    4068.7193262058854,
    4116.424606079194,
    4145.051808006231,
    4193.512822968419,
    4208.5136557485,
    4243.915769405825,
    4284.712629277462,
    4301.279668256527,
    4323.879232514027,
    4347.731650318116,
    4356.485549739753,
    4228.173433710534,
    4273.646119113242,
    4306.296196394591,
    4333.304044711642,
    4352.274088225323,
    4377.247563521414,
    4399.6409365183
  ],
  "speed": [
    7.942467184278977,
    7.764008542821409,
    7.671323167546375,
    7.602787763444683,
    7.5417647076587615,
    7.4465017028453975,
    7.388145956918178,
    7.344702133260168,
    7.311954291184818,
    7.268573322149122,
    7.24409963458802,
    7.208023877878952,
    7.200209546831633,
    7.190925772672114,
    7.174685319466612,
    7.156475182857069,
    7.148344965647118,
    7.121909033950126,
    7.098778451288132,
    7.079151147287794,
    7.061556186190362,
    7.031949080678167,
    7.004955176008656,
    6.978990166035404,
    6.952558393030549,
    6.931102925005706,
    6.925867445191204,
    6.9104231521852695,
    6.8927266172479,
    6.878101839702439,
    6.8600950825435065,
    6.845259427349556,
    6.826715615717537,
    6.811949084258097,
    6.791025028923896,
    6.770708342946908,
    6.75347495400283,
    6.740851392056128,
    6.729046430120426,
    6.7192939450688485,
    6.7074136698008795,
    6.69349268765702,
    6.678312807488881,
    6.666987681248921,
    6.654513170509441,
    6.640697596101726,
    6.626344416566949,
    6.614218134145422,
    6.600164582234666,
    6.586363454658523,
    6.570178581578401,
    6.554204722023541,
    6.541865376360628,
    6.538210886509192,
    6.526137718458989,
    6.513224795950336,
    6.4993317983302425,
    6.486757437107796,
    6.473280008826277
  ],
  "throuput": [
    30,
    86,
    191,
    334,
    512,
    780,
    1077,
    1428,
    1768,
    2157,
    2586,
    3022,
    3487,
    4002,
    4516,
    5015,
    5526,
    6048,
    6550,
    7086,
    7618,
    8173,
    8675,
    9237,
    9752,
    10330,
    10898,
    11453,
    12024,
    12590,
    13180,
    13725,
    14300,
    14872,
    15449,
    15998,
    16549,
    17116,
    17693,
    18282,
    18821,
    19442,
    20016,
    20637,
    21212,
    21789,
    22327,
    22912,
    23512,
    24095,
    24700,
    25281,
    25841,
    26431,
    26984,
    27584,
    28187,
    28808,
    29415
  ],
  "runningtime": [
    44.71707897186279
  ]
}