{
  "distance": [
    874.0170885258506,
    1160.579142554867,
    1455.8631628435855,
    1671.760303334661,
    1859.6813687059284,
    2066.636875404848,
    2263.122871182538,
    2380.6643901764223,
    2553.603917429865,
    2694.310312477755,
    2795.185349363515,
    2880.4848747947344,
    2685.2669494641823,
    2841.2069118665504,
    2983.639006061088,
    3104.4532621419266,
    3178.2791007554893,
    3293.827439129576,
    3392.395843715899,
    3460.8728066259487,
    3535.17190644266,
    3598.764833336116,
    3655.335568605426,
    3720.4686192057056,
    3750.3863253133472,
    3554.6834599224003,
    3652.3589288411067,
    3715.171099292602,
    3768.6865897523053,
    3835.9003592615077,
    3892.1850599954805,
    3941.884842589604,
    3986.8353800576497,
    4019.8444245434684,
    4060.462581930634,
    4094.818822541219,
    4132.467716377967,
    4168.894554022062,
    4201.866339607075,
    4047.8625690101617,
    4088.0717900241384,
    4126.300977840833,
    4172.495664836795,
    4198.369934984047,
    4244.498239151464,
    4258.9285666557225,
    4293.393474615614,
    4333.977925707425,
    4349.692199468209,
    4371.921214487743,
    4397.090963615041,
    4408.011590680317,
    4277.166025963284,
    4320.161472113971,
    4352.726048858249,
    4380.71103614794,
    4400.839362874261,
    4426.2013173658825,
    4448.08063770903
  ],
  "speed": [
    8.07084589839095,
    7.9033417869858775,
    7.821892575352014,
    7.759557809035943,
    7.71367860811755,
    7.648880296245067,
    7.60052657537299,
    7.570418215049763,
    7.53900623697815,
    7.508997015937101,
    7.485777066450693,
    7.4656242739511995,
    7.459896987377284,
    7.443533317357611,
    7.432133548978732,
    7.420042223123011,
    7.403460953280004,
    7.379146608944873,
    7.355496162064605,
    7.336455021962196,
    7.315441164899216,
    7.292012148539679,
    7.2710703391039235,
    7.251661827718828,
    7.231605813833088,
    7.211922195949041,
    7.210071999371418,
    7.197108627174092,
    7.186334329441503,
    7.171437479088748,
    7.150642412423231,
    7.136315298756216,
    7.120794768623381,
    7.111247577519646,
    7.0935712709314505,
    7.077960490877672,
    7.058914457134898,
    7.0471220131350165,
    7.035226600647791,
    7.0248445907664525,
    7.011974290100708,
    6.9977200519226574,
    6.980955026344263,
    6.966617599998837,
    6.950709855405741,
    6.9358969087245015,
    6.92002395751601,
    6.90795966998661,
    6.893035562947521,
    6.879169244458816,
    6.8653377975050605,
    6.853549986336781,
    6.840906171315627,
    6.833664448223382,
    6.821958671125725,
    6.811132845895964,
    6.799910493513371,
    6.788461484967331,
    6.775306261033114
  ],
  "throuput": [
    30,
    87,
    193,
    350,
    548,
    833,
    1130,
    1475,
    1842,
    2262,
    2695,
    3161,
    3626,
    4140,
    4663,
    5182,
    5720,
    6248,
    6775,
    7289,
    7805,
    8367,
    8907,
    9473,
    10007,
    10600,
    11207,
    11753,
    12302,
    12909,
    13495,
    14077,
    14637,
    15210,
    15749,
    16324,
    16885,
    17473,
    18052,
    18661,
    19230,
    19813,
    20413,
    20992,
    21531,
    22117,
    22668,
    23275,
    23833,
    24429,
    25039,
    25642,
    26216,
    26820,
    27405,
    27998,
    28600,
    29220,
    29833
  ],
  "runningtime": [
    45.67969907522202
  ]
}