{
  "distance": [
    1042.3197624695852,
    1475.0143217994312,
    1851.5613435658115,
    2214.760494740022,
    2532.8199987882763,
    2842.036125167994,
    3145.448596202517,
    3392.5038483398353,
    3648.103775647029,
    3876.027883066864,
    4103.022292788442,
    4306.934164598268,
    4431.101903391586,
    4623.789516762583,
    4812.193619280181,
    4914.855180695688,
    5019.810593480783,
    5156.837011249466,
    4424.343117288304,
    4608.608187537041,
    4796.850770883876,
    4940.614231050611,
    5100.024617077892,
    5224.646452073035,
    5366.293975002415,
    5456.211194131158,
    5551.567396793761,
    5670.330795003363,
    5760.923219572154,
    5842.992496238409,
    5928.700493823477,
    5975.298221167133,
    6044.379025847542,
    6117.6148780033645,
    6160.566684845128,
    6213.419646088219,
    6256.808952081783,
    6324.124691720058,
    5802.283692790953,
    5886.674850201394,
    5954.979904647611,
    6034.052466150166,
    6109.821705691098,
    6171.6180318340075,
    6220.22588730684,
    6279.818731372782,
    6347.468832042254,
    6375.087175036706,
    6423.858150397946,
    6474.636050567388,
    6525.8168787642835,
    6552.390548769339,
    6587.540381064871,
    6618.797651451619,
    6650.798034814066,
    6676.712578362997,
    6704.725918739933,
    6284.274278489336,
    6355.675712925828
  ],
  "speed": [
    9.282092793762109,
    9.186570340202046,
    9.164918174747275,
    9.129150776385837,
    9.114156010110078,
    9.102314713033696,
    9.094755525708866,
    9.084942516751868,
    9.100003674610083,
    9.097822696313818,
    9.10518296291212,
    9.103643393752407,
    9.092199771014057,
    9.09275722002444,
    9.084798586171631,
    9.076806558611905,
    9.060523493756888,
    9.041602287308937,
    9.021054924147661,
    9.002528418983085,
    8.96176762882128,
    8.922146739000594,
    8.876495410154092,
    8.826403883809496,
    8.775040137883444,
    8.721214406569676,
    8.675788110594773,
    8.633697465684458,
    8.591973496540534,
    8.549592659791976,
    8.50691673009179,
    8.469789063742066,
    8.429327283666533,
    8.392081481035905,
    8.357902465983663,
    8.323760019901654,
    8.285271721049005,
    8.248216230163925,
    8.218241897135677,
    8.180454894492525,
    8.138286708564042,
    8.097624412234795,
    8.057106279086382,
    8.015719185607114,
    7.976511514747226,
    7.936567047667113,
    7.896566319377331,
    7.85648465071347,
    7.820331156481193,
    7.783268609513088,
    7.7469225176098835,
    7.711384474359846,
    7.677264259249612,
    7.643535445116032,
    7.608755148651884,
    7.574910403357667,
    7.539332006526544,
    7.50708678216028,
    7.480711624233526
  ],
  "throuput": [
    19,
    59,
    135,
    223,
    350,
    501,
    687,
    911,
    1170,
    1440,
    1714,
    1983,
    2314,
    2671,
    2986,
    3365,
    3720,
    4115,
    4504,
    4910,
    5294,
    5655,
    6065,
    6444,
    6814,
    7204,
    7646,
    8019,
    8443,
    8857,
    9284,
    9688,
    10064,
    10489,
    10883,
    11323,
    11755,
    12156,
    12604,
    13013,
    13455,
    13828,
    14228,
    14647,
    15061,
    15490,
    15912,
    16334,
    16771,
    17170,
    17552,
    17929,
    18351,
    18800,
    19202,
    19616,
    20044,
    20492,
    20916
  ],
  "runningtime": [
    17.803119158744813
  ]
}