{
  "distance": [
    1063.2473067666804,
    1516.953661644966,
    1907.0431170976706,
    2281.2590110344445,
    2609.354166319115,
    2936.415356640913,
    3251.517553328484,
    3504.540456520793,
    3763.621626797332,
    4002.1651443971978,
    4231.743417143191,
    4440.871928217792,
    4570.848640998944,
    4761.115865934522,
    4951.062433923737,
    5050.434247759109,
    5153.275542106017,
    5288.290842880117,
    4531.128546174921,
    4714.337289556134,
    4906.278582201618,
    5048.318916896251,
    5207.426564929312,
    5329.713810652204,
    5472.012720936062,
    5567.431641777791,
    5663.309797413024,
    5780.675422934857,
    5867.830721460322,
    5947.296208507138,
    6032.428187739867,
    6077.849145524184,
    6146.147708577574,
    6217.923783226154,
    6257.4754746177205,
    6306.365932327489,
    6347.70905921747,
    6411.092970073428,
    5878.321413030373,
    5963.379017982127,
    6034.42396907694,
    6114.730951078371,
    6188.917962086224,
    6248.651713716828,
    6294.839722024338,
    6353.968201085105,
    6420.561781312006,
    6446.5179143706455,
    6493.687389515636,
    6544.5509208186,
    6595.4241807409935,
    6619.981157456361,
    6652.258636583384,
    6681.822546275168,
    6713.085920395356,
    6735.619331444192,
    6762.139423336623,
    6336.300158935084,
    6405.89694406589
  ],
  "speed": [
    9.464699948290127,
    9.448027979670657,
    9.444103779836142,
    9.410391987036066,
    9.402275817748633,
    9.421635007077658,
    9.429197987528322,
    9.421053437310029,
    9.431399350220541,
    9.44402628483411,
    9.450536219946663,
    9.455964911685726,
    9.462027473468757,
    9.453588956673231,
    9.446392365287625,
    9.435361537018933,
    9.41816432432782,
    9.395597114722635,
    9.368417946025492,
    9.343534038143664,
    9.305539515653372,
    9.26195327536148,
    9.213447348534402,
    9.157539308545749,
    9.105065516242545,
    9.05938910938004,
    9.013853130880056,
    8.967421675185678,
    8.920832128392778,
    8.874053968466626,
    8.830706367617951,
    8.792564068185985,
    8.752465923272883,
    8.714308357067521,
    8.67713274014913,
    8.639120621127947,
    8.599591456504157,
    8.559436912189748,
    8.525228294769958,
    8.487918066039272,
    8.449172911739565,
    8.40890479930985,
    8.365253090358346,
    8.321341534680949,
    8.278845563805362,
    8.237911632259026,
    8.195907533838742,
    8.153753473450907,
    8.114512230877635,
    8.075769376829687,
    8.037692296961671,
    7.9999954397484565,
    7.962720867960868,
    7.927218099374007,
    7.8913624501438315,
    7.853767203215367,
    7.816793742845876,
    7.782471715280927,
    7.752974517818078
  ],
  "throuput": [
    18,
    61,
    141,
    237,
    364,
    534,
    746,
    959,
    1221,
    1517,
    1808,
    2094,
    2446,
    2766,
    3132,
    3499,
    3866,
    4275,
    4671,
    5076,
    5479,
    5866,
    6262,
    6645,
    7030,
    7427,
    7831,
    8268,
    8680,
    9082,
    9522,
    9930,
    10344,
    10754,
    11147,
    11613,
    12042,
    12459,
    12887,
    13344,
    13732,
    14132,
    14554,
    14978,
    15388,
    15797,
    16233,
    16656,
    17009,
    17423,
    17856,
    18281,
    18695,
    19115,
    19535,
    19949,
    20398,
    20869,
    21255
  ],
  "runningtime": [
    31.215269633134206
  ]
}