{
  "distance": [
    1125.3453437201458,
    1627.6164085015448,
    2013.739289156759,
    2364.3243263597947,
    2701.2686882178114,
    2996.984152696326,
    3258.0485578617727,
    3505.9584278182333,
    3631.6577428716537,
    3804.6775322718813,
    3978.5933360060226,
    4103.910998548949,
    4291.182064278686,
    4432.79376404344,
    4519.657668115252,
    4621.749592062091,
    4678.536644698186,
    4711.881380521936,
    4677.2710533698955,
    4687.909119912659,
    4741.238997052306,
    4830.713209852739,
    4884.631181875483,
    4897.084273724993,
    4924.952320299267,
    4968.075021175176,
    5042.327133409941,
    5004.595399208537,
    4981.435107766527,
    5023.637819050638,
    4619.851958515599,
    4693.8520667740895,
    4778.089816568651,
    4815.747617471875,
    4879.622315348454,
    4939.082572417267,
    4970.821007785934,
    4994.819592341647,
    5038.610928713336,
    5061.159916868413,
    5108.492038018357,
    5141.037231401733,
    5190.697812780699,
    5228.274291289302,
    5280.361576463345,
    5266.803425046894,
    5308.136245708772,
    5316.214548823545,
    5319.988760886084,
    5343.645836969081,
    5350.162776509284,
    5377.884922719345,
    5386.1729251845545,
    5405.624305077063,
    5434.108354868098,
    5405.871325886465,
    5410.304776494236,
    5382.165555585037,
    5399.061378271267
  ],
  "speed": [
    9.570502158057858,
    9.501698399845875,
    9.566902086107723,
    9.54946242361963,
    9.651939233142194,
    9.724789441885118,
    9.733145940489603,
    9.764248858244587,
    9.773043878659838,
    9.778187436460971,
    9.804993182847548,
    9.836055110660515,
    9.856762801987388,
    9.893427840142527,
    9.924452088271696,
    9.941792199258037,
    9.976130328627491,
    9.984166396265625,
    9.988229853775207,
    9.991438961437053,
    9.97505161737984,
    9.970773301759452,
    9.982373566073907,
    9.980976459285067,
    9.986136343317755,
    9.994496105817841,
    10.00397939050303,
    10.014593450507357,
    10.024853953046662,
    10.033943952812754,
    10.034886665457394,
    10.031544999162978,
    10.031957150000816,
    10.030643015820038,
    10.03663060285512,
    10.035867425479376,
    10.041558883237165,
    10.043728359262978,
    10.042282604655062,
    10.041646193472692,
    10.039854400437662,
    10.041538573146354,
    10.043089584027902,
    10.040875509593649,
    10.045047218067815,
    10.04960762882645,
    10.050114083608806,
    10.050212822100365,
    10.049348924532524,
    10.051083811755237,
    10.04948471516237,
    10.050245528779659,
    10.052485109093631,
    10.05301289202669,
    10.054966389057574,
    10.062056580928912,
    10.069215171472614,
    10.071734601573997,
    10.072479795187885
  ],
  "throuput": [
    17,
    50,
    81,
    136,
    195,
    256,
    327,
    394,
    482,
    564,
    653,
    736,
    832,
    934,
    1035,
    1139,
    1253,
    1351,
    1443,
    1528,
    1628,
    1743,
    1842,
    1948,
    2048,
    2148,
    2240,
    2357,
    2448,
    2533,
    2640,
    2731,
    2817,
    2908,
    3005,
    3092,
    3167,
    3256,
    3337,
    3432,
    3513,
    3616,
    3720,
    3825,
    3942,
    4056,
    4155,
    4255,
    4350,
    4467,
    4569,
    4674,
    4778,
    4860,
    4955,
    5053,
    5146,
    5243,
    5336
  ],
  "runningtime": [
    3.179696993033091
  ]
}