{
  "distance": [
    1130.4326774685087,
    1640.1114708558262,
    2022.7596580472532,
    2376.886406330558,
    2720.940476456446,
    3010.6178714724733,
    3280.3295834110063,
    3527.6068335267114,
    3646.1168432364607,
    3820.4993893202018,
    3988.374949730853,
    4110.587582816683,
    4300.386917922272,
    4440.688748350663,
    4528.048607761978,
    4635.471567976078,
    4684.491319515563,
    4723.37209752266,
    4691.4047919899,
    4699.470043239256,
    4755.433338767885,
    4845.770397090852,
    4904.505144720275,
    4917.820605451255,
    4945.896373271933,
    4984.392673523752,
    5054.125975855378,
    5013.601879912265,
    4991.803995270249,
    5031.069142997592,
    4626.902303393157,
    4697.577191431848,
    4785.3241855107135,
    4824.420615502705,
    4885.559111668702,
    4950.182358070911,
    4981.130746607559,
    5004.488086650497,
    5052.483081845683,
    5074.341224897055,
    5123.233266700937,
    5154.097539676872,
    5205.906516841638,
    5243.895260496694,
    5293.393038979978,
    5279.052255328411,
    5323.459938956018,
    5335.034304586756,
    5338.051259509004,
    5361.2554804730735,
    5367.530865786398,
    5396.613260653336,
    5405.475506762326,
    5426.7801001341595,
    5453.295049655358,
    5419.373209742866,
    5423.766930286987,
    5393.608927746132,
    5408.851947010446
  ],
  "speed": [
    9.609714100199012,
    9.57144377039463,
    9.611684298435895,
    9.603544272862068,
    9.72858565325371,
    9.776239792885352,
    9.809193433586222,
    9.842225815391322,
    9.843950361069568,
    9.869019392402372,
    9.88248789065065,
    9.909278343538551,
    9.933926893490094,
    9.969074975987715,
    9.998390296730003,
    10.024686645372128,
    10.04190399604666,
    10.059331578462913,
    10.068461959759293,
    10.066519176177508,
    10.060257288467241,
    10.058967587169779,
    10.080541963608376,
    10.083920040763823,
    10.094364520247284,
    10.101177889139297,
    10.110553651236312,
    10.117310753047612,
    10.1318873579054,
    10.135397433050908,
    10.137639099543192,
    10.124394956868482,
    10.12955396095785,
    10.130976971317477,
    10.129011650171767,
    10.131534164535772,
    10.135799547356388,
    10.140792296842665,
    10.14536687774954,
    10.142863256330966,
    10.14335391053121,
    10.142117631149526,
    10.149670005090742,
    10.151146641704967,
    10.153740086385499,
    10.15923578548265,
    10.164987654247726,
    10.1704813433711,
    10.172037426575628,
    10.17772758973959,
    10.176949584976407,
    10.182446133156082,
    10.186457256531439,
    10.192383317618924,
    10.19388070743814,
    10.194928731220612,
    10.204113727594669,
    10.205966797970193,
    10.208627468682154
  ],
  "throuput": [
    16,
    47,
    85,
    137,
    199,
    263,
    331,
    402,
    499,
    575,
    660,
    747,
    841,
    938,
    1038,
    1153,
    1258,
    1354,
    1443,
    1545,
    1645,
    1743,
    1851,
    1957,
    2069,
    2166,
    2261,
    2368,
    2450,
    2539,
    2651,
    2729,
    2824,
    2918,
    2999,
    3082,
    3186,
    3259,
    3341,
    3431,
    3527,
    3628,
    3736,
    3847,
    3965,
    4063,
    4159,
    4265,
    4381,
    4485,
    4587,
    4687,
    4782,
    4881,
    4985,
    5077,
    5163,
    5269,
    5373
  ],
  "runningtime": [
    3.633947185675303
  ]
}