{
  "distance": [
    1040.0797419764235,
    1434.972217156132,
    1706.2436331266736,
    1977.3077492235957,
    2261.512496023979,
    2410.715737391548,
    2653.3938219742304,
    2835.562983955801,
    2805.0050085456423,
    3037.5280110289846,
    3231.319327818287,
    3306.5871967532667,
    3453.5032482588026,
    3614.954459261823,
    3744.570500344533,
    3841.6183150925594,
    3929.0236261187556,
    3806.5379252009725,
    3907.2799969131074,
    4039.518673202174,
    4084.5973070325526,
    4189.56593193851,
    4260.727606378902,
    4301.126036277742,
    4337.586977828883,
    4394.015768563604,
    4319.195150500643,
    4364.926096197956,
    4426.916962923645,
    4474.310019188151,
    4507.630645428664,
    4563.195427295269,
    4606.040724359963,
    4648.338142235735,
    4678.159204409802,
    4714.917733923447,
    4614.802198286928,
    4663.837671381306,
    4667.1711130959675,
    4731.347428712361,
    4772.59389289743,
    4780.635437273201,
    4799.995989792743,
    4827.468207492073,
    4845.4388909451645,
    4765.035606196015,
    4816.083566642378,
    4842.623304471695,
    4845.169028821705,
    4873.977845319953,
    4898.592542872932,
    4910.132291281087,
    4926.921855628048,
    4959.290632028046,
    4879.301047165662,
    4902.484539970253,
    4903.923122053354,
    4934.623151082349,
    4957.505831017827
  ],
  "speed": [
    9.725180390518183,
    9.74523672104763,
    9.732061920293594,
    9.789322568777113,
    9.798321084501966,
    9.780116104387082,
    9.750558161916228,
    9.768478927780617,
    9.757157035575325,
    9.723221948403646,
    9.703142960157258,
    9.67761071072432,
    9.665064427133146,
    9.657299321286468,
    9.648036308285308,
    9.641088465504547,
    9.635012179892906,
    9.632741463165278,
    9.626771463137132,
    9.616677608665105,
    9.603918536872916,
    9.60325011852242,
    9.597600472174689,
    9.601737481678652,
    9.599158795782216,
    9.594686393784695,
    9.599930870607736,
    9.604885783437835,
    9.596581960074401,
    9.597565173071532,
    9.594557723275445,
    9.595964616702112,
    9.597348973188586,
    9.59609213767315,
    9.598745868252333,
    9.594799162180092,
    9.599100900615586,
    9.596161439191544,
    9.589578059369742,
    9.590220252813992,
    9.588798297366079,
    9.590765257220284,
    9.59177078918625,
    9.589290550290311,
    9.587481684396927,
    9.586209631811197,
    9.588785611285314,
    9.588507126419774,
    9.587757888582333,
    9.587236515171712,
    9.582048071006671,
    9.577255570701125,
    9.573837842167197,
    9.572145305401687,
    9.570243442563841,
    9.567213935976971,
    9.564523857708707,
    9.559405435709243,
    9.559184291723609
  ],
  "throuput": [
    11,
    33,
    61,
    113,
    200,
    276,
    386,
    506,
    627,
    770,
    897,
    1050,
    1219,
    1382,
    1554,
    1721,
    1896,
    2071,
    2255,
    2433,
    2630,
    2806,
    2991,
    3159,
    3346,
    3535,
    3726,
    3905,
    4087,
    4259,
    4441,
    4633,
    4816,
    4997,
    5195,
    5381,
    5554,
    5727,
    5914,
    6102,
    6293,
    6465,
    6644,
    6838,
    7022,
    7218,
    7392,
    7576,
    7749,
    7932,
    8100,
    8295,
    8478,
    8658,
    8843,
    9034,
    9208,
    9394,
    9575
  ],
  "runningtime": [
    3.68262566725413
  ]
}