{
  "distance": [
    1037.104106334912,
    1430.6676016084814,
    1704.014619274663,
    1974.0167699572312,
    2258.7159051834547,
    2408.0606183768655,
    2654.703444318769,
    2837.345041294054,
    2811.840772586063,
    3044.828254827856,
    3245.824253225867,
    3326.823424354247,
    3474.894513246199,
    3639.8363299475004,
    3768.312814950452,
    3868.467764404498,
    3954.6826929190433,
    3826.0131110969,
    3929.49210803889,
    4060.5974415374903,
    4106.0062794744335,
    4210.61990458867,
    4283.825375139787,
    4322.367970727686,
    4356.436782591949,
    4411.207018763469,
    4333.379019695052,
    4377.730340213611,
    4441.986663977892,
    4486.709097193272,
    4519.965756142245,
    4571.910185649103,
    4613.517284613769,
    4653.833024860978,
    4680.036732454995,
    4718.659924884584,
    4617.214101198524,
    4666.091625252894,
    4668.001706949014,
    4732.066003244204,
    4773.832812992491,
    4781.7618816464155,
    4803.2249248704875,
    4831.584441668148,
    4848.755907958412,
    4769.897421586206,
    4820.845026441037,
    4847.6674339196015,
    4849.885910275924,
    4878.705901864067,
    4904.591308651275,
    4915.241257467487,
    4933.830675993033,
    4966.213627931831,
    4885.441693258241,
    4909.685552434976,
    4912.483090762723,
    4944.5132582394635,
    4966.492299796566
  ],
  "speed": [
    9.70359782659893,
    9.725944627034908,
    9.728807998729785,
    9.781856123884399,
    9.794896161043349,
    9.772978268535844,
    9.762462909747528,
    9.781336249567842,
    9.790976999998165,
    9.7535050354051,
    9.756143734118133,
    9.751993481283083,
    9.74595099750817,
    9.750166976077807,
    9.741090127842314,
    9.74873784031813,
    9.745862107805674,
    9.739784746211207,
    9.747796177807043,
    9.741123603429813,
    9.739174286390556,
    9.738101380278662,
    9.739619873324623,
    9.741871855498616,
    9.737073897191811,
    9.731069141102468,
    9.730435331735448,
    9.733695365983355,
    9.73129407763725,
    9.73023109891788,
    9.728326899720088,
    9.7243756544131,
    9.724685694432633,
    9.719804342440817,
    9.713107171218555,
    9.709710215474145,
    9.708841694968264,
    9.70528315038641,
    9.695030005431823,
    9.691371667889964,
    9.68779038812085,
    9.685891020045405,
    9.688343554216582,
    9.686044992412805,
    9.681268316366799,
    9.680905918123909,
    9.681290921829321,
    9.679041072447031,
    9.675704215974392,
    9.674629773631668,
    9.671999655081432,
    9.666474408746998,
    9.666124877261261,
    9.665130840323066,
    9.663392609888078,
    9.66283636249108,
    9.663903454220874,
    9.663650674181294,
    9.66279745839609
  ],
  "throuput": [
    11,
    35,
    65,
    115,
    194,
    279,
    389,
    512,
    630,
    760,
    913,
    1066,
    1239,
    1398,
    1582,
    1750,
    1933,
    2102,
    2284,
    2477,
    2656,
    2829,
    3016,
    3191,
    3364,
    3559,
    3737,
    3929,
    4116,
    4293,
    4461,
    4657,
    4839,
    5020,
    5194,
    5389,
    5570,
    5749,
    5917,
    6092,
    6284,
    6458,
    6650,
    6838,
    7025,
    7219,
    7381,
    7572,
    7752,
    7940,
    8124,
    8304,
    8492,
    8695,
    8878,
    9048,
    9247,
    9427,
    9600
  ],
  "runningtime": [
    4.0708929618199665
  ]
}