{
  "distance": [
    1036.4078891821264,
    1423.2567500912478,
    1701.8231265673887,
    1978.9633752669479,
    2270.53533130017,
    2420.107434331306,
    2668.430137391398,
    2852.8859796387487,
    2828.2594406420476,
    3063.3406184981545,
    3259.9187688139987,
    3344.3625861668547,
    3492.2784526680907,
    3659.9747742315462,
    3785.0944185770218,
    3879.945546899099,
    3968.1137477233724,
    3840.692716331416,
    3937.638686476155,
    4068.412733040496,
    4114.559065850852,
    4220.826056078568,
    4294.408761891447,
    4332.2884453616,
    4365.796494694554,
    4423.511847456005,
    4341.712042555112,
    4384.655775431034,
    4450.603408391274,
    4497.325055968055,
    4532.049240398039,
    4583.392849795949,
    4625.874473127393,
    4668.489491191213,
    4697.489191302459,
    4737.967023123192,
    4634.73165775074,
    4682.454169896355,
    4686.514552322944,
    4749.931847031726,
    4790.3396029404075,
    4797.466880351584,
    4816.213743215092,
    4846.215950961937,
    4862.7718650397655,
    4782.143378923674,
    4832.266458452674,
    4859.698901874957,
    4861.631957361389,
    4889.464677234295,
    4915.392943013366,
    4927.869284098593,
    4944.620752183167,
    4978.09685910725,
    4896.4848379136665,
    4920.962836347384,
    4921.701805601348,
    4951.144705125913,
    4972.007790489269
  ],
  "speed": [
    9.701646371086495,
    9.685324305179625,
    9.71238800810813,
    9.80138866783701,
    9.84419075027756,
    9.831412585722664,
    9.829337931330851,
    9.85026416252552,
    9.869940293415315,
    9.839445922822572,
    9.835837700673606,
    9.848821558418468,
    9.841298052435555,
    9.84903168722005,
    9.834658838831361,
    9.830539892049075,
    9.829652091661142,
    9.82808623418071,
    9.822435938307843,
    9.81263968089197,
    9.80618061495023,
    9.805733285060017,
    9.80814830878553,
    9.81071884191897,
    9.803433794974604,
    9.804570251101783,
    9.799443995065369,
    9.802460046717927,
    9.804405595417899,
    9.808550714831455,
    9.812407061261696,
    9.807602325897214,
    9.808980001943155,
    9.810670335375077,
    9.813396186168863,
    9.817604629284261,
    9.8172459688549,
    9.815121484925584,
    9.813095231425184,
    9.813080435540572,
    9.812478933250103,
    9.814775142666296,
    9.81682666467067,
    9.820143297478698,
    9.816637061774154,
    9.816020178555465,
    9.817682776609342,
    9.818952326492163,
    9.818650083884302,
    9.817569965479349,
    9.81685177567036,
    9.81651947801299,
    9.813829767627748,
    9.815781803973438,
    9.814344892932281,
    9.815730484868723,
    9.814343074236518,
    9.81109139393776,
    9.80949840470496
  ],
  "throuput": [
    13,
    35,
    60,
    115,
    201,
    283,
    392,
    511,
    643,
    774,
    930,
    1086,
    1234,
    1414,
    1593,
    1764,
    1940,
    2119,
    2295,
    2472,
    2661,
    2837,
    3027,
    3198,
    3374,
    3570,
    3772,
    3938,
    4126,
    4310,
    4488,
    4665,
    4850,
    5048,
    5224,
    5419,
    5600,
    5792,
    5958,
    6148,
    6345,
    6520,
    6691,
    6882,
    7070,
    7263,
    7432,
    7608,
    7792,
    7977,
    8152,
    8352,
    8524,
    8727,
    8919,
    9100,
    9290,
    9470,
    9631
  ],
  "runningtime": [
    4.600857257843018
  ]
}