{
  "distance": [
    1038.25357169767,
    1437.3671293809361,
    1715.1478268140693,
    1993.2288436499186,
    2285.4041901872033,
    2429.9486104511416,
    2678.312631051455,
    2862.3569121934206,
    2833.228438930133,
    3067.1410949608085,
    3267.6047504826615,
    3353.707874342489,
    3501.4735267444585,
    3666.246237192987,
    3793.8522209500643,
    3892.713281241935,
    3976.5310141003124,
    3845.481140702323,
    3943.987141114043,
    4081.4649031298327,
    4127.544896648264,
    4235.687099168691,
    4306.552081827896,
    4345.80830942664,
    4380.862684192442,
    4437.403847495031,
    4352.568860058943,
    4397.934163005437,
    4463.824889610359,
    4507.960073056099,
    4541.635154071429,
    4591.719325413654,
    4632.969559644653,
    4675.587874034209,
    4704.4305190499335,
    4742.723853897826,
    4642.0752354033475,
    4690.502237426585,
    4694.928477215133,
    4758.193948346155,
    4801.230277906152,
    4808.564907589286,
    4826.933853059772,
    4851.794385927078,
    4868.553166575494,
    4787.333919600585,
    4837.48632169811,
    4863.903629100636,
    4866.731691320071,
    4893.7146581115585,
    4918.510054504402,
    4930.359013714389,
    4947.105470172585,
    4979.303806461617,
    4898.538668670379,
    4923.198772938787,
    4923.6280957035515,
    4955.43683516778,
    4977.488605316734
  ],
  "speed": [
    9.718442168776942,
    9.779297237180812,
    9.794501618841526,
    9.8848296311294,
    9.921762329325833,
    9.877965913570643,
    9.874881612653189,
    9.897986839755836,
    9.903164211433285,
    9.872043098523212,
    9.874018108296978,
    9.89301767738006,
    9.888342379359411,
    9.88990677403064,
    9.88058451803525,
    9.890062271949224,
    9.884282975234942,
    9.871336161513398,
    9.866593047970206,
    9.875017045151221,
    9.871477650093839,
    9.878585185746422,
    9.876776273480699,
    9.885852739254151,
    9.88486788753269,
    9.885917470210954,
    9.876663928574688,
    9.883474879475784,
    9.885817794884588,
    9.88532204954697,
    9.888067652758364,
    9.88340086036557,
    9.883707082425612,
    9.884845141857392,
    9.885973482787614,
    9.885991262404461,
    9.890879460905577,
    9.889371483188405,
    9.888977018954344,
    9.890308788245147,
    9.895036459446448,
    9.896405285481315,
    9.897989738332496,
    9.892092013110918,
    9.89172037597631,
    9.891120312605095,
    9.892047899403153,
    9.890683090985219,
    9.893060506907378,
    9.891921792622728,
    9.889107560238596,
    9.887475737497008,
    9.884412850009502,
    9.88359840025312,
    9.882948397018671,
    9.883734885072844,
    9.880490161297685,
    9.878609135771883,
    9.876877649812728
  ],
  "throuput": [
    12,
    34,
    65,
    122,
    200,
    282,
    403,
    520,
    643,
    782,
    929,
    1082,
    1245,
    1418,
    1588,
    1784,
    1947,
    2115,
    2304,
    2489,
    2673,
    2855,
    3039,
    3222,
    3389,
    3594,
    3776,
    3954,
    4138,
    4320,
    4512,
    4696,
    4865,
    5043,
    5240,
    5423,
    5610,
    5805,
    5985,
    6154,
    6330,
    6526,
    6699,
    6911,
    7099,
    7267,
    7440,
    7639,
    7823,
    8004,
    8175,
    8352,
    8538,
    8735,
    8907,
    9091,
    9276,
    9449,
    9628
  ],
  "runningtime": [
    5.089251820246378
  ]
}