{
  "distance": [
    1057.8741750739018,
    1461.632418588212,
    1832.7077166980455,
    2174.1190044732934,
    2393.6119790122348,
    2674.6152946364323,
    2858.1989203918333,
    3038.416327312098,
    3199.963445294389,
    3309.7495747645435,
    3201.9101580269135,
    3360.0829766075785,
    3497.531668311981,
    3622.877044600948,
    3700.2995870623713,
    3783.222447901068,
    3850.2685447681292,
    3923.55949458053,
    3982.3255392785395,
    4032.3586661746795,
    4068.08158282943,
    3927.879943514477,
    4010.032365757728,
    4070.683428718359,
    4107.019673927277,
    4146.307069511768,
    4195.640408547334,
    4222.411147320827,
    4256.480436665343,
    4264.0757616333085,
    4305.05702159564,
    4321.43046322982,
    4204.509767718599,
    4255.065704389096,
    4276.395467281722,
    4316.737844578779,
    4335.081736416177,
    4366.101995562175,
    4390.078894216754,
    4402.959859749107,
    4428.129663971425,
    4441.133820420229,
    4452.442503036065,
    4473.7743404891025,
    4382.370130729042,
    4403.988521119198,
    4435.341447995266,
    4451.927896373507,
    4471.174165263727,
    4486.139887254075,
    4499.174493571669,
    4505.84949691749,
    4514.778002947327,
    4526.647262525565,
    4542.329380940098,
    4461.3582405551015,
    4485.419515410775,
    4490.914976380039,
    4518.9756719614115
  ],
  "speed": [
    11.091502254317197,
    11.113473544109869,
    11.178062934467487,
    11.190587668795649,
    11.13503816644176,
    11.089721708982003,
    11.031965179671909,
    10.972634806664407,
    10.898194340942986,
    10.865649639195466,
    10.836396463000039,
    10.78642208725811,
    10.736992161653362,
    10.691537616548292,
    10.628999835900093,
    10.587535132367579,
    10.537992913345116,
    10.502273187806804,
    10.457091110813705,
    10.413733066648676,
    10.364778876130815,
    10.322330813947856,
    10.287726030399716,
    10.24043883909559,
    10.197539964904013,
    10.161817738357982,
    10.114955644000684,
    10.068445187569889,
    10.028302262743454,
    9.984276822028871,
    9.942227337985848,
    9.90128088013895,
    9.855131443543504,
    9.827439091781018,
    9.785217044300348,
    9.7542697033214,
    9.71934795945857,
    9.680217138299772,
    9.642482452610345,
    9.607734284545923,
    9.571530970914097,
    9.534873893500965,
    9.495634129208895,
    9.457531918291437,
    9.423988685588746,
    9.387982222894344,
    9.348506805837161,
    9.310973044471702,
    9.274281408298902,
    9.239632991632567,
    9.203614130778398,
    9.165856285520059,
    9.124652774595265,
    9.087075525764913,
    9.05015068968568,
    9.014454518355999,
    8.981441380545862,
    8.945987589739769,
    8.914278902574814
  ],
  "throuput": [
    5,
    24,
    59,
    109,
    180,
    266,
    372,
    505,
    644,
    781,
    936,
    1070,
    1230,
    1375,
    1537,
    1696,
    1846,
    2016,
    2161,
    2310,
    2479,
    2624,
    2798,
    2951,
    3117,
    3249,
    3419,
    3568,
    3726,
    3864,
    4016,
    4182,
    4339,
    4508,
    4652,
    4822,
    4980,
    5127,
    5278,
    5442,
    5589,
    5750,
    5902,
    6051,
    6218,
    6372,
    6526,
    6681,
    6845,
    6991,
    7151,
    7295,
    7444,
    7584,
    7765,
    7920,
    8068,
    8224,
    8375
  ],
  "runningtime": [
    2.9831320961316425
  ]
}