{
  "distance": [
    1062.319212335366,
    1477.8565813247537,
    1845.3525321543505,
    2181.7264079673373,
    2398.1821176443063,
    2674.4093972455353,
    2864.2357974453134,
    3049.61799198073,
    3208.1018797245974,
    3319.6468458240793,
    3207.7860725117775,
    3366.740888860497,
    3499.240787183099,
    3621.439336687729,
    3702.8065250586656,
    3785.9692546761094,
    3848.738059965993,
    3920.687785768913,
    3978.722430510189,
    4029.550439804729,
    4064.4564551208155,
    3925.2800447221957,
    4005.315975047178,
    4065.3438007323916,
    4101.732866851849,
    4142.996014591928,
    4195.636983426248,
    4223.46185198734,
    4261.047722307547,
    4268.853732486859,
    4308.627290524594,
    4326.050107405715,
    4209.713242054212,
    4259.146729353416,
    4282.961346582178,
    4322.014214861556,
    4340.600608110454,
    4370.766452630948,
    4393.87312396675,
    4406.507312516251,
    4431.7427920989085,
    4445.870768970828,
    4458.29829454799,
    4478.581574488027,
    4384.901002124143,
    4406.465584314844,
    4439.072744277245,
    4457.10478485278,
    4477.678176289722,
    4493.465434105611,
    4506.6648357207505,
    4513.496388742547,
    4522.916758939316,
    4534.066039125934,
    4549.721150511625,
    4469.579879531731,
    4494.292489827013,
    4500.930214061484,
    4528.400099601086
  ],
  "speed": [
    11.134377439003769,
    11.22712524169492,
    11.240776579569106,
    11.201665008984124,
    11.135084137947997,
    11.08020490119043,
    11.051680762457465,
    11.00942732049302,
    10.931418671462064,
    10.909159879561527,
    10.875999042960714,
    10.840259946196827,
    10.778406208477158,
    10.727938454131102,
    10.670975976982636,
    10.624154019683349,
    10.559581150130192,
    10.517884954302348,
    10.46947821628441,
    10.425881978925176,
    10.373436143478559,
    10.332422428695953,
    10.292183054236187,
    10.241054458122475,
    10.191583896601715,
    10.152898937820444,
    10.11199457030927,
    10.064993521697502,
    10.029679315181912,
    9.986240710952286,
    9.942246252662452,
    9.903130728220864,
    9.859091396458794,
    9.829381479433192,
    9.794197422268514,
    9.758893416710102,
    9.722728362571322,
    9.683617326038275,
    9.64317307540832,
    9.607270309470477,
    9.571164220882222,
    9.535395027531573,
    9.49748162369257,
    9.455781627537956,
    9.418153714253572,
    9.380507341387943,
    9.342558114150222,
    9.306218799617724,
    9.270955163141844,
    9.23556786275819,
    9.199193300273244,
    9.163243392781176,
    9.124445967880886,
    9.086764386621386,
    9.049326492672009,
    9.015232569677444,
    8.983626126540996,
    8.950912486000927,
    8.918296809498218
  ],
  "throuput": [
    3,
    24,
    55,
    104,
    182,
    271,
    372,
    501,
    649,
    788,
    942,
    1090,
    1240,
    1383,
    1527,
    1689,
    1852,
    2009,
    2162,
    2305,
    2464,
    2633,
    2784,
    2946,
    3087,
    3246,
    3410,
    3553,
    3724,
    3877,
    4020,
    4184,
    4345,
    4509,
    4664,
    4808,
    4983,
    5129,
    5272,
    5439,
    5591,
    5736,
    5900,
    6048,
    6218,
    6364,
    6515,
    6670,
    6822,
    6969,
    7140,
    7298,
    7440,
    7593,
    7758,
    7917,
    8062,
    8221,
    8375
  ],
  "runningtime": [
    3.108419974644979
  ]
}