{
  "distance": [
    1059.6769267925456,
    1462.8240292815642,
    1791.9515345388147,
    2079.9485959696162,
    2372.787377532189,
    2571.024822000412,
    2793.5445421509658,
    2954.6172200029987,
    3136.3779752372934,
    3270.479143517286,
    3399.662720904232,
    3501.0108436167184,
    3597.6061342184707,
    3675.4915921696293,
    3382.0953448521873,
    3527.826197294283,
    3651.810547128188,
    3727.4169829265147,
    3822.9992328211474,
    3921.763165118849,
    3990.4549324002123,
    4064.6225480456155,
    4122.914457859927,
    4183.8917572845285,
    4227.088192190746,
    4283.422670885052,
    4320.463335270586,
    4353.685061913024,
    4392.46829830558,
    4168.676662549902,
    4252.186138828584,
    4319.983030708384,
    4372.5251423520585,
    4426.547311938741,
    4456.585215941832,
    4506.092382694441,
    4519.443141297403,
    4579.680411051143,
    4597.8859033327735,
    4645.653727459342,
    4665.384418771658,
    4691.758449132795,
    4715.424844518111,
    4725.325554376587,
    4556.069171697497,
    4584.431968504691,
    4642.273314296061,
    4660.547165369182,
    4702.207293584541,
    4718.943193244013,
    4754.414817994609,
    4768.75248448941,
    4802.535398325125,
    4825.379200824783,
    4840.391844779643,
    4855.848096202985,
    4870.331112882868,
    4878.607322539184,
    4893.088146304485
  ],
  "speed": [
    10.260189028481518,
    10.209231043901708,
    9.988993527240067,
    9.894772832294219,
    9.78490137323858,
    9.648701040312789,
    9.564600096477708,
    9.47362198319047,
    9.419522044199226,
    9.351196318741964,
    9.274769811993387,
    9.190958482424344,
    9.112870006585606,
    9.029397242608546,
    8.98339968160464,
    8.91920308663754,
    8.840457568507453,
    8.739899368956978,
    8.648319228085077,
    8.56259987446099,
    8.490364294181333,
    8.414510674205431,
    8.346132095466112,
    8.280392020025293,
    8.214189681076453,
    8.161910414203358,
    8.10288807779307,
    8.050554567380397,
    7.990647749719187,
    7.955901743086273,
    7.928769038535382,
    7.8931490612557225,
    7.845034445946891,
    7.795342864658479,
    7.745567195064246,
    7.696957819516721,
    7.654167194723039,
    7.610407082560257,
    7.56564335409992,
    7.526832447926956,
    7.481738908244487,
    7.436495526702823,
    7.39086304149844,
    7.34810390528984,
    7.307016409532089,
    7.278558991882557,
    7.246847550313423,
    7.20869715546084,
    7.168437530458641,
    7.1311597994172065,
    7.089722596086926,
    7.05199516133612,
    7.018311789655109,
    6.984344781664197,
    6.951183332265811,
    6.915688024534437,
    6.878553129419041,
    6.842680575774047,
    6.807770938717034
  ],
  "throuput": [
    13,
    45,
    83,
    159,
    251,
    370,
    504,
    659,
    832,
    1001,
    1190,
    1371,
    1570,
    1782,
    1959,
    2170,
    2376,
    2601,
    2786,
    2999,
    3207,
    3431,
    3641,
    3831,
    4055,
    4276,
    4471,
    4732,
    4939,
    5163,
    5387,
    5618,
    5868,
    6120,
    6322,
    6548,
    6747,
    6996,
    7215,
    7429,
    7660,
    7855,
    8095,
    8314,
    8552,
    8775,
    9032,
    9229,
    9466,
    9710,
    9955,
    10173,
    10400,
    10610,
    10854,
    11086,
    11305,
    11541,
    11769
  ],
  "runningtime": [
    14.641292369365692
  ]
}