{
  "distance": [
    1074.3779318193008,
    1480.2053801863544,
    1817.7854334788697,
    2121.290565726522,
    2426.925338182785,
    2646.0769505614985,
    2882.9176932679234,
    3046.896739252139,
    3224.955287422538,
    3363.3800236991337,
    3499.4966576629504,
    3606.2315708357673,
    3701.93489294679,
    3787.576602594513,
    3485.190160773026,
    3635.1957435387894,
    3761.7459544371673,
    3842.130129092836,
    3941.451710643042,
    4038.8590554128536,
    4104.602769851805,
    4179.1694579025425,
    4237.5624637747715,
    4299.58010151056,
    4340.152005582654,
    4390.7856494086645,
    4423.06355560952,
    4448.062731485115,
    4486.054505275504,
    4249.441124966045,
    4327.0613680312645,
    4392.703569017305,
    4444.262240921701,
    4502.152562874272,
    4535.92649041832,
    4584.813359050716,
    4596.925019719106,
    4653.720863312164,
    4671.258506079536,
    4717.4965495773395,
    4736.212647782229,
    4761.257850417907,
    4783.612422318222,
    4794.2706738683155,
    4621.518629588021,
    4648.330222515722,
    4703.488331839338,
    4720.094594598596,
    4759.002101237968,
    4774.778426539257,
    4812.403801516131,
    4827.410287928897,
    4860.36490556766,
    4881.566591137947,
    4894.16617569647,
    4908.492081729977,
    4921.602660655837,
    4928.4525131472865,
    4940.746040850675
  ],
  "speed": [
    10.399463739882165,
    10.336196472102484,
    10.14555391957969,
    10.106095288847348,
    10.028656529738056,
    9.966727845267322,
    9.920396482000637,
    9.83012917743879,
    9.759079738037011,
    9.70717854114283,
    9.653318380304247,
    9.594338145459012,
    9.526796004969917,
    9.467286386488645,
    9.433088970380753,
    9.376905826268258,
    9.303744747988508,
    9.215924231600809,
    9.132903146065129,
    9.044009389708531,
    8.966327007927347,
    8.891765047194736,
    8.827142675562762,
    8.765392001396217,
    8.69810659834491,
    8.638280233491376,
    8.57491427450115,
    8.511536081437008,
    8.452149091727394,
    8.403775001128901,
    8.363687119792854,
    8.321427658698685,
    8.267682599578876,
    8.21930016692256,
    8.171767382510202,
    8.117340739100312,
    8.070261082953222,
    8.018626230270689,
    7.970296943800992,
    7.926406006793804,
    7.877624323690321,
    7.828596779122102,
    7.779213555603153,
    7.736722473466129,
    7.6925981273425,
    7.660871113200026,
    7.62280690491031,
    7.579861674065359,
    7.532764730337406,
    7.490766987538424,
    7.448457698068728,
    7.4085729166158485,
    7.370500103047582,
    7.331819033939094,
    7.293157451269603,
    7.253099182594454,
    7.211500857833545,
    7.171377099253001,
    7.1309376822247135
  ],
  "throuput": [
    13,
    49,
    88,
    163,
    267,
    389,
    529,
    691,
    873,
    1057,
    1248,
    1463,
    1652,
    1863,
    2057,
    2259,
    2490,
    2720,
    2916,
    3129,
    3346,
    3574,
    3793,
    3982,
    4217,
    4436,
    4666,
    4889,
    5107,
    5320,
    5539,
    5769,
    5998,
    6231,
    6449,
    6677,
    6910,
    7140,
    7351,
    7578,
    7810,
    8001,
    8241,
    8465,
    8723,
    8959,
    9186,
    9391,
    9614,
    9835,
    10082,
    10300,
    10545,
    10765,
    10977,
    11214,
    11456,
    11677,
    11903
  ],
  "runningtime": [
    5.729767843087514
  ]
}