{
  "distance": [
    1082.1319612525956,
    1498.5822595043453,
    1845.7929129769711,
    2156.938161496744,
    2476.453527011534,
    2711.2225822189716,
    2956.178395687249,
    3128.5963902101676,
    3311.818028349754,
    3448.016191341018,
    3582.8904530223863,
    3690.409026678287,
    3788.092383455409,
    3868.3452135830125,
    3548.9697953223895,
    3697.827389245911,
    3825.0583939024186,
    3907.9415666522514,
    4013.7931823647746,
    4118.7867223081785,
    4189.19133428393,
    4267.880532792706,
    4326.7248159063465,
    4389.722369059139,
    4433.70687645328,
    4483.1628863361575,
    4514.202406830547,
    4537.262091114138,
    4575.1711835162805,
    4329.605799104266,
    4406.029676504414,
    4464.527536937646,
    4510.737168320702,
    4565.69092256601,
    4596.720671353024,
    4646.43627717014,
    4655.4720143273025,
    4712.733221471899,
    4727.54477285161,
    4772.473322161989,
    4791.448772674922,
    4817.469383103236,
    4839.898102194911,
    4846.963850179379,
    4670.502532890715,
    4696.681133132977,
    4751.329810093283,
    4766.383096440492,
    4805.153570806795,
    4818.556759769702,
    4854.734792973623,
    4868.724012737388,
    4898.19391873258,
    4917.642998777219,
    4928.762382543147,
    4943.695716612478,
    4957.458438473422,
    4963.7428047675285,
    4977.017001087731
  ],
  "speed": [
    10.472163581573028,
    10.460086904348305,
    10.299676122673258,
    10.276411940460026,
    10.244940147761278,
    10.235906305924114,
    10.209012490512707,
    10.145389830638017,
    10.085770665760325,
    10.02355477150495,
    9.966143372929158,
    9.907289608279108,
    9.847775096032231,
    9.778635528978501,
    9.718961160510128,
    9.665342036495465,
    9.599848078581436,
    9.519709529245112,
    9.454363136536863,
    9.38623898986606,
    9.324746014123354,
    9.261834446985622,
    9.19933647176851,
    9.141929585652619,
    9.083293488541058,
    9.022703889849623,
    8.958116781684367,
    8.892619178636899,
    8.83464561680512,
    8.782049095229896,
    8.741189591258124,
    8.687376475233922,
    8.625279710849403,
    8.570934526983935,
    8.518015160359933,
    8.463035375341931,
    8.409587602221947,
    8.356351075797571,
    8.30162976915846,
    8.253204424803522,
    8.202792586948924,
    8.153797784504764,
    8.104161159893389,
    8.055251031287705,
    8.006909133410689,
    7.970605503939486,
    7.927329003012516,
    7.879517088346791,
    7.829957135925279,
    7.783749376706301,
    7.737051831167668,
    7.692534399902839,
    7.645986410503837,
    7.601727953658684,
    7.557840076362379,
    7.5163254788047045,
    7.473600931979197,
    7.430960623948447,
    7.389319138149195
  ],
  "throuput": [
    12,
    47,
    94,
    158,
    283,
    401,
    555,
    723,
    906,
    1087,
    1281,
    1505,
    1699,
    1899,
    2122,
    2357,
    2566,
    2788,
    3002,
    3237,
    3447,
    3675,
    3884,
    4101,
    4319,
    4545,
    4768,
    4999,
    5229,
    5455,
    5691,
    5920,
    6120,
    6357,
    6562,
    6786,
    7026,
    7245,
    7456,
    7676,
    7911,
    8127,
    8367,
    8599,
    8817,
    9039,
    9292,
    9511,
    9754,
    9973,
    10176,
    10390,
    10624,
    10851,
    11071,
    11326,
    11564,
    11771,
    11987
  ],
  "runningtime": [
    5.84681833187739
  ]
}