{
  "distance": [
    1084.7625328415663,
    1498.9635493064266,
    1848.8726469074224,
    2164.37627700813,
    2480.1785470365658,
    2713.4026877030237,
    2955.134896075616,
    3131.184295029916,
    3316.4384389775046,
    3451.559281630785,
    3585.883295491819,
    3690.211768128327,
    3784.453783002137,
    3865.852258267214,
    3549.066280500636,
    3698.6042427460943,
    3827.882495477451,
    3913.5431608973304,
    4016.350616952676,
    4118.711640188997,
    4185.317709378212,
    4262.694117892312,
    4321.11188771409,
    4382.959655879616,
    4423.301604837333,
    4472.773582571425,
    4503.411809537191,
    4527.225298772483,
    4566.252675040816,
    4322.537053669807,
    4397.742773632343,
    4458.38212141897,
    4506.925524015931,
    4561.30694919167,
    4594.551386113144,
    4645.648184964584,
    4655.175421490375,
    4713.055146090462,
    4728.82968002298,
    4774.309465213776,
    4791.849801665369,
    4816.382189970443,
    4837.164976338167,
    4842.476462137934,
    4664.441544116073,
    4687.088644095105,
    4740.851287632857,
    4755.6712117201305,
    4793.903983101921,
    4808.391552331964,
    4844.6869238984,
    4858.066311786761,
    4889.426371127246,
    4909.379209931089,
    4919.272940834695,
    4932.718091730417,
    4945.663949764985,
    4951.542637864126,
    4963.9417298984545
  ],
  "speed": [
    10.49835319332988,
    10.461951311781863,
    10.311780141951933,
    10.309252457226469,
    10.258291022891973,
    10.23800278795158,
    10.202209595111285,
    10.154642229885884,
    10.098541856411364,
    10.038512732397729,
    9.981206604813039,
    9.911495082126029,
    9.843424727261443,
    9.779600496940544,
    9.726701835645118,
    9.671612820132992,
    9.607834198457532,
    9.533160715358655,
    9.460490312213958,
    9.38626324698904,
    9.31536136877394,
    9.250082477835468,
    9.186270528153335,
    9.126916381963223,
    9.061501100223568,
    9.000476345151249,
    8.935100594196792,
    8.872402216070443,
    8.81604323423348,
    8.766231633855002,
    8.722327805446021,
    8.674239065171273,
    8.618508056394253,
    8.563898459910451,
    8.515184993069909,
    8.46438842488118,
    8.412868161651552,
    8.360901227234397,
    8.30842262350539,
    8.261526340028638,
    8.209613849213177,
    8.159495370165725,
    8.10764192817445,
    8.056912738161452,
    8.00691245276473,
    7.966034238910914,
    7.922691369388641,
    7.874570855452736,
    7.824230536912778,
    7.778119093865495,
    7.73092137037104,
    7.685042343486999,
    7.640818084487626,
    7.5969563406671385,
    7.551431705998626,
    7.508205972380542,
    7.463542387119934,
    7.419132607229026,
    7.376189642580639
  ],
  "throuput": [
    11,
    47,
    89,
    165,
    283,
    399,
    558,
    728,
    900,
    1100,
    1276,
    1502,
    1709,
    1913,
    2126,
    2341,
    2567,
    2781,
    3020,
    3225,
    3448,
    3662,
    3880,
    4095,
    4322,
    4539,
    4770,
    5011,
    5224,
    5457,
    5686,
    5927,
    6146,
    6351,
    6574,
    6805,
    7017,
    7254,
    7467,
    7704,
    7926,
    8154,
    8378,
    8621,
    8851,
    9060,
    9301,
    9526,
    9727,
    9957,
    10164,
    10380,
    10616,
    10848,
    11096,
    11321,
    11535,
    11772,
    11996
  ],
  "runningtime": [
    5.9135380784670515
  ]
}