{
  "distance": [
    1088.8423716040215,
    1505.9997925695475,
    1854.0560646430793,
    2170.6506423219216,
    2492.9096561259653,
    2729.599431770431,
    2970.2234910440766,
    3149.2365288367,
    3338.605684968441,
    3478.477803252981,
    3610.801824139074,
    3714.3221759109374,
    3811.2806340865864,
    3891.6724342614903,
    3566.42667853691,
    3715.161532622852,
    3843.674898795037,
    3925.181751427588,
    4030.1831428409237,
    4135.654558797181,
    4205.814133258795,
    4284.329129679861,
    4344.842142377055,
    4406.918865301726,
    4447.6910609558145,
    4497.650439836016,
    4530.482897318004,
    4554.547233434894,
    4591.500870213248,
    4346.41893037582,
    4422.44889573319,
    4482.944389766111,
    4532.206126891738,
    4587.10070442893,
    4617.8565742351875,
    4667.499972675372,
    4676.057603831959,
    4734.6574620784695,
    4749.246979713837,
    4793.47668604165,
    4810.939588180887,
    4835.216288714184,
    4855.550120687223,
    4860.584711614763,
    4681.618226178858,
    4705.809299263374,
    4760.755955640984,
    4775.327429638989,
    4815.747863147155,
    4828.188108847071,
    4864.905947539152,
    4878.265970738756,
    4908.989222055414,
    4929.6878825602325,
    4941.377310967912,
    4956.139342506216,
    4971.3140580841655,
    4978.036630267315,
    4989.820620452313
  ],
  "speed": [
    10.540698897444239,
    10.52012587154994,
    10.35140282134308,
    10.342981411402059,
    10.310725116341372,
    10.304489312607728,
    10.267564251913928,
    10.232249163089502,
    10.192667467242954,
    10.145581141614324,
    10.08663288579204,
    10.021329495394419,
    9.962134301367492,
    9.898860491989161,
    9.83830849985071,
    9.786205203379163,
    9.724741011031679,
    9.642768692287751,
    9.57310003069323,
    9.502050265118491,
    9.437155643381859,
    9.373050082901186,
    9.312797366566251,
    9.253278088851681,
    9.18885478666336,
    9.130383446110867,
    9.069284377622193,
    9.006483978693044,
    8.945840843887234,
    8.894806066322698,
    8.85013065723544,
    8.798639682964525,
    8.741059293990155,
    8.685752609583128,
    8.630605546428706,
    8.574635184002627,
    8.519850232235008,
    8.46697476393194,
    8.41034664052639,
    8.358956561881508,
    8.305822041694976,
    8.25379180812484,
    8.200437263614644,
    8.14912773397176,
    8.098643708316375,
    8.060385199831087,
    8.01949927667386,
    7.970695505639188,
    7.923788006680257,
    7.874944374568358,
    7.828206721575242,
    7.78246680842013,
    7.736857119727489,
    7.692471873027536,
    7.647899070934923,
    7.604375472266707,
    7.561820559420415,
    7.517418194547937,
    7.4724461051639395
  ],
  "throuput": [
    14,
    48,
    91,
    161,
    287,
    411,
    566,
    741,
    910,
    1114,
    1303,
    1534,
    1735,
    1947,
    2162,
    2385,
    2610,
    2818,
    3030,
    3248,
    3474,
    3691,
    3906,
    4123,
    4362,
    4584,
    4805,
    5037,
    5252,
    5480,
    5709,
    5930,
    6168,
    6375,
    6586,
    6822,
    7036,
    7275,
    7469,
    7712,
    7951,
    8173,
    8423,
    8653,
    8877,
    9121,
    9337,
    9563,
    9788,
    9993,
    10211,
    10423,
    10632,
    10859,
    11093,
    11320,
    11555,
    11783,
    12018
  ],
  "runningtime": [
    6.1629051804542545
  ]
}