{
  "distance": [
    1087.8572977933893,
    1505.17372668603,
    1856.105077438408,
    2170.613516066801,
    2491.059111776881,
    2727.2840157933674,
    2971.447819611164,
    3144.8990721884566,
    3333.5459607268017,
    3472.4438055965666,
    3605.3327285928667,
    3713.3134012470746,
    3815.2341389306594,
    3898.135262314895,
    3575.898390774073,
    3726.5362644919524,
    3851.339820930842,
    3934.2538431747053,
    4036.9001391867646,
    4141.379833018507,
    4211.595986360988,
    4289.1087738545675,
    4349.8691492573225,
    4410.053868947189,
    4451.391427565099,
    4500.463834187232,
    4531.0414019151685,
    4555.10700023609,
    4591.876348588383,
    4344.90387389956,
    4419.531744351901,
    4478.861254358107,
    4526.026223253963,
    4580.110100209407,
    4610.089667292363,
    4659.17860631071,
    4668.483233017868,
    4726.732324808009,
    4740.664988165358,
    4786.422562111964,
    4806.010896877067,
    4832.1767650573465,
    4852.818488626567,
    4859.788897180303,
    4683.402876954689,
    4707.179261307561,
    4763.114111336766,
    4777.893660771767,
    4816.719172230651,
    4828.690059047301,
    4863.744944298606,
    4875.679501095449,
    4904.299661364429,
    4922.374885414289,
    4933.111531727086,
    4945.743106901035,
    4958.844041375703,
    4965.069043468787,
    4976.948736540005
  ],
  "speed": [
    10.526590120770626,
    10.505795145198276,
    10.356701622959665,
    10.348303349168914,
    10.317525808473208,
    10.305707020047418,
    10.274854890412891,
    10.21719384247848,
    10.175225105623312,
    10.124426354734512,
    10.060620302929815,
    10.006103905868176,
    9.956794350495827,
    9.903490717339151,
    9.85291660220495,
    9.805321839142874,
    9.734480414144882,
    9.656767859948895,
    9.58627385460731,
    9.517804666676888,
    9.453641969681293,
    9.386997792804841,
    9.327603758499382,
    9.265007698182725,
    9.204599470066,
    9.145858164833076,
    9.082425333000975,
    9.019514827257737,
    8.959874903779243,
    8.90620662029977,
    8.860336123416454,
    8.80721643804981,
    8.74639618366432,
    8.690022842916397,
    8.634051938422042,
    8.577192255752784,
    8.522626076616046,
    8.46989687725377,
    8.412613043558048,
    8.363517162266273,
    8.314092533622988,
    8.265971796299965,
    8.213772824593612,
    8.165565211797377,
    8.120105634053504,
    8.082622672876461,
    8.044236720361225,
    7.9982488795223725,
    7.950839343092195,
    7.903267834617645,
    7.85591825048053,
    7.809437619820249,
    7.762513800311445,
    7.717086843729402,
    7.673778783014752,
    7.629478490795492,
    7.585319339972739,
    7.541300714750889,
    7.497549495878464
  ],
  "throuput": [
    12,
    46,
    95,
    170,
    289,
    402,
    562,
    740,
    914,
    1100,
    1297,
    1516,
    1725,
    1956,
    2162,
    2381,
    2616,
    2830,
    3061,
    3254,
    3481,
    3686,
    3908,
    4155,
    4376,
    4606,
    4808,
    5044,
    5270,
    5499,
    5721,
    5944,
    6168,
    6394,
    6605,
    6820,
    7047,
    7291,
    7488,
    7711,
    7967,
    8187,
    8430,
    8667,
    8913,
    9142,
    9377,
    9620,
    9823,
    10058,
    10261,
    10476,
    10710,
    10947,
    11168,
    11392,
    11620,
    11827,
    12067
  ],
  "runningtime": [
    6.324580387274424
  ]
}