{
  "distance": [
    866.7704916888615,
    1135.4624897859883,
    1446.3899589595835,
    1554.940388525651,
    1829.019387348858,
    2049.5015210406805,
    2210.9835819528485,
    2414.6395070363496,
    2439.8569417551516,
    2576.8244562070013,
    2690.1349580304127,
    2785.125399899269,
    2869.4342988330595,
    2898.919001670321,
    2983.2079807581636,
    3025.458553398653,
    3108.069445338462,
    3133.228447158184,
    3147.3232515195486,
    3199.0851238820824,
    3245.2246671949806,
    3260.5335831700468,
    3310.724751258434,
    3302.6688302482903,
    3338.791684474584,
    3363.2557450910354,
    3399.668578402657,
    3411.4270722095603,
    3415.4907483506113,
    3433.5171916202416,
    3446.484429250828,
    3472.790503833365,
    3482.3244169264217,
    3478.358352364611,
    3501.67031377667,
    3509.2831262395016,
    3527.5984254087034,
    3540.872319347581,
    3539.170735511427,
    3547.0778587542013,
    3570.7214978526185,
    3582.5397187593185,
    3597.1078922323163,
    3586.6829148200554,
    3592.5623671481803,
    3606.6338408068787,
    3622.228691313259,
    3636.861946926839,
    3622.5736973283465,
    3629.633417769236,
    3646.637116656128,
    3648.39891151416,
    3657.5062866174667,
    3647.682731950438,
    3662.0531677257404,
    3665.3938125649597,
    3672.910532826103,
    3680.376425533486,
    3677.865415931693
  ],
  "speed": [
    10.423263580638924,
    10.20415629587408,
    10.190787612819253,
    10.085306869503427,
    9.976550075850417,
    9.933808392799216,
    9.949000713240078,
    9.914624949001047,
    9.854684249046331,
    9.836552825924304,
    9.831636397767435,
    9.824205072372717,
    9.804606186141054,
    9.792109531226595,
    9.792651467374464,
    9.788442719201717,
    9.782844402143013,
    9.761292093548176,
    9.752787716617519,
    9.741982216285583,
    9.735790365613216,
    9.725503453922308,
    9.717633853162168,
    9.7109289597375,
    9.708640631708716,
    9.698357514599303,
    9.689859878102856,
    9.679993467226108,
    9.672373091572565,
    9.662349543102637,
    9.640000756725982,
    9.624812680495207,
    9.613039564310107,
    9.603460847931128,
    9.597214753713475,
    9.588443122478866,
    9.579812722022508,
    9.570895014248013,
    9.56501742249345,
    9.551564527679368,
    9.54704515070104,
    9.542227867446032,
    9.534966214368367,
    9.530671094448609,
    9.523629173367237,
    9.513241652262622,
    9.504530468966394,
    9.49410348886509,
    9.48865195324964,
    9.480712136104714,
    9.472614705693351,
    9.462580405752941,
    9.454692058620308,
    9.453088087739562,
    9.443803009337293,
    9.439419265025496,
    9.43469281762192,
    9.42527907103838,
    9.418117569624087
  ],
  "throuput": [
    6,
    21,
    64,
    124,
    208,
    321,
    437,
    572,
    713,
    857,
    1005,
    1167,
    1312,
    1469,
    1639,
    1804,
    1984,
    2154,
    2308,
    2465,
    2642,
    2804,
    2971,
    3135,
    3287,
    3456,
    3631,
    3785,
    3943,
    4101,
    4252,
    4440,
    4603,
    4768,
    4935,
    5102,
    5269,
    5442,
    5595,
    5764,
    5930,
    6105,
    6245,
    6410,
    6573,
    6742,
    6913,
    7064,
    7217,
    7391,
    7573,
    7735,
    7912,
    8083,
    8235,
    8395,
    8561,
    8728,
    8883
  ],
  "runningtime": [
    2.3651833256085713
  ]
}