{
  "distance": [
    1072.0952366178094,
    1591.4675641581694,
    2060.192387550552,
    2353.75439779425,
    2650.3231156294596,
    2860.2623059912257,
    2932.9066932272844,
    3061.64442318852,
    3118.829512210765,
    3321.2557476030397,
    3485.4863376402395,
    3458.680444638302,
    3426.074786219997,
    3494.6860376528116,
    3530.575880215687,
    3601.660183113069,
    3664.517367658483,
    3676.8062146784155,
    3674.5088514539607,
    3751.0182761295628,
    3749.7602159373437,
    3735.7251618262976,
    3739.5885316681533,
    3703.439783419654,
    3706.2340436883687,
    3710.3686609333286,
    3715.7863092255834,
    3697.3670449328547,
    3666.2023006098693,
    3353.5126567068123,
    3394.112039983463,
    3463.8455347923627,
    3552.567527991115,
    3608.7130780812395,
    3675.568501068893,
    3744.1137123551175,
    3732.0079829948145,
    3756.147080403875,
    3730.380778204953,
    3780.2597378773216,
    3812.768410196834,
    3848.706339914413,
    3881.098794791537,
    3879.6969682722397,
    3901.44201189833,
    3933.729965127803,
    3930.1698091956664,
    3911.3418299259693,
    3920.744408817351,
    3887.3459943850225,
    3928.9483001129943,
    3904.1023674900816,
    3920.7674221563843,
    3926.7747822465412,
    3907.9597293005063,
    3869.4236136308114,
    3861.024883412005,
    3873.5122551355985,
    3880.5648605534566
  ],
  "speed": [
    9.0391138465197,
    9.069874881301805,
    9.04938585955052,
    8.963031561116424,
    8.968788906396602,
    8.976969035681591,
    8.990801710936699,
    8.993445498333951,
    8.985993108671872,
    8.982515861841533,
    8.994337533854386,
    8.983309203493143,
    8.981754547132518,
    8.993474059311087,
    8.968798526943274,
    8.963856497042165,
    8.940870281355194,
    8.930744972947315,
    8.926067275682406,
    8.894598495012698,
    8.886413848343791,
    8.880754628913593,
    8.872319589863551,
    8.852298016779013,
    8.857097612558398,
    8.841775272855196,
    8.82568185467409,
    8.823520123838476,
    8.810226448818506,
    8.81332405844876,
    8.81129813079819,
    8.793108594686787,
    8.788195416760999,
    8.76574708623139,
    8.76388268720847,
    8.757605035526858,
    8.74632550203079,
    8.752654746582875,
    8.740178394218873,
    8.740131462867092,
    8.722654132138441,
    8.716066758121684,
    8.706111203931437,
    8.682722954579111,
    8.67161871473247,
    8.664017492759722,
    8.646157682091896,
    8.630875655950446,
    8.620797055386262,
    8.602105182956793,
    8.585230464627724,
    8.5671081167843,
    8.55388992002927,
    8.540255045656243,
    8.527092316135912,
    8.512866592265521,
    8.491555367664409,
    8.484164828271728,
    8.469797149394566
  ],
  "throuput": [
    6,
    29,
    56,
    88,
    116,
    144,
    178,
    207,
    241,
    271,
    303,
    335,
    375,
    400,
    436,
    480,
    513,
    547,
    586,
    619,
    648,
    682,
    707,
    727,
    751,
    781,
    814,
    851,
    879,
    911,
    939,
    959,
    992,
    1019,
    1052,
    1084,
    1118,
    1143,
    1183,
    1210,
    1242,
    1284,
    1319,
    1355,
    1387,
    1418,
    1453,
    1489,
    1520,
    1552,
    1578,
    1606,
    1642,
    1675,
    1699,
    1734,
    1755,
    1778,
    1812
  ],
  "runningtime": [
    1.3826184630393983
  ]
}