{
  "distance": [
    1028.4632969560082,
    1325.163849024368,
    1671.2628820109546,
    1941.9855239340923,
    2085.5981638390513,
    2280.1589811114127,
    2448.2378662009105,
    2404.077448196285,
    2619.636276593612,
    2733.051362729594,
    2849.761898777444,
    2936.6919197853067,
    3049.745057921211,
    3097.8079257481995,
    3172.187676401081,
    3254.2462330113094,
    3190.0531358890044,
    3240.8239446073712,
    3319.0673864626856,
    3347.5538745364215,
    3403.0432341134674,
    3441.5281061579935,
    3477.5701734375502,
    3513.3783039569976,
    3536.2453190075134,
    3470.8372168062974,
    3515.5278862943032,
    3534.2912537749567,
    3574.8877421243806,
    3608.0298990844917,
    3612.0812983740984,
    3640.097492549884,
    3658.008881516841,
    3604.5590632317917,
    3639.6081388752805,
    3658.5910528871154,
    3676.6308460335126,
    3698.7324134916785,
    3715.9811774745635,
    3726.2208052492883,
    3730.144590008258,
    3760.321920784552,
    3702.1523287353184,
    3722.5773010538046,
    3740.2583673240215,
    3755.8410085834166,
    3768.2154751366097,
    3786.088982604244,
    3798.0761355653826,
    3805.181273220105,
    3814.3043537563444,
    3783.210499835704,
    3785.786625329137,
    3806.761347414588,
    3817.34325352203,
    3822.4841772232776,
    3829.4272044390227,
    3842.069461907994,
    3855.1400548721235
  ],
  "speed": [
    10.708149127732579,
    10.505550163934837,
    10.395987163031693,
    10.323178691304674,
    10.197181088011117,
    10.125844643475359,
    10.08725759462433,
    10.078020449297021,
    10.069694796360684,
    10.009268344898203,
    9.957344767817847,
    9.938646788406249,
    9.92934340404359,
    9.89291702087321,
    9.884514825403787,
    9.871638705832659,
    9.88384386193764,
    9.86086734981445,
    9.83747403932649,
    9.830789628193816,
    9.80559634806146,
    9.792447239584256,
    9.766233220442437,
    9.747841144268694,
    9.726074846666691,
    9.708015679036226,
    9.6846727385067,
    9.664846289726457,
    9.643932272014247,
    9.61414859200488,
    9.596155854048305,
    9.575982927807996,
    9.559835116845782,
    9.547461342079655,
    9.536771690553373,
    9.517695977467122,
    9.500632612559613,
    9.479923039519521,
    9.462856677943293,
    9.446484104542176,
    9.422471941715449,
    9.401352655781139,
    9.388435732574068,
    9.369927227491186,
    9.357795620009776,
    9.342535527955238,
    9.32314666921713,
    9.305904648511378,
    9.2905607092725,
    9.27874539601229,
    9.264922185350901,
    9.24779570038312,
    9.235903539788469,
    9.222248191941482,
    9.205599154941861,
    9.188260848764756,
    9.175733937149502,
    9.16038799889739,
    9.148372310820122
  ],
  "throuput": [
    5,
    22,
    60,
    109,
    177,
    258,
    347,
    437,
    538,
    658,
    758,
    871,
    985,
    1100,
    1207,
    1321,
    1459,
    1567,
    1680,
    1794,
    1901,
    2017,
    2126,
    2243,
    2372,
    2488,
    2596,
    2702,
    2821,
    2944,
    3059,
    3168,
    3284,
    3411,
    3531,
    3636,
    3763,
    3869,
    3973,
    4098,
    4219,
    4321,
    4437,
    4538,
    4672,
    4807,
    4906,
    5022,
    5139,
    5252,
    5372,
    5486,
    5610,
    5719,
    5845,
    5954,
    6063,
    6172,
    6298
  ],
  "runningtime": [
    2.0891346454620363
  ]
}