{
  "distance": [
    1201.8459586702495,
    1740.0862801049911,
    2178.719709583045,
    2577.446703075285,
    2932.5081983434375,
    3361.2496463890816,
    3694.5307111061943,
    4034.8350363414193,
    4317.519971840671,
    4572.47278195748,
    4739.644480720969,
    5009.6080962125825,
    5226.119076456293,
    5425.877182523304,
    5575.470025597655,
    5694.390351814527,
    5857.590445732303,
    6008.999497656172,
    6086.891092569457,
    6193.754669981298,
    6310.505594009235,
    6375.372596937885,
    6418.66764569431,
    6502.8024345305585,
    6573.328540688587,
    6629.021039354353,
    6645.847907747262,
    6666.1037833767305,
    6704.166170768524,
    6759.5652965122745,
    6809.205922723017,
    6802.516757203646,
    6824.21215511103,
    6821.914687254421,
    6063.629977253721,
    6180.928967866066,
    6266.349760814101,
    6349.387995072513,
    6406.166526475288,
    6508.409420911438,
    6575.675768010067,
    6630.838817498227,
    6732.743019603105,
    6793.950436471844,
    6841.477234767262,
    6887.55545013964,
    6937.092932124256,
    6992.921277364344,
    7048.16713630037,
    7068.514956943971,
    7118.792112258044,
    7152.846746051997,
    7199.855104536699,
    7227.952409649401,
    7257.528744849956,
    7289.657246808572,
    7311.033456691765,
    7323.952613326885,
    7356.774824034878
  ],
  "speed": [
    10.246010099467746,
    10.19771603299252,
    10.16401520281982,
    10.157998627413042,
    10.167403017573275,
    10.167413583967877,
    10.182566544596654,
    10.190432828731732,
    10.175673922835454,
    10.172783626875743,
    10.156482392216084,
    10.1604862386452,
    10.150488041630705,
    10.150577829999078,
    10.14587583809851,
    10.14858516213799,
    10.145274022034075,
    10.14595038461906,
    10.14840846792819,
    10.146702572609142,
    10.147624023735277,
    10.15045767089237,
    10.1489643566631,
    10.15561170261992,
    10.164661948240774,
    10.166579220651347,
    10.166328208658049,
    10.163571117569502,
    10.159906928256964,
    10.16533931515847,
    10.164086939196917,
    10.16302121705731,
    10.163086760503512,
    10.158936293892472,
    10.160125662780624,
    10.159460239159996,
    10.148776817763848,
    10.140374047890106,
    10.131567483897117,
    10.126713839871071,
    10.118545528195984,
    10.111765838249017,
    10.105272604809462,
    10.093647702669587,
    10.08361110483842,
    10.072348685535045,
    10.062496440946427,
    10.053540149143004,
    10.046949054617622,
    10.042376139291777,
    10.034476435310236,
    10.027199053882468,
    10.019683379204984,
    10.013340669800018,
    10.008789683933017,
    10.002332930497523,
    9.99932172187016,
    9.996361396973464,
    9.99191405011875
  ],
  "throuput": [
    11,
    46,
    92,
    156,
    240,
    340,
    468,
    617,
    758,
    941,
    1103,
    1299,
    1523,
    1753,
    1959,
    2199,
    2432,
    2690,
    2938,
    3188,
    3448,
    3706,
    3964,
    4240,
    4501,
    4755,
    5006,
    5263,
    5522,
    5777,
    6021,
    6259,
    6513,
    6764,
    7002,
    7241,
    7478,
    7721,
    7958,
    8169,
    8393,
    8629,
    8858,
    9099,
    9336,
    9547,
    9796,
    10056,
    10285,
    10521,
    10774,
    11018,
    11287,
    11544,
    11801,
    12075,
    12352,
    12612,
    12874
  ],
  "runningtime": [
    9.140623919169109
  ]
}