{
  "distance": [
    952.1734118542231,
    1280.5671912925777,
    1562.5155825142751,
    1804.094102959197,
    2042.743943344932,
    2217.436142056,
    2397.579775277304,
    2546.8453736029373,
    2483.0306014221933,
    2630.8330693248577,
    2768.818766608433,
    2889.3445972627364,
    2991.2805462113856,
    3062.0099684707725,
    3156.3862015375403,
    3220.1461663577493,
    3092.3964151267555,
    3181.197086459418,
    3254.9866755421845,
    3314.408988158093,
    3375.083321296284,
    3429.9796415026767,
    3477.2582070858343,
    3513.3334251783294,
    3552.3097396074145,
    3451.128876337903,
    3505.382975800054,
    3542.477681607957,
    3573.2109581969344,
    3625.493031605122,
    3660.0847729926286,
    3678.1041395719712,
    3706.4385827207375,
    3729.53304348137,
    3641.8496500433366,
    3681.07057138952,
    3703.532757720137,
    3743.559719052355,
    3759.70701568335,
    3775.175295464635,
    3797.5027286723853,
    3808.1576504173827,
    3829.526321881015,
    3744.0998875246983,
    3780.9188122421297,
    3801.588529932477,
    3830.10834752373,
    3846.9510763152853,
    3860.202376092268,
    3874.6073940372034,
    3881.838884106071,
    3894.178780859568,
    3835.320041959428,
    3858.482966630017,
    3878.4348444554007,
    3888.976862739903,
    3899.624009626613,
    3912.166331828459,
    3924.000525991434
  ],
  "speed": [
    10.220404264302331,
    10.009027163834208,
    9.917032519484907,
    9.840328522881373,
    9.816084278552674,
    9.753241970474413,
    9.725873462492709,
    9.744751948712329,
    9.73232845085263,
    9.683440681803747,
    9.643655857606937,
    9.612911816606424,
    9.597507952947398,
    9.570962306909557,
    9.555371677160483,
    9.538396756648659,
    9.50084958710094,
    9.483746940137818,
    9.464534877233131,
    9.436032456399417,
    9.413594702793592,
    9.394932590681014,
    9.371989992864396,
    9.348444973473406,
    9.32416387522481,
    9.302010604480209,
    9.29055573659427,
    9.270695848177638,
    9.249235372049254,
    9.235120615292804,
    9.220504472274046,
    9.200237612093748,
    9.17991484068795,
    9.164283978514897,
    9.14649171926559,
    9.139542089367911,
    9.122111428679307,
    9.099823711497265,
    9.078894449131386,
    9.058965008452642,
    9.035156683393774,
    9.01487848665517,
    8.997536384471339,
    8.976475028696404,
    8.964093963354657,
    8.946985149140827,
    8.927288561381355,
    8.912357857449143,
    8.896819294031665,
    8.876337989907364,
    8.855599851867197,
    8.841192437190788,
    8.821675514558184,
    8.808792069468879,
    8.794214412530469,
    8.778724051639985,
    8.761801940940387,
    8.744231292235828,
    8.729160595535813
  ],
  "throuput": [
    11,
    44,
    109,
    212,
    370,
    549,
    755,
    1014,
    1243,
    1484,
    1725,
    1993,
    2245,
    2506,
    2793,
    3051,
    3324,
    3576,
    3832,
    4106,
    4368,
    4653,
    4920,
    5186,
    5481,
    5758,
    6050,
    6333,
    6601,
    6881,
    7170,
    7433,
    7712,
    7987,
    8272,
    8562,
    8833,
    9123,
    9370,
    9649,
    9931,
    10194,
    10449,
    10741,
    11030,
    11337,
    11589,
    11856,
    12160,
    12424,
    12706,
    12966,
    13239,
    13521,
    13817,
    14068,
    14363,
    14657,
    14937
  ],
  "runningtime": [
    4.670143806934357
  ]
}