{
  "distance": [
    976.5986291574951,
    1380.3450112569415,
    1750.7872237966735,
    2093.9833386692094,
    2393.999724426276,
    2682.2025805715703,
    2928.604716679802,
    3147.281086686218,
    3323.298099756689,
    3492.6754124940308,
    3657.168784856025,
    3764.5786165902928,
    3902.9308347449055,
    4014.937656037757,
    4119.047004177819,
    4196.39665115745,
    4305.541149763003,
    4356.930635218311,
    4434.189328085763,
    4497.726152695726,
    3822.7986184449346,
    3973.095683208916,
    4115.513042969639,
    4214.7534771292185,
    4322.160340793221,
    4442.101516485197,
    4526.575283901859,
    4601.104525943199,
    4690.262456739757,
    4748.230031122258,
    4833.968023504146,
    4893.844972080538,
    4956.923796034826,
    5016.381279404214,
    5082.905115692289,
    5099.554369411944,
    5153.687628289551,
    5183.43806904514,
    5215.997559714849,
    5254.7972135069695,
    5288.859760051696,
    5324.722364023687,
    4885.517616702481,
    4959.108016402985,
    5020.954952009177,
    5076.286711875391,
    5133.81708606686,
    5186.43127820251,
    5222.800524430436,
    5271.245214478456,
    5319.013443600136,
    5357.876564395671,
    5404.423060712878,
    5426.53004654795,
    5462.3134201781995,
    5481.011848413458,
    5509.53481827799,
    5535.4121032921375,
    5568.002975184705
  ],
  "speed": [
    8.836705230277571,
    8.788717204103717,
    8.765492725219973,
    8.747302062987819,
    8.721545107518947,
    8.685523527298395,
    8.666967940230856,
    8.637137933215906,
    8.58879419473195,
    8.55152992051214,
    8.504587267790338,
    8.44962886580385,
    8.421193573890575,
    8.400309713259363,
    8.368049507664056,
    8.343175637842625,
    8.320316437448946,
    8.309101359280815,
    8.289776236122865,
    8.268708262253892,
    8.238593537613607,
    8.22987180964261,
    8.200250609703481,
    8.167707134250119,
    8.139303103085082,
    8.109752800605214,
    8.085349413378784,
    8.052663556933016,
    8.022803715035062,
    7.994634290560722,
    7.971855966436038,
    7.946878148688828,
    7.920832988957761,
    7.898263005989538,
    7.876730687912888,
    7.85175448251151,
    7.8241187622917625,
    7.800457997957473,
    7.780574301477739,
    7.762492681129371,
    7.740503753751707,
    7.719072022919043,
    7.705797553103149,
    7.689228563588399,
    7.667736353182468,
    7.6459988521507904,
    7.625056862491719,
    7.605024630804778,
    7.58192640515365,
    7.559753999221962,
    7.539919872717869,
    7.518973560975708,
    7.496550561027937,
    7.474162465592013,
    7.45085866870148,
    7.428707866831866,
    7.408655093492836,
    7.389032073389611,
    7.372556729130287
  ],
  "throuput": [
    37,
    105,
    232,
    422,
    658,
    969,
    1320,
    1720,
    2126,
    2603,
    3063,
    3592,
    4099,
    4624,
    5205,
    5722,
    6279,
    6874,
    7431,
    7996,
    8559,
    9119,
    9669,
    10244,
    10814,
    11374,
    11912,
    12472,
    13054,
    13654,
    14251,
    14829,
    15434,
    16042,
    16624,
    17238,
    17856,
    18471,
    19099,
    19733,
    20335,
    20932,
    21612,
    22250,
    22855,
    23454,
    24029,
    24628,
    25232,
    25856,
    26510,
    27100,
    27706,
    28290,
    28868,
    29497,
    30136,
    30769,
    31420
  ],
  "runningtime": [
    17.28952738046646
  ]
}