{
  "distance": [
    949.2073835777084,
    1298.9777508803384,
    1618.3256811251863,
    1880.8143856222725,
    2134.7115163809044,
    2364.3472821287646,
    2583.417491028906,
    2763.3923873881836,
    2921.5634550288833,
    3078.4914549535542,
    3225.4928119172787,
    3343.0287478549744,
    3458.293019449392,
    2962.7706755547583,
    3177.415960141196,
    3344.216234414486,
    3487.0092967948854,
    3622.988325970065,
    3747.7981194132394,
    3869.1906927150117,
    3965.9986988933215,
    4058.837291161715,
    4161.910935980789,
    4229.2453208355155,
    4317.3403871826395,
    4384.158919111028,
    4458.898864908459,
    4526.016244517968,
    4147.680146738319,
    4259.473630028459,
    4349.707150962236,
    4431.5841909772025,
    4517.715677429916,
    4587.819304869808,
    4657.465089014447,
    4731.834652610498,
    4778.214449228298,
    4838.794959442313,
    4887.096613103824,
    4932.583762758824,
    4981.803932683883,
    5022.883994438112,
    5064.537713537937,
    4772.332024369408,
    4840.388234626053,
    4897.642610507652,
    4960.821910009143,
    5017.577604509044,
    5054.904775907112,
    5105.393770128973,
    5153.24802359358,
    5196.853923848763,
    5227.737996911677,
    5268.245735524492,
    5303.511170916204,
    5338.429384102815,
    5363.2973889493705,
    5388.864826470419,
    5155.646798538568
  ],
  "speed": [
    8.868936173342776,
    8.570312785921118,
    8.382734574888657,
    8.26327491081064,
    8.13812554408073,
    8.044400372849697,
    7.974162173088005,
    7.889515468450439,
    7.829259621949027,
    7.775221526748848,
    7.708744929278681,
    7.65835634231309,
    7.609343117245527,
    7.560079850287955,
    7.56800456813209,
    7.518763540005937,
    7.454570681427916,
    7.400275136564527,
    7.347427932710176,
    7.292849728637599,
    7.24199698574522,
    7.197230029213278,
    7.153795920899144,
    7.108798136172063,
    7.069196255182989,
    7.035556911960871,
    7.004723361858826,
    6.975711645244663,
    6.946838910833129,
    6.928435038725886,
    6.892707077916894,
    6.858581098972041,
    6.827936080536411,
    6.796375850928567,
    6.763253213268289,
    6.732667063558857,
    6.703217031924016,
    6.668344629350463,
    6.635167198527114,
    6.606804569113609,
    6.579439584174575,
    6.549010690898442,
    6.519739124965449,
    6.4994524354087755,
    6.480394952914025,
    6.456598468933045,
    6.42958157511918,
    6.401598110478496,
    6.376863893640026,
    6.350712071362444,
    6.32607518753255,
    6.300895028574945,
    6.2764388157912165,
    6.25261905673125,
    6.229922089863126,
    6.205013925525749,
    6.180954729916733,
    6.15734507868065,
    6.1399992971504425
  ],
  "throuput": [
    34,
    115,
    277,
    491,
    820,
    1223,
    1715,
    2224,
    2827,
    3530,
    4187,
    4931,
    5727,
    6539,
    7396,
    8261,
    9114,
    9936,
    10808,
    11727,
    12659,
    13628,
    14538,
    15483,
    16491,
    17439,
    18447,
    19442,
    20429,
    21440,
    22393,
    23424,
    24425,
    25496,
    26435,
    27483,
    28482,
    29552,
    30626,
    31636,
    32662,
    33651,
    34710,
    35718,
    36784,
    37856,
    38972,
    40016,
    41068,
    42147,
    43216,
    44211,
    45293,
    46393,
    47468,
    48578,
    49616,
    50689,
    51773
  ],
  "runningtime": [
    211.02253214518228
  ]
}