{
  "distance": [
    1008.3989511327036,
    1415.9626183789383,
    1792.9368991120855,
    2098.5928522770746,
    2402.1150288528456,
    2669.0724546186243,
    2922.806694860149,
    3134.690765619155,
    3316.3295423748646,
    3491.246199444913,
    3660.737285568336,
    3789.3883345041268,
    3914.2433184445167,
    3340.9815442860504,
    3562.2959344283017,
    3746.776747823695,
    3908.4659469948474,
    4058.830748296844,
    4193.422577323129,
    4326.788434226644,
    4431.37074484043,
    4527.428749442286,
    4636.283699611474,
    4706.488957495546,
    4795.782757631492,
    4858.389969095903,
    4929.454947790361,
    4991.052300413461,
    4563.626179082975,
    4676.89012312292,
    4774.254623918905,
    4859.3711194668385,
    4947.5129751591985,
    5017.732642158923,
    5088.813132257592,
    5163.568407511402,
    5207.536475280803,
    5270.799681462418,
    5317.826005691895,
    5359.5977030197055,
    5404.461145861982,
    5443.12559025927,
    5480.782203215235,
    5154.976750989948,
    5219.5884932456565,
    5276.406792155455,
    5341.449676634494,
    5399.987840793533,
    5433.999514554262,
    5483.586395814764,
    5528.675470089014,
    5569.68243023135,
    5595.794514963998,
    5631.621510120751,
    5660.984032114979,
    5692.447122647556,
    5713.320123718135,
    5733.98113278648,
    5479.237789351108
  ],
  "speed": [
    9.4239577408218,
    9.351789068471875,
    9.304263443994351,
    9.255152803542659,
    9.215942209454862,
    9.17200878260628,
    9.145693822798131,
    9.114942403415782,
    9.099119938802078,
    9.074410462437058,
    9.051964170505109,
    9.032356637257482,
    9.010714845041587,
    8.966111342880865,
    8.96044750996175,
    8.930177638327839,
    8.892140942659992,
    8.858335472876242,
    8.81892143616954,
    8.781679452807138,
    8.745808824406579,
    8.706734156357781,
    8.671390956668619,
    8.636262870631116,
    8.599384410423902,
    8.563970455723021,
    8.530714892349701,
    8.497367405184407,
    8.46379258798553,
    8.438488829699773,
    8.407143084896033,
    8.372776485370844,
    8.339811391646192,
    8.304693308600992,
    8.270447814394245,
    8.237022963193906,
    8.204670430156517,
    8.171801657100895,
    8.136217114122367,
    8.103019249121541,
    8.069739702395884,
    8.037580355971748,
    8.005119714252656,
    7.976845963343113,
    7.948222133085474,
    7.919895802632059,
    7.890432678132896,
    7.860754313086515,
    7.829919739902909,
    7.799332702931571,
    7.768324878079085,
    7.737673818176277,
    7.706773883487071,
    7.6756100294753145,
    7.6445082867357,
    7.613923345045449,
    7.584701926230128,
    7.555235341685453,
    7.530182877102075
  ],
  "throuput": [
    43,
    140,
    323,
    623,
    1024,
    1531,
    2137,
    2836,
    3563,
    4387,
    5243,
    6126,
    7018,
    7993,
    8955,
    9917,
    10918,
    11906,
    12888,
    13870,
    14896,
    15899,
    16918,
    17950,
    18997,
    20015,
    21093,
    22096,
    23198,
    24275,
    25364,
    26406,
    27483,
    28536,
    29587,
    30656,
    31750,
    32832,
    33921,
    35009,
    36083,
    37214,
    38313,
    39395,
    40515,
    41590,
    42738,
    43821,
    44932,
    46029,
    47111,
    48187,
    49309,
    50404,
    51491,
    52589,
    53714,
    54848,
    55892
  ],
  "runningtime": [
    73.52740262349447
  ]
}