{
  "distance": [
    895.4328256947084,
    1179.0551514001058,
    1472.040983665525,
    1660.019237203658,
    1864.7380376585245,
    2088.6074675973023,
    2239.867604688183,
    2425.213859987543,
    2524.647114307447,
    2592.355883503724,
    2711.6154172287006,
    2806.912067987764,
    2900.6875834302014,
    2953.2246010824347,
    2970.6958460169662,
    3030.1253685983334,
    3080.95892478706,
    3138.892672552447,
    3161.561764115306,
    3178.0350217319833,
    3212.684942268473,
    3257.0840122226546,
    3286.1699279665686,
    3313.332755112632,
    3303.3835117973695,
    3334.1077752346723,
    3373.151338067558,
    3395.4422923204384,
    3413.6712701523775,
    3403.9781567037044,
    3428.7162243329512,
    3432.9360032008035,
    3464.1036306470787,
    3470.3014383755954,
    3464.1761354597274,
    3481.1306301995196,
    3493.676330202071,
    3518.704601755039,
    3512.9868928824935,
    3508.896326774845,
    3529.9017786207132,
    3535.588700030642,
    3555.2833608591704,
    3558.925430676797,
    3548.4126393795054,
    3557.9104098753846,
    3574.5422577414015,
    3589.716710423895,
    3593.576875595197,
    3572.323321985999,
    3580.9959850063674,
    3602.522252645979,
    3607.386060615086,
    3610.6238595397626,
    3607.2268306897986,
    3608.471121477507,
    3618.587473268627,
    3618.1821459526227,
    3637.2042011272006
  ],
  "speed": [
    10.484177452698102,
    10.386578747557202,
    10.39924579907706,
    10.323248184240267,
    10.277934219472655,
    10.262522414761126,
    10.243341682323297,
    10.239931384128038,
    10.204591499361818,
    10.16224282474346,
    10.161654923100588,
    10.14870508039776,
    10.121420027810503,
    10.103046070901186,
    10.078053830698328,
    10.057352070505502,
    10.043802081516676,
    10.028513262715473,
    9.99444750304625,
    9.981103861187627,
    9.962881961855963,
    9.952693661010615,
    9.93503778795602,
    9.920571186346425,
    9.911904304091344,
    9.890657623248021,
    9.88816069173343,
    9.87197294088465,
    9.856960985971234,
    9.847391500143406,
    9.83520301887389,
    9.823903145093066,
    9.810250764610501,
    9.79384247217597,
    9.778477495272378,
    9.76249649980279,
    9.743914357622195,
    9.730523081621948,
    9.71474524041968,
    9.701757443599007,
    9.685771702451369,
    9.671224791641794,
    9.654695106112138,
    9.638958862341484,
    9.624710826028684,
    9.611607803035563,
    9.596652832069186,
    9.577673762201664,
    9.560753671201173,
    9.542830188296826,
    9.523360453285502,
    9.508887441564374,
    9.490230893669107,
    9.473361749983587,
    9.457466437647817,
    9.440945219034925,
    9.427593654079365,
    9.409959979196227,
    9.395903485915861
  ],
  "throuput": [
    9,
    27,
    72,
    141,
    228,
    332,
    446,
    589,
    724,
    869,
    1015,
    1169,
    1319,
    1468,
    1626,
    1781,
    1949,
    2102,
    2247,
    2410,
    2570,
    2732,
    2876,
    3051,
    3200,
    3353,
    3508,
    3677,
    3838,
    3998,
    4166,
    4319,
    4469,
    4618,
    4770,
    4930,
    5085,
    5247,
    5403,
    5557,
    5715,
    5865,
    6036,
    6186,
    6337,
    6504,
    6659,
    6816,
    6968,
    7117,
    7274,
    7433,
    7595,
    7740,
    7897,
    8064,
    8214,
    8374,
    8531
  ],
  "runningtime": [
    2.5900410056114196
  ]
}