{
  "distance": [
    888.2706794751178,
    1175.9913904970533,
    1472.345216320517,
    1662.0611682019248,
    1865.7143378834876,
    2087.862801194254,
    2244.524636451717,
    2427.5071233825292,
    2524.506254610331,
    2590.8085456436356,
    2703.10239079721,
    2796.5421149031413,
    2890.2863436838616,
    2936.24632338279,
    2953.03000299053,
    3013.5742148588656,
    3066.7959695119966,
    3125.980859801911,
    3153.505595524416,
    3167.8338463385458,
    3201.203838629083,
    3246.0818366106423,
    3278.1676757575306,
    3307.4285492098493,
    3295.413643455183,
    3327.8784921648503,
    3361.0627842537,
    3383.3753346244907,
    3399.8870643546693,
    3388.5171621962213,
    3416.0500281725317,
    3420.9822149919514,
    3451.5353609572107,
    3457.835564867789,
    3454.1147150477273,
    3470.469040896721,
    3484.446349911783,
    3510.8673856392134,
    3505.347163643481,
    3502.0840391295524,
    3523.996722478702,
    3529.9495070181506,
    3548.89939732359,
    3553.6631396155212,
    3542.9053737450795,
    3550.3605470052207,
    3567.238412996446,
    3582.836968421211,
    3587.0220669070163,
    3566.9402161949542,
    3576.68379045275,
    3596.5759142086417,
    3601.84213268931,
    3606.366489955333,
    3603.1436463360446,
    3604.910948978301,
    3615.0084931252504,
    3614.5989828417755,
    3633.71910731771
  ],
  "speed": [
    10.398309444987575,
    10.351598494650247,
    10.386539215524525,
    10.323361293179659,
    10.281065408495353,
    10.259192377964995,
    10.2763460486191,
    10.26074892507284,
    10.220308426667325,
    10.172845873455044,
    10.14752499470882,
    10.12479067696128,
    10.099777860685238,
    10.059565818094274,
    10.032365012531306,
    9.999283785329053,
    9.98111795328889,
    9.964126147256906,
    9.941596131432906,
    9.921580128702951,
    9.899652977074059,
    9.884454037406615,
    9.86877600519937,
    9.853923900249322,
    9.83675525876964,
    9.82029361436214,
    9.803738023783746,
    9.788148265202024,
    9.764497472767825,
    9.745822835836478,
    9.734776720978951,
    9.714702191710787,
    9.689916618462048,
    9.668374379714047,
    9.654479416963708,
    9.635987365587365,
    9.62009291098676,
    9.605044454339678,
    9.585783747416755,
    9.571012202423029,
    9.558618716765722,
    9.546565522181195,
    9.528342352239834,
    9.516373688690969,
    9.503860875466719,
    9.486018349619988,
    9.47255555599045,
    9.456173889899489,
    9.440519359707816,
    9.426313691386348,
    9.41218835416451,
    9.39623647288706,
    9.380467024256966,
    9.368629629917772,
    9.353255377554287,
    9.337377147045693,
    9.325614152546953,
    9.309389438814872,
    9.29561642265102
  ],
  "throuput": [
    8,
    27,
    70,
    142,
    229,
    335,
    456,
    586,
    725,
    875,
    1015,
    1166,
    1324,
    1470,
    1622,
    1760,
    1934,
    2090,
    2243,
    2403,
    2560,
    2705,
    2859,
    3036,
    3190,
    3355,
    3513,
    3664,
    3818,
    3969,
    4130,
    4278,
    4430,
    4588,
    4751,
    4922,
    5060,
    5216,
    5373,
    5539,
    5704,
    5851,
    6019,
    6174,
    6331,
    6488,
    6656,
    6807,
    6952,
    7116,
    7280,
    7432,
    7588,
    7740,
    7882,
    8047,
    8213,
    8363,
    8518
  ],
  "runningtime": [
    2.5173149347305297
  ]
}