{
  "distance": [
    1153.7225620118325,
    1665.302487667017,
    2089.576998511996,
    2334.1574474403214,
    2456.2817478567877,
    2738.4763189729356,
    2963.8449551447507,
    3110.4616457942843,
    3135.725282908213,
    3215.4509145858647,
    3169.3082330511033,
    3296.5059430056403,
    3312.2091669719725,
    3400.5088801431216,
    3474.709511979543,
    3465.449507666891,
    3444.186127591405,
    3461.7355965399242,
    3435.06777200857,
    3452.177956102743,
    3462.225598368102,
    3442.226174928516,
    3401.436024757546,
    3450.059011565874,
    3223.943370712472,
    3259.443369517045,
    3328.2862464682394,
    3358.9125763713337,
    3380.012977629717,
    3428.0758651004276,
    3469.9940932143363,
    3519.11071897468,
    3532.1606852952664,
    3575.3629477922323,
    3545.9229515093666,
    3571.859326890348,
    3600.647660156837,
    3648.7409126111465,
    3612.901128627694,
    3620.5250555049247,
    3643.858652500785,
    3640.46074462368,
    3687.617810542366,
    3681.599805497752,
    3675.038274879412,
    3639.6272381035774,
    3634.029071129672,
    3651.3032428063125,
    3631.537033204824,
    3638.8480644822475,
    3516.1248407178978,
    3514.906595053924,
    3545.6341778134433,
    3572.8528140831736,
    3600.5490501670893,
    3601.9093968364755,
    3629.9568749127516,
    3631.6215160072675,
    3628.694499282771
  ],
  "speed": [
    9.804368066742992,
    9.803426782043971,
    9.907861889569908,
    9.94787438398593,
    9.910124465566811,
    9.94876746843098,
    9.96321659992156,
    9.9592368251876,
    9.952992833972157,
    9.924017770579022,
    9.921214133634424,
    9.899645226817976,
    9.895862243931205,
    9.902967951979734,
    9.917713594591218,
    9.932800982364967,
    9.915715574833389,
    9.893598482688684,
    9.878729464759612,
    9.870938811829403,
    9.865202595263199,
    9.87255098346947,
    9.880836749457687,
    9.887313441822524,
    9.903752598103658,
    9.89559530313368,
    9.898875916577287,
    9.891486161958364,
    9.898482262487992,
    9.874517467708896,
    9.885265125832024,
    9.883406114682955,
    9.87466973680801,
    9.872226367948846,
    9.860034983972392,
    9.853133229125673,
    9.842328083628841,
    9.829192416448146,
    9.824623124538444,
    9.83405233917248,
    9.820403919449202,
    9.820248814653214,
    9.820057958231184,
    9.826343410878462,
    9.82737380696252,
    9.827862697643411,
    9.827419492951751,
    9.836601104415369,
    9.833278341118277,
    9.832108014784392,
    9.823410404805331,
    9.81539655922511,
    9.812112462234616,
    9.81774817169111,
    9.819167832614129,
    9.82467267908555,
    9.811177977366054,
    9.807505782661515,
    9.805281374269837
  ],
  "throuput": [
    7,
    28,
    54,
    85,
    116,
    155,
    200,
    238,
    286,
    322,
    359,
    395,
    442,
    482,
    528,
    565,
    608,
    649,
    686,
    727,
    756,
    785,
    836,
    877,
    913,
    946,
    982,
    1021,
    1058,
    1087,
    1127,
    1165,
    1196,
    1227,
    1277,
    1328,
    1373,
    1406,
    1441,
    1476,
    1527,
    1570,
    1612,
    1653,
    1693,
    1725,
    1772,
    1808,
    1840,
    1871,
    1911,
    1948,
    1987,
    2026,
    2055,
    2090,
    2132,
    2178,
    2206
  ],
  "runningtime": [
    1.545889687538147
  ]
}