{
  "distance": [
    1167.910040759775,
    1699.1191983556546,
    2116.595927685007,
    2359.5141801821137,
    2487.1915983895065,
    2766.626334021485,
    2986.200941260039,
    3134.5599857638545,
    3155.098646485665,
    3241.471635193829,
    3192.9198715667244,
    3318.8083799940005,
    3325.5854222069192,
    3417.1712972251657,
    3485.481873135163,
    3471.790441470133,
    3442.8173764819285,
    3458.4923696965197,
    3433.6331220747606,
    3454.2134705668877,
    3464.974058354562,
    3444.400763111783,
    3405.6537677568017,
    3456.250878745801,
    3227.475503219905,
    3262.4111542104106,
    3330.592313818179,
    3365.3703468374542,
    3383.1493386064576,
    3435.663969539586,
    3476.2700557741537,
    3527.9449570026095,
    3537.5191194041363,
    3576.361055364042,
    3546.2452313066156,
    3574.6525144626303,
    3608.540574454858,
    3654.2617057465586,
    3616.7678399860843,
    3623.251123449362,
    3648.914428796524,
    3644.065203858473,
    3690.84408008182,
    3683.3824286560534,
    3677.325370202088,
    3642.6616313743134,
    3637.457655675421,
    3652.447740586694,
    3631.944262048278,
    3640.8566856111347,
    3516.695115182719,
    3517.22675723582,
    3546.420442454633,
    3572.2364596055354,
    3600.7354858290855,
    3601.768048300779,
    3632.996787240888,
    3635.8068081190895,
    3631.893604702533
  ],
  "speed": [
    9.93243026886845,
    10.023360417142774,
    10.051430990546582,
    10.059755002959896,
    10.05170728232166,
    10.08479775874579,
    10.088371662226091,
    10.09696428836884,
    10.077573613031001,
    10.063905141207265,
    10.069428479613933,
    10.054845421392008,
    10.028776032949944,
    10.047388854313523,
    10.051722317462305,
    10.059900212578635,
    10.024042866286834,
    9.996247379996797,
    9.98629236427108,
    9.979929930105987,
    9.975317283123184,
    9.985351129817957,
    9.994013564009764,
    9.999172124330883,
    10.007392004432605,
    9.999123092808055,
    9.99822690171132,
    9.998156644314621,
    9.995877014113278,
    9.986932099197487,
    9.995363901695875,
    10.001010190943532,
    9.981648343922416,
    9.973301362508947,
    9.972184919896641,
    9.974440667480875,
    9.97594454489997,
    9.956571791699345,
    9.949343633503851,
    9.955935788239913,
    9.951886719278694,
    9.948584358486073,
    9.943774579827274,
    9.944701156449272,
    9.947276547448366,
    9.950182597762266,
    9.9513248944649,
    9.952659634621742,
    9.94488911299373,
    9.94876644762955,
    9.934562255917442,
    9.925936029807051,
    9.917032443737549,
    9.918549528871822,
    9.920935562375703,
    9.92568548913557,
    9.920186307508326,
    9.918378322383331,
    9.912840320079079
  ],
  "throuput": [
    8,
    29,
    52,
    85,
    118,
    161,
    204,
    242,
    284,
    328,
    365,
    403,
    440,
    487,
    537,
    572,
    606,
    651,
    690,
    726,
    757,
    790,
    831,
    874,
    916,
    950,
    982,
    1021,
    1063,
    1092,
    1127,
    1168,
    1198,
    1239,
    1284,
    1331,
    1372,
    1410,
    1445,
    1481,
    1532,
    1571,
    1612,
    1650,
    1696,
    1730,
    1770,
    1808,
    1842,
    1875,
    1908,
    1945,
    1989,
    2027,
    2057,
    2092,
    2135,
    2177,
    2214
  ],
  "runningtime": [
    1.380038046836853
  ]
}