{
  "distance": [
    1169.6314602566438,
    1693.3767467317093,
    2131.264276646396,
    2372.741864583747,
    2514.006303908746,
    2793.7138901173703,
    3004.685455800184,
    3140.847282126708,
    3163.1635777837582,
    3259.2228679747623,
    3207.390034181132,
    3338.789905935101,
    3343.3863251558714,
    3431.0659791676626,
    3497.704811610389,
    3481.057775440614,
    3452.501102952182,
    3473.663691616953,
    3456.0230179450373,
    3476.6894648656694,
    3482.201618292544,
    3456.6771706552026,
    3418.6639012599353,
    3466.414544958559,
    3233.7950137417715,
    3268.3161115548223,
    3333.378174699117,
    3364.8956948445175,
    3383.805236739999,
    3445.7553706355893,
    3483.34521497176,
    3541.1321917790187,
    3550.9787146626936,
    3586.9164124956765,
    3555.912025396104,
    3582.659839063007,
    3610.2111195590373,
    3664.078328845871,
    3628.6117250233515,
    3632.0129471750734,
    3657.394864000038,
    3653.149026019357,
    3700.7677118365887,
    3694.356729791513,
    3687.8396205763024,
    3652.72719967772,
    3646.720878756632,
    3658.8537578214355,
    3638.7763750809527,
    3643.2527905144902,
    3518.6952794183544,
    3519.9044096728235,
    3550.435468311912,
    3576.250549724173,
    3606.024820110952,
    3605.4791967733504,
    3636.1383873212844,
    3639.0674786507384,
    3640.0749189620683
  ],
  "speed": [
    9.953474341965112,
    10.01262213489797,
    10.149603205194849,
    10.128838575528082,
    10.159784719149703,
    10.197788522072196,
    10.179207434558844,
    10.153469305414479,
    10.14038362310757,
    10.155988003743166,
    10.14553475994574,
    10.149480465443348,
    10.13726390911456,
    10.159670835098833,
    10.166043119923286,
    10.168859616464731,
    10.141569835790753,
    10.137437517317068,
    10.148441462191089,
    10.139677188499311,
    10.132670749810625,
    10.139097703691654,
    10.162216917610962,
    10.170906777715954,
    10.170869677835135,
    10.16743966173502,
    10.157951274978323,
    10.14954276170931,
    10.138455597106597,
    10.144765688576115,
    10.139864932339083,
    10.156521266951838,
    10.141950527067532,
    10.131583290021915,
    10.133790166714526,
    10.13226101339444,
    10.111053064393515,
    10.111959397054939,
    10.110982969055042,
    10.116379907290904,
    10.112781224667614,
    10.110835897250508,
    10.116669523814027,
    10.121943197667495,
    10.125626064779363,
    10.133243898666013,
    10.135615566442832,
    10.134700134653347,
    10.134973079346405,
    10.13225906443177,
    10.120389505678911,
    10.118544680929926,
    10.11198992265875,
    10.10917724336856,
    10.110002558205858,
    10.109869128892528,
    10.101477944934773,
    10.101183186786203,
    10.107348427241547
  ],
  "throuput": [
    9,
    31,
    52,
    82,
    121,
    164,
    204,
    246,
    284,
    329,
    368,
    407,
    456,
    489,
    538,
    576,
    615,
    656,
    689,
    733,
    767,
    798,
    841,
    882,
    920,
    960,
    985,
    1020,
    1052,
    1089,
    1128,
    1168,
    1210,
    1252,
    1290,
    1335,
    1373,
    1412,
    1453,
    1492,
    1532,
    1579,
    1621,
    1658,
    1703,
    1739,
    1779,
    1815,
    1855,
    1885,
    1918,
    1954,
    1990,
    2026,
    2054,
    2098,
    2139,
    2180,
    2211
  ],
  "runningtime": [
    1.4290164828300476
  ]
}