{
  "distance": [
    1208.719085061651,
    1692.3553018698258,
    1991.4779865023515,
    2169.719894607124,
    2301.8581028029166,
    2457.999890981712,
    2665.785529832441,
    2790.723358645194,
    2906.5209484263382,
    3043.8313380115414,
    2958.5548772014713,
    3054.7466214042734,
    3081.0843445874516,
    3186.1506398151096,
    3196.444351839401,
    3214.23425295264,
    3175.408111071773,
    3262.470574192049,
    3274.6125278681743,
    3279.8299120905426,
    3333.663579261842,
    3303.334608402235,
    3244.8387715296853,
    3162.268209335923,
    3246.775750569464,
    3308.137047550645,
    3320.459512787372,
    3340.9437241324654,
    3368.7466592269657,
    3336.270727879678,
    3403.796742989121,
    3483.0662759521065,
    3423.125622585593,
    3394.419661219018,
    3451.03741227272,
    3496.181988227678,
    3521.1700093870886,
    3491.859815282862,
    3531.940459980213,
    3527.863397800275,
    3496.870159741364,
    3514.8455501659255,
    3548.487612733686,
    3563.0275382595646,
    3548.088743963004,
    3534.8820317953546,
    3495.708387097418,
    3528.711568651347,
    3446.115564667993,
    3497.892137260063,
    3508.4623880990557,
    3511.0162496114094,
    3530.9444746686427,
    3524.9547490494815,
    3562.440910266822,
    3577.002540710917,
    3535.5347157443666,
    3538.1045483903513,
    3579.12161991867
  ],
  "speed": [
    10.203719209715684,
    9.86295501773977,
    9.837727393848402,
    9.840283771309842,
    9.855219297628844,
    9.833106102721016,
    9.882606273818736,
    9.939068645757187,
    9.97915381580762,
    9.975726627397654,
    9.970491146219125,
    9.959895109066647,
    9.967489231650756,
    10.00022476673953,
    10.001300285103742,
    10.022857382425876,
    10.029919158008054,
    10.02225655377802,
    10.036768159724264,
    10.05151459096152,
    10.062418553498532,
    10.058120866243359,
    10.073767007091341,
    10.071456431884814,
    10.064332333798212,
    10.068415626128234,
    10.057855579020094,
    10.059849728667848,
    10.06753953387273,
    10.067097450740468,
    10.07529988305279,
    10.0760379732604,
    10.088433553316937,
    10.092715138228076,
    10.102049071208194,
    10.103041679285493,
    10.110856822587177,
    10.11243908179136,
    10.114624724797725,
    10.120234771480426,
    10.129979543818742,
    10.136809000430747,
    10.140568044673454,
    10.145906155286365,
    10.142266784355105,
    10.147746724732144,
    10.156258044178552,
    10.161295279941546,
    10.161489724134952,
    10.154838065697115,
    10.149968212090334,
    10.153532905305669,
    10.152776724748831,
    10.147363944764646,
    10.151129907354587,
    10.148609012292237,
    10.151524644065661,
    10.152570167226672,
    10.147284493479122
  ],
  "throuput": [
    6,
    28,
    52,
    81,
    107,
    145,
    176,
    205,
    245,
    297,
    331,
    368,
    409,
    449,
    488,
    526,
    562,
    589,
    629,
    666,
    704,
    737,
    767,
    808,
    835,
    876,
    930,
    950,
    985,
    1031,
    1068,
    1102,
    1137,
    1173,
    1202,
    1240,
    1287,
    1334,
    1367,
    1405,
    1437,
    1468,
    1511,
    1547,
    1587,
    1621,
    1653,
    1688,
    1726,
    1763,
    1796,
    1834,
    1876,
    1907,
    1941,
    1967,
    2011,
    2050,
    2079
  ],
  "runningtime": [
    1.2159258683522542
  ]
}