{
  "distance": [
    1206.51047814094,
    1696.5113909836316,
    1992.3234032517587,
    2174.2505736744038,
    2298.727946373036,
    2467.6947322051174,
    2676.91276533883,
    2805.227475273606,
    2909.9058220598044,
    3055.7594917046945,
    2968.4959616632973,
    3063.7512727347216,
    3091.4056094524685,
    3192.5402111039434,
    3199.8710776503863,
    3216.009613895122,
    3178.0847671477823,
    3266.7164931614816,
    3278.4823337638986,
    3283.0811582213582,
    3337.629565704177,
    3306.290114175863,
    3243.513597328502,
    3164.64569010165,
    3249.5687637025067,
    3309.742949244777,
    3324.267125325805,
    3346.321084066588,
    3372.777059792804,
    3341.405565675491,
    3403.769364847139,
    3485.676681735784,
    3422.411176354076,
    3395.2439237649296,
    3449.7158716883127,
    3492.6898159424554,
    3516.9838284020207,
    3489.644119576167,
    3528.2128659907785,
    3521.2578601204223,
    3494.381491709694,
    3512.4239239035633,
    3545.012543254498,
    3559.2112991603417,
    3546.1155255894837,
    3534.068415349985,
    3495.7506235601777,
    3526.8283649108403,
    3443.1285505526994,
    3496.2895506386094,
    3508.802776655023,
    3508.1967648992404,
    3528.181011664835,
    3522.8913434491947,
    3557.7280779752155,
    3570.8105322522424,
    3530.1535644492305,
    3533.7097766688325,
    3577.157187668051
  ],
  "speed": [
    10.182588258007515,
    9.886709927636774,
    9.838192420438745,
    9.864393586674797,
    9.844540870099976,
    9.869769233758193,
    9.925714709304085,
    9.998366298080462,
    10.02675923485625,
    10.036986295471166,
    10.026976083456015,
    10.020005808707955,
    10.042422621830502,
    10.070090931303335,
    10.068090919642254,
    10.092933652656365,
    10.110597230493925,
    10.10665467986982,
    10.122281250637725,
    10.132286700985071,
    10.150061465424775,
    10.140772403627345,
    10.148577090210399,
    10.15974131155431,
    10.154088011958924,
    10.16282832604334,
    10.145190562100165,
    10.149904264611362,
    10.153200169675412,
    10.152990593355964,
    10.146634059253943,
    10.154110746009724,
    10.155698881376692,
    10.159526756003496,
    10.15835184890694,
    10.150657201286483,
    10.154231490407922,
    10.159834639414715,
    10.150641973259852,
    10.146022938691193,
    10.15760516878833,
    10.159176092029973,
    10.156268406578567,
    10.157843216455863,
    10.157026828202968,
    10.159842041258488,
    10.16651455949015,
    10.166035969212292,
    10.160416946286636,
    10.153164108760004,
    10.151646703101651,
    10.142422069762265,
    10.140683115835401,
    10.133437229634826,
    10.131798471475504,
    10.125652135186503,
    10.127719410075898,
    10.12457499697138,
    10.12099961107451
  ],
  "throuput": [
    7,
    28,
    53,
    80,
    108,
    144,
    176,
    209,
    247,
    295,
    335,
    370,
    415,
    452,
    491,
    537,
    563,
    591,
    630,
    670,
    705,
    736,
    776,
    805,
    844,
    878,
    918,
    955,
    987,
    1025,
    1069,
    1104,
    1136,
    1170,
    1198,
    1241,
    1286,
    1329,
    1366,
    1399,
    1431,
    1466,
    1505,
    1550,
    1583,
    1616,
    1652,
    1689,
    1721,
    1764,
    1792,
    1828,
    1870,
    1910,
    1945,
    1966,
    1999,
    2042,
    2076
  ],
  "runningtime": [
    1.2514816880226136
  ]
}