{
  "distance": [
    1194.6737446754848,
    1691.0669563917056,
    1992.1443553441009,
    2177.8672025541096,
    2302.0438577780037,
    2464.028580877033,
    2681.1178750219265,
    2806.5868861511394,
    2933.914189004894,
    3073.2488085357945,
    2979.640944092992,
    3069.529107111527,
    3099.0888024645465,
    3197.9673314549236,
    3215.3191360690967,
    3223.223205203239,
    3178.559149031516,
    3270.7973373102964,
    3280.204378893556,
    3291.7783300422816,
    3342.230823118524,
    3310.6681566037255,
    3247.1811646108868,
    3161.596466776887,
    3255.831154371501,
    3311.38960137798,
    3321.806919863383,
    3346.1728474470074,
    3366.681897587999,
    3339.868023582813,
    3403.419357571059,
    3487.8043639549114,
    3423.4374901323604,
    3396.326213440609,
    3449.31462187245,
    3494.6063635460678,
    3519.633595132869,
    3492.2671859859706,
    3529.8090891125926,
    3524.532949139333,
    3496.047715362106,
    3511.946832862903,
    3548.1249774625157,
    3560.293064962238,
    3547.876687523631,
    3535.820655397054,
    3496.681662026746,
    3526.043792755972,
    3443.1121400550464,
    3497.233360696513,
    3511.259796170809,
    3514.126656738855,
    3534.844778155929,
    3531.720432302607,
    3568.150613135983,
    3585.725242799725,
    3540.964666399187,
    3540.0850552447896,
    3583.491978254302
  ],
  "speed": [
    10.092545074756243,
    9.870818088400398,
    9.841726358027984,
    9.877947444778137,
    9.858623007518156,
    9.842923295868657,
    9.908541238842982,
    9.969721497766596,
    10.063536050028079,
    10.066369643845887,
    10.052030647849644,
    10.038075982652787,
    10.072431194894932,
    10.088273385417645,
    10.119033126700456,
    10.115920273940835,
    10.120940282263108,
    10.130512969969052,
    10.134551453386043,
    10.158374740328775,
    10.162746521337215,
    10.158301667792738,
    10.167164118706163,
    10.15545691157602,
    10.171558872399368,
    10.16238113024959,
    10.141728787577833,
    10.147592369227398,
    10.13629639849609,
    10.147595478298012,
    10.142443676749592,
    10.14968289372892,
    10.145681408132246,
    10.147795976733665,
    10.142361151000596,
    10.143203548732831,
    10.144109632322088,
    10.151025083490213,
    10.141548773543562,
    10.144095929663356,
    10.155295530375545,
    10.151281137075202,
    10.159401559408133,
    10.154248011364592,
    10.152100617657625,
    10.159233889116328,
    10.166831672995182,
    10.163759039075154,
    10.16107776802556,
    10.158664601356524,
    10.16138850315184,
    10.160614368411824,
    10.162795981633383,
    10.16393365645727,
    10.169007946871455,
    10.176203234560099,
    10.17270130556331,
    10.166135398976442,
    10.165100454325167
  ],
  "throuput": [
    7,
    27,
    51,
    82,
    107,
    140,
    174,
    209,
    248,
    303,
    332,
    377,
    413,
    451,
    493,
    534,
    568,
    590,
    625,
    667,
    705,
    741,
    772,
    803,
    837,
    880,
    920,
    953,
    988,
    1031,
    1064,
    1104,
    1135,
    1171,
    1199,
    1239,
    1283,
    1331,
    1367,
    1401,
    1431,
    1466,
    1512,
    1542,
    1580,
    1621,
    1658,
    1692,
    1725,
    1764,
    1792,
    1831,
    1875,
    1915,
    1942,
    1970,
    2014,
    2052,
    2077
  ],
  "runningtime": [
    1.2267993768056233
  ]
}