{
  "distance": [
    1211.2766964871687,
    1705.8196021527065,
    2008.1835257111177,
    2186.6608411273687,
    2298.2808600774238,
    2463.985280977415,
    2677.9033337160754,
    2800.3301090563637,
    2911.3874220474604,
    3055.207328664125,
    2965.852011072914,
    3053.783129828565,
    3088.042188322228,
    3192.6628495143964,
    3202.1845346094906,
    3214.7490746412345,
    3179.8859708958425,
    3272.0174172699744,
    3275.387592947353,
    3281.6374772873137,
    3334.9208294277432,
    3311.479104266159,
    3252.317140191464,
    3165.6003119229126,
    3255.1040071080934,
    3313.992393542816,
    3323.5909446571422,
    3342.0972371915404,
    3367.173688157734,
    3337.621883626907,
    3406.033885609443,
    3485.2253043352252,
    3422.173465473578,
    3393.487565032844,
    3450.4552922581597,
    3493.169354100872,
    3515.7586771708325,
    3488.3005616908304,
    3531.959563088211,
    3525.130289060329,
    3497.8895331658086,
    3513.872195555499,
    3550.025430625705,
    3560.8154054533643,
    3547.3759396750847,
    3536.460051441289,
    3497.267071150285,
    3527.647320684401,
    3445.2408662322414,
    3499.11094794535,
    3511.5026450057944,
    3511.1537782015203,
    3529.663494389188,
    3527.0669161658307,
    3563.3396285366634,
    3580.86613159065,
    3537.5995687577088,
    3539.364260283005,
    3584.266235564392
  ],
  "speed": [
    10.231020227911586,
    9.964229436720315,
    9.923994924715306,
    9.927726668411298,
    9.846179599595207,
    9.852715682458625,
    9.901499318506852,
    9.964803020685206,
    10.010288699628335,
    10.035043140088144,
    10.025425175106419,
    10.001949471769109,
    10.032215068912032,
    10.05880878041299,
    10.06320596305559,
    10.068546820983878,
    10.090974418921284,
    10.097569451247717,
    10.095930380956874,
    10.109019234141561,
    10.114045994164497,
    10.133657269241235,
    10.150258752224978,
    10.13122142358978,
    10.137355765457096,
    10.137114363295941,
    10.114797034867909,
    10.108981481101548,
    10.11495537663466,
    10.120887729374617,
    10.12752395606476,
    10.124387339688155,
    10.128976443113588,
    10.128773232262262,
    10.13489544400268,
    10.130465594238105,
    10.123358696612751,
    10.126782221100198,
    10.131899752237931,
    10.131462379158137,
    10.145989571679475,
    10.13985050983822,
    10.149268327887135,
    10.144025382077997,
    10.140962479362205,
    10.151956733151394,
    10.157317506272234,
    10.156892127675016,
    10.153998224830001,
    10.146116813257278,
    10.14390278093554,
    10.1387824501939,
    10.13491079982088,
    10.134978084654648,
    10.136816873899686,
    10.14606444853902,
    10.144894095468834,
    10.144475342549633,
    10.146691603951927
  ],
  "throuput": [
    7,
    27,
    55,
    82,
    109,
    141,
    175,
    210,
    251,
    298,
    336,
    371,
    409,
    449,
    494,
    531,
    560,
    593,
    631,
    661,
    701,
    741,
    768,
    802,
    840,
    881,
    918,
    960,
    991,
    1025,
    1068,
    1106,
    1139,
    1167,
    1202,
    1241,
    1282,
    1327,
    1365,
    1402,
    1430,
    1466,
    1518,
    1547,
    1586,
    1616,
    1658,
    1691,
    1718,
    1761,
    1794,
    1830,
    1869,
    1909,
    1942,
    1969,
    2009,
    2048,
    2082
  ],
  "runningtime": [
    1.227998101711273
  ]
}