{
  "distance": [
    1047.9714781830287,
    1405.4602515861093,
    1591.9965696117972,
    1869.472720185349,
    2142.393465571355,
    2338.8874981008207,
    2448.910939853799,
    2442.067403922082,
    2712.312011552796,
    2853.554056715484,
    2958.2407651767885,
    3089.31384427698,
    3187.411679678585,
    3322.2031771208317,
    3367.9506109928043,
    3347.399307194036,
    3401.450161071046,
    3486.211297232479,
    3594.7039444563243,
    3663.416078222184,
    3689.239318417683,
    3737.1546266764817,
    3769.901592171247,
    3750.375041712505,
    3819.8140160404982,
    3834.080406917663,
    3885.402043870614,
    3938.1798405877507,
    3999.307442664409,
    3980.107733904424,
    4004.587368812412,
    3974.6698796648375,
    4019.6896175642173,
    4025.423499714814,
    4060.431563199439,
    4102.929407397974,
    4102.929589946407,
    4145.361051027597,
    4170.222232144533,
    4121.376486895747,
    4153.10376547764,
    4158.120645005021,
    4181.776252957133,
    4211.280093886483,
    4204.744986041412,
    4215.161950523171,
    4233.624541567801,
    4216.99640520524,
    4229.025428908677,
    4237.416605092712,
    4267.681660495053,
    4270.398099534186,
    4292.233853084069,
    4303.560795735034,
    4317.111839594384,
    4264.685495770993,
    4295.580846988599,
    4290.030923200708,
    4334.179436971143
  ],
  "speed": [
    9.89609023743859,
    9.914034969694546,
    9.835064202693774,
    9.845052764260602,
    9.84132075312119,
    9.829316738074459,
    9.73887057074709,
    9.725968632497228,
    9.74159729611707,
    9.744798836321287,
    9.740636510530582,
    9.701333009495503,
    9.717794829399248,
    9.704756259715008,
    9.689695493343567,
    9.682596660692102,
    9.663046083582323,
    9.63998564078712,
    9.614118285617465,
    9.620966850925946,
    9.610949325488033,
    9.59856527956117,
    9.58853090000877,
    9.580700195249465,
    9.572060921803953,
    9.55459541949545,
    9.548682270484973,
    9.541955468124577,
    9.546002827209973,
    9.53273925429385,
    9.514223465343866,
    9.505756140557889,
    9.508036774121349,
    9.499213360041118,
    9.487825123703756,
    9.476313525242286,
    9.469095617903687,
    9.464465397946153,
    9.453984169506985,
    9.45327600911481,
    9.451857666456313,
    9.437152195875687,
    9.41970582859667,
    9.403983857000362,
    9.39304693658877,
    9.381493866357856,
    9.371928748905896,
    9.365612682372499,
    9.35688839558032,
    9.34445022772979,
    9.334047417020054,
    9.324221361458731,
    9.312582098771252,
    9.302052263571222,
    9.288919873787561,
    9.279761503345862,
    9.271576220900485,
    9.262311432111144,
    9.249396220973514
  ],
  "throuput": [
    3,
    16,
    41,
    66,
    112,
    150,
    214,
    270,
    322,
    372,
    454,
    512,
    582,
    646,
    714,
    789,
    857,
    930,
    1003,
    1079,
    1144,
    1224,
    1293,
    1375,
    1446,
    1511,
    1596,
    1664,
    1742,
    1823,
    1890,
    1964,
    2045,
    2124,
    2198,
    2257,
    2325,
    2404,
    2495,
    2572,
    2633,
    2725,
    2785,
    2858,
    2927,
    3001,
    3075,
    3144,
    3219,
    3292,
    3376,
    3441,
    3522,
    3592,
    3666,
    3733,
    3811,
    3890,
    3959
  ],
  "runningtime": [
    1.8905250747998557
  ]
}