{
  "distance": [
    1067.7226063834771,
    1415.6129364690164,
    1599.394529721746,
    1864.5221958951604,
    2138.4443632066054,
    2344.106030792939,
    2473.5094818700563,
    2461.5694446143048,
    2741.9175352727507,
    2881.1450245623732,
    2975.229027117902,
    3108.826831921902,
    3198.664663168328,
    3334.4037717076726,
    3379.111434579954,
    3357.140317704099,
    3423.114264618729,
    3509.9764443797076,
    3623.4147740763574,
    3686.62591609627,
    3711.49284927759,
    3760.88791698898,
    3791.51271043424,
    3773.8577503105425,
    3844.0141154270746,
    3856.0468670679916,
    3901.197313107557,
    3949.3432371410563,
    4004.5664091167387,
    3986.601667019443,
    4010.726317192522,
    3984.5131114838123,
    4025.472988488973,
    4029.7427543908834,
    4060.833927340156,
    4104.462299151667,
    4103.321433200575,
    4143.002459304123,
    4169.7501356255325,
    4119.532290460771,
    4150.786610606564,
    4157.239438624511,
    4182.235874066524,
    4212.067730108646,
    4206.994605944553,
    4216.842418717215,
    4235.305455551141,
    4215.079241594711,
    4224.500323529588,
    4233.698506666177,
    4262.815184919267,
    4264.427126273203,
    4288.904801892181,
    4299.132337934322,
    4312.465559780369,
    4259.568347644757,
    4288.856838756875,
    4281.730117122657,
    4325.786120508738
  ],
  "speed": [
    10.083611346410066,
    9.990418631285998,
    9.896158497283137,
    9.83395699638629,
    9.848285826968816,
    9.87473299664218,
    9.860702031408135,
    9.82812631072545,
    9.875380868170073,
    9.877011418766278,
    9.84538987515763,
    9.823172543047852,
    9.812578226866043,
    9.801087011286487,
    9.782765409963979,
    9.771588912503669,
    9.785821506685418,
    9.77672819636706,
    9.76255953336645,
    9.752212140362548,
    9.7452725702208,
    9.738261375822132,
    9.727538269629926,
    9.729686781823593,
    9.724304046555835,
    9.70749796474397,
    9.6931982843875,
    9.681999207982823,
    9.676919109681211,
    9.668289821182759,
    9.645937472361709,
    9.646841677368634,
    9.645885418527776,
    9.635555295634985,
    9.613809680030807,
    9.605600094569498,
    9.596044528694707,
    9.583723799173589,
    9.574850509957967,
    9.570365239425461,
    9.565483981292962,
    9.550738734918777,
    9.533934394162637,
    9.515348669944036,
    9.504860453097765,
    9.487723374861178,
    9.474614313424015,
    9.456998987781619,
    9.440930669916396,
    9.427397381404091,
    9.410425163800296,
    9.392885444787476,
    9.38285397463858,
    9.366643185242618,
    9.34970721511133,
    9.336659843948867,
    9.325012778030372,
    9.311325259406798,
    9.298021024400265
  ],
  "throuput": [
    4,
    17,
    40,
    67,
    116,
    153,
    216,
    265,
    324,
    383,
    462,
    526,
    579,
    649,
    720,
    795,
    866,
    946,
    1007,
    1093,
    1155,
    1230,
    1305,
    1391,
    1457,
    1527,
    1608,
    1683,
    1761,
    1823,
    1895,
    1978,
    2066,
    2130,
    2199,
    2269,
    2329,
    2410,
    2488,
    2576,
    2643,
    2719,
    2793,
    2858,
    2927,
    2990,
    3076,
    3148,
    3221,
    3290,
    3369,
    3434,
    3514,
    3586,
    3658,
    3735,
    3815,
    3889,
    3959
  ],
  "runningtime": [
    1.891018029054006
  ]
}