{
  "distance": [
    1088.3942579683674,
    1433.671862788699,
    1613.732273893753,
    1891.356527990074,
    2159.313929346188,
    2362.1453792311945,
    2497.484265839747,
    2491.9502302896153,
    2770.851348478879,
    2906.119459469472,
    3001.9672511400463,
    3145.638999234521,
    3240.270659180451,
    3375.8116654760024,
    3418.159550624931,
    3401.849980629546,
    3461.7152413844155,
    3541.170112479478,
    3653.8589393248167,
    3714.3404710244827,
    3733.208620860967,
    3775.6338399494684,
    3804.7329679275294,
    3782.09925882019,
    3851.4245688630444,
    3864.1253272733484,
    3910.529816733939,
    3957.558518380192,
    4011.4095258549664,
    3989.228107925306,
    4017.3827824580276,
    3985.601814457602,
    4027.8996757694163,
    4032.1251112320497,
    4065.948349116736,
    4108.804477880403,
    4109.13825366246,
    4147.024226585048,
    4171.9268698085725,
    4122.704141312047,
    4150.57767473658,
    4158.584927650842,
    4185.569076087773,
    4216.766759340549,
    4213.396300195957,
    4224.962260521516,
    4243.3374149556375,
    4224.294488971407,
    4235.5389823591595,
    4244.126147762943,
    4274.01886989655,
    4276.31582817008,
    4295.932005209416,
    4308.277813125451,
    4323.192860507639,
    4270.326488937564,
    4300.594814684635,
    4293.603286646475,
    4337.531465970783
  ],
  "speed": [
    10.279178208077688,
    10.157503455961942,
    10.02144070729173,
    10.018673292691055,
    9.996156669450942,
    9.98786182484367,
    9.994593635393661,
    9.987201897092527,
    10.020376171981102,
    10.02368482075598,
    9.998047838487786,
    9.989239459875854,
    9.99837193174263,
    9.98428863670391,
    9.969252369228009,
    9.984441733623996,
    9.985653074503714,
    9.960534134366078,
    9.948281234948697,
    9.933174877900438,
    9.914256778722786,
    9.891625102130504,
    9.879378346054418,
    9.868892374931505,
    9.855695137046371,
    9.838022540588012,
    9.823803322347267,
    9.802595723434761,
    9.788574449691994,
    9.768667396999165,
    9.754507793309832,
    9.74300533792183,
    9.737999904826518,
    9.720844769272631,
    9.700101396661386,
    9.684775469917833,
    9.676450387685357,
    9.656717122868399,
    9.642489700067589,
    9.637473915451276,
    9.622996043550092,
    9.60701734955745,
    9.593958713486726,
    9.578380382119946,
    9.574174510627545,
    9.561681338780915,
    9.550438001757472,
    9.536121068142728,
    9.524463597376599,
    9.511700766698155,
    9.497405983242581,
    9.484590776832578,
    9.467215966512983,
    9.456720184341,
    9.443774699537318,
    9.43291968918644,
    9.422297723537019,
    9.410174311153565,
    9.39697325730881
  ],
  "throuput": [
    4,
    20,
    41,
    74,
    115,
    152,
    221,
    275,
    332,
    396,
    458,
    526,
    590,
    657,
    733,
    805,
    884,
    948,
    1026,
    1103,
    1165,
    1243,
    1319,
    1392,
    1460,
    1535,
    1609,
    1678,
    1760,
    1831,
    1908,
    1983,
    2048,
    2125,
    2196,
    2267,
    2330,
    2410,
    2492,
    2576,
    2639,
    2713,
    2792,
    2861,
    2938,
    3001,
    3086,
    3158,
    3232,
    3302,
    3373,
    3451,
    3528,
    3593,
    3665,
    3744,
    3810,
    3900,
    3964
  ],
  "runningtime": [
    1.9859102805455526
  ]
}