{
  "distance": [
    1205.8668155168748,
    1754.100380545696,
    2152.9209281389617,
    2522.103567231548,
    2913.197051613934,
    3232.2088173740285,
    3505.9027451427232,
    3792.0003719409724,
    4032.821561422023,
    4227.184330014453,
    4472.06082183542,
    4658.844598967998,
    4746.524037729057,
    4905.60087830082,
    4966.867776762442,
    5055.238225328273,
    5173.319202700255,
    5259.7746534588705,
    5309.801778103672,
    5367.997910178801,
    5393.826512065579,
    5412.8764612831055,
    5415.0056679708205,
    5445.259783784736,
    5414.083845372687,
    5462.929913987375,
    5458.910984019222,
    5475.4806790030825,
    5479.777071141162,
    5384.527281802572,
    5423.313047892837,
    5430.524551266131,
    4776.472337605293,
    4857.944915998876,
    4927.629932244793,
    5033.463318723907,
    5072.043342904919,
    5113.530325001224,
    5186.880556379815,
    5250.494960933969,
    5305.501124320996,
    5357.045324881266,
    5411.518078590727,
    5462.2097475441615,
    5524.62161445548,
    5538.379960782404,
    5583.926625540647,
    5604.0652234701665,
    5665.193832005575,
    5677.231759391363,
    5697.941414410382,
    5730.205632966313,
    5743.379647282451,
    5753.188716594341,
    5773.982249251225,
    5758.880456493195,
    5778.618783071495,
    5788.790451748966,
    5795.782176300847
  ],
  "speed": [
    10.178621802768578,
    10.104896944541961,
    10.087969783168697,
    10.043295420448633,
    10.03123343616123,
    9.997262358288747,
    9.99081770253211,
    9.98189578568868,
    9.989729302524458,
    9.98880639433928,
    10.024086573486864,
    10.035778563892517,
    10.068145006379753,
    10.084813288696367,
    10.092639077746608,
    10.106496374377839,
    10.123166543952541,
    10.132340446731876,
    10.14931726421532,
    10.164458798569354,
    10.17831552346223,
    10.191313098815394,
    10.20097163444092,
    10.214485411659876,
    10.219192693529669,
    10.226706211260327,
    10.233938421740406,
    10.24693157225723,
    10.258341039677816,
    10.26550979226367,
    10.271555980220368,
    10.275281416344821,
    10.269733873215191,
    10.285042557482724,
    10.284314598866084,
    10.279280579902071,
    10.277069953280872,
    10.26930182306353,
    10.261556876098032,
    10.256041991527699,
    10.251957787611934,
    10.245326643770035,
    10.240594660534446,
    10.24001155270052,
    10.240573992856172,
    10.243256078655149,
    10.245493810908417,
    10.24982937132476,
    10.250193997617723,
    10.25455165606558,
    10.256098334491833,
    10.25673066131273,
    10.262084391042354,
    10.265193465230643,
    10.268890885158077,
    10.27547384828174,
    10.276919720143077,
    10.280252829647791,
    10.28101411995994
  ],
  "throuput": [
    13,
    41,
    84,
    134,
    191,
    247,
    323,
    423,
    541,
    651,
    775,
    897,
    1023,
    1170,
    1299,
    1420,
    1561,
    1683,
    1822,
    1967,
    2107,
    2249,
    2387,
    2509,
    2634,
    2765,
    2890,
    2991,
    3113,
    3229,
    3354,
    3458,
    3562,
    3666,
    3771,
    3889,
    3970,
    4076,
    4191,
    4299,
    4411,
    4522,
    4629,
    4741,
    4866,
    4972,
    5112,
    5241,
    5358,
    5513,
    5658,
    5786,
    5924,
    6057,
    6205,
    6345,
    6473,
    6605,
    6724
  ],
  "runningtime": [
    4.6324212670326235
  ]
}