{
  "distance": [
    1186.3772494473317,
    1732.0104752994482,
    2131.6740766753337,
    2507.2829770388607,
    2900.694971317485,
    3219.010976875626,
    3499.199951527059,
    3777.4175323225795,
    4021.708928292126,
    4216.4767236291655,
    4455.251407647363,
    4645.909025443331,
    4730.519049367989,
    4889.75738798267,
    4954.467685555963,
    5039.510148874422,
    5157.913949269519,
    5249.157170868871,
    5299.864203172777,
    5361.727466536957,
    5387.344624831878,
    5404.727465719767,
    5408.373801877355,
    5439.723179637808,
    5415.34237900945,
    5463.2913906672375,
    5458.384111225772,
    5472.272622891626,
    5478.837911199498,
    5381.890923747627,
    5423.636392988012,
    5428.96581527601,
    4774.82919940317,
    4853.280291216669,
    4924.647104999054,
    5028.675666711598,
    5067.567511278594,
    5109.488745116274,
    5183.630312296234,
    5245.727394974269,
    5300.3596667615775,
    5356.236459662846,
    5410.036516094155,
    5462.007622502869,
    5524.403742244425,
    5538.766140106553,
    5587.251389747274,
    5607.872454810127,
    5670.667573771824,
    5681.9457452171055,
    5701.332670030944,
    5735.621189779255,
    5747.980038270188,
    5758.4045291887505,
    5779.488663660718,
    5761.136468297482,
    5781.869200554191,
    5790.076087539501,
    5795.810632455651
  ],
  "speed": [
    10.019024757574513,
    9.979646286149618,
    9.989489575453499,
    9.98211846438371,
    9.988408280452951,
    9.960696598189358,
    9.972076585409173,
    9.946546742639693,
    9.965175579567205,
    9.957780843231916,
    9.971036185300626,
    9.993946118196504,
    10.02029330274381,
    10.044082298026375,
    10.053926908222328,
    10.056222147952843,
    10.072087791565519,
    10.086605242405989,
    10.103421089395903,
    10.124666585099089,
    10.138471127124543,
    10.148130414250135,
    10.156519491573299,
    10.16723438312636,
    10.181050302161964,
    10.187894997783113,
    10.196758510916448,
    10.204831173524793,
    10.220362926466224,
    10.225947082824113,
    10.236690068853434,
    10.237482894512958,
    10.231256211018296,
    10.238522250867058,
    10.24186699717211,
    10.234135834670518,
    10.23420148636164,
    10.22783680061715,
    10.22386778191349,
    10.215479301971172,
    10.209617843382242,
    10.209473629929903,
    10.205746261158929,
    10.20923809796291,
    10.210170340379014,
    10.214152778613197,
    10.22284189391889,
    10.22796888660622,
    10.231131956348182,
    10.236052455795042,
    10.235855646906035,
    10.239518391671389,
    10.242539015597638,
    10.246473160873682,
    10.253097544713789,
    10.254948986906784,
    10.25912495939488,
    10.261365220604393,
    10.262783274829335
  ],
  "throuput": [
    12,
    42,
    80,
    134,
    194,
    250,
    322,
    429,
    532,
    634,
    761,
    897,
    1027,
    1164,
    1279,
    1424,
    1546,
    1681,
    1814,
    1953,
    2113,
    2247,
    2369,
    2491,
    2628,
    2771,
    2883,
    3002,
    3110,
    3235,
    3344,
    3455,
    3555,
    3660,
    3772,
    3887,
    3977,
    4077,
    4193,
    4288,
    4402,
    4522,
    4636,
    4739,
    4857,
    4983,
    5105,
    5240,
    5373,
    5514,
    5660,
    5778,
    5915,
    6069,
    6227,
    6342,
    6491,
    6618,
    6741
  ],
  "runningtime": [
    4.094443480173747
  ]
}