{
  "distance": [
    1195.901630320973,
    1740.8081185823085,
    2136.9078508350362,
    2519.9267844058545,
    2912.715855983921,
    3237.504929984312,
    3511.288806396485,
    3801.2274327697532,
    4046.8078984277413,
    4240.845526614739,
    4483.727124433742,
    4667.498623812881,
    4748.889580742887,
    4907.714598104269,
    4970.930388190114,
    5054.025317592431,
    5170.169169333846,
    5251.721664447558,
    5303.42939782351,
    5362.440008914051,
    5392.56702209971,
    5411.778987507594,
    5413.541246450307,
    5444.39031784962,
    5413.461416401745,
    5462.8721461049045,
    5458.831901889863,
    5473.279710124268,
    5479.046117008258,
    5385.9577053861185,
    5422.877730850517,
    5430.177126751268,
    4776.060849322751,
    4858.885946193701,
    4930.21933844826,
    5036.583323261821,
    5074.89435553403,
    5116.503258253686,
    5191.140478377676,
    5253.908536371396,
    5306.049612925717,
    5361.998152845937,
    5414.476997853671,
    5464.252233034362,
    5529.131946456676,
    5543.249649579345,
    5588.56228968142,
    5607.890942244385,
    5668.835622949636,
    5681.536405151254,
    5705.282832825044,
    5739.262771350825,
    5749.448592039469,
    5758.721071861602,
    5779.572589519572,
    5761.907201445558,
    5780.27303680633,
    5788.501121558022,
    5794.183695187021
  ],
  "speed": [
    10.096557539773363,
    10.031039865938373,
    10.01439913964153,
    10.034874575558202,
    10.028698551572804,
    10.01885559937546,
    10.01263854626547,
    10.016532369018197,
    10.033924679280915,
    10.025697777254873,
    10.056452986086443,
    10.062525622163404,
    10.084348496993268,
    10.10366989886274,
    10.11048005618519,
    10.114628386727192,
    10.128194132045161,
    10.128530019885854,
    10.149263312344308,
    10.164704526349272,
    10.183919543072529,
    10.195686925448046,
    10.204704711607205,
    10.215934775973121,
    10.219679559170018,
    10.229422657982754,
    10.237963071007144,
    10.24901054111881,
    10.259623497988873,
    10.271496655376867,
    10.272983991241306,
    10.276663709717637,
    10.270851068234904,
    10.287397726849555,
    10.292089998375719,
    10.287422223062327,
    10.286321095274312,
    10.280580493740581,
    10.276904232388183,
    10.269452743911879,
    10.258929228325886,
    10.257926403976846,
    10.251819582186515,
    10.250919210172098,
    10.256809870489858,
    10.261633454400766,
    10.265253975513673,
    10.268436236742176,
    10.268979623923997,
    10.274437269899146,
    10.28119781498619,
    10.285315978076971,
    10.287359101872138,
    10.29034933640071,
    10.296623568981989,
    10.299726276657012,
    10.298807305162462,
    10.299223405914951,
    10.299757755450283
  ],
  "throuput": [
    14,
    43,
    82,
    134,
    191,
    254,
    323,
    429,
    535,
    641,
    780,
    905,
    1035,
    1167,
    1293,
    1422,
    1563,
    1689,
    1827,
    1952,
    2093,
    2247,
    2386,
    2501,
    2639,
    2773,
    2893,
    2995,
    3100,
    3241,
    3345,
    3452,
    3562,
    3677,
    3776,
    3883,
    3985,
    4088,
    4196,
    4296,
    4405,
    4524,
    4646,
    4743,
    4865,
    4983,
    5108,
    5238,
    5358,
    5502,
    5660,
    5795,
    5928,
    6081,
    6224,
    6344,
    6478,
    6609,
    6748
  ],
  "runningtime": [
    4.408137861887614
  ]
}