{"total_trips": 9913.40344289722, "trip_mean": 4907.773476625548, "trip_var": 11450962.307234857}