{
  "distance": [
    981.9259116943417,
    1273.8739043634125,
    1420.7719606501994,
    1624.3024804468794,
    1882.415053000921,
    2038.3861297652718,
    2217.045105330354,
    2377.3986533483003,
    2468.834764655101,
    2647.593416370301,
    2729.0490326717913,
    2860.0626466188814,
    2938.552469675912,
    3013.1710869434523,
    3101.499293539651,
    3181.303061305236,
    3259.867861855662,
    3184.4274885602294,
    3243.60763290423,
    3324.614797294494,
    3419.5186117977073,
    3481.890663064038,
    3525.4964251286624,
    3566.1962248372374,
    3646.112930326613,
    3664.0081935076855,
    3705.2042500318535,
    3754.5180412820973,
    3810.852039034244,
    3825.512912916678,
    3866.075704720872,
    3927.5159636391018,
    3913.205339761079,
    3948.8377126875976,
    3994.3282995343047,
    3936.958093007893,
    3974.533570754848,
    3999.639327585878,
    4030.124759956655,
    4063.737029985355,
    4092.572295675709,
    4111.036221665467,
    4142.834593455472,
    4158.404629019553,
    4174.592410576827,
    4206.282981673715,
    4223.37440076793,
    4234.405112634412,
    4248.06382920263,
    4256.812088969859,
    4271.013203205101,
    4293.86008948289,
    4290.6400807959035,
    4231.200268554965,
    4259.00497848235,
    4277.917237855164,
    4279.223666617182,
    4306.550506613953,
    4325.147219257842
  ],
  "speed": [
    8.722795562581533,
    8.452031875729576,
    8.242017907468515,
    8.133403154072164,
    8.060090959938696,
    7.919721259289717,
    7.860961801823426,
    7.767182069420524,
    7.74311217021898,
    7.683034051688745,
    7.636099622808275,
    7.598242002199863,
    7.568085065702545,
    7.542375675581223,
    7.540862340407321,
    7.497933075229963,
    7.476218779317317,
    7.459014137723951,
    7.461073217619955,
    7.431818891034324,
    7.427613024649723,
    7.412719133729759,
    7.399601879347164,
    7.382692965899694,
    7.372484988227946,
    7.348191054650782,
    7.3214147205014815,
    7.314537968275147,
    7.3043435104478505,
    7.292622239795213,
    7.281820815396871,
    7.270679959371631,
    7.265227208839875,
    7.2622728693132474,
    7.271048404082998,
    7.274780722137065,
    7.275381929646681,
    7.274657478282558,
    7.268995044024704,
    7.256595206350716,
    7.253575232267753,
    7.243727994058713,
    7.236964234459446,
    7.226289674168889,
    7.22094410100545,
    7.211187388862806,
    7.195109807005278,
    7.188823940654623,
    7.1793571244378915,
    7.16575805004561,
    7.157352467372456,
    7.150367940749426,
    7.147004101528533,
    7.141297263347734,
    7.13398382877393,
    7.125865320267598,
    7.115439075079125,
    7.101257618472836,
    7.0922137580711695
  ],
  "throuput": [
    10,
    37,
    65,
    98,
    164,
    240,
    313,
    415,
    508,
    624,
    760,
    881,
    1031,
    1155,
    1308,
    1454,
    1604,
    1754,
    1902,
    2048,
    2194,
    2387,
    2538,
    2702,
    2854,
    2998,
    3158,
    3326,
    3475,
    3630,
    3771,
    3956,
    4125,
    4277,
    4446,
    4612,
    4799,
    4947,
    5126,
    5292,
    5438,
    5615,
    5787,
    5951,
    6125,
    6280,
    6437,
    6596,
    6753,
    6921,
    7106,
    7261,
    7442,
    7604,
    7751,
    7918,
    8060,
    8221,
    8381
  ],
  "runningtime": [
    8.263903260231018
  ]
}