{
  "distance": [
    981.8085107452887,
    1286.7914654157119,
    1451.090555630083,
    1660.2041050429646,
    1928.8044748822604,
    2092.6526900355325,
    2268.5773782478154,
    2448.1695628340462,
    2542.110423541669,
    2729.7942992136295,
    2810.826011125424,
    2947.2359550025963,
    3028.4340446253404,
    3102.761152806801,
    3188.880227674888,
    3274.4892754555094,
    3356.3093044985076,
    3276.7675049035647,
    3332.0997507220127,
    3413.064659750633,
    3504.282714498116,
    3567.0617469172066,
    3610.5345737467765,
    3649.7101283347183,
    3728.7058057136337,
    3748.5013141681184,
    3795.4036232193,
    3845.8225057665663,
    3902.025435109279,
    3915.0646744261408,
    3954.357556449313,
    4017.8245419924006,
    3997.428533724878,
    4027.239716837963,
    4063.41247461481,
    3998.9134556593726,
    4032.4502465185296,
    4056.433942509594,
    4084.3670362059265,
    4118.291104174796,
    4144.493085820971,
    4162.001590822212,
    4190.789751009239,
    4202.826224947148,
    4216.826010633734,
    4248.520037032133,
    4268.937031246673,
    4278.662088642069,
    4291.484378634167,
    4300.514192313245,
    4311.823217965358,
    4334.111129623485,
    4327.904360370368,
    4267.218080454163,
    4293.263075001248,
    4311.542832919087,
    4312.655084703503,
    4340.265286050659,
    4356.440955561348
  ],
  "speed": [
    8.728481597011527,
    8.547005193272698,
    8.426323424291747,
    8.325528717914548,
    8.278694775690312,
    8.159259119657689,
    8.083736172204254,
    8.047038763196584,
    8.037434046441557,
    8.00080568237764,
    7.957775868297788,
    7.937388372528058,
    7.919897292349229,
    7.906412300483567,
    7.911006452188069,
    7.887727570164527,
    7.883348627672933,
    7.876645931535927,
    7.880969997228011,
    7.858008920149481,
    7.853415045829855,
    7.844789982487488,
    7.836884995517507,
    7.822077566185081,
    7.815719056313228,
    7.801535239265382,
    7.79196113736485,
    7.79439679163026,
    7.790874591741579,
    7.785424224464919,
    7.78219000375873,
    7.783493885579054,
    7.776890400506037,
    7.770028392642015,
    7.768676461890897,
    7.767001340238531,
    7.763720086444624,
    7.763801935212348,
    7.755664767244256,
    7.744365439555252,
    7.737806382491668,
    7.727155091030974,
    7.714546859829241,
    7.698080037701155,
    7.689221020980318,
    7.678285420319685,
    7.666775389598746,
    7.6584983699872184,
    7.6475152379359015,
    7.633496243021158,
    7.62012501186073,
    7.611162030047088,
    7.601872323645195,
    7.593271826466651,
    7.581787514826801,
    7.571429254957782,
    7.559261196571716,
    7.5442020143647035,
    7.531039822658487
  ],
  "throuput": [
    14,
    34,
    69,
    101,
    172,
    253,
    334,
    434,
    545,
    659,
    803,
    930,
    1088,
    1246,
    1374,
    1526,
    1693,
    1856,
    2002,
    2148,
    2303,
    2484,
    2641,
    2815,
    2962,
    3106,
    3292,
    3452,
    3614,
    3774,
    3941,
    4115,
    4267,
    4425,
    4598,
    4755,
    4921,
    5077,
    5252,
    5401,
    5570,
    5729,
    5904,
    6067,
    6226,
    6385,
    6535,
    6707,
    6865,
    7027,
    7202,
    7360,
    7541,
    7696,
    7870,
    8007,
    8169,
    8334,
    8505
  ],
  "runningtime": [
    4.550091807047526
  ]
}