{
  "distance": [
    1014.6963611694506,
    1332.8147708981674,
    1519.205092321444,
    1739.7534785515668,
    2008.0880335666782,
    2185.687601882238,
    2376.6189012758127,
    2571.879082037436,
    2666.3248407008923,
    2861.5292314542417,
    2948.7217496260932,
    3086.5097511427884,
    3168.422801084773,
    3245.1360977390927,
    3320.7981755883484,
    3409.702474284383,
    3490.26583655668,
    3403.7126625027972,
    3454.995662034463,
    3538.817752807931,
    3626.270564109798,
    3688.9412901889796,
    3729.3039706137492,
    3767.983710715517,
    3844.5095771721226,
    3865.394057197798,
    3909.5491190980483,
    3951.7471537810093,
    4004.7210133704584,
    4013.677466365618,
    4049.8812314735746,
    4110.298282837813,
    4087.8850283336833,
    4115.704735981562,
    4146.760533936774,
    4074.3501860321007,
    4106.522141495975,
    4125.921777841086,
    4150.660978352995,
    4185.277693685972,
    4209.540773975509,
    4223.427276430363,
    4251.933820539079,
    4268.17306247145,
    4280.798470806789,
    4313.245132725585,
    4334.200042814621,
    4341.345085862279,
    4354.087759596917,
    4364.900410966493,
    4377.5614238886965,
    4398.2780340503805,
    4389.481549822161,
    4327.734059360762,
    4354.781507549459,
    4373.502794020252,
    4374.385027771763,
    4404.512620327369,
    4420.377936278004
  ],
  "speed": [
    9.02150389957645,
    8.867336589012888,
    8.841779178702364,
    8.757194953381823,
    8.672327344042053,
    8.581456645991908,
    8.546208917609206,
    8.55497195375787,
    8.552970520303205,
    8.54521415906695,
    8.53335196478477,
    8.52765351021351,
    8.52248884835942,
    8.523591517187015,
    8.51730908956189,
    8.51976032364905,
    8.526644716463181,
    8.526281150417889,
    8.531229248289518,
    8.525694590461182,
    8.523176633518657,
    8.523220916955527,
    8.516681760483198,
    8.50577733324317,
    8.495467373109351,
    8.490865546834417,
    8.483216222775646,
    8.471644106189027,
    8.46373460088094,
    8.452475109829244,
    8.44355238806221,
    8.440049471341231,
    8.43344532162167,
    8.426560615135282,
    8.42012585706999,
    8.411783449076562,
    8.40884946809785,
    8.403021074460977,
    8.390448203714609,
    8.38025050193127,
    8.372550180508913,
    8.357200996240158,
    8.344986814987767,
    8.336574647704907,
    8.326883240765907,
    8.318105332482316,
    8.309226617320551,
    8.298502602331657,
    8.288031618045164,
    8.279324108699486,
    8.270138000424119,
    8.26049089614724,
    8.24953013930331,
    8.242888008267405,
    8.235119933163407,
    8.226258777883197,
    8.216413993960117,
    8.208457618255872,
    8.197020971506776
  ],
  "throuput": [
    14,
    38,
    73,
    119,
    185,
    268,
    369,
    476,
    601,
    738,
    883,
    1019,
    1173,
    1328,
    1500,
    1649,
    1808,
    1957,
    2127,
    2296,
    2453,
    2596,
    2780,
    2934,
    3084,
    3258,
    3427,
    3579,
    3738,
    3896,
    4058,
    4224,
    4404,
    4565,
    4733,
    4906,
    5063,
    5221,
    5375,
    5539,
    5715,
    5873,
    6019,
    6199,
    6373,
    6529,
    6692,
    6853,
    6998,
    7190,
    7361,
    7525,
    7692,
    7857,
    8020,
    8177,
    8350,
    8512,
    8681
  ],
  "runningtime": [
    6.3895555218060816
  ]
}