{
  "distance": [
    994.3089179532387,
    1305.9193973439549,
    1474.3458097579671,
    1690.3472024151354,
    1958.2485790637659,
    2126.4522919407386,
    2312.266582294896,
    2501.0907145769556,
    2593.843488548942,
    2782.0987845073387,
    2872.8976704578877,
    3005.135647651075,
    3095.119576312738,
    3168.739967193516,
    3246.6763825246653,
    3335.05178338973,
    3414.644671975135,
    3337.4671835626577,
    3393.8615967071705,
    3476.5060908285254,
    3566.7774488724813,
    3628.355112633019,
    3666.95761738444,
    3709.4645871215175,
    3785.889897784877,
    3805.650676153253,
    3854.3271998290224,
    3901.209122463275,
    3956.6642633747265,
    3971.080667214503,
    4004.4050528329913,
    4064.0522592218,
    4043.184777068147,
    4069.7141676259644,
    4102.172020420757,
    4035.549416126183,
    4068.3302278260544,
    4091.628292233198,
    4116.4179082800165,
    4150.294927589048,
    4174.198691904895,
    4190.361143613917,
    4217.822446490183,
    4231.883294223055,
    4245.107567430785,
    4279.073771953572,
    4301.839676499836,
    4310.741104437347,
    4324.692397373134,
    4335.262147238655,
    4347.725095801611,
    4369.195712207473,
    4362.129567699412,
    4301.037850191793,
    4330.043144814804,
    4349.145406235004,
    4348.9875528325065,
    4378.014780268811,
    4394.634267934315
  ],
  "speed": [
    8.835837262973397,
    8.669151576641994,
    8.55930271807993,
    8.481609827991225,
    8.413566851366687,
    8.301645426217096,
    8.251363579430857,
    8.243141040724922,
    8.231385537180753,
    8.206456663382356,
    8.200289723088712,
    8.176309109421679,
    8.192158618565488,
    8.184864613368864,
    8.176486288279689,
    8.170480571082933,
    8.166582058561763,
    8.17160094265359,
    8.181325759120776,
    8.166418191270957,
    8.162427032574215,
    8.156994962358638,
    8.143154531108411,
    8.137589538316018,
    8.126250416213118,
    8.114914250170328,
    8.110709038937573,
    8.105874252393276,
    8.099432530898854,
    8.09573208786789,
    8.083612242040124,
    8.080533523462076,
    8.076004457025224,
    8.063909103828731,
    8.057181614514683,
    8.05592136021854,
    8.054148264585347,
    8.056743715309826,
    8.045771626249726,
    8.034441287490408,
    8.02517961902511,
    8.013653905004672,
    8.00050971534898,
    7.989178995807527,
    7.979398033552187,
    7.971445304549149,
    7.964259061601266,
    7.9552200075302375,
    7.947790098060194,
    7.940326482990922,
    7.93148985886949,
    7.923701850426237,
    7.914907977879639,
    7.907629080704596,
    7.9023951866951,
    7.894986208728012,
    7.8828393562167225,
    7.872132432575351,
    7.8612579715534325
  ],
  "throuput": [
    11,
    35,
    70,
    107,
    172,
    257,
    336,
    452,
    571,
    702,
    847,
    979,
    1130,
    1285,
    1437,
    1596,
    1739,
    1896,
    2059,
    2215,
    2361,
    2550,
    2702,
    2865,
    3023,
    3170,
    3349,
    3505,
    3656,
    3833,
    4017,
    4187,
    4339,
    4489,
    4670,
    4836,
    5012,
    5167,
    5323,
    5462,
    5641,
    5806,
    5973,
    6129,
    6285,
    6445,
    6601,
    6781,
    6963,
    7130,
    7296,
    7458,
    7611,
    7775,
    7940,
    8113,
    8263,
    8433,
    8590
  ],
  "runningtime": [
    4.740365246931712
  ]
}