{
  "distance": [
    1006.4221051441506,
    1327.6296341500445,
    1508.2600555784124,
    1733.688870773909,
    2002.7067021945159,
    2181.3624587446984,
    2374.2768461252003,
    2566.0512166069793,
    2653.411237733519,
    2845.029794423534,
    2935.9344576289177,
    3074.769664323373,
    3158.3523082465845,
    3233.302451778855,
    3311.1399578440355,
    3396.5783971317187,
    3477.008946481008,
    3397.074068356324,
    3445.133115117866,
    3529.187582112026,
    3619.499046012441,
    3679.020991658219,
    3718.5300398490494,
    3757.0828009344855,
    3835.834019425661,
    3858.3819172717053,
    3904.7731396247573,
    3950.1862522537185,
    4004.017992068902,
    4014.8552500135447,
    4049.406502359754,
    4109.949428752116,
    4088.5799843766417,
    4115.647075497469,
    4147.52327373553,
    4077.8925950885223,
    4110.3295725461685,
    4128.440702740394,
    4154.048689090747,
    4188.516958426152,
    4210.557025363064,
    4227.591108369728,
    4257.4976639323495,
    4272.782091235314,
    4282.960130241616,
    4315.647467367817,
    4336.721606695165,
    4344.429839666084,
    4357.763295660889,
    4367.3479330812615,
    4377.887306031196,
    4396.997107762116,
    4387.859198891279,
    4326.266823336849,
    4353.431106505469,
    4370.385949725409,
    4371.360064794707,
    4400.131360335042,
    4416.663676532096
  ],
  "speed": [
    8.940828085931477,
    8.820279140046702,
    8.770128676023353,
    8.72238908190781,
    8.64787441153236,
    8.562264446811325,
    8.531571907740581,
    8.528086468650361,
    8.504163677960882,
    8.48813009790456,
    8.483679155840804,
    8.477664130396535,
    8.476734833401077,
    8.472818667603274,
    8.469429752530308,
    8.455521467523946,
    8.453638933298002,
    8.463262749148093,
    8.457771789386804,
    8.449566399736169,
    8.452368847256578,
    8.447467735428004,
    8.440363024844398,
    8.43238050165797,
    8.4297936574511,
    8.429288882553502,
    8.424811508781891,
    8.422389806823402,
    8.417982458620719,
    8.41387218685648,
    8.404865741772339,
    8.40224388879241,
    8.3986593125502,
    8.391208112541586,
    8.386054691011157,
    8.382606740535198,
    8.381597622785177,
    8.373898165090607,
    8.363563221197605,
    8.354498275419893,
    8.342526202076556,
    8.332382434642426,
    8.323342346547825,
    8.313646197627046,
    8.299097974191907,
    8.290550302555056,
    8.281293075611487,
    8.271420184572838,
    8.262336264834925,
    8.25312539658326,
    8.241545478910137,
    8.22935337832331,
    8.218627720283799,
    8.212520256743392,
    8.204806251062974,
    8.192837847729242,
    8.182815298481675,
    8.171763176948232,
    8.160245537306343
  ],
  "throuput": [
    13,
    35,
    78,
    119,
    193,
    268,
    365,
    472,
    609,
    736,
    865,
    1012,
    1163,
    1326,
    1474,
    1620,
    1778,
    1947,
    2099,
    2275,
    2440,
    2599,
    2765,
    2939,
    3081,
    3248,
    3409,
    3581,
    3733,
    3912,
    4065,
    4230,
    4399,
    4566,
    4725,
    4902,
    5060,
    5225,
    5387,
    5529,
    5706,
    5859,
    6026,
    6191,
    6366,
    6514,
    6677,
    6842,
    7014,
    7211,
    7366,
    7525,
    7688,
    7853,
    8020,
    8173,
    8339,
    8489,
    8656
  ],
  "runningtime": [
    5.149621840318044
  ]
}