{
  "distance": [
    1011.5574275490263,
    1332.843209740472,
    1517.958413915567,
    1738.8884929538692,
    2009.7988019848203,
    2188.0087914823966,
    2381.102864746375,
    2579.494999032649,
    2668.705999571092,
    2867.8337582965437,
    2958.4511371714057,
    3095.6991339261513,
    3177.3866949764624,
    3252.609823954652,
    3329.128706813595,
    3414.5881080085064,
    3493.596077409623,
    3403.8298517367293,
    3451.5680456258556,
    3538.4450445883117,
    3625.075766119215,
    3688.5692659153806,
    3731.5297506191023,
    3769.3143052279156,
    3843.7526565964145,
    3862.9626837382175,
    3909.5361056126294,
    3956.028058691797,
    4008.603932223711,
    4019.428146701488,
    4054.0156961938746,
    4112.17777773776,
    4089.3891779564387,
    4118.975759346455,
    4149.980645642313,
    4077.9354193942177,
    4108.762638268775,
    4128.02739144826,
    4154.373714083937,
    4188.3433826483315,
    4209.303902578126,
    4222.648118240618,
    4250.917172537589,
    4263.674261244424,
    4275.189798233194,
    4307.237361980079,
    4328.216974629147,
    4333.801580101851,
    4346.692090447665,
    4357.412130975008,
    4371.326758592704,
    4389.305251396357,
    4380.7621730459405,
    4318.116548500432,
    4345.225979733616,
    4363.562991705089,
    4364.654065128973,
    4393.4940317095525,
    4409.54949089269
  ],
  "speed": [
    8.99082132709411,
    8.864200430600928,
    8.825386906469278,
    8.748897767434318,
    8.679309973830286,
    8.584398630962095,
    8.555937601358556,
    8.574096315363477,
    8.555996468371065,
    8.55679084501341,
    8.55627958322484,
    8.550229920096626,
    8.54717098124027,
    8.540447524809045,
    8.53424077584001,
    8.52813490734519,
    8.531218084846813,
    8.52617886148147,
    8.522484080263188,
    8.52268116561993,
    8.51897097784494,
    8.522171766157225,
    8.519693659686608,
    8.506739897507485,
    8.495699084466949,
    8.48829123854408,
    8.48447216521057,
    8.482853966831755,
    8.475736172981968,
    8.46942564458195,
    8.461090007613311,
    8.45461617589003,
    8.447527203139103,
    8.443136225326874,
    8.435807337368754,
    8.426226623844782,
    8.420643500785031,
    8.414897549590066,
    8.405628162593837,
    8.394362737215937,
    8.38008456539102,
    8.364056978146541,
    8.350977900841242,
    8.336427855254417,
    8.323549294375448,
    8.311322023590373,
    8.30029316469808,
    8.283667628790107,
    8.271632259599846,
    8.259831081707976,
    8.250635490137809,
    8.236161183860233,
    8.224979694534552,
    8.214540938850378,
    8.204513550509025,
    8.193879431444904,
    8.182508307829444,
    8.169502890670412,
    8.156121077374321
  ],
  "throuput": [
    14,
    38,
    72,
    121,
    187,
    269,
    363,
    476,
    599,
    735,
    880,
    1026,
    1157,
    1325,
    1482,
    1656,
    1807,
    1971,
    2121,
    2292,
    2458,
    2600,
    2766,
    2940,
    3099,
    3257,
    3418,
    3597,
    3737,
    3905,
    4080,
    4239,
    4399,
    4563,
    4738,
    4895,
    5073,
    5233,
    5376,
    5542,
    5719,
    5881,
    6033,
    6204,
    6357,
    6506,
    6661,
    6823,
    6993,
    7158,
    7348,
    7525,
    7674,
    7834,
    7990,
    8169,
    8315,
    8477,
    8648
  ],
  "runningtime": [
    5.761284319559733
  ]
}