{
  "distance": [
    1081.9615117457454,
    1590.0979610161066,
    2065.5475422644213,
    2508.4849414983846,
    2931.8318501147314,
    3352.4340706048015,
    3752.1714581067126,
    4110.257563451732,
    4467.106886126916,
    4815.246139444536,
    5132.53852098499,
    5412.196742989135,
    5704.989307689862,
    5969.257560264322,
    6212.122975182545,
    6421.014628143636,
    6600.367166765311,
    6780.619618742045,
    6940.658884775669,
    7099.544100912475,
    7257.736328427767,
    7378.210579042577,
    7478.82435010174,
    7558.023703211854,
    7646.677314591514,
    7726.733148691489,
    7823.4000293574845,
    7890.875774328836,
    7946.076114259278,
    8000.3191147585385,
    8024.746529046995,
    8072.292054333314,
    8084.538089089618,
    8124.425966159003,
    8143.324937987436,
    8142.4552637564175,
    8167.098191878223,
    8168.83115040953,
    8153.5972703537,
    8158.800106992806,
    8170.256770683378,
    8113.717250058376,
    8122.949158039934,
    8092.797298061269,
    8103.541447799103,
    8052.726932515381,
    8057.902179606047,
    8036.965559606187,
    8018.98820029608,
    6179.200716543662,
    6319.07494933248,
    6434.137903844539,
    6546.6150989637135,
    6657.992861098925,
    6764.6134029837895,
    6871.518042590555,
    6979.907528472542,
    7077.600648597388,
    7169.990617687298
  ],
  "speed": [
    9.114277753820344,
    8.99133435929086,
    8.913033316801066,
    8.88212275828077,
    8.860778186471993,
    8.873520163567504,
    8.874036405025942,
    8.881672506034155,
    8.88608649802769,
    8.882738162634782,
    8.88999561506884,
    8.89060280476447,
    8.898704372500891,
    8.91030170009585,
    8.92221258990558,
    8.927928805208795,
    8.934441275733919,
    8.936245983340134,
    8.938012480687387,
    8.939725583105009,
    8.938840014738396,
    8.93898015938027,
    8.943388206725508,
    8.945004802953958,
    8.94834929470491,
    8.951381148845138,
    8.954222637250364,
    8.956214959531623,
    8.957024317310267,
    8.956975902024348,
    8.959079546185201,
    8.959267013222721,
    8.95984881191992,
    8.963021489679022,
    8.964830971226363,
    8.968043869286863,
    8.971053100071087,
    8.97315025488851,
    8.97704381019598,
    8.979684018896542,
    8.98437340982264,
    8.989066657941015,
    8.993151984131176,
    8.997266953248628,
    8.999916266340591,
    9.002637072766722,
    9.004724367512585,
    9.008881736979628,
    9.011943050950773,
    9.0012019506559,
    9.024201278717683,
    9.018363901285428,
    9.015909114137601,
    9.013246027230805,
    9.009757262097716,
    9.008729596577089,
    9.004517740437915,
    9.002565569115445,
    9.000792504767931
  ],
  "throuput": [
    41,
    114,
    217,
    344,
    501,
    663,
    881,
    1135,
    1374,
    1646,
    1976,
    2295,
    2659,
    3002,
    3393,
    3795,
    4166,
    4520,
    4915,
    5293,
    5659,
    6034,
    6443,
    6819,
    7173,
    7598,
    7980,
    8360,
    8750,
    9180,
    9563,
    9925,
    10340,
    10712,
    11074,
    11430,
    11777,
    12107,
    12426,
    12789,
    13113,
    13445,
    13788,
    14109,
    14401,
    14705,
    15037,
    15329,
    15647,
    15959,
    16238,
    16518,
    16812,
    17112,
    17398,
    17694,
    17954,
    18261,
    18513
  ],
  "runningtime": [
    16.95355983575185
  ]
}