{
  "distance": [
    1082.971602076497,
    1599.5887998255746,
    2083.6800070660333,
    2534.9723970368773,
    2964.514439065754,
    3388.3122558351756,
    3794.7125363394703,
    4155.472329586045,
    4517.63480717331,
    4867.966519201473,
    5185.46893108353,
    5467.736738757673,
    5761.794825622506,
    6022.37590240178,
    6261.201438040701,
    6470.337535585973,
    6646.800733333723,
    6825.57906351717,
    6982.644679771028,
    7141.986951150947,
    7300.946384391583,
    7421.5826293711025,
    7520.5739815140805,
    7601.2784021360085,
    7689.512071309119,
    7770.418670905788,
    7864.934378777549,
    7926.978244868362,
    7979.934937423236,
    8033.660815265525,
    8057.69063818824,
    8104.712335376557,
    8116.587202856016,
    8156.056959598999,
    8174.665144374595,
    8171.64592184924,
    8194.185208416593,
    8194.861052912267,
    8176.897766891642,
    8181.37707100614,
    8191.36109506456,
    8131.4472575600985,
    8138.457668278129,
    8107.716146711865,
    8116.979692243629,
    8064.268632317099,
    8067.7654697156695,
    8044.501456016068,
    8025.355904885709,
    6183.29101666619,
    6324.420831180763,
    6440.544862092116,
    6553.016264243278,
    6665.330482937668,
    6773.998996779032,
    6881.448389825478,
    6992.161637151319,
    7091.19905026623,
    7182.510871449898
  ],
  "speed": [
    9.122714596235298,
    9.044953516832553,
    8.990573644039854,
    8.975305811438284,
    8.96002818576769,
    8.969851406326903,
    8.977937449231137,
    8.983636487904388,
    8.991278185072016,
    8.988073145523096,
    8.991855531345331,
    8.994146091431723,
    9.00154416444257,
    9.006415648301594,
    9.011688705019179,
    9.016808303043426,
    9.019066308768874,
    9.019824728840616,
    9.017915178117073,
    9.019922510388794,
    9.018781091657438,
    9.01924672065398,
    9.022240011586256,
    9.026491413351811,
    9.03061765598283,
    9.03612047430084,
    9.037535868271544,
    9.035765470307082,
    9.03645281057667,
    9.037800432415954,
    9.04068801864859,
    9.041831608166829,
    9.04269946347452,
    9.045176272990773,
    9.04713581817479,
    9.048799253716611,
    9.050379824740784,
    9.051999694938516,
    9.05483409990702,
    9.058142655901241,
    9.061544401768693,
    9.06379402399703,
    9.066299937583494,
    9.07046253484439,
    9.072641118340236,
    9.074864970717442,
    9.076564383620436,
    9.079472419843043,
    9.082467212687433,
    9.071358762792972,
    9.095871254899643,
    9.091025025456934,
    9.088249115683636,
    9.086379857094766,
    9.085092262907578,
    9.084202227092984,
    9.082660745583775,
    9.08228018725723,
    9.07895007207959
  ],
  "throuput": [
    43,
    109,
    219,
    342,
    506,
    673,
    888,
    1132,
    1389,
    1691,
    2001,
    2337,
    2702,
    3073,
    3409,
    3824,
    4222,
    4574,
    4942,
    5310,
    5680,
    6078,
    6481,
    6852,
    7248,
    7643,
    8052,
    8444,
    8822,
    9224,
    9628,
    9985,
    10359,
    10739,
    11111,
    11466,
    11813,
    12155,
    12509,
    12826,
    13159,
    13484,
    13829,
    14148,
    14463,
    14777,
    15113,
    15387,
    15704,
    16000,
    16297,
    16572,
    16858,
    17152,
    17447,
    17736,
    18013,
    18303,
    18571
  ],
  "runningtime": [
    19.223216088612876
  ]
}