{
  "distance": [
    1107.4967324505046,
    1641.410522154114,
    2140.552865814499,
    2603.5466801835187,
    3043.801606839204,
    3473.41934636951,
    3881.3732876082145,
    4244.588303419147,
    4609.710637599559,
    4968.637070769934,
    5289.237186334662,
    5577.11128287924,
    5870.088567581208,
    6134.025739668899,
    6373.8354378349595,
    6585.418760407742,
    6762.132890096322,
    6940.229415604754,
    7100.06273132109,
    7258.6561019443025,
    7414.503979811271,
    7531.779606984786,
    7623.459035612987,
    7700.814420361798,
    7784.975202400711,
    7857.631243252124,
    7950.636697178442,
    8011.9342732059595,
    8062.259231284993,
    8113.3908059003625,
    8133.761632233907,
    8179.804269434037,
    8187.775270467865,
    8223.453912599976,
    8236.26317779189,
    8230.892031807572,
    8249.963688347345,
    8247.083487580032,
    8225.83706394503,
    8227.84599201758,
    8234.276362866869,
    8172.801242096493,
    8178.205365793703,
    8144.959836557483,
    8152.105909388252,
    8097.5607688912805,
    8099.375305878049,
    8074.57334571952,
    8054.387310709303,
    6204.529693766898,
    6344.512706389952,
    6464.014268182534,
    6579.529089297171,
    6693.582244601804,
    6804.706120268749,
    6914.795544600321,
    7029.111537288672,
    7129.853047038714,
    7225.063482566593
  ],
  "speed": [
    9.329729682831356,
    9.281987073090479,
    9.240586907922687,
    9.225556020887318,
    9.212136052308699,
    9.210503317137144,
    9.200888621229184,
    9.19721746388507,
    9.200022587207368,
    9.202346366931916,
    9.203640673177027,
    9.209698077521303,
    9.2108982713196,
    9.21659794103042,
    9.220521844196478,
    9.2279447020657,
    9.22884690211502,
    9.22762789302329,
    9.22844017084937,
    9.230367774893995,
    9.226610821027604,
    9.224935697092398,
    9.222800794447796,
    9.226651901182553,
    9.22913893343993,
    9.227879868674023,
    9.229510876368959,
    9.228084137497836,
    9.22802908709092,
    9.229813971518672,
    9.231438353231145,
    9.234375365069,
    9.235145498445716,
    9.238220858289855,
    9.237416318119056,
    9.240011137045245,
    9.240893509969004,
    9.24203595425228,
    9.243975699147962,
    9.2467364626122,
    9.248784668320411,
    9.25282900758562,
    9.256106667046723,
    9.259461235973488,
    9.261394016068374,
    9.263605492955918,
    9.265301928759879,
    9.268234935723596,
    9.271977472139133,
    9.25991695247639,
    9.281002198145174,
    9.279482895036752,
    9.279473087572827,
    9.278218048883897,
    9.278440661277601,
    9.279010300976944,
    9.279966326636497,
    9.279812885849482,
    9.27917555675038
  ],
  "throuput": [
    42,
    111,
    233,
    366,
    527,
    704,
    916,
    1188,
    1440,
    1722,
    2049,
    2405,
    2775,
    3134,
    3506,
    3889,
    4300,
    4659,
    5025,
    5425,
    5798,
    6202,
    6619,
    7008,
    7379,
    7774,
    8149,
    8529,
    8956,
    9365,
    9742,
    10113,
    10525,
    10899,
    11255,
    11597,
    11944,
    12289,
    12615,
    12927,
    13293,
    13625,
    13929,
    14262,
    14569,
    14875,
    15194,
    15494,
    15800,
    16103,
    16397,
    16684,
    16974,
    17233,
    17524,
    17808,
    18090,
    18365,
    18628
  ],
  "runningtime": [
    30.58190503915151
  ]
}