{
  "distance": [
    974.4060996344219,
    1297.798527451313,
    1615.489020231538,
    1867.3471476890986,
    2101.4152199448695,
    2340.697248922323,
    2537.840473809327,
    2702.7022673348997,
    2869.66139003886,
    2980.310195465344,
    2777.002662163177,
    2967.0282128815,
    3125.101110300133,
    3260.95378636737,
    3400.61704280547,
    3504.684730319755,
    3616.191670147221,
    3702.808967414204,
    3803.761832261547,
    3871.777012152952,
    3926.356669917919,
    3713.1709345688837,
    3822.7862194802624,
    3915.792006696586,
    3992.494827904958,
    4071.002172840175,
    4137.274578663062,
    4192.394130659746,
    4238.79238558819,
    4288.712213448926,
    4331.001295851824,
    4362.47798863242,
    4410.075819547252,
    4258.565116405758,
    4304.8170174379875,
    4357.317174782539,
    4391.862707843778,
    4446.225675977886,
    4485.734594811175,
    4518.688418422184,
    4557.073138144882,
    4578.105401665967,
    4605.35710493695,
    4636.603786501017,
    4487.954092429705,
    4523.088274084996,
    4568.3259556581625,
    4593.1418292094795,
    4628.647922819269,
    4654.754652106299,
    4676.24553599948,
    4695.0111398091185,
    4720.684874003234,
    4736.442692351983,
    4761.223873335389,
    4628.696572744989,
    4666.293603487488,
    4688.642995608738,
    4720.100841568469
  ],
  "speed": [
    9.399415752100532,
    9.202489928212108,
    9.08449608967325,
    9.064745050225001,
    9.006224068265812,
    8.991283736356555,
    8.940960574001268,
    8.917275197749225,
    8.884773710303659,
    8.844177243864221,
    8.833177152508435,
    8.799160213290266,
    8.750626395502668,
    8.706004105018122,
    8.669423843436176,
    8.6525150673715,
    8.628251631134903,
    8.603998597206495,
    8.583631695514109,
    8.564851459855836,
    8.538015533146117,
    8.510749996142408,
    8.501011917608706,
    8.488273355474215,
    8.466788583626485,
    8.450927828922927,
    8.430793156074518,
    8.403380181686028,
    8.38272011415868,
    8.360250499394215,
    8.341037867334759,
    8.323202882350985,
    8.30493504735126,
    8.29647567906264,
    8.278298696848807,
    8.260980087007308,
    8.242298799301944,
    8.224106216507057,
    8.206431334348853,
    8.188567834351202,
    8.174377759312728,
    8.154772199948473,
    8.136862302762438,
    8.118760350876245,
    8.105971589970574,
    8.093729928554714,
    8.07662329640001,
    8.056874643692858,
    8.038536665617192,
    8.022381530189447,
    8.004768085112282,
    7.985931116679449,
    7.969229723137359,
    7.951719841286082,
    7.9350794216065585,
    7.920308153972829,
    7.910130751167697,
    7.894621873231219,
    7.878131107566047
  ],
  "throuput": [
    21,
    74,
    157,
    275,
    425,
    606,
    830,
    1068,
    1316,
    1615,
    1913,
    2212,
    2515,
    2843,
    3207,
    3542,
    3917,
    4281,
    4658,
    5008,
    5364,
    5716,
    6089,
    6444,
    6812,
    7209,
    7617,
    7962,
    8346,
    8746,
    9142,
    9537,
    9914,
    10313,
    10697,
    11080,
    11465,
    11841,
    12200,
    12604,
    12998,
    13392,
    13770,
    14151,
    14556,
    14948,
    15326,
    15692,
    16093,
    16503,
    16882,
    17253,
    17607,
    18027,
    18417,
    18807,
    19225,
    19581,
    19946
  ],
  "runningtime": [
    14.900915928681691
  ]
}