{
  "distance": [
    980.0339587506801,
    1307.6853918803124,
    1633.9599466059776,
    1889.566303256055,
    2128.8967779234004,
    2370.025947045471,
    2573.584624738722,
    2737.0352834769146,
    2905.9940660887496,
    3020.0626042716885,
    2813.3940197512097,
    3011.5381720078494,
    3177.5592717618865,
    3314.710108234216,
    3456.5260715621157,
    3560.0732090600764,
    3670.3550735593963,
    3757.108125538821,
    3855.1606807488115,
    3923.554063588286,
    3979.509819466824,
    3763.702048545003,
    3870.8760963719365,
    3959.696568805603,
    4034.98884957837,
    4109.231515935905,
    4172.9456231998065,
    4231.90858289821,
    4277.231279651001,
    4328.592618557466,
    4371.037616621412,
    4401.237068406856,
    4448.937382138489,
    4293.2632835408795,
    4341.323922173452,
    4392.594074272945,
    4426.941048251908,
    4477.729965736992,
    4516.940943572031,
    4547.73182323713,
    4584.406633481546,
    4606.216976332832,
    4633.5035283107,
    4663.984698264403,
    4512.586791530249,
    4546.272076053209,
    4592.402100366147,
    4616.5214309605335,
    4651.292148558563,
    4676.971207084839,
    4699.471964435319,
    4717.679620268383,
    4743.235317335307,
    4759.551160152794,
    4784.50903821762,
    4649.6980751979645,
    4687.377774782859,
    4709.383740983456,
    4741.2397936951165
  ],
  "speed": [
    9.45577451506151,
    9.273449750583836,
    9.188491938136979,
    9.174345990840555,
    9.132851043506513,
    9.118984652498307,
    9.084977247260014,
    9.057757399412477,
    9.031443790036931,
    9.006119733489209,
    9.00138116752044,
    8.990343212333373,
    8.965924558613981,
    8.928572668548064,
    8.90100130950352,
    8.88665390435196,
    8.860906242319981,
    8.83820236349955,
    8.810374115890466,
    8.791399306475851,
    8.770694571904057,
    8.74993539282804,
    8.737246173282253,
    8.718270350852434,
    8.696451434499195,
    8.673507082520175,
    8.648148252366493,
    8.628393098517359,
    8.60879517913041,
    8.590894461711754,
    8.5732498264544,
    8.55494591728443,
    8.53824395316257,
    8.525756680858512,
    8.510759835566025,
    8.492031520584423,
    8.475260680943022,
    8.45050727909521,
    8.432175653154458,
    8.410337345580398,
    8.393203445731976,
    8.376077709684013,
    8.359989001370506,
    8.341484089539678,
    8.325790275832668,
    8.311070486345383,
    8.294854409538315,
    8.273545688818128,
    8.253042314621375,
    8.235250370508567,
    8.218006649067453,
    8.197046344546704,
    8.179787951972285,
    8.16331098559937,
    8.146438896355914,
    8.128772232877466,
    8.117157941564423,
    8.099269620468434,
    8.08174871572446
  ],
  "throuput": [
    21,
    73,
    154,
    280,
    441,
    611,
    845,
    1097,
    1353,
    1656,
    1956,
    2267,
    2604,
    2927,
    3302,
    3640,
    3995,
    4364,
    4723,
    5092,
    5462,
    5834,
    6210,
    6572,
    6932,
    7304,
    7709,
    8082,
    8476,
    8871,
    9257,
    9652,
    10045,
    10404,
    10802,
    11203,
    11595,
    11944,
    12322,
    12718,
    13102,
    13521,
    13899,
    14294,
    14685,
    15068,
    15444,
    15826,
    16192,
    16605,
    16980,
    17332,
    17727,
    18122,
    18528,
    18913,
    19294,
    19662,
    20042
  ],
  "runningtime": [
    15.929317637284596
  ]
}