{
  "distance": [
    988.0390932452046,
    1317.5702003618562,
    1651.0345632853282,
    1908.4242861260987,
    2153.314427808951,
    2399.7377128126077,
    2608.774220363496,
    2773.817251741703,
    2948.4045238104914,
    3069.434937099313,
    2861.9391225522986,
    3062.947816661403,
    3233.3990851685217,
    3380.8663524789863,
    3522.8083065914593,
    3625.0744313836162,
    3732.975730936799,
    3819.682933445778,
    3917.2895714286783,
    3984.4240880555953,
    4040.1881825856667,
    3819.8589984132236,
    3931.408228719642,
    4020.39459904356,
    4091.8127167004013,
    4163.844344332516,
    4227.970576332221,
    4285.551291457193,
    4328.985552857649,
    4376.336184490738,
    4415.753803767369,
    4446.069329381961,
    4494.667869914974,
    4336.591622940763,
    4380.862246765455,
    4431.317692396002,
    4464.24710701348,
    4517.267960225258,
    4553.918519068275,
    4583.347520031071,
    4618.936518737157,
    4639.0612134224775,
    4664.644254499863,
    4695.3882321952315,
    4543.010880493978,
    4576.412573835049,
    4621.808078279051,
    4646.476944081418,
    4681.478061353694,
    4707.544289101039,
    4729.8294811396145,
    4748.3315418372795,
    4772.894010827542,
    4787.46754762006,
    4812.114124057528,
    4676.486702846044,
    4714.414617019575,
    4735.746852363448,
    4767.068801310312
  ],
  "speed": [
    9.533979132520702,
    9.348619160994085,
    9.292042202121616,
    9.279376206718261,
    9.258510538101396,
    9.257953555882372,
    9.239228243444085,
    9.213871207488321,
    9.206592279318619,
    9.202578176209999,
    9.21294685858656,
    9.205629061333472,
    9.19386965621228,
    9.184962874230136,
    9.16067626662303,
    9.14846719482091,
    9.126286415402271,
    9.110034600620283,
    9.087171686522032,
    9.071719628574238,
    9.053635922785805,
    9.034352850444623,
    9.033199160356753,
    9.01546482975993,
    8.988957572500258,
    8.965452213998514,
    8.945480695063281,
    8.928517958515444,
    8.908985735177188,
    8.887667289811807,
    8.867070803272595,
    8.851883375541364,
    8.83822383683348,
    8.82702231194531,
    8.807832488249433,
    8.789542872362329,
    8.770177911826522,
    8.749608331831702,
    8.7284185548751,
    8.706217172590257,
    8.68880564470776,
    8.670881120590856,
    8.652185124989966,
    8.634297060565457,
    8.619332933306142,
    8.603466167674513,
    8.58514953779964,
    8.564435112504825,
    8.544153844574337,
    8.527361003177225,
    8.510301327560061,
    8.4905149449679,
    8.472953574158867,
    8.454759045235967,
    8.438592624623098,
    8.42130402003554,
    8.410127740001176,
    8.391370487895538,
    8.373541459515335
  ],
  "throuput": [
    24,
    76,
    156,
    297,
    449,
    631,
    857,
    1119,
    1381,
    1704,
    1996,
    2333,
    2659,
    3024,
    3389,
    3769,
    4121,
    4488,
    4859,
    5205,
    5576,
    5944,
    6333,
    6689,
    7085,
    7469,
    7866,
    8243,
    8637,
    9019,
    9419,
    9789,
    10187,
    10602,
    11000,
    11379,
    11744,
    12116,
    12496,
    12893,
    13291,
    13690,
    14040,
    14431,
    14836,
    15224,
    15575,
    15975,
    16360,
    16777,
    17138,
    17518,
    17929,
    18312,
    18697,
    19079,
    19464,
    19863,
    20215
  ],
  "runningtime": [
    16.420258736610414
  ]
}