{
  "distance": [
    1070.081011435045,
    1574.4695728234697,
    2026.3527779259978,
    2463.3527063284864,
    2862.9672076565303,
    3207.5672171941596,
    3547.348659420226,
    3898.681264623929,
    4240.705723157833,
    4535.928437445701,
    4777.426237045999,
    5008.618320067159,
    5186.2349857948775,
    5358.838110607966,
    5542.4352800253155,
    5680.787716456337,
    5851.359264353628,
    5984.091181911203,
    6081.453091573359,
    6195.277095088077,
    6277.999158428689,
    6345.2900029972925,
    6430.656663210923,
    6505.061992693878,
    6545.137971419349,
    6585.066230435613,
    6611.071769129388,
    6627.726869598102,
    6671.003849857727,
    6704.277802506042,
    6736.145464805307,
    6760.0676718846435,
    6743.30001277257,
    6761.440237192708,
    6749.817376705408,
    6757.2402794259115,
    6779.486124772646,
    6792.1675315413995,
    6748.576859369279,
    6768.620468119065,
    6764.326101782739,
    6783.302121612073,
    5546.117776852845,
    5654.674757894186,
    5754.261385947147,
    5861.626992444915,
    5954.62381104158,
    6070.3508956042,
    6164.303022981993,
    6243.378108190862,
    6329.555593522283,
    6417.1947290349435,
    6488.607267387717,
    6580.977499896374,
    6644.403776436425,
    6708.362660183515,
    6764.805507405642,
    6820.96339539459,
    6859.509046073361
  ],
  "speed": [
    9.026463600048753,
    8.909413371074573,
    8.878197285035316,
    8.901317976637761,
    8.927442449108074,
    8.932397539853726,
    8.951800336803668,
    8.967179437011739,
    8.982814183230596,
    8.99887863920372,
    9.005889506804726,
    9.0055561193326,
    9.011977051620839,
    9.007820150808366,
    9.00457048275661,
    9.000583614985667,
    8.999388973363352,
    8.990628335474476,
    8.9893357065446,
    8.982487746058117,
    8.966700487664548,
    8.954648931362641,
    8.94039155351703,
    8.924933914789074,
    8.913279957495417,
    8.900258407596924,
    8.89206510068197,
    8.878161959406489,
    8.87018465697552,
    8.861014541109528,
    8.852978991237556,
    8.84462128919355,
    8.838064230904662,
    8.83031994811567,
    8.823706694342278,
    8.816774048165188,
    8.809969989922145,
    8.802895912552149,
    8.797172917749709,
    8.78934911752901,
    8.782550152244646,
    8.774635263651856,
    8.77758206586538,
    8.7693758642898,
    8.762446248034797,
    8.7568868649814,
    8.75423604498205,
    8.75164856394275,
    8.75115371365004,
    8.74993638495638,
    8.74826682535571,
    8.746371820956472,
    8.744451793723119,
    8.740297923771436,
    8.735866200936291,
    8.730279414428649,
    8.724950227806968,
    8.717645519874669,
    8.71076477839401
  ],
  "throuput": [
    25,
    77,
    185,
    298,
    448,
    623,
    819,
    1023,
    1271,
    1536,
    1802,
    2060,
    2350,
    2629,
    2938,
    3191,
    3508,
    3787,
    4077,
    4360,
    4657,
    4957,
    5270,
    5547,
    5838,
    6108,
    6379,
    6654,
    6936,
    7229,
    7496,
    7756,
    8020,
    8306,
    8555,
    8837,
    9099,
    9347,
    9619,
    9896,
    10161,
    10416,
    10652,
    10895,
    11181,
    11445,
    11655,
    11902,
    12154,
    12414,
    12675,
    12954,
    13200,
    13511,
    13810,
    14101,
    14410,
    14706,
    15033
  ],
  "runningtime": [
    30.177107385794322
  ]
}