{
  "distance": [
    1038.3364300153817,
    1520.0815742657846,
    1943.7798119469032,
    2357.35389074772,
    2737.244315005437,
    3072.5375522291215,
    3405.5569888357627,
    3742.08478257145,
    4075.390959824915,
    4360.998773430162,
    4604.138092245699,
    4839.098095498148,
    5012.4386986398595,
    5179.465383581662,
    5366.288799861124,
    5509.981030032941,
    5677.2891849102925,
    5815.574372775609,
    5912.556935204189,
    6031.235381827828,
    6121.516038440026,
    6194.124098852589,
    6288.867284276097,
    6373.170144292468,
    6422.223334172734,
    6470.049210275977,
    6500.062253221331,
    6526.780136585222,
    6572.36648613413,
    6609.891330961793,
    6644.170963399841,
    6671.150694131949,
    6654.526051325415,
    6676.71499678386,
    6667.426944238513,
    6675.662036363316,
    6700.649690931263,
    6716.996139666358,
    6678.006221631847,
    6702.2470865520545,
    6700.361335139837,
    6723.556683610581,
    5498.118462620402,
    5603.449714337655,
    5699.7250645563045,
    5802.534500663965,
    5891.846467112958,
    6002.145359245898,
    6090.430042260449,
    6164.523766229143,
    6245.713286752129,
    6328.868515353424,
    6395.159567453367,
    6487.133328632227,
    6550.022197575975,
    6613.66341779676,
    6669.456162384721,
    6725.689607367361,
    6763.694716729123
  ],
  "speed": [
    8.759664021551904,
    8.601073318026547,
    8.511755948885117,
    8.50737236185679,
    8.51680439308875,
    8.531544839720585,
    8.560619997840211,
    8.56595365817772,
    8.583874167054478,
    8.592814537480173,
    8.608994649594681,
    8.620064204560162,
    8.621580967477714,
    8.61064138226249,
    8.613162011361029,
    8.616300011500375,
    8.612170643303235,
    8.61060841538587,
    8.606216470626176,
    8.604361319562774,
    8.594881670866554,
    8.583616900159404,
    8.576475260974538,
    8.570210381985978,
    8.565917290947057,
    8.55882493276099,
    8.55151666410096,
    8.547216203751432,
    8.539997461680645,
    8.533159548695863,
    8.525749650767466,
    8.518961709449531,
    8.508278068388519,
    8.502970699215174,
    8.49574106245173,
    8.4867721067201,
    8.479359696950878,
    8.472239481290897,
    8.46799734100715,
    8.462203856336261,
    8.455149261399454,
    8.449913322276249,
    8.455367331838552,
    8.446777155905862,
    8.437811204923634,
    8.427619767131658,
    8.422029985156474,
    8.415665537502317,
    8.4101898666578,
    8.403990613235594,
    8.397776259460896,
    8.391532776647775,
    8.384020189049515,
    8.380431668004954,
    8.375700633726504,
    8.369823341398632,
    8.363483637114808,
    8.35588879388035,
    8.34691725063545
  ],
  "throuput": [
    24,
    75,
    171,
    274,
    419,
    586,
    753,
    966,
    1197,
    1436,
    1696,
    1954,
    2248,
    2522,
    2782,
    3081,
    3390,
    3638,
    3951,
    4217,
    4483,
    4777,
    5087,
    5389,
    5677,
    5956,
    6236,
    6510,
    6801,
    7085,
    7365,
    7622,
    7880,
    8152,
    8420,
    8676,
    8926,
    9200,
    9473,
    9747,
    10010,
    10280,
    10541,
    10775,
    11041,
    11276,
    11524,
    11781,
    12023,
    12270,
    12518,
    12786,
    13048,
    13329,
    13623,
    13925,
    14215,
    14518,
    14796
  ],
  "runningtime": [
    14.463061241308848
  ]
}