{
  "distance": [
    1046.011090001006,
    1532.0254550804384,
    1962.3797818054145,
    2381.917713257143,
    2762.8142177546015,
    3106.1406532490682,
    3444.0123083471553,
    3785.4168679953727,
    4117.911749712362,
    4409.10373634122,
    4650.527549281569,
    4881.998479311726,
    5057.046675067594,
    5227.873888492139,
    5414.385357605284,
    5556.466789446675,
    5724.211879893092,
    5861.043639360168,
    5959.368755893934,
    6077.609750493463,
    6168.696059938327,
    6243.267640123769,
    6334.820898122781,
    6413.110584735297,
    6458.152862762318,
    6502.501738676088,
    6531.717636135714,
    6557.781806473356,
    6601.1411599339,
    6635.487478039096,
    6669.292718385797,
    6695.946704473656,
    6680.367605940018,
    6700.148234187816,
    6691.1867600040805,
    6699.869061217853,
    6725.274962960401,
    6740.8280894647805,
    6699.8415188478775,
    6721.712395474482,
    6719.1817710695095,
    6740.734606516616,
    5512.476412810744,
    5616.938229425185,
    5712.818498054362,
    5817.022970227895,
    5906.279935947574,
    6017.9936900312405,
    6108.396706423096,
    6183.358396989023,
    6267.6185658143395,
    6352.968181859521,
    6420.5898977454,
    6512.249874740805,
    6575.43282794852,
    6638.01224492875,
    6696.768397926456,
    6752.811554421133,
    6794.004266863827
  ],
  "speed": [
    8.823489795008351,
    8.66910108740155,
    8.594966878132249,
    8.598803072385138,
    8.602891829963815,
    8.632921027003354,
    8.667239537327667,
    8.678095220061927,
    8.68956064023794,
    8.706686479003817,
    8.71947401750351,
    8.724149167363578,
    8.727351325583326,
    8.721468855909908,
    8.724248785704395,
    8.726369041207498,
    8.721451915804469,
    8.717452851263111,
    8.715326392924998,
    8.712279006335708,
    8.705651210184882,
    8.698977302421493,
    8.688312172005988,
    8.674987725057045,
    8.667445812492407,
    8.655840391621423,
    8.648331295999704,
    8.6437299324129,
    8.633491718927264,
    8.622843449653294,
    8.613826203999103,
    8.605982076795586,
    8.59757939299479,
    8.589486110458362,
    8.583020927943274,
    8.575076837606295,
    8.568917807063478,
    8.562443991692088,
    8.55768018587871,
    8.55011037567158,
    8.54298320960281,
    8.536156034275047,
    8.54201225026971,
    8.530801847524536,
    8.519737827796062,
    8.510819902130105,
    8.504966621719852,
    8.499138511702974,
    8.495467763465859,
    8.490128664729808,
    8.48779707777702,
    8.484666961109305,
    8.478564855769411,
    8.474337292336763,
    8.469687512987274,
    8.462197930475472,
    8.459028515863752,
    8.450832719891848,
    8.445504737944841
  ],
  "throuput": [
    22,
    79,
    172,
    279,
    432,
    599,
    765,
    990,
    1226,
    1467,
    1737,
    1977,
    2265,
    2558,
    2840,
    3116,
    3409,
    3691,
    3965,
    4255,
    4560,
    4822,
    5126,
    5441,
    5729,
    5986,
    6279,
    6530,
    6823,
    7101,
    7387,
    7658,
    7919,
    8175,
    8452,
    8713,
    8986,
    9246,
    9520,
    9787,
    10050,
    10310,
    10586,
    10795,
    11059,
    11324,
    11553,
    11801,
    12062,
    12310,
    12583,
    12832,
    13096,
    13373,
    13663,
    13965,
    14240,
    14552,
    14834
  ],
  "runningtime": [
    16.362636919816335
  ]
}