{
  "distance": [
    1058.7721943544022,
    1561.0046480099625,
    2005.7392730674837,
    2442.8805491205794,
    2834.7798622755727,
    3181.4850356513866,
    3521.448689825185,
    3871.3298750034014,
    4210.780801492314,
    4503.885421744499,
    4744.3807020749355,
    4976.377997424183,
    5152.676182457549,
    5323.019203291335,
    5509.480682122775,
    5648.409477594548,
    5815.47305079118,
    5950.181712605076,
    6045.988665132092,
    6162.648472422746,
    6251.625556327124,
    6321.465481411965,
    6410.870681891666,
    6487.245224257907,
    6527.162479943319,
    6567.7520066426305,
    6592.571044849781,
    6612.236763707388,
    6656.498746095236,
    6689.7704212231765,
    6720.237844603799,
    6743.301030086775,
    6728.621172737253,
    6746.488422045319,
    6734.331026554337,
    6743.963465667802,
    6766.510962434305,
    6779.291845575396,
    6734.351599177379,
    6754.918258640316,
    6752.048601444788,
    6772.432408262807,
    5536.090745723279,
    5642.874323302537,
    5742.333637666127,
    5849.710616095903,
    5941.740537528944,
    6056.815599577919,
    6147.421842068288,
    6225.0986244876385,
    6312.045480598468,
    6399.235803370865,
    6470.156033420689,
    6563.947115324188,
    6628.228213568515,
    6692.107974068155,
    6750.366521429114,
    6808.467029894107,
    6847.074861625135
  ],
  "speed": [
    8.93153559812764,
    8.835015805392795,
    8.79047265212566,
    8.828268294730375,
    8.838050264210285,
    8.856908267216745,
    8.882268585020972,
    8.900911373150265,
    8.914960106909808,
    8.929179740712602,
    8.935677053662866,
    8.93912744661011,
    8.944088050937394,
    8.936458063087388,
    8.936792316509354,
    8.93610922798019,
    8.929188327659517,
    8.92413178910166,
    8.919044434999389,
    8.914121499103754,
    8.90678055543322,
    8.897025265813545,
    8.886385278688605,
    8.873127807288409,
    8.861000046799553,
    8.848396964032549,
    8.838107867462384,
    8.827100098541838,
    8.81950613082695,
    8.810184835755333,
    8.801217354660013,
    8.791920859425062,
    8.786887780786191,
    8.778761248869836,
    8.771166978296947,
    8.76704883769415,
    8.759710830749036,
    8.75219204895592,
    8.744625576853828,
    8.736897860519495,
    8.731106057209066,
    8.723859998371903,
    8.72442466968326,
    8.714157758714116,
    8.706698912899027,
    8.700519788176061,
    8.696779237294214,
    8.69459241652693,
    8.68988349200851,
    8.68644834557054,
    8.686873251142778,
    8.68496425879159,
    8.682608710216465,
    8.680564567878669,
    8.677103607445119,
    8.670756975407148,
    8.666797418690765,
    8.66131320547733,
    8.653725213761597
  ],
  "throuput": [
    25,
    81,
    187,
    291,
    443,
    618,
    815,
    1022,
    1258,
    1527,
    1787,
    2053,
    2342,
    2594,
    2914,
    3192,
    3492,
    3768,
    4032,
    4326,
    4650,
    4928,
    5237,
    5533,
    5825,
    6097,
    6355,
    6621,
    6914,
    7220,
    7491,
    7746,
    8016,
    8281,
    8548,
    8813,
    9070,
    9353,
    9598,
    9866,
    10133,
    10383,
    10627,
    10865,
    11134,
    11391,
    11635,
    11887,
    12127,
    12397,
    12666,
    12933,
    13203,
    13462,
    13764,
    14060,
    14352,
    14671,
    14977
  ],
  "runningtime": [
    22.636378586292267
  ]
}