{
  "distance": [
    1064.7148582899683,
    1567.6784988363345,
    2016.5665831998626,
    2450.8833214666215,
    2847.739099586939,
    3198.08107744595,
    3536.7216499428837,
    3885.6909426277134,
    4228.646784905147,
    4523.517149857393,
    4769.061330773484,
    5002.322349063539,
    5180.308941116511,
    5353.535761124867,
    5533.526397478316,
    5672.484924895211,
    5841.204307048771,
    5975.94651524226,
    6070.9051618807425,
    6185.447377022241,
    6273.027887583927,
    6340.1340350951195,
    6427.090421662864,
    6503.572619504167,
    6541.772022188789,
    6581.7205029237875,
    6605.468172021419,
    6625.00820632848,
    6666.212236036589,
    6700.636431955719,
    6734.471191823532,
    6756.838808142061,
    6738.327515709804,
    6756.281219370779,
    6742.893155677066,
    6750.967883199348,
    6775.013635820706,
    6787.659338678129,
    6743.301280347174,
    6763.911701777271,
    6760.312695432722,
    6781.334984040489,
    5544.158620928288,
    5651.076980983079,
    5750.080727000786,
    5856.978689835432,
    5949.543279427254,
    6064.851208821866,
    6157.148589212428,
    6235.779553179798,
    6321.375325361522,
    6408.728673512181,
    6480.734153980208,
    6574.3210703161785,
    6639.690409884195,
    6705.8727972593315,
    6762.9469242853365,
    6821.271625000269,
    6860.573961899431
  ],
  "speed": [
    8.980520775291712,
    8.869637845310999,
    8.834196620058513,
    8.855122072450543,
    8.878227474275901,
    8.90438752512794,
    8.922565238052075,
    8.934250082073019,
    8.954009677949784,
    8.970496612657822,
    8.98695523148253,
    8.990687037631508,
    8.9989910892618,
    8.997517918191317,
    8.989724232494424,
    8.988862158346153,
    8.984798084757275,
    8.979085819363396,
    8.97346386748514,
    8.96519774497178,
    8.954251271811891,
    8.941155180820244,
    8.926323233127823,
    8.913429412567478,
    8.899289817629182,
    8.886262720965771,
    8.874150433226381,
    8.863545726961119,
    8.853224737683524,
    8.843967111007606,
    8.837035907168287,
    8.826694664761408,
    8.817475048109687,
    8.810198968896062,
    8.801530765272842,
    8.795181564975588,
    8.788835652362211,
    8.780831310763162,
    8.774197045317596,
    8.766741701461994,
    8.760427448709768,
    8.753609376152495,
    8.75539441733808,
    8.74528935295031,
    8.737830298661674,
    8.730521933101898,
    8.72754710307872,
    8.725370684169057,
    8.722998214976343,
    8.72175058613512,
    8.7199091086322,
    8.717309822855723,
    8.71533553429915,
    8.711924916586485,
    8.708892428662256,
    8.705328014083774,
    8.699793351015156,
    8.693963677182264,
    8.687022239365822
  ],
  "throuput": [
    22,
    77,
    188,
    292,
    453,
    623,
    808,
    1026,
    1263,
    1536,
    1801,
    2060,
    2361,
    2644,
    2941,
    3210,
    3500,
    3780,
    4050,
    4335,
    4659,
    4933,
    5250,
    5539,
    5829,
    6110,
    6361,
    6644,
    6926,
    7187,
    7477,
    7757,
    8021,
    8298,
    8564,
    8816,
    9088,
    9346,
    9614,
    9898,
    10138,
    10387,
    10654,
    10896,
    11158,
    11401,
    11660,
    11894,
    12149,
    12416,
    12661,
    12912,
    13176,
    13454,
    13765,
    14063,
    14366,
    14666,
    14985
  ],
  "runningtime": [
    24.357821162541708
  ]
}