{
  "distance": [
    1216.8512030696543,
    1770.2346356282942,
    2296.7396334807217,
    2733.0919736600345,
    3116.933066589899,
    3544.7425461440707,
    3969.460991893862,
    4289.849835847976,
    4601.565335180298,
    4876.892007765897,
    5144.6345301366155,
    5364.770067718901,
    5576.779212090225,
    5755.682576279392,
    5940.172708055367,
    6052.1827279882655,
    6189.270581063446,
    4452.813793924322,
    4750.4142569203,
    5000.225210752936,
    5240.89993962295,
    5486.479553181057,
    5689.816559907486,
    5880.249541620792,
    6063.819737738902,
    6217.554036169005,
    6388.050130897146,
    6508.9878265580755,
    6644.581988953968,
    6746.968301715835,
    6865.001779608854,
    6971.259744923076,
    7037.634844201526,
    7122.803260252335,
    7193.138691980552,
    7253.719263532421,
    6050.866763402582,
    6208.979283517217,
    6350.294380152193,
    6499.55226494577,
    6614.873744024115,
    6720.238542636596,
    6835.358073089819,
    6940.253356491037,
    7063.924431696978,
    7118.482077774354,
    7205.744134656323,
    7290.709381677333,
    7352.715609163071,
    7409.251448433962,
    7466.332315351683,
    7490.16628838996,
    7551.9367378452735,
    7594.871730485709,
    6647.222481681565,
    6747.419161442067,
    6848.779427106442,
    6955.598219959755,
    7046.70691144915
  ],
  "speed": [
    10.281367278239438,
    10.20258711977066,
    10.103795890429103,
    10.094899524992726,
    10.049616136521646,
    10.041068630359382,
    10.007462907065802,
    9.969189179119036,
    9.94801923902029,
    9.947593842387423,
    9.94179779618228,
    9.941282495686846,
    9.929952996717383,
    9.91853445250879,
    9.91356727134778,
    9.90277377586453,
    9.894666746446152,
    9.895380048627002,
    9.902782042408825,
    9.88788070273626,
    9.866840155315167,
    9.845621274989272,
    9.823856572567546,
    9.808936244996305,
    9.788916243022825,
    9.76929819520497,
    9.752937773798338,
    9.737435302884304,
    9.716052240256847,
    9.699614585589716,
    9.682322363549073,
    9.669453404938595,
    9.660407055352321,
    9.647663558302265,
    9.63690107314956,
    9.626120672755023,
    9.62901256012105,
    9.615819252533711,
    9.59913124580873,
    9.579450851923559,
    9.561988645871104,
    9.545475153429527,
    9.530981548185627,
    9.514290077865727,
    9.496542113892058,
    9.482015005686772,
    9.465427889091758,
    9.447079824689986,
    9.429113839944716,
    9.412013615415676,
    9.395409643747385,
    9.380387345261017,
    9.362280731541698,
    9.346734803539592,
    9.33666496972609,
    9.334156026925914,
    9.325902159188525,
    9.309853423027468,
    9.294417427792204
  ],
  "throuput": [
    7,
    52,
    108,
    166,
    250,
    336,
    452,
    582,
    733,
    892,
    1035,
    1224,
    1400,
    1578,
    1746,
    1943,
    2132,
    2332,
    2511,
    2673,
    2863,
    3024,
    3222,
    3407,
    3601,
    3802,
    3991,
    4202,
    4400,
    4619,
    4852,
    5057,
    5278,
    5497,
    5697,
    5882,
    6079,
    6277,
    6477,
    6670,
    6869,
    7053,
    7252,
    7451,
    7645,
    7874,
    8057,
    8252,
    8476,
    8705,
    8914,
    9114,
    9324,
    9544,
    9733,
    9961,
    10151,
    10327,
    10529
  ],
  "runningtime": [
    7.46439817349116
  ]
}