{
  "distance": [
    1228.4120673507034,
    1783.5418726353673,
    2321.4391068660966,
    2757.1823466723367,
    3156.5412740420384,
    3591.203050333428,
    4016.5784495905277,
    4342.041938738957,
    4658.665906910826,
    4930.613801686882,
    5199.362162687324,
    5415.131964522648,
    5631.716580574724,
    5805.376656083582,
    5988.99782318451,
    6097.740677856138,
    6231.679058240002,
    4483.180647868803,
    4778.947775134541,
    5036.797210191161,
    5279.808856593424,
    5528.445170367664,
    5726.52812949581,
    5918.015616064018,
    6105.814096155068,
    6265.843735955437,
    6437.636772429869,
    6555.305778456844,
    6691.213298437322,
    6791.914059977942,
    6911.110150287588,
    7013.525357469315,
    7074.9197642441195,
    7156.592237076377,
    7223.248933220825,
    7280.522617978978,
    6072.0174188682395,
    6233.974977145805,
    6379.001654799973,
    6529.101821573511,
    6647.005804129712,
    6753.440493257723,
    6867.450841547186,
    6975.461910424568,
    7102.2328207020455,
    7155.409681449167,
    7244.198555044252,
    7330.172482230578,
    7391.642951160866,
    7446.461090887974,
    7502.466611831167,
    7522.700680129388,
    7583.160021763283,
    7624.121227630941,
    6669.858593203364,
    6766.915425291961,
    6868.239987745891,
    6976.128121713378,
    7066.623027336418
  ],
  "speed": [
    10.380201313674002,
    10.282366240573717,
    10.21285834635074,
    10.189632962187543,
    10.18093874643476,
    10.177430012715554,
    10.13388632585922,
    10.105968145373037,
    10.090302412485498,
    10.078779708281724,
    10.073089549523267,
    10.069195883679628,
    10.070005986045258,
    10.050997001405701,
    10.044690299111629,
    10.029986134780998,
    10.02035594691897,
    10.024224174061827,
    10.023862171412791,
    10.022157997862337,
    10.00567989432402,
    9.990221544266078,
    9.961062859798126,
    9.9468842250538,
    9.933024016365472,
    9.923574628609858,
    9.908893611275449,
    9.890509681587837,
    9.871067493483604,
    9.853118657431251,
    9.838082432836263,
    9.821445227295523,
    9.807602747443092,
    9.79104121894008,
    9.775495207041217,
    9.761282042602264,
    9.760653838094854,
    9.751423253133773,
    9.739109744763713,
    9.720152313582119,
    9.704841751768056,
    9.68880572534916,
    9.673418246561358,
    9.66073657863653,
    9.647065730605135,
    9.629738669492019,
    9.614434736669924,
    9.598379603486388,
    9.581111356444389,
    9.563291142622264,
    9.546829083667248,
    9.528893059304927,
    9.511124390099452,
    9.494857528607204,
    9.481635896834502,
    9.474373019080748,
    9.464937169891526,
    9.4505830302135,
    9.434640396413199
  ],
  "throuput": [
    9,
    51,
    113,
    171,
    240,
    344,
    461,
    601,
    745,
    897,
    1063,
    1259,
    1435,
    1608,
    1764,
    1966,
    2177,
    2365,
    2534,
    2708,
    2902,
    3082,
    3275,
    3420,
    3645,
    3831,
    4037,
    4245,
    4454,
    4660,
    4906,
    5113,
    5331,
    5532,
    5733,
    5921,
    6106,
    6323,
    6527,
    6700,
    6898,
    7100,
    7309,
    7501,
    7688,
    7891,
    8117,
    8316,
    8542,
    8758,
    8972,
    9183,
    9391,
    9610,
    9799,
    10002,
    10200,
    10401,
    10574
  ],
  "runningtime": [
    8.349991297721862
  ]
}