{
  "distance": [
    1229.8028909868822,
    1793.6205139085025,
    2336.7145150219294,
    2780.3073945050933,
    3177.1773588283913,
    3616.8971412156693,
    4051.433493514531,
    4384.063123334903,
    4703.454190546908,
    4976.765620696134,
    5248.250465733182,
    5466.533514861699,
    5672.962480948173,
    5850.054263557331,
    6032.287898367398,
    6143.687371891501,
    6277.010218970631,
    4511.806860259282,
    4808.783811384051,
    5060.774080335164,
    5301.5459579292055,
    5550.285272459433,
    5754.222346839953,
    5946.618804357111,
    6131.740688854446,
    6286.3454463325725,
    6459.4496462046045,
    6579.5784927254235,
    6716.0235046763955,
    6818.485083996038,
    6939.3489746596,
    7042.955616556652,
    7104.24300259995,
    7185.057505398558,
    7250.852044473498,
    7309.703250132905,
    6095.868049968612,
    6256.88353567119,
    6401.897991926277,
    6556.1849287564255,
    6675.260967434577,
    6785.544208002408,
    6901.108690539028,
    7006.945869371607,
    7130.545611796205,
    7179.833495442073,
    7268.051791118161,
    7353.863477693111,
    7414.383872375278,
    7468.759235083665,
    7523.898793202644,
    7545.808566342631,
    7605.968887453855,
    7647.520972199197,
    6689.160662354643,
    6786.852550148617,
    6887.851830150329,
    6997.0045287127095,
    7089.283046994369
  ],
  "speed": [
    10.392640275277612,
    10.338657599149547,
    10.280503332582528,
    10.27289786532165,
    10.250920754208662,
    10.256411221881292,
    10.234149923712517,
    10.2163917850981,
    10.202189126326699,
    10.18749291093193,
    10.184494633814568,
    10.183284559124052,
    10.165652974089573,
    10.152149469396784,
    10.143140542004797,
    10.137756481878561,
    10.12825484829886,
    10.12264884408917,
    10.122227188660103,
    10.109301933125323,
    10.085425107387158,
    10.070405783876758,
    10.050591745972199,
    10.0373551997484,
    10.019862177849067,
    10.001925367782299,
    9.988263673676125,
    9.971521101946745,
    9.952038615849531,
    9.936904642283368,
    9.925147434712859,
    9.911765388889135,
    9.899160679491343,
    9.88311237545042,
    9.868576049766947,
    9.857783300750196,
    9.859021809895646,
    9.849531531099936,
    9.83932827713421,
    9.827744166183926,
    9.814520147813477,
    9.803895965000516,
    9.790603241058626,
    9.77553074206996,
    9.758478077994713,
    9.738629732775104,
    9.722800036623617,
    9.707179698932718,
    9.689837287233344,
    9.672676601660537,
    9.655011280558677,
    9.639580632576541,
    9.621750555684713,
    9.607257416000051,
    9.593931199122933,
    9.58792937568197,
    9.578580555559215,
    9.565368367246306,
    9.551612535253383
  ],
  "throuput": [
    9,
    53,
    112,
    170,
    254,
    352,
    472,
    602,
    743,
    897,
    1074,
    1270,
    1450,
    1616,
    1790,
    2003,
    2174,
    2383,
    2562,
    2724,
    2915,
    3113,
    3277,
    3462,
    3663,
    3855,
    4046,
    4256,
    4470,
    4690,
    4937,
    5140,
    5353,
    5575,
    5768,
    5952,
    6158,
    6373,
    6581,
    6761,
    6935,
    7140,
    7346,
    7548,
    7756,
    7940,
    8151,
    8365,
    8578,
    8805,
    9002,
    9222,
    9423,
    9658,
    9859,
    10064,
    10257,
    10437,
    10644
  ],
  "runningtime": [
    8.873350962003071
  ]
}