{
  "distance": [
    1236.5913151018947,
    1804.122436536208,
    2346.3406035050116,
    2791.085314277528,
    3190.067969883766,
    3630.255669735142,
    4074.8438659557555,
    4407.46061304131,
    4731.565969790317,
    5008.6833175452775,
    5282.199639263337,
    5500.9786936616865,
    5711.268152152519,
    5888.475218941582,
    6071.919179442244,
    6180.210776061763,
    6308.408944606795,
    4534.156690425954,
    4831.328688440328,
    5091.001727560111,
    5332.804246749201,
    5581.229534953602,
    5791.782604739739,
    5984.331681813989,
    6168.728706760989,
    6322.667871902319,
    6492.434728921833,
    6610.120150197638,
    6747.088091269878,
    6848.194226679087,
    6963.037273012528,
    7064.273804886281,
    7121.485924881108,
    7202.526569611535,
    7268.460450172997,
    7323.355571513725,
    6104.018740787961,
    6265.969350947703,
    6411.156944441381,
    6561.6512864437445,
    6677.5046235697455,
    6784.416525260534,
    6899.418382150167,
    7006.148851398571,
    7130.776418346598,
    7183.735934383196,
    7272.517099738022,
    7359.790835930139,
    7422.885734786967,
    7476.891106381392,
    7532.104538685389,
    7552.590201696734,
    7612.647525102986,
    7651.934402855332,
    6694.249349146858,
    6792.978851099135,
    6895.9131636489665,
    7005.476835666002,
    7098.111702007055
  ],
  "speed": [
    10.44848142243878,
    10.399935954223938,
    10.33116810719948,
    10.3227835131038,
    10.299241250661629,
    10.298900023498044,
    10.294829778466896,
    10.27435064929772,
    10.267890502933385,
    10.257751096544109,
    10.25593679313767,
    10.256420354589409,
    10.248398155467832,
    10.239497387097863,
    10.23315067419228,
    10.223432493868735,
    10.209032698818278,
    10.209000339722452,
    10.2076636532812,
    10.207064703416416,
    10.183168929027158,
    10.165322541233593,
    10.153264736122681,
    10.141534334746813,
    10.122559579144019,
    10.103506993805228,
    10.086166437476503,
    10.068675722247953,
    10.05119456772134,
    10.035992964567184,
    10.015768559718097,
    9.998474945725556,
    9.981533500547288,
    9.965223793147553,
    9.949879495523529,
    9.93411395293473,
    9.930748957040759,
    9.922016938842846,
    9.910562724042112,
    9.892193747276355,
    9.87543215537265,
    9.859961343713346,
    9.844306627630896,
    9.828964955437828,
    9.81229622336787,
    9.795563388067182,
    9.779118954222467,
    9.764021365062888,
    9.749370189330511,
    9.730933196384072,
    9.713730389503475,
    9.69628817937083,
    9.678458012411522,
    9.661403971650588,
    9.648574276265498,
    9.64322598798644,
    9.63487837671014,
    9.621380750087901,
    9.60706968341137
  ],
  "throuput": [
    6,
    57,
    114,
    170,
    253,
    344,
    469,
    607,
    758,
    899,
    1082,
    1291,
    1479,
    1641,
    1809,
    2006,
    2219,
    2405,
    2581,
    2736,
    2946,
    3113,
    3290,
    3497,
    3689,
    3889,
    4102,
    4292,
    4515,
    4719,
    4937,
    5183,
    5389,
    5572,
    5771,
    5980,
    6194,
    6391,
    6595,
    6787,
    6963,
    7156,
    7335,
    7550,
    7759,
    7928,
    8148,
    8374,
    8591,
    8820,
    9032,
    9230,
    9460,
    9662,
    9859,
    10063,
    10254,
    10441,
    10656
  ],
  "runningtime": [
    9.879084507624308
  ]
}