{
  "distance": [
    957.0985689986106,
    1259.9152146033139,
    1589.2957174570772,
    1839.6633202563105,
    2071.377721712071,
    2261.591779581082,
    2464.309593885648,
    2596.026754777159,
    2724.4931280187407,
    2634.5158989533206,
    2792.315323482945,
    2892.5307383728514,
    3015.7042605001593,
    3101.9854529227005,
    3181.1336349748835,
    3258.5899503094915,
    3308.514967840424,
    3356.656282474716,
    3385.701036768101,
    3440.5631313463764,
    3350.5688696720945,
    3411.734992019542,
    3444.5041382385702,
    3488.748277494174,
    3517.036373717232,
    3556.9610893116756,
    3581.4781449444167,
    3599.1343109335685,
    3623.8330018005913,
    3646.833044308467,
    3580.196297879806,
    3606.8225188094393,
    3640.309217560615,
    3664.1664085485636,
    3682.725473760765,
    3696.4668464993974,
    3711.613680057145,
    3733.2445887164454,
    3742.0927447424983,
    3749.8409568647776,
    3773.3767612970773,
    3708.215132098353,
    3740.1220406461193,
    3746.6265676648627,
    3764.7747571530026,
    3778.803777894019,
    3796.417353927451,
    3806.3462105716812,
    3817.9523601415435,
    3835.8237188212875,
    3841.2016215486283,
    3773.4628194461084,
    3796.6819613631587,
    3820.0364585402294,
    3830.8753535263154,
    3838.2189785854243,
    3843.1388408457146,
    3860.994543237582,
    3867.567944921577
  ],
  "speed": [
    10.167538739774574,
    10.118295893601866,
    10.186834525263526,
    10.192959845766074,
    10.167937860465074,
    10.15968521235466,
    10.182147414991283,
    10.20736313060986,
    10.20190204789948,
    10.199263984653877,
    10.198460202518104,
    10.193917230495304,
    10.224667433142585,
    10.238467056097198,
    10.237713303850017,
    10.245691495245262,
    10.248822032783943,
    10.253013565709093,
    10.254652945811111,
    10.254288017342933,
    10.256522621873575,
    10.248123919963964,
    10.236962901685656,
    10.230466290936695,
    10.226767355222869,
    10.230852733854084,
    10.221132523849517,
    10.21322765582199,
    10.211472007844925,
    10.215158821289865,
    10.211318142087837,
    10.209292596809568,
    10.201275761743418,
    10.198832936544479,
    10.192325448601666,
    10.183850803810357,
    10.178264478469046,
    10.17581091240955,
    10.165028516915253,
    10.162825474616628,
    10.15857334056175,
    10.149379897475542,
    10.145080982159229,
    10.143265894869415,
    10.137302388401006,
    10.135167575384928,
    10.13339801647454,
    10.128904255302878,
    10.123084331678324,
    10.120471240700333,
    10.113639029881544,
    10.108360284614534,
    10.1035951390244,
    10.104722959865875,
    10.099584585165202,
    10.095192895111667,
    10.090447601007467,
    10.08395052270378,
    10.080182365656855
  ],
  "throuput": [
    8,
    24,
    56,
    102,
    150,
    221,
    299,
    389,
    494,
    592,
    696,
    798,
    876,
    991,
    1093,
    1194,
    1306,
    1413,
    1517,
    1631,
    1726,
    1839,
    1938,
    2048,
    2158,
    2245,
    2350,
    2456,
    2560,
    2670,
    2775,
    2887,
    2989,
    3093,
    3192,
    3294,
    3405,
    3507,
    3608,
    3724,
    3831,
    3923,
    4041,
    4144,
    4242,
    4341,
    4435,
    4549,
    4657,
    4765,
    4879,
    4982,
    5082,
    5188,
    5286,
    5399,
    5496,
    5601,
    5714
  ],
  "runningtime": [
    1.953881561756134
  ]
}