{
  "distance": [
    894.627951657261,
    1236.5800849887928,
    1404.878160312831,
    1692.101994056911,
    1920.710851760767,
    2087.564904052984,
    2173.9123544792483,
    2335.6623378940594,
    2471.013764953726,
    2574.474621246936,
    2661.8191364594595,
    2690.2928037811976,
    2793.9934960369815,
    2857.2023288011583,
    2901.3957272680423,
    2960.4667205341693,
    3010.9471736132014,
    3042.2246950006684,
    3045.2204304574543,
    3072.2941012611523,
    3101.3252418012075,
    3137.2119668437376,
    3162.566556444189,
    3185.2354533246876,
    3224.7894027430616,
    3282.94249994125,
    3285.3914064316823,
    3313.7783944833363,
    3334.077939523569,
    3355.8815217499073,
    3371.879006351468,
    3388.8797375370355,
    3418.724161765387,
    3461.08637730882,
    3470.851890201505,
    3441.799914142877,
    3497.759754382373,
    3521.243221428696,
    3500.040563023433,
    3507.2277947768484,
    3527.896212106011,
    3540.730603598874,
    3524.242738667455,
    3530.2807259111405,
    3530.6498504350907,
    3571.533888197502,
    3562.8298218433797,
    3588.121110931657,
    3573.357097179683,
    3585.4279306051462,
    3595.662319395185,
    3597.8572748441725,
    3623.236939306696,
    3621.5755912272452,
    3607.9954630810926,
    3628.8428423274922,
    3638.891809122656,
    3626.9056437239506,
    3629.1694332041716
  ],
  "speed": [
    10.256312914989644,
    10.185674706069575,
    10.161440015719382,
    10.142394441052703,
    10.002807967372792,
    9.977651535998188,
    9.905986639954579,
    9.864599786736262,
    9.710106187048527,
    9.671007818291596,
    9.645576843834057,
    9.579958401811696,
    9.488483659477732,
    9.426753082785362,
    9.351300384693307,
    9.293959635282375,
    9.216973629397094,
    9.158675495329945,
    9.085325555143,
    9.016651688747066,
    8.940399479888171,
    8.88585856556542,
    8.840931261158778,
    8.806533926480604,
    8.796619402182092,
    8.77777343548079,
    8.749096627256389,
    8.72652923834874,
    8.695092132304937,
    8.674897499463338,
    8.671130107594088,
    8.658948444822549,
    8.638723028285998,
    8.636921001921989,
    8.639948496490428,
    8.629495053626322,
    8.63832464894404,
    8.639489989577703,
    8.620126304686185,
    8.604114140367868,
    8.599803120576066,
    8.578122140628981,
    8.571882009886043,
    8.549125963899575,
    8.527910505849599,
    8.517591501826344,
    8.50579903829781,
    8.491334172945368,
    8.482189730735477,
    8.476768271669304,
    8.466912880072474,
    8.451281289555771,
    8.446650107881386,
    8.430736715913605,
    8.41768351376834,
    8.41081474149309,
    8.399530142926862,
    8.375600318264294,
    8.364037457081341
  ],
  "throuput": [
    2,
    13,
    35,
    63,
    90,
    141,
    195,
    251,
    297,
    356,
    412,
    477,
    534,
    601,
    670,
    732,
    793,
    863,
    915,
    974,
    1026,
    1086,
    1161,
    1218,
    1279,
    1341,
    1430,
    1498,
    1560,
    1622,
    1702,
    1769,
    1850,
    1916,
    1991,
    2060,
    2129,
    2201,
    2276,
    2342,
    2412,
    2474,
    2542,
    2597,
    2669,
    2731,
    2798,
    2868,
    2930,
    2994,
    3067,
    3127,
    3203,
    3267,
    3334,
    3399,
    3473,
    3528,
    3596
  ],
  "runningtime": [
    1.6043416579564413
  ]
}