{
  "distance": [
    908.6204863913453,
    1260.0733406669137,
    1437.1643067300238,
    1757.5299281462537,
    1999.8280826052355,
    2167.7729823710956,
    2272.5965017685985,
    2443.4958066204804,
    2610.4933154065097,
    2713.885823750133,
    2792.195715504438,
    2815.260664074703,
    2923.2365302499315,
    2988.7428767068754,
    3026.563911052476,
    3083.795585263313,
    3136.8275179137595,
    3166.727837521578,
    3172.5615660312037,
    3197.2484188691706,
    3228.3302891058647,
    3257.0121593780327,
    3277.5406098489,
    3293.464169563074,
    3320.7436722441967,
    3365.7906688843773,
    3359.5002214688984,
    3380.7209585472197,
    3398.090979714122,
    3411.1852797336296,
    3419.7700218125206,
    3431.5545135211146,
    3459.461019549968,
    3495.0650234909413,
    3492.8918611761574,
    3459.217728598553,
    3508.2581121077387,
    3522.1983283537725,
    3501.2942674599713,
    3511.592222572375,
    3530.1240916694383,
    3549.5703643296197,
    3531.3949137800328,
    3540.566203679277,
    3541.311870300859,
    3578.2452434429347,
    3570.2195289711462,
    3595.494974804257,
    3580.9066569686265,
    3590.522372805409,
    3599.142918478039,
    3601.4204975943926,
    3622.071273844377,
    3620.9351010843266,
    3604.9095066666496,
    3623.8994742518153,
    3636.8656277831956,
    3629.870216399585,
    3633.2456862185036
  ],
  "speed": [
    10.418459019720183,
    10.40589088341372,
    10.448569649064337,
    10.587372207749889,
    10.493529782950374,
    10.487626530729116,
    10.48175998350939,
    10.449613692014369,
    10.433637540481097,
    10.442863919826857,
    10.431409642830857,
    10.389125665279435,
    10.347115809566526,
    10.326450602331166,
    10.26648105326198,
    10.233042156543288,
    10.181376237216748,
    10.126728213993085,
    10.077163489108901,
    10.021431567993009,
    9.972757149327425,
    9.921099152262775,
    9.880115719143989,
    9.837557225880568,
    9.805069458190912,
    9.766320871987674,
    9.724198418895693,
    9.684420760215763,
    9.641425165173306,
    9.60123820410779,
    9.573717750699705,
    9.539556799401954,
    9.499733080478793,
    9.464823647253969,
    9.423108191704353,
    9.382872009391638,
    9.356984099062274,
    9.31485837337341,
    9.273142274236445,
    9.236701539295908,
    9.201566827221502,
    9.16882910123894,
    9.136684326012507,
    9.10186060142689,
    9.06664717163359,
    9.030508722391186,
    9.003470695596398,
    8.968364368467295,
    8.942146955096774,
    8.913668833105612,
    8.881396015115348,
    8.849879929830204,
    8.817159527172338,
    8.785215523071084,
    8.750089569433836,
    8.720431638438654,
    8.695951671871871,
    8.667784662910408,
    8.645183447761179
  ],
  "throuput": [
    3,
    14,
    37,
    65,
    102,
    149,
    203,
    261,
    329,
    389,
    454,
    513,
    582,
    642,
    720,
    780,
    837,
    904,
    969,
    1038,
    1093,
    1160,
    1221,
    1282,
    1345,
    1426,
    1485,
    1546,
    1611,
    1674,
    1738,
    1805,
    1870,
    1935,
    2007,
    2068,
    2140,
    2201,
    2265,
    2328,
    2390,
    2461,
    2529,
    2597,
    2661,
    2728,
    2783,
    2845,
    2912,
    2977,
    3051,
    3116,
    3177,
    3243,
    3303,
    3358,
    3431,
    3509,
    3570
  ],
  "runningtime": [
    1.248365088303884
  ]
}