{
  "distance": [
    999.3654668934278,
    1353.192520774879,
    1629.3829301281758,
    1849.3490014736165,
    2061.3504251337713,
    2224.2095294198302,
    2193.562396787458,
    2389.9561301334197,
    2549.746679849154,
    2686.4657127677588,
    2799.0395313800345,
    2892.625509396447,
    2945.5400847029696,
    3017.6042724819,
    2948.2124218942467,
    3040.9242914305487,
    3120.244429661885,
    3182.594647541403,
    3216.637201681366,
    3271.307974225812,
    3291.572059515932,
    3320.836260619111,
    3257.276993091414,
    3296.712429607922,
    3344.0747457016682,
    3372.1262087781693,
    3401.587092990439,
    3415.7678425623817,
    3454.675915073015,
    3467.4550866032027,
    3413.3105857119403,
    3445.9262747652524,
    3473.7266624027034,
    3501.357026112096,
    3513.214436573349,
    3521.655050643776,
    3539.512440203913,
    3560.590109158147,
    3497.435845815073,
    3524.2544670475118,
    3551.416882149972,
    3555.094019499767,
    3573.715621383441,
    3586.3363024114465,
    3594.689792956145,
    3604.482782743072,
    3570.1039524569683,
    3594.1854341311396,
    3605.459927321463,
    3615.592971626876,
    3622.5569182924887,
    3633.61219263049,
    3644.667096738254,
    3652.3091336342713,
    3622.3967745864484,
    3634.2563272035013,
    3639.064921154078,
    3646.405381282733,
    3660.574803714789
  ],
  "speed": [
    11.26915297674767,
    11.058135094354164,
    10.794252948422745,
    10.538466959899376,
    10.434560804875803,
    10.319906593241736,
    10.276553209457383,
    10.230411493252694,
    10.202072561994138,
    10.127940202896811,
    10.048532501418375,
    9.964089703124994,
    9.855420277322459,
    9.783832313185053,
    9.729284249317354,
    9.71302387221411,
    9.689486860677327,
    9.634932386900653,
    9.56018949723041,
    9.49984770914171,
    9.438808152879481,
    9.37612430315818,
    9.312158016572116,
    9.2592415677483,
    9.209181165961942,
    9.149460666545782,
    9.094273700232776,
    9.031248374886603,
    8.984194784583696,
    8.930234351871635,
    8.87339331434157,
    8.829153074432146,
    8.774037044017504,
    8.724688288520397,
    8.66898530684316,
    8.611035013429811,
    8.554117154553655,
    8.490828559591257,
    8.445861715453846,
    8.401263511425785,
    8.35345166154532,
    8.300306674482263,
    8.25499371530917,
    8.21067161197094,
    8.164071434376782,
    8.116994507400793,
    8.079441176013342,
    8.042009525633548,
    7.999000666015989,
    7.949897171254698,
    7.904391034561982,
    7.863536258158306,
    7.824277282256417,
    7.784406238907224,
    7.748927328820458,
    7.708657277766579,
    7.668003448971314,
    7.628829245850062,
    7.5909190903430765
  ],
  "throuput": [
    8,
    29,
    85,
    164,
    276,
    394,
    530,
    669,
    836,
    979,
    1127,
    1303,
    1467,
    1643,
    1821,
    1987,
    2159,
    2331,
    2493,
    2672,
    2836,
    3003,
    3186,
    3329,
    3487,
    3674,
    3852,
    4005,
    4171,
    4353,
    4518,
    4691,
    4861,
    5038,
    5207,
    5380,
    5544,
    5719,
    5877,
    6051,
    6213,
    6362,
    6545,
    6724,
    6908,
    7085,
    7250,
    7417,
    7583,
    7748,
    7927,
    8102,
    8271,
    8431,
    8619,
    8778,
    8944,
    9126,
    9292
  ],
  "runningtime": [
    2.8888842423756915
  ]
}