{
  "distance": [
    1012.155187414131,
    1391.1714283881718,
    1682.669638340461,
    1919.26660724295,
    2138.825928460751,
    2305.6645748217647,
    2267.220436422282,
    2467.2845197664324,
    2619.7495972114093,
    2759.3347451386703,
    2871.065445001239,
    2959.1512588529245,
    3022.3199223958377,
    3097.6004121009346,
    3018.134119758666,
    3103.7194359769637,
    3172.855019325709,
    3231.069469897552,
    3268.5625560262447,
    3325.031303262064,
    3345.4984333218813,
    3373.5973220985516,
    3310.4403773757867,
    3350.454177953252,
    3395.2850019912935,
    3425.20472885035,
    3455.614255244402,
    3470.588064044762,
    3504.478778917003,
    3513.2679952773005,
    3460.773220018679,
    3493.621084812502,
    3524.5880564243744,
    3549.916261073932,
    3562.607145879323,
    3571.680755862912,
    3591.553537768335,
    3617.4096961222285,
    3552.2592895136813,
    3579.893552825937,
    3608.2081468929578,
    3612.0020042600177,
    3627.600589247858,
    3638.164574289,
    3646.326303694327,
    3656.096075655189,
    3619.520592814798,
    3644.029452470362,
    3656.4726084695994,
    3669.1525629278917,
    3676.867520298393,
    3687.093529287607,
    3696.480993844208,
    3702.0688900379937,
    3669.764376096126,
    3683.102519134821,
    3689.371471811389,
    3697.345349645587,
    3711.1680316221314
  ],
  "speed": [
    11.413373806716596,
    11.39571346079253,
    11.174779631946173,
    11.000451077731949,
    10.947606813743446,
    10.838515649309546,
    10.775590629048878,
    10.72473485323784,
    10.657704799127469,
    10.60604552117604,
    10.541642320328567,
    10.453100224059348,
    10.38669584393634,
    10.336102964973747,
    10.26899200626339,
    10.233237556634068,
    10.180612224314935,
    10.115263480735495,
    10.051894413858424,
    10.002370624724907,
    9.948387070724214,
    9.8887782236346,
    9.834750711862277,
    9.784784466309679,
    9.733562103850455,
    9.682643089554828,
    9.631680147436683,
    9.575106880147358,
    9.523707699520049,
    9.467398869774799,
    9.421165748939753,
    9.381804966610684,
    9.336687478237682,
    9.284372832989432,
    9.234812484321683,
    9.185142255468781,
    9.137704336022326,
    9.090367587532338,
    9.047789011680006,
    9.009137631857651,
    8.966502383866596,
    8.91806303634841,
    8.870908097704794,
    8.824969247698068,
    8.781173124112405,
    8.735406298634398,
    8.695597467445447,
    8.66122956120872,
    8.62479221027966,
    8.585209912971346,
    8.544359200680738,
    8.50361831525545,
    8.462683111345509,
    8.421357191593657,
    8.384347154914776,
    8.348658743114733,
    8.313580594100587,
    8.277946060436914,
    8.24062891180114
  ],
  "throuput": [
    9,
    33,
    87,
    188,
    299,
    414,
    554,
    702,
    863,
    1041,
    1194,
    1352,
    1528,
    1702,
    1875,
    2047,
    2212,
    2387,
    2555,
    2735,
    2909,
    3088,
    3248,
    3420,
    3589,
    3753,
    3920,
    4108,
    4288,
    4448,
    4625,
    4796,
    4968,
    5153,
    5342,
    5508,
    5679,
    5850,
    6017,
    6191,
    6352,
    6528,
    6690,
    6867,
    7055,
    7219,
    7401,
    7569,
    7745,
    7927,
    8102,
    8267,
    8444,
    8626,
    8791,
    8960,
    9139,
    9308,
    9480
  ],
  "runningtime": [
    2.854617230097453
  ]
}