{
  "distance": [
    1024.8683114133091,
    1404.3325289489908,
    1698.29550215437,
    1934.2255860119515,
    2149.954484065007,
    2324.944554641293,
    2291.543681344738,
    2492.2472027536137,
    2642.629470573226,
    2784.8591123670717,
    2894.2657751759907,
    2984.3701444670937,
    3046.4793906542513,
    3115.518745812982,
    3034.6840657103194,
    3116.2123197028477,
    3184.490717776146,
    3245.2107985881375,
    3283.018611953707,
    3337.135791017521,
    3355.2156274888894,
    3387.4511126093203,
    3324.4362870085833,
    3366.010157230229,
    3410.8207501065026,
    3438.0986283608318,
    3465.466418413335,
    3480.309699285317,
    3513.2612554657767,
    3522.633830170843,
    3468.579049008715,
    3500.376759486855,
    3530.12222699242,
    3556.999626800282,
    3571.2567262041807,
    3580.0873075788236,
    3600.2997783429205,
    3625.3939621656164,
    3558.448488455388,
    3585.494168365748,
    3615.4179501261256,
    3619.8146210283644,
    3637.5797426186555,
    3648.3610502124066,
    3656.4923273008817,
    3664.327098432664,
    3627.9148577395663,
    3650.9523913782323,
    3662.5148191377966,
    3674.023797603101,
    3682.438630517652,
    3691.654652302932,
    3701.1893069164607,
    3707.5844572929595,
    3675.4815727285663,
    3689.3456752811794,
    3694.3265894121882,
    3701.699708085372,
    3715.1140814541673
  ],
  "speed": [
    11.553607711091276,
    11.501992052282043,
    11.302049734962349,
    11.116239000068687,
    11.055145237484348,
    10.993673492506648,
    10.963322068645452,
    10.930198945226739,
    10.86907769560086,
    10.828078127463487,
    10.750042670358336,
    10.66703168140562,
    10.601182109006219,
    10.533838127690508,
    10.465843512844252,
    10.417008015731769,
    10.362942530830491,
    10.306219398629114,
    10.244801497838349,
    10.186017975469309,
    10.123490262553489,
    10.071451211595374,
    10.015959389994352,
    9.964517001898907,
    9.909500122327922,
    9.851573231919328,
    9.793484125215027,
    9.737875538819232,
    9.682379265656294,
    9.625760533852466,
    9.573870875898939,
    9.5297649802708,
    9.483146051707353,
    9.43325766511392,
    9.388124292902104,
    9.336841132961291,
    9.289198228467466,
    9.237935500431218,
    9.189218272638895,
    9.14814876951458,
    9.109926885384354,
    9.063725638837873,
    9.022868041452636,
    8.98004491490461,
    8.937654621871589,
    8.888693126628668,
    8.848973729203927,
    8.809590571101674,
    8.769003273864552,
    8.725570344913187,
    8.68506554211951,
    8.640328416018562,
    8.59813841911093,
    8.556787298427457,
    8.517299434286393,
    8.480895055260914,
    8.440889218034464,
    8.40211928212332,
    8.362822581413697
  ],
  "throuput": [
    8,
    37,
    96,
    191,
    312,
    427,
    568,
    723,
    884,
    1051,
    1207,
    1370,
    1549,
    1730,
    1891,
    2071,
    2244,
    2409,
    2583,
    2760,
    2926,
    3099,
    3269,
    3429,
    3609,
    3782,
    3957,
    4124,
    4298,
    4472,
    4638,
    4817,
    4983,
    5159,
    5353,
    5529,
    5686,
    5866,
    6040,
    6222,
    6393,
    6569,
    6746,
    6927,
    7096,
    7261,
    7422,
    7582,
    7766,
    7940,
    8108,
    8285,
    8454,
    8629,
    8804,
    8981,
    9146,
    9335,
    9497
  ],
  "runningtime": [
    3.390196673075358
  ]
}