{
  "distance": [
    967.1395970932498,
    1211.450297801937,
    1488.5933790257986,
    1759.24968420086,
    1809.0904283548805,
    2038.1148808287303,
    2286.750354091672,
    2452.7729760545276,
    2587.5925765677653,
    2749.1133438310403,
    2754.8256749981547,
    2867.5587823033975,
    2994.7870814300395,
    3106.733148206739,
    3189.7661353299227,
    3273.14516620375,
    3239.806125449874,
    3348.4421110966805,
    3397.6202711265128,
    3460.1656811590196,
    3531.5118269957497,
    3560.4884198740206,
    3560.2891080938425,
    3609.086298053197,
    3633.433931525673,
    3706.5253517919964,
    3711.7878172507017,
    3734.710088724482,
    3718.4688223598077,
    3773.7101167110904,
    3790.0884971651662,
    3815.388516163492,
    3848.139398627382,
    3854.557446956283,
    3831.9223606003993,
    3855.7334584284454,
    3867.7308546930362,
    3909.478145375484,
    3919.9312693378643,
    3930.9707622116957,
    3900.5700677718887,
    3940.0906709947844,
    3948.272897281668,
    3953.0381718098274,
    3984.424459241548,
    3987.041172917755,
    3965.9472557192084,
    3992.105689142166,
    3996.7737553036236,
    4012.392100591415,
    4019.1673074520795,
    4033.408734771399,
    4015.138491833981,
    4026.0560850276474,
    4033.8186591545164,
    4051.933534606306,
    4057.093366220677,
    4071.6929004703493,
    4040.1771524931874
  ],
  "speed": [
    9.856864702404534,
    9.804306087912055,
    9.75342660070375,
    9.718542985416322,
    9.73343481801917,
    9.73132797488792,
    9.690278869114247,
    9.650837454918207,
    9.59902962300098,
    9.568924462874262,
    9.547768632286934,
    9.535076673924834,
    9.503452939389673,
    9.483280684999219,
    9.422764361249053,
    9.387123202616268,
    9.361417371753541,
    9.312002720508833,
    9.28164995516025,
    9.232504350762149,
    9.198357851766861,
    9.157407296799148,
    9.119169623277628,
    9.084777451560806,
    9.050034475780096,
    9.006112158736208,
    8.969106030445444,
    8.924160515353453,
    8.884957292673706,
    8.850033527026252,
    8.807311669087714,
    8.762604129077884,
    8.712707306941548,
    8.662150527335104,
    8.611888691496567,
    8.571458931505981,
    8.534696611779308,
    8.492419355390206,
    8.448000995348572,
    8.402915133944434,
    8.358528169754122,
    8.316259029968798,
    8.279078922649504,
    8.229346543717424,
    8.186159234083881,
    8.14511982715044,
    8.105381058461735,
    8.067331354491063,
    8.029481642614932,
    7.986091324276599,
    7.944747729594658,
    7.909587520356868,
    7.873840848896983,
    7.835937957290955,
    7.795118059280456,
    7.757248573424642,
    7.720267671180361,
    7.68044621059147,
    7.6421109899038155
  ],
  "throuput": [
    3,
    20,
    51,
    85,
    136,
    195,
    259,
    336,
    409,
    484,
    570,
    657,
    742,
    832,
    919,
    1006,
    1093,
    1186,
    1280,
    1371,
    1462,
    1553,
    1645,
    1745,
    1851,
    1935,
    2039,
    2126,
    2219,
    2317,
    2404,
    2495,
    2580,
    2674,
    2755,
    2866,
    2954,
    3050,
    3124,
    3220,
    3314,
    3416,
    3508,
    3599,
    3690,
    3776,
    3863,
    3968,
    4066,
    4153,
    4229,
    4321,
    4425,
    4506,
    4602,
    4698,
    4796,
    4889,
    4972
  ],
  "runningtime": [
    2.2210784951845803
  ]
}