{
  "distance": [
    996.9341611925337,
    1250.3674122012617,
    1530.0544716312575,
    1812.1399446551218,
    1855.3458579628925,
    2083.487414706425,
    2341.4284272818973,
    2509.3954094892283,
    2652.0905623098965,
    2811.975007245345,
    2802.697589140451,
    2922.0829129716885,
    3050.760307636658,
    3156.7684514934103,
    3241.0991464643303,
    3316.6214163277587,
    3272.008504883594,
    3381.5705844319086,
    3426.2328433114976,
    3490.100941096273,
    3560.037362788259,
    3584.9955086512837,
    3581.518338267018,
    3630.8024125853526,
    3656.619115636334,
    3731.4982097275806,
    3736.9990336456267,
    3764.7143576107655,
    3743.880406020432,
    3801.6009286727462,
    3824.6533710220447,
    3849.5932055283097,
    3885.1835811242718,
    3893.2262302889662,
    3870.113801113618,
    3895.8548761043653,
    3905.214039434547,
    3947.6653688635356,
    3954.6644477499513,
    3963.0378786387228,
    3931.995375457614,
    3972.0716692657656,
    3980.682700954455,
    3991.4847017322872,
    4023.1279553430177,
    4024.241554488802,
    4000.845221477633,
    4027.485402690329,
    4032.961514909849,
    4048.8293158742013,
    4054.186330857922,
    4062.9407489267433,
    4041.3176967121094,
    4050.432104036415,
    4059.567411089531,
    4075.238451575272,
    4078.8752291163505,
    4093.58323822511,
    4062.306202422846
  ],
  "speed": [
    10.189965475013638,
    10.15632833109656,
    10.042479463247242,
    10.026521444877076,
    9.992886129064054,
    9.974874347966045,
    9.983517247000815,
    9.95818659064835,
    9.932594244366244,
    9.891930792063672,
    9.832481477288765,
    9.845768351928912,
    9.820396722050315,
    9.787320356401809,
    9.728579951646019,
    9.67559328966526,
    9.630886064626397,
    9.592399589487028,
    9.555884039166113,
    9.510145228274311,
    9.4666001271207,
    9.419536804352711,
    9.3790448777155,
    9.343854386046122,
    9.30576520241049,
    9.256674076176589,
    9.213146010811498,
    9.178722311232143,
    9.127109923069535,
    9.093380240286445,
    9.065052232681893,
    9.017110166574163,
    8.9766650148499,
    8.934390916332383,
    8.885683662061963,
    8.849251059961949,
    8.807101733496001,
    8.765088962617515,
    8.714847754193167,
    8.668191624772117,
    8.627024901719437,
    8.585246578936967,
    8.5479123457937,
    8.509158964095096,
    8.465524093900285,
    8.421646797355713,
    8.377877024893987,
    8.340504054374739,
    8.300095277257173,
    8.255747208666369,
    8.212545692082688,
    8.166785507354628,
    8.12427265255484,
    8.08214453506881,
    8.042852977572977,
    7.99866239934107,
    7.95560433695966,
    7.912730889581901,
    7.87334729455423
  ],
  "throuput": [
    6,
    21,
    47,
    83,
    141,
    204,
    276,
    347,
    416,
    500,
    587,
    670,
    757,
    853,
    940,
    1032,
    1124,
    1219,
    1294,
    1390,
    1480,
    1581,
    1678,
    1759,
    1848,
    1945,
    2044,
    2149,
    2237,
    2328,
    2425,
    2517,
    2618,
    2703,
    2795,
    2885,
    2979,
    3075,
    3164,
    3264,
    3349,
    3445,
    3532,
    3625,
    3719,
    3811,
    3908,
    3991,
    4091,
    4186,
    4274,
    4358,
    4459,
    4542,
    4633,
    4725,
    4812,
    4907,
    4998
  ],
  "runningtime": [
    2.342184364795685
  ]
}