{
  "distance": [
    1068.0792047765694,
    1479.509130584617,
    1850.2410442445703,
    2165.2041585411125,
    2434.491558485051,
    2680.6259518803245,
    2900.083584853114,
    3091.228629497159,
    3268.298405705157,
    3391.879632128087,
    3539.3055927935948,
    3229.37126415034,
    3417.4140104242433,
    3593.597995192954,
    3737.003599861395,
    3854.584826986573,
    3975.5961044948426,
    4052.2844254927077,
    4154.502685345194,
    4217.379093482099,
    4284.3025324999335,
    4355.182699813885,
    4421.632458262371,
    4165.8320777877025,
    4253.004558767857,
    4341.8346050906375,
    4418.46757296029,
    4473.883245889493,
    4554.789699540171,
    4585.098279148888,
    4655.559643188265,
    4690.574798660946,
    4735.921226617165,
    4781.74402710571,
    4808.823444853163,
    4593.149381472102,
    4653.263333220999,
    4712.856183685755,
    4760.18162332373,
    4795.039019840145,
    4845.618508233455,
    4874.1743746352795,
    4911.245955269706,
    4938.953895888744,
    4968.880360658871,
    4986.302313735149,
    5023.867967078335,
    4845.842731923016,
    4892.708261402709,
    4924.285785728277,
    4959.96306938401,
    4990.734102116748,
    5030.988094786091,
    5054.097408748764,
    5080.782958579528,
    5095.733447147717,
    5113.12911484375,
    5130.418844534464,
    5158.980469065039
  ],
  "speed": [
    10.336667169901071,
    10.301230539737904,
    10.182911099025944,
    10.143458480473921,
    10.110159878890855,
    10.067801776634479,
    10.040707153224245,
    10.012545551547401,
    10.001684696812744,
    9.971427106231515,
    9.93825630949592,
    9.932587309344578,
    9.894551024411891,
    9.867801229074711,
    9.836439987448305,
    9.80399376430153,
    9.776153082050728,
    9.743494086854136,
    9.705116490344555,
    9.673648423942996,
    9.652874397592509,
    9.639262577136064,
    9.616577012713924,
    9.603890531615903,
    9.582197244753234,
    9.556769121992284,
    9.52755723020395,
    9.502147438247672,
    9.476443093836263,
    9.449108745685564,
    9.43088289204154,
    9.413716970836205,
    9.395066145231766,
    9.380128469466744,
    9.358129494121973,
    9.34701986477076,
    9.322579525312436,
    9.305536305526331,
    9.280362884064859,
    9.261324196871929,
    9.237864682533653,
    9.218342560195937,
    9.196212896473545,
    9.177005573788312,
    9.159206953861638,
    9.137826983051733,
    9.118316190683926,
    9.106498986935438,
    9.092589414053071,
    9.075938632574912,
    9.056815977724536,
    9.040569600125167,
    9.023770369749027,
    9.00661141703746,
    8.990963297922452,
    8.975254399366525,
    8.957886992365708,
    8.942433050168823,
    8.928163938467648
  ],
  "throuput": [
    14,
    70,
    163,
    324,
    507,
    724,
    997,
    1313,
    1627,
    1968,
    2347,
    2743,
    3145,
    3547,
    3944,
    4372,
    4783,
    5192,
    5606,
    5990,
    6420,
    6844,
    7249,
    7662,
    8095,
    8525,
    8990,
    9433,
    9847,
    10301,
    10749,
    11162,
    11587,
    12021,
    12474,
    12925,
    13346,
    13771,
    14215,
    14636,
    15101,
    15532,
    15989,
    16416,
    16843,
    17260,
    17692,
    18160,
    18602,
    19042,
    19511,
    19928,
    20385,
    20831,
    21297,
    21748,
    22182,
    22621,
    23095
  ],
  "runningtime": [
    8.888891327381135
  ]
}