{
  "distance": [
    1089.4300680878548,
    1516.616159769099,
    1904.376816534426,
    2229.9221887550916,
    2511.255441163953,
    2761.397347152797,
    2988.509386086474,
    3188.9370267432964,
    3367.4378620638445,
    3490.8613448090773,
    3643.6685034513757,
    3320.354145569664,
    3517.9138720979827,
    3697.0153274978384,
    3841.289295634641,
    3961.777320237188,
    4088.653410014331,
    4165.895179342,
    4272.480691947871,
    4336.594065453755,
    4399.281412230977,
    4467.314826703789,
    4531.208478444784,
    4265.569415219248,
    4349.598771104481,
    4438.837377455307,
    4516.047307348189,
    4569.135458643533,
    4650.03889322733,
    4680.557462467953,
    4748.829278203039,
    4780.812159335748,
    4825.092871096796,
    4866.494862614903,
    4892.009370924414,
    4670.171590372965,
    4732.288534075629,
    4790.25029485919,
    4838.575196839991,
    4871.577983658582,
    4921.809451986868,
    4949.24226095384,
    4986.158359564192,
    5014.04637124488,
    5042.40353503108,
    5060.719828049549,
    5097.801936929482,
    4915.912519005391,
    4962.019381764382,
    4993.276757623103,
    5028.234893431213,
    5057.411183009239,
    5095.547216333125,
    5115.792317254981,
    5141.084435727342,
    5155.50023011533,
    5173.292508649432,
    5189.794401300544,
    5217.718535552491
  ],
  "speed": [
    10.543296759590515,
    10.566593149744511,
    10.490225368783527,
    10.460948180079084,
    10.457504445580081,
    10.421509403760728,
    10.41705897844605,
    10.417149843210094,
    10.419221163812322,
    10.405694059812866,
    10.39786154313726,
    10.40116598012415,
    10.392228272789943,
    10.379936290605759,
    10.357938252355332,
    10.340620086565654,
    10.333737906660652,
    10.310517724591664,
    10.29244215913022,
    10.274303759239954,
    10.25648052437733,
    10.24857312670543,
    10.23294545510567,
    10.228185878368755,
    10.207622417555463,
    10.190471820724676,
    10.169795129069822,
    10.145070911306606,
    10.125674549716813,
    10.109224441295934,
    10.094269357588272,
    10.07696574549928,
    10.062559650304715,
    10.04601677644855,
    10.027610322634448,
    10.015421827974775,
    9.996389493279539,
    9.978588442225613,
    9.958155916852203,
    9.940863050586625,
    9.921331147379517,
    9.904940782762862,
    9.886936515015815,
    9.871664471381402,
    9.855134050530351,
    9.83978773757236,
    9.823612427556158,
    9.811720840182161,
    9.797608415766023,
    9.783108102562478,
    9.764070828278479,
    9.747413053322392,
    9.730145599650546,
    9.711052074223431,
    9.694742143228554,
    9.678886985725018,
    9.662637608997457,
    9.647112959231483,
    9.633233575393852
  ],
  "throuput": [
    14,
    72,
    169,
    335,
    541,
    783,
    1060,
    1391,
    1746,
    2093,
    2492,
    2885,
    3296,
    3742,
    4149,
    4595,
    4981,
    5416,
    5844,
    6262,
    6694,
    7127,
    7563,
    7997,
    8433,
    8866,
    9321,
    9754,
    10211,
    10662,
    11088,
    11480,
    11955,
    12382,
    12825,
    13269,
    13697,
    14140,
    14591,
    15045,
    15503,
    15930,
    16384,
    16809,
    17226,
    17679,
    18118,
    18559,
    19026,
    19464,
    19904,
    20387,
    20847,
    21271,
    21681,
    22103,
    22542,
    23009,
    23476
  ],
  "runningtime": [
    11.525511181354522
  ]
}