{
  "distance": [
    1095.053675634666,
    1528.632871332328,
    1916.4668851347158,
    2243.607732596714,
    2524.7746770172944,
    2777.082122662082,
    3006.393161580067,
    3204.7690842501315,
    3382.211296152214,
    3505.8297307056882,
    3657.3225976001117,
    3330.2520452478975,
    3525.667396276516,
    3703.8851889051025,
    3847.329379074162,
    3967.393402991913,
    4092.9149228226293,
    4171.335350980714,
    4278.29434254499,
    4344.062277062672,
    4408.495438830644,
    4477.734262914642,
    4543.100685299687,
    4274.1262169596885,
    4357.506264771829,
    4447.521686245887,
    4523.3326103111895,
    4576.706256308741,
    4658.164693565633,
    4688.807092383117,
    4757.737315791148,
    4790.330381625988,
    4833.890191628135,
    4876.3387588012765,
    4901.906320753629,
    4679.5979203136085,
    4740.74297876788,
    4798.9646010562665,
    4847.5543589924555,
    4880.586355427789,
    4932.881838675848,
    4960.519621848637,
    4998.951655205537,
    5026.329473697054,
    5053.797806111088,
    5070.124467653491,
    5106.966810216009,
    4924.511196741051,
    4971.185531353702,
    5001.72151669376,
    5037.203308685699,
    5066.380166194328,
    5105.525171500927,
    5127.15967656083,
    5152.238436310753,
    5166.481710135933,
    5183.263688274354,
    5199.506729890717,
    5227.186281208334
  ],
  "speed": [
    10.598338274251399,
    10.65172863900261,
    10.556311236248785,
    10.525950825688422,
    10.51908825867821,
    10.485070482798122,
    10.486493012830922,
    10.48357779865003,
    10.486477714535013,
    10.474964558079886,
    10.471089375195994,
    10.47057707153527,
    10.454733409147067,
    10.436908452501354,
    10.4121786999837,
    10.394738308365708,
    10.383081581975773,
    10.364030880296676,
    10.345061426727973,
    10.328932893609645,
    10.31445352589475,
    10.306578516746635,
    10.292236769658166,
    10.281271810059925,
    10.259376756543329,
    10.245127176391529,
    10.222082230479339,
    10.199772337856304,
    10.182444970844351,
    10.16551169032857,
    10.151632576807824,
    10.13632354524361,
    10.120526710499009,
    10.10522787321021,
    10.088300563044013,
    10.077815868099846,
    10.05794891290964,
    10.042003632774179,
    10.022944824136523,
    10.005431851712936,
    9.988684137294104,
    9.97190450792132,
    9.957307107950262,
    9.941143261046324,
    9.923001898009232,
    9.904672678578338,
    9.889433698252578,
    9.87866671038942,
    9.865901123444793,
    9.850098271291303,
    9.83200082289348,
    9.814036268581777,
    9.797208393904075,
    9.780276857145699,
    9.764100129321807,
    9.748696883923103,
    9.731341578148033,
    9.715779867277556,
    9.701155816857165
  ],
  "throuput": [
    14,
    70,
    171,
    333,
    547,
    783,
    1075,
    1413,
    1769,
    2116,
    2542,
    2910,
    3326,
    3742,
    4165,
    4604,
    4998,
    5443,
    5850,
    6271,
    6688,
    7138,
    7566,
    8030,
    8460,
    8909,
    9358,
    9787,
    10223,
    10685,
    11107,
    11518,
    11949,
    12393,
    12858,
    13299,
    13746,
    14171,
    14625,
    15053,
    15500,
    15958,
    16403,
    16825,
    17275,
    17716,
    18157,
    18615,
    19056,
    19504,
    19926,
    20387,
    20842,
    21315,
    21724,
    22162,
    22596,
    23042,
    23484
  ],
  "runningtime": [
    12.160580631097158
  ]
}