{
  "distance": [
    1079.489239389551,
    1473.6845372419486,
    1814.4139035265482,
    2111.414310326679,
    2378.7286268376697,
    2600.125614140404,
    2766.74728484037,
    2943.820251888504,
    3081.8612359960352,
    3209.977456997806,
    3305.3453038006164,
    3427.3142134506097,
    3484.1854728739568,
    3548.625545611537,
    3587.3789624057986,
    3638.8460807986394,
    3493.9602265303984,
    3594.5918963165473,
    3661.9497482951165,
    3717.4972234094475,
    3772.4359175839713,
    3818.22031394146,
    3844.854021645902,
    3881.349934216136,
    3940.6248683028703,
    3951.857541528234,
    4001.9584524717116,
    4024.984238467632,
    4045.44768806538,
    4060.7105573689537,
    4080.648430097685,
    4092.7367718122714,
    4106.508513634231,
    3990.930397474367,
    4038.2932256497184,
    4055.762587425267,
    4087.9598203743312,
    4128.778866678903,
    4131.985820717025,
    4145.724021913402,
    4163.7830031741305,
    4172.363172617277,
    4186.686207857298,
    4196.704594192059,
    4216.04902867157,
    4219.543857061906,
    4233.942614613362,
    4251.019975323644,
    4245.317171411861,
    4266.514405219406,
    4276.870208392187,
    4199.143024685801,
    4214.442180086461,
    4232.812265808038,
    4245.964895991359,
    4260.912718380828,
    4278.676504511752,
    4283.379318241783,
    4302.635405694758
  ],
  "speed": [
    11.02972491928546,
    10.827885201748071,
    10.7001197125133,
    10.668418908902213,
    10.63947610389775,
    10.586064724387596,
    10.4773899598052,
    10.419894315676949,
    10.323468365950205,
    10.255614614036089,
    10.193061277883306,
    10.131580077308472,
    10.072122467169862,
    9.98787775092195,
    9.913984856179642,
    9.826431708640056,
    9.76214351006288,
    9.709477101414294,
    9.647797174763786,
    9.568932890369204,
    9.497097067023576,
    9.427018074379733,
    9.365273526924991,
    9.312843531381672,
    9.261548145239818,
    9.201519274305161,
    9.13818804215304,
    9.08542137974655,
    9.037039958433263,
    8.981028704985572,
    8.92417104678639,
    8.87100521743435,
    8.81825606827563,
    8.766639791690503,
    8.727214790342076,
    8.677789386323125,
    8.631886536493614,
    8.590060802574335,
    8.541050508677614,
    8.484499743901878,
    8.430125104298106,
    8.375564326466929,
    8.315668313302401,
    8.271538859221435,
    8.222330433667246,
    8.176035106364287,
    8.134549367281538,
    8.088839887461832,
    8.042050078352034,
    8.001498481753742,
    7.961956189966683,
    7.9273684390220485,
    7.89213216694066,
    7.8539777616457735,
    7.8160737579943005,
    7.772827753038529,
    7.738810333428096,
    7.707528643130019,
    7.670328798895088
  ],
  "throuput": [
    3,
    19,
    52,
    106,
    165,
    241,
    331,
    443,
    544,
    658,
    790,
    903,
    1021,
    1151,
    1270,
    1402,
    1512,
    1634,
    1767,
    1879,
    2006,
    2136,
    2252,
    2377,
    2505,
    2631,
    2735,
    2874,
    3013,
    3128,
    3258,
    3395,
    3528,
    3655,
    3777,
    3894,
    4018,
    4140,
    4263,
    4382,
    4514,
    4618,
    4737,
    4872,
    4991,
    5110,
    5235,
    5375,
    5495,
    5610,
    5755,
    5891,
    6034,
    6161,
    6283,
    6385,
    6508,
    6638,
    6773
  ],
  "runningtime": [
    2.985145163536072
  ]
}