{
  "distance": [
    1071.7329033426902,
    1476.1467324079397,
    1826.1445661639193,
    2127.6669492483643,
    2394.293405935816,
    2618.842252968588,
    2793.0301553776976,
    2972.1627112343826,
    3109.2136515863144,
    3231.5301765625186,
    3328.6289826242805,
    3454.8013101938245,
    3505.5668740417664,
    3572.4808871506216,
    3610.5890221790532,
    3664.135919083027,
    3519.621162337754,
    3618.2151302784355,
    3683.4627610625284,
    3743.339745601704,
    3797.0934768204334,
    3846.933219894919,
    3870.842331337432,
    3908.642650554347,
    3967.5099219008725,
    3981.6192232535996,
    4032.019925366691,
    4051.993057464372,
    4067.946700142945,
    4084.342436344453,
    4104.411078577117,
    4112.7369882060975,
    4126.4551903841475,
    4011.9070745848744,
    4059.7022358828112,
    4076.987798189673,
    4106.955050166904,
    4145.860912232908,
    4150.146782950003,
    4165.242391125503,
    4184.533659779215,
    4193.273814768617,
    4208.859080795562,
    4218.764607923552,
    4238.786122990762,
    4241.19321442502,
    4252.881487435334,
    4268.929955928962,
    4261.495233480613,
    4280.8973741453,
    4290.389273425465,
    4213.987036173575,
    4229.532874310164,
    4248.299580452234,
    4260.443998040342,
    4275.60599924234,
    4290.364159437079,
    4293.3176186515375,
    4312.621186253624
  ],
  "speed": [
    10.950859408770564,
    10.858391795000426,
    10.76664345287878,
    10.738391830031238,
    10.71143723726699,
    10.666271125087144,
    10.585865677256876,
    10.539250850574167,
    10.451049725469694,
    10.376173132138682,
    10.32453158382221,
    10.281070665144272,
    10.216427748526364,
    10.139230064522438,
    10.067217147857969,
    9.986323519801266,
    9.930940260691035,
    9.87590270718162,
    9.812534334194872,
    9.747335705790055,
    9.672819170588742,
    9.611474960983706,
    9.544050535582809,
    9.494166136067264,
    9.441632089497983,
    9.38852222696746,
    9.32769905387764,
    9.270877978056474,
    9.213487447997188,
    9.157599250731499,
    9.099204511878826,
    9.040231253664526,
    8.98601497777463,
    8.935582885610845,
    8.897481189869854,
    8.849870169504982,
    8.800877956006909,
    8.755140974626022,
    8.708959776017474,
    8.657246947649085,
    8.608414212745702,
    8.557323790017756,
    8.503254221391932,
    8.460429389711866,
    8.413088539814499,
    8.366292288948864,
    8.320183018913735,
    8.271680972613664,
    8.219866564383253,
    8.175180244248107,
    8.134113788312268,
    8.101655735186926,
    8.066791454768097,
    8.028727526623152,
    7.98826230834038,
    7.944468773312676,
    7.906232400589043,
    7.871787355436972,
    7.8339127119879945
  ],
  "throuput": [
    3,
    21,
    46,
    106,
    169,
    242,
    339,
    453,
    566,
    676,
    801,
    913,
    1049,
    1165,
    1283,
    1418,
    1536,
    1659,
    1789,
    1894,
    2021,
    2155,
    2277,
    2391,
    2529,
    2648,
    2768,
    2908,
    3035,
    3151,
    3290,
    3427,
    3537,
    3673,
    3818,
    3934,
    4049,
    4169,
    4297,
    4430,
    4558,
    4676,
    4783,
    4910,
    5033,
    5150,
    5273,
    5403,
    5514,
    5652,
    5787,
    5921,
    6069,
    6202,
    6311,
    6419,
    6557,
    6682,
    6799
  ],
  "runningtime": [
    2.982111024856567
  ]
}