{
  "distance": [
    1164.204149400989,
    1698.1876745842324,
    2189.527003534852,
    2634.1650141990663,
    2964.1743205720677,
    3154.1395336894084,
    3388.623839538866,
    3557.020158379562,
    3747.87282090202,
    3989.88857723082,
    4139.671505683168,
    4197.55667611617,
    4291.470145038246,
    4383.555557474227,
    4492.0336811701545,
    4558.419551268176,
    4511.456321139506,
    4508.340344257866,
    4492.488495698885,
    4493.817029945046,
    4554.321922401468,
    4544.926471760923,
    4557.76271788836,
    4495.865464039229,
    4439.4926687767875,
    4409.961704106654,
    4379.874109246174,
    4382.120548232341,
    3636.452897050215,
    3755.4041898394207,
    3885.385682714075,
    3998.4331894788,
    4090.9065754594276,
    4142.065632267964,
    4222.378955158363,
    4274.568262532083,
    4342.5529762567585,
    4402.131047638064,
    4462.881370416054,
    4518.817240525762,
    4570.035108986228,
    4617.684050054036,
    4642.03789221551,
    4655.0008416681685,
    4677.998028573032,
    4693.675220119998,
    4701.264930245101,
    4671.794190516533,
    4691.439457756704,
    4679.310993675325,
    4650.990141846154,
    4672.333741030755,
    4643.736961515527,
    4607.120506549496,
    4615.765586375315,
    4612.630508327117,
    4631.17123021028,
    4130.031219790707,
    4182.155228005881
  ],
  "speed": [
    9.79134547676487,
    9.615930478194736,
    9.583314412283785,
    9.561823211829225,
    9.505975229884767,
    9.442542782387681,
    9.428927043202957,
    9.4214091478223,
    9.432117429573589,
    9.403052750759862,
    9.390600333437696,
    9.401528136151036,
    9.416694612699033,
    9.420456843806855,
    9.438572249315602,
    9.441974377798337,
    9.462024871601903,
    9.478750243205088,
    9.479368313654332,
    9.484291363909598,
    9.500682677607804,
    9.515784833683039,
    9.539659529183815,
    9.553543512092073,
    9.555245540574942,
    9.57042354789619,
    9.578800054546582,
    9.591981534358736,
    9.621451187898714,
    9.630878117957307,
    9.631971915216514,
    9.63350772613692,
    9.62827736679696,
    9.629198879192076,
    9.624342476822697,
    9.619449820600522,
    9.6114016374874,
    9.604037492363574,
    9.597865126899984,
    9.605551183318967,
    9.614268721976797,
    9.610559008484016,
    9.612359424985284,
    9.622095899895502,
    9.623158623703027,
    9.626563128945737,
    9.62825654934174,
    9.631235549912137,
    9.639768995196825,
    9.640416073147593,
    9.641243358032728,
    9.650233120149416,
    9.654464682255927,
    9.656081076139424,
    9.659320758114056,
    9.662890369761831,
    9.667849850720113,
    9.680426483841428,
    9.673688260672716
  ],
  "throuput": [
    4,
    40,
    70,
    123,
    167,
    205,
    261,
    304,
    361,
    414,
    476,
    545,
    612,
    672,
    739,
    798,
    856,
    912,
    955,
    1005,
    1056,
    1109,
    1153,
    1202,
    1239,
    1285,
    1327,
    1368,
    1401,
    1442,
    1477,
    1511,
    1556,
    1595,
    1648,
    1683,
    1734,
    1785,
    1847,
    1920,
    1990,
    2046,
    2118,
    2176,
    2232,
    2290,
    2342,
    2382,
    2441,
    2506,
    2555,
    2597,
    2639,
    2683,
    2713,
    2753,
    2793,
    2828,
    2867
  ],
  "runningtime": [
    1.7111860473950704
  ]
}