{
  "distance": [
    1178.666942491399,
    1720.032140904523,
    2213.5859248269903,
    2661.7612870360567,
    2985.96069465537,
    3177.6518640605445,
    3412.0393794549527,
    3574.887252560781,
    3759.3510841305615,
    4007.593995445209,
    4153.2901860798875,
    4205.390888359837,
    4300.397201805242,
    4396.5624970247545,
    4500.358363019715,
    4570.985797924825,
    4518.802942463282,
    4516.781050985694,
    4499.720064811788,
    4505.576310440782,
    4566.424044692523,
    4554.777000312354,
    4561.319150057783,
    4499.3457094503865,
    4439.786798859881,
    4410.716568207535,
    4379.209237038,
    4383.000053429682,
    3638.5370186613436,
    3760.106472565375,
    3892.12441278094,
    4002.5271547142843,
    4095.4938537902835,
    4144.973980197551,
    4222.715568005431,
    4275.990397025664,
    4343.489240431034,
    4403.919027303554,
    4464.133521526383,
    4517.6421353497735,
    4567.085360454832,
    4618.096489762221,
    4642.505116727104,
    4656.1430616926855,
    4684.234062257025,
    4698.295364583726,
    4707.287173116931,
    4678.78204416574,
    4697.607492570384,
    4684.15890354223,
    4657.5446890101975,
    4677.278954733882,
    4647.452830592684,
    4610.064117012621,
    4618.387088164615,
    4615.2078893899625,
    4633.108765956942,
    4131.3536082555875,
    4183.5300084267055
  ],
  "speed": [
    9.913854818159193,
    9.746708174311175,
    9.702523797248967,
    9.680147841389557,
    9.601545704105051,
    9.539010145253103,
    9.524570479153429,
    9.507825879303773,
    9.498507813527338,
    9.481648491366473,
    9.460457068425429,
    9.459967896145365,
    9.475339956043285,
    9.487603345286512,
    9.495363363433936,
    9.509124246245417,
    9.523773388589117,
    9.542639102667566,
    9.537777825149446,
    9.55149876918072,
    9.569930808919937,
    9.587672538044522,
    9.604317839970701,
    9.620853414275182,
    9.616161115114656,
    9.633154853770723,
    9.636222135317427,
    9.650742363456466,
    9.680168671648044,
    9.693706625596473,
    9.69785905224445,
    9.696107641818594,
    9.69485509789355,
    9.691756880654232,
    9.682386801597112,
    9.679048385642744,
    9.669783148187065,
    9.661621611836596,
    9.652185002993763,
    9.653502798834673,
    9.655126741151168,
    9.654431265404252,
    9.654294743194493,
    9.66351706896244,
    9.671967535714575,
    9.672027759699636,
    9.678480116518054,
    9.68273541493343,
    9.693157291699482,
    9.692406551747615,
    9.695730689669563,
    9.703919648830587,
    9.705908618038125,
    9.706104446456985,
    9.710350646295097,
    9.71654300345991,
    9.721563218532296,
    9.73449846945515,
    9.727692497608654
  ],
  "throuput": [
    6,
    41,
    74,
    125,
    173,
    207,
    267,
    308,
    360,
    419,
    478,
    548,
    611,
    679,
    738,
    804,
    859,
    910,
    956,
    1006,
    1063,
    1116,
    1158,
    1203,
    1237,
    1288,
    1327,
    1365,
    1403,
    1442,
    1483,
    1520,
    1556,
    1603,
    1649,
    1685,
    1736,
    1782,
    1848,
    1919,
    1985,
    2046,
    2115,
    2168,
    2231,
    2293,
    2341,
    2386,
    2447,
    2505,
    2558,
    2603,
    2637,
    2684,
    2724,
    2757,
    2799,
    2834,
    2867
  ],
  "runningtime": [
    1.7414511919021607
  ]
}