{
  "distance": [
    1178.2140473479599,
    1737.135845764723,
    2238.7420616844815,
    2672.9135504739365,
    2995.654681866348,
    3195.33267804581,
    3428.3064001966154,
    3597.996333496491,
    3788.2049240927718,
    4041.6730848182506,
    4191.23024615787,
    4246.843875679272,
    4334.217906543183,
    4423.325122882832,
    4524.327682166418,
    4595.42558634796,
    4544.243591135141,
    4538.065483613329,
    4522.999587779223,
    4524.522997959176,
    4574.632521527637,
    4558.107382008457,
    4564.778977244234,
    4501.902442270296,
    4449.19038887138,
    4417.0528462998545,
    4390.272519474149,
    4386.1852933050295,
    3642.025453233519,
    3763.840403973395,
    3894.718609687581,
    4007.21532877763,
    4101.197327796992,
    4154.819351614976,
    4232.054446720647,
    4283.628202041957,
    4353.536600849334,
    4416.477665733116,
    4478.190099242971,
    4529.410714561927,
    4581.930107416478,
    4632.427648020175,
    4656.823700946419,
    4667.692924418671,
    4690.532960625765,
    4704.947696452996,
    4714.484471682582,
    4683.539931784499,
    4696.463030459098,
    4685.343118620858,
    4659.166600940225,
    4677.827819301382,
    4649.4796608514625,
    4610.529292486441,
    4619.828107650565,
    4615.782715536567,
    4632.971766819784,
    4131.88036161325,
    4187.771492789563
  ],
  "speed": [
    9.911540850486446,
    9.844626911925264,
    9.827905626367464,
    9.749151787527502,
    9.657128527362467,
    9.614667677912761,
    9.60180577332786,
    9.595876830254333,
    9.596871113222695,
    9.589666266762409,
    9.576506556371859,
    9.592661413539256,
    9.597966983963357,
    9.59974483495262,
    9.605155724892365,
    9.618472801451592,
    9.636048222837276,
    9.644167676922425,
    9.643513089279724,
    9.658725022039022,
    9.664975784455867,
    9.675682980349942,
    9.696321304096415,
    9.710612340168847,
    9.717134984728345,
    9.72604624132162,
    9.736506565008135,
    9.735643106283632,
    9.763334303336148,
    9.774426562994087,
    9.775212729888946,
    9.775035722797723,
    9.773418515265977,
    9.778274139212614,
    9.769815475486878,
    9.76131883277645,
    9.758942287722205,
    9.758670901578324,
    9.754462856966132,
    9.749924003957073,
    9.760682611382393,
    9.76496945771832,
    9.769666960759105,
    9.775987324046703,
    9.780266860416294,
    9.781165877702316,
    9.790172025143228,
    9.79384063978038,
    9.793240549378616,
    9.798312328391056,
    9.802234146507203,
    9.80706562525287,
    9.813826152277278,
    9.814131738323201,
    9.821961554621542,
    9.82588116516658,
    9.828355159926316,
    9.83945488483688,
    9.83948791317377
  ],
  "throuput": [
    8,
    39,
    82,
    125,
    171,
    213,
    266,
    304,
    360,
    420,
    492,
    551,
    620,
    684,
    746,
    805,
    866,
    909,
    963,
    1021,
    1068,
    1122,
    1165,
    1201,
    1243,
    1289,
    1332,
    1367,
    1401,
    1441,
    1483,
    1521,
    1559,
    1610,
    1650,
    1692,
    1746,
    1791,
    1858,
    1921,
    1995,
    2061,
    2124,
    2177,
    2246,
    2290,
    2352,
    2397,
    2450,
    2507,
    2559,
    2606,
    2645,
    2693,
    2726,
    2761,
    2797,
    2835,
    2870
  ],
  "runningtime": [
    2.3874133507410686
  ]
}