{
  "distance": [
    1176.099777931094,
    1736.889373699346,
    2240.8853535458834,
    2684.0752873294764,
    3004.440477204103,
    3202.5535800111243,
    3436.51154663285,
    3604.8932145556846,
    3789.094527759289,
    4043.7261453615865,
    4193.754756987128,
    4248.262129374424,
    4340.639937871868,
    4427.267359586203,
    4529.90343444694,
    4599.891745097831,
    4550.61083982374,
    4541.185590287818,
    4520.094588914693,
    4519.745209853784,
    4573.066223066236,
    4566.586137962201,
    4572.165753514713,
    4509.606092652488,
    4450.53776984078,
    4416.091333806567,
    4385.948687674079,
    4385.2633383268785,
    3642.613000484815,
    3760.1063596595322,
    3894.634863171148,
    4003.768025591457,
    4098.695921680952,
    4147.075127054025,
    4226.74706657493,
    4280.062209613014,
    4352.537485749135,
    4416.695215137325,
    4479.793757073966,
    4532.239300107995,
    4583.939512855366,
    4634.1108786554705,
    4656.250797310932,
    4665.619297521869,
    4691.2273687644365,
    4708.387049793646,
    4717.02373579657,
    4686.982268646675,
    4701.969865502628,
    4689.283102602812,
    4662.462080648736,
    4680.342777025544,
    4650.483652163081,
    4614.131819655288,
    4621.793015592274,
    4618.206751099085,
    4634.75983455716,
    4136.075168345035,
    4190.250968242592
  ],
  "speed": [
    9.892510956496453,
    9.836989690435857,
    9.832497395458537,
    9.781625766434022,
    9.681420096791745,
    9.639325675152786,
    9.621729295649494,
    9.60926445870274,
    9.601584245762892,
    9.60037508652947,
    9.589963625364536,
    9.605889189461362,
    9.624190702121926,
    9.627257334559188,
    9.638317972575,
    9.651947415305893,
    9.676494214538417,
    9.683276728884747,
    9.677188574812847,
    9.691903848309458,
    9.696898559598276,
    9.717995327580157,
    9.732490335149846,
    9.749230171115205,
    9.750418943772864,
    9.756528652787566,
    9.761282455494431,
    9.766760802727303,
    9.800835722785166,
    9.799573252558496,
    9.806210777492288,
    9.797079425611345,
    9.79695572750738,
    9.791702651950885,
    9.783211969035605,
    9.77625196114177,
    9.773339375774523,
    9.769704099068163,
    9.769104368297917,
    9.768283640074067,
    9.775289467201066,
    9.777444087269643,
    9.779290315868908,
    9.78429341764708,
    9.792034810396444,
    9.796407497197936,
    9.801271417551895,
    9.804433134646285,
    9.808957549467696,
    9.814008974355255,
    9.820083385474957,
    9.82444678923447,
    9.827227311268121,
    9.83106038934355,
    9.835292158981922,
    9.84211841580802,
    9.843122279351295,
    9.862000597366976,
    9.85805118643896
  ],
  "throuput": [
    7,
    38,
    84,
    123,
    173,
    214,
    262,
    309,
    364,
    427,
    492,
    551,
    627,
    690,
    747,
    803,
    870,
    917,
    975,
    1017,
    1061,
    1112,
    1163,
    1210,
    1248,
    1293,
    1326,
    1367,
    1406,
    1440,
    1484,
    1521,
    1559,
    1610,
    1643,
    1691,
    1730,
    1791,
    1853,
    1923,
    1997,
    2060,
    2129,
    2180,
    2238,
    2289,
    2344,
    2395,
    2459,
    2515,
    2571,
    2606,
    2642,
    2691,
    2735,
    2762,
    2800,
    2839,
    2872
  ],
  "runningtime": [
    1.9232384085655212
  ]
}