{
  "distance": [
    1128.4139219160613,
    1639.5777543908584,
    2106.294678801914,
    2508.6044940849406,
    2937.125627863668,
    3327.387154510274,
    3705.43550898274,
    4043.1874841409426,
    4381.306011953595,
    4699.802634221146,
    5001.469848085604,
    5232.604987694198,
    5437.363215679448,
    5629.755959053572,
    5854.012729960556,
    6023.213622043831,
    6202.144385268084,
    6348.647767729137,
    6490.224183285123,
    6604.48202153196,
    6697.099312595027,
    6775.346275898302,
    6908.488696058363,
    6973.032424669603,
    7050.703933887935,
    7110.460824447462,
    7171.137080062294,
    7182.931669689623,
    7257.047209615161,
    7266.984203730204,
    7316.010069988154,
    7348.383270646037,
    7336.694433716212,
    7343.761339799329,
    7373.09138910569,
    7353.397166414475,
    7356.464810868504,
    7363.603340588588,
    7321.313384238473,
    7316.335925482528,
    7314.70093538661,
    7310.425804656288,
    6024.042847971456,
    6126.143165593468,
    6220.620639919655,
    6322.369977858336,
    6431.606755175366,
    6510.424336525116,
    6603.526558214984,
    6689.343182747031,
    6771.6364624957005,
    6842.15457151106,
    6932.717596577771,
    7003.112611696954,
    7071.987151348571,
    7125.8184758569305,
    7181.867792253466,
    7257.659123968165,
    7311.952525742234
  ],
  "speed": [
    9.536695705181316,
    9.390882271993066,
    9.33739345822219,
    9.335925085119234,
    9.322923614281727,
    9.335673825649735,
    9.350074455793935,
    9.375098617116299,
    9.383187456228914,
    9.395581192001533,
    9.402625839569724,
    9.409669936743006,
    9.4239328569033,
    9.439878082855897,
    9.44907274150496,
    9.459080273690098,
    9.476486165300695,
    9.48191965678147,
    9.493577274501865,
    9.51209239699561,
    9.527133628162781,
    9.539830622984164,
    9.559931959475744,
    9.572461214824676,
    9.583651871385143,
    9.595955211139387,
    9.606760300410361,
    9.61766268296873,
    9.63078293003293,
    9.637564510591178,
    9.644150760396943,
    9.654087091795086,
    9.661047326608548,
    9.66594806676688,
    9.66887179204332,
    9.67590127946242,
    9.683012311436455,
    9.6868925908766,
    9.694394730885625,
    9.699472894748224,
    9.704278639771717,
    9.708761564161838,
    9.71416467305048,
    9.709869046580556,
    9.699112585241437,
    9.691505573625673,
    9.690729557486852,
    9.687487363227534,
    9.684578411979514,
    9.682236144250732,
    9.67899638480126,
    9.677135238040968,
    9.674683250572615,
    9.670027071823254,
    9.665950417236829,
    9.665517288519789,
    9.66724941942318,
    9.667919904510299,
    9.665651393495096
  ],
  "throuput": [
    24,
    81,
    166,
    230,
    350,
    458,
    598,
    759,
    946,
    1147,
    1351,
    1564,
    1779,
    2018,
    2258,
    2496,
    2775,
    3014,
    3274,
    3538,
    3822,
    4074,
    4359,
    4610,
    4851,
    5124,
    5364,
    5639,
    5899,
    6143,
    6398,
    6679,
    6941,
    7213,
    7441,
    7682,
    7923,
    8161,
    8398,
    8639,
    8847,
    9070,
    9294,
    9525,
    9735,
    9947,
    10189,
    10398,
    10604,
    10811,
    11024,
    11240,
    11471,
    11688,
    11926,
    12166,
    12402,
    12652,
    12912
  ],
  "runningtime": [
    9.282409818967183
  ]
}