{
  "distance": [
    1145.0891449329638,
    1674.538146974114,
    2162.5704365441634,
    2587.355561329158,
    3038.035201627632,
    3430.3593828464873,
    3812.8038853876396,
    4148.77808001572,
    4500.865554169019,
    4824.12407350672,
    5136.8086676728335,
    5371.563784531362,
    5575.655889103638,
    5767.8455956260295,
    5992.273195470055,
    6158.8487498958,
    6334.656824190757,
    6480.333731232279,
    6619.63717754567,
    6726.966881936056,
    6812.44136233249,
    6883.784765219719,
    7010.027346770557,
    7074.669417034424,
    7148.688674138949,
    7203.12486221215,
    7259.658293685528,
    7263.5974422556465,
    7334.067947996624,
    7338.00825828366,
    7382.532474396716,
    7408.182897419907,
    7391.651992374392,
    7397.55108178338,
    7427.127462890006,
    7402.369177200255,
    7402.645660555648,
    7409.563792760281,
    7365.455185968043,
    7357.634352675015,
    7355.684655905448,
    7348.067961678969,
    6055.928052325592,
    6156.589521679398,
    6253.7741687661755,
    6357.125565217751,
    6468.323849249836,
    6550.590014726007,
    6645.217443991565,
    6729.9488788425715,
    6813.579942241916,
    6885.210709377747,
    6976.978884105669,
    7049.868367654273,
    7121.000966237511,
    7175.88736175864,
    7230.572527660396,
    7307.324251298243,
    7362.991685802671
  ],
  "speed": [
    9.676554928749576,
    9.590374656516465,
    9.587438072893596,
    9.633611796292493,
    9.650123037004832,
    9.633983960701526,
    9.635281758035395,
    9.638491715380582,
    9.662044777371758,
    9.67330124737583,
    9.694009887866812,
    9.704861035320056,
    9.716993620219746,
    9.731587182459934,
    9.741383071281088,
    9.751632247367063,
    9.766080829838181,
    9.774274626709136,
    9.786317360889099,
    9.79921921141444,
    9.807774790890786,
    9.813585680764126,
    9.824611041367312,
    9.837532207248165,
    9.846892653353429,
    9.85703986689869,
    9.867084071048863,
    9.873846098401494,
    9.885804426038762,
    9.890008010267232,
    9.896091529388546,
    9.902206533604145,
    9.90671015119336,
    9.912618168860167,
    9.918330348346174,
    9.92094085344468,
    9.926772652751334,
    9.931873388608297,
    9.939076624248159,
    9.94211624470535,
    9.948564988623827,
    9.950756012218353,
    9.958036278499794,
    9.9498074629766,
    9.942368396604724,
    9.936780857968229,
    9.937917846101028,
    9.938609726662428,
    9.935867410558433,
    9.931114112288325,
    9.928739701281652,
    9.927513473142428,
    9.925750266500978,
    9.924077447227223,
    9.922426238744993,
    9.921869456079643,
    9.921322185394887,
    9.92327149897354,
    9.922321993011309
  ],
  "throuput": [
    25,
    85,
    164,
    243,
    355,
    475,
    619,
    781,
    980,
    1199,
    1409,
    1631,
    1841,
    2081,
    2352,
    2600,
    2849,
    3120,
    3374,
    3633,
    3905,
    4154,
    4403,
    4680,
    4944,
    5215,
    5466,
    5741,
    5989,
    6260,
    6516,
    6780,
    7015,
    7294,
    7513,
    7755,
    7986,
    8227,
    8464,
    8698,
    8919,
    9138,
    9368,
    9603,
    9823,
    10041,
    10258,
    10463,
    10688,
    10887,
    11100,
    11323,
    11545,
    11782,
    11987,
    12232,
    12500,
    12727,
    12990
  ],
  "runningtime": [
    12.459038929144542
  ]
}