{
  "distance": [
    1145.251923831887,
    1675.996711342077,
    2171.5164322975957,
    2594.419140199202,
    3050.0213213543952,
    3444.333657473894,
    3824.1156547208834,
    4151.768397350598,
    4501.539772364954,
    4831.236112002633,
    5146.549121838392,
    5386.122159601815,
    5590.09336770817,
    5786.255839072583,
    6015.809465796408,
    6184.812043706296,
    6360.915602657361,
    6510.800143256925,
    6646.243585112822,
    6757.310577753767,
    6840.3544013714045,
    6912.408054901907,
    7039.599809490806,
    7101.512196615802,
    7175.550417735264,
    7230.0097661515765,
    7283.768743401627,
    7289.657293101396,
    7358.314396888454,
    7363.819703045077,
    7406.725869412289,
    7431.169283225367,
    7414.665975881406,
    7417.426604217693,
    7445.057279390458,
    7420.000478889003,
    7419.147056208269,
    7422.529808405462,
    7374.633596225264,
    7365.313721300451,
    7360.857455884531,
    7354.318633636534,
    6061.296481793409,
    6161.465317721546,
    6257.803539596947,
    6363.809073372929,
    6474.048388834465,
    6556.651146437881,
    6651.896436786313,
    6738.518287102794,
    6822.274429669579,
    6893.218871627339,
    6985.821249933623,
    7058.031318303855,
    7128.7900578894705,
    7181.083346156715,
    7237.4065336224585,
    7313.859112274211,
    7373.057910535277
  ],
  "speed": [
    9.6790443532108,
    9.598238970446934,
    9.625675643719841,
    9.65962021248264,
    9.68755672088659,
    9.676929641297749,
    9.670263771038657,
    9.654350441428818,
    9.669977900859239,
    9.69031874461479,
    9.714718843528557,
    9.733348777157675,
    9.745047118871565,
    9.766629522170225,
    9.784137039193793,
    9.797225110518365,
    9.811960365378836,
    9.827440041997239,
    9.83418123718041,
    9.852630450928709,
    9.860026142989108,
    9.86761271610781,
    9.881187149060342,
    9.89248424373892,
    9.902680662309871,
    9.913260453995024,
    9.919431620605389,
    9.92933568577984,
    9.939235401193221,
    9.947291714818709,
    9.953230398172245,
    9.959530416231773,
    9.965394819798691,
    9.96924276946706,
    9.974287107023313,
    9.978737708921326,
    9.985452554935845,
    9.98867917739715,
    9.992848764176268,
    9.994982085757137,
    9.998411799296326,
    10.001423147231154,
    10.008611679665071,
    9.998873653550163,
    9.988780940217852,
    9.986995516601402,
    9.98696771064408,
    9.988701084777434,
    9.987072771912532,
    9.983991581450374,
    9.981604555291522,
    9.979709946340805,
    9.979584374964487,
    9.977251869961805,
    9.974795808268754,
    9.971514391892564,
    9.973456753063113,
    9.974422010540247,
    9.977524645448318
  ],
  "throuput": [
    23,
    79,
    164,
    246,
    362,
    486,
    634,
    784,
    968,
    1183,
    1418,
    1632,
    1850,
    2086,
    2356,
    2592,
    2869,
    3133,
    3384,
    3654,
    3917,
    4165,
    4437,
    4691,
    4968,
    5237,
    5476,
    5755,
    5995,
    6284,
    6547,
    6792,
    7058,
    7312,
    7548,
    7800,
    8024,
    8267,
    8486,
    8722,
    8913,
    9151,
    9376,
    9610,
    9832,
    10062,
    10290,
    10498,
    10704,
    10887,
    11129,
    11337,
    11581,
    11798,
    12018,
    12256,
    12511,
    12731,
    13008
  ],
  "runningtime": [
    13.582235129674276
  ]
}