{
  "distance": [
    1154.847628582361,
    1696.9369678599069,
    2197.4827601162533,
    2623.356144270592,
    3085.5069096058437,
    3487.796067684171,
    3873.0511589376274,
    4209.538637652766,
    4563.855265573319,
    4892.890179710576,
    5206.826164784693,
    5444.116972870896,
    5651.98981475119,
    5842.949512160045,
    6069.977473788013,
    6235.508596742859,
    6406.443764897195,
    6553.155394032295,
    6689.746354549328,
    6793.52489971494,
    6879.727974072689,
    6947.9623013824,
    7068.4611069374105,
    7131.463968800991,
    7201.372142479669,
    7254.7093480383355,
    7307.634453786576,
    7310.860170957167,
    7376.308604330373,
    7379.706727180354,
    7419.892148446112,
    7443.6786268857395,
    7423.020881532556,
    7427.1471518109465,
    7455.6190765432575,
    7430.251998878685,
    7426.879248597747,
    7429.341728338034,
    7381.999798727506,
    7375.0534858818055,
    7370.829668728028,
    7362.880560962431,
    6066.05051777432,
    6165.469807289481,
    6263.387061672314,
    6370.464336562036,
    6480.513597361114,
    6566.070073735513,
    6661.216623574796,
    6746.78185920715,
    6828.4094300710385,
    6901.936814316497,
    6993.606766772582,
    7066.448375906085,
    7137.884583617617,
    7192.348371090622,
    7247.1817405944785,
    7321.983631934072,
    7379.321327415282
  ],
  "speed": [
    9.758798612394381,
    9.720463287678367,
    9.744377831163739,
    9.772280620633927,
    9.805156715374197,
    9.805284426266773,
    9.802368078469813,
    9.7977298710471,
    9.814552888833115,
    9.828201620368604,
    9.843891175985087,
    9.853613491819905,
    9.867553005147638,
    9.87797850251539,
    9.890742427613509,
    9.89867900157347,
    9.905470909709706,
    9.915031902096091,
    9.92412754964237,
    9.933189111538876,
    9.946210713009698,
    9.95038271346565,
    9.956093975322714,
    9.970380453119596,
    9.976530248844792,
    9.986140383535734,
    9.99193499927792,
    9.999281540535948,
    10.006895902807402,
    10.013153757540094,
    10.015725400343149,
    10.021181311032183,
    10.02257461318671,
    10.027810049708958,
    10.033703540020637,
    10.036493704629608,
    10.039305352138655,
    10.041304980286693,
    10.047053031134844,
    10.05295248728443,
    10.057633819080968,
    10.059085664419197,
    10.06231255712093,
    10.050993939305991,
    10.042648698864642,
    10.041734655219287,
    10.039718674366268,
    10.04403257173318,
    10.04194561526599,
    10.03681110939519,
    10.030887378198551,
    10.03141574715773,
    10.029232338850754,
    10.027486327150726,
    10.025949700342636,
    10.025151595726276,
    10.024792462797196,
    10.023830830626853,
    10.024831948240914
  ],
  "throuput": [
    23,
    87,
    164,
    247,
    364,
    498,
    638,
    793,
    977,
    1201,
    1424,
    1639,
    1868,
    2107,
    2369,
    2625,
    2878,
    3144,
    3404,
    3682,
    3944,
    4204,
    4469,
    4720,
    4993,
    5251,
    5503,
    5772,
    6033,
    6309,
    6552,
    6815,
    7066,
    7317,
    7547,
    7780,
    8028,
    8281,
    8504,
    8737,
    8942,
    9147,
    9403,
    9622,
    9838,
    10066,
    10281,
    10492,
    10714,
    10909,
    11124,
    11349,
    11585,
    11816,
    12041,
    12264,
    12530,
    12754,
    13016
  ],
  "runningtime": [
    15.762865889072419
  ]
}