{"total_trips": 7554.184000000004, "trip_mean": 4294.482331593552, "trip_var": 6994978.3833956765}